Academic Term,Term Value,Queried Subject,Class Code,Class Nbr,Course Title,Units,Teaching Staff,Quota(s),Vacancy,Course Component,Section Code,Language,Period,Room,Meeting Date,Add Consent,Drop Consent,Course Offering Dept
2026-27 Term 1,2420,ACCT,ACCT1111A,9637,Foundations in Financial Acctg 基礎財務會計,3.00,- Dr. WONG Kin Ho,70,70,LEC,A,E,Tu 03:30PM - 06:15PM,WMY_505,"9/8, 9/15, 9/22, 9/29, 10/6, 10/13, 10/20, 10/27, 11/3, 11/10, 11/17, 11/24, 12/1",,,Sch of Accountancy
2026-27 Term 1,2420,ACCT,ACCT1111B,9602,Foundations in Financial Acctg 基礎財務會計,3.00,- Dr. WONG Kin Ho,77,73,LEC,B,E,Th 02:30PM - 05:15PM,ARC_G03,"9/10, 9/17, 9/24",,,Sch of Accountancy
2026-27 Term 1,2420,ACCT,ACCT1111B,9602,Foundations in Financial Acctg 基礎財務會計,3.00,- Dr. WONG Kin Ho,77,73,LEC,B,E,Th 02:30PM - 05:15PM,ARC_G03,"10/8, 10/15, 10/22, 10/29, 11/5, 11/12, 11/19, 11/26, 12/3",,,Sch of Accountancy
2026-27 Term 1,2420,ACCT,ACCT1111C,5857,Foundations in Financial Acctg 基礎財務會計,3.00,- Dr. WONG Kin Ho,70,70,LEC,C,E,Tu 12:30PM - 03:15PM,WMY_505,"9/8, 9/15, 9/22, 9/29, 10/6, 10/13, 10/20, 10/27, 11/3, 11/10, 11/17, 11/24, 12/1",,,Sch of Accountancy
2026-27 Term 1,2420,ACCT,ACCT2111A,5652,Introductory Fin'l Accounting 財務會計導論,3.00,- Professor GENG Lingfeng,130,88,LEC,A,E,Fr 08:30AM - 11:15AM,CKB_LT3,"9/11, 9/18, 9/25, 10/2, 10/9, 10/16, 10/23, 10/30, 11/6, 11/13, 11/20, 11/27, 12/4",,,Sch of Accountancy
2026-27 Term 1,2420,ACCT,ACCT2111B,7071,Introductory Fin'l Accounting 財務會計導論,3.00,- Professor Janja BRENDEL,130,74,LEC,B,E,Mo 12:30PM - 03:15PM,LKC_LT1,"9/7, 9/14, 9/21, 9/28, 10/5, 10/12",,,Sch of Accountancy
2026-27 Term 1,2420,ACCT,ACCT2111B,7071,Introductory Fin'l Accounting 財務會計導論,3.00,- Professor Janja BRENDEL,130,74,LEC,B,E,Mo 12:30PM - 03:15PM,LKC_LT1,"10/26, 11/2, 11/9, 11/16, 11/23, 11/30",,,Sch of Accountancy
2026-27 Term 1,2420,ACCT,ACCT2111C,7035,Introductory Fin'l Accounting 財務會計導論,3.00,- Professor GENG Lingfeng,130,51,LEC,C,E,We 02:30PM - 05:15PM,CYT_LT1A,"9/9, 9/16, 9/23, 9/30, 10/7, 10/14, 10/21, 10/28, 11/4, 11/11, 11/18, 11/25, 12/2",,,Sch of Accountancy
2026-27 Term 1,2420,ACCT,ACCT2111D,7069,Introductory Fin'l Accounting 財務會計導論,3.00,- Professor Janja BRENDEL,130,54,LEC,D,E,Tu 02:30PM - 05:15PM,ERB_LT,"9/8, 9/15, 9/22, 9/29, 10/6, 10/13, 10/20, 10/27, 11/3, 11/10, 11/17, 11/24, 12/1",,,Sch of Accountancy
2026-27 Term 1,2420,ACCT,ACCT2111E,7287,Introductory Fin'l Accounting 財務會計導論,3.00,- Professor GENG Lingfeng,130,56,LEC,E,E,Th 02:30PM - 05:15PM,ELB_LT1,"9/10, 9/17, 9/24",,,Sch of Accountancy
2026-27 Term 1,2420,ACCT,ACCT2111E,7287,Introductory Fin'l Accounting 財務會計導論,3.00,- Professor GENG Lingfeng,130,56,LEC,E,E,Th 02:30PM - 05:15PM,ELB_LT1,"10/8, 10/15, 10/22, 10/29, 11/5, 11/12, 11/19, 11/26, 12/3",,,Sch of Accountancy
2026-27 Term 1,2420,ACCT,ACCT2121A,9076,Introductory Mgt Accounting 管理會計導論,3.00,- Professor KANG Ya,60,0,LEC,A,E,Tu 02:30PM - 05:15PM,YIA_LT5,"9/8, 9/15, 9/22, 9/29, 10/6, 10/13, 10/20, 10/27, 11/3, 11/10, 11/17, 11/24, 12/1",,,Sch of Accountancy
2026-27 Term 1,2420,ACCT,ACCT2121B,9690,Introductory Mgt Accounting 管理會計導論,3.00,- Professor KANG Ya,60,5,LEC,B,E,Mo 03:30PM - 06:15PM,YIA_LT8,"9/7, 9/14, 9/21, 9/28, 10/5, 10/12",,,Sch of Accountancy
2026-27 Term 1,2420,ACCT,ACCT2121B,9690,Introductory Mgt Accounting 管理會計導論,3.00,- Professor KANG Ya,60,5,LEC,B,E,Mo 03:30PM - 06:15PM,YIA_LT8,"10/26, 11/2, 11/9, 11/16, 11/23, 11/30",,,Sch of Accountancy
2026-27 Term 1,2420,ACCT,ACCT2121C,9446,Introductory Mgt Accounting 管理會計導論,3.00,- Professor KANG Ya,60,13,LEC,C,E,We 09:30AM - 12:15PM,CYT_LT1B,"9/9, 9/16, 9/23, 9/30, 10/7, 10/14, 10/21, 10/28, 11/4, 11/11, 11/18, 11/25, 12/2",,,Sch of Accountancy
2026-27 Term 1,2420,ACCT,ACCT2151A,9133,Legal Environment for Business 商業法律環境,2.00,- Dr. SO Lok Kan,75,75,LEC,A,E,Tu 12:30PM - 02:15PM,ARC_G03,"9/8, 9/15, 9/22, 9/29, 10/6, 10/13, 10/20, 10/27, 11/3, 11/10, 11/17, 11/24, 12/1",,,Sch of Accountancy
2026-27 Term 1,2420,ACCT,ACCT2151B,9600,Legal Environment for Business 商業法律環境,2.00,- Dr. SO Lok Kan,75,75,LEC,B,E,We 02:30PM - 04:15PM,ARC_G03,"9/9, 9/16, 9/23, 9/30, 10/7, 10/14, 10/21, 10/28, 11/4, 11/11, 11/18, 11/25, 12/2",,,Sch of Accountancy
2026-27 Term 1,2420,ACCT,ACCT2151C,9134,Legal Environment for Business 商業法律環境,2.00,- Dr. SO Lok Kan,75,75,LEC,C,E,Mo 02:30PM - 04:15PM,ARC_G03,"9/7, 9/14, 9/21, 9/28, 10/5, 10/12",,,Sch of Accountancy
2026-27 Term 1,2420,ACCT,ACCT2151C,9134,Legal Environment for Business 商業法律環境,2.00,- Dr. SO Lok Kan,75,75,LEC,C,E,Mo 02:30PM - 04:15PM,ARC_G03,"10/26, 11/2, 11/9, 11/16, 11/23, 11/30",,,Sch of Accountancy
2026-27 Term 1,2420,ACCT,ACCT3111A,5580,Financial Reporting I 財務報告（一）,3.00,- Dr. GUAN Yanling,60,60,LEC,A,E,We 09:30AM - 12:15PM,CYT_209B,"9/9, 9/16, 9/23, 9/30, 10/7, 10/14, 10/21, 10/28, 11/4, 11/11, 11/18, 11/25, 12/2",,,Sch of Accountancy
2026-27 Term 1,2420,ACCT,ACCT3112A,5447,Financial Reporting II 財務報告（二）,3.00,- Professor Erik Thomas ELFRINK,60,60,LEC,A,E,We 02:30PM - 05:15PM,YIA_201,"9/9, 9/16, 9/23, 9/30, 10/7, 10/14, 10/21, 10/28, 11/4, 11/11, 11/18, 11/25, 12/2",,,Sch of Accountancy
2026-27 Term 1,2420,ACCT,ACCT3112B,7395,Financial Reporting II 財務報告（二）,3.00,- Professor Erik Thomas ELFRINK,60,60,LEC,B,E,Th 02:30PM - 05:15PM,ELB_302,"9/10, 9/17, 9/24",,,Sch of Accountancy
2026-27 Term 1,2420,ACCT,ACCT3112B,7395,Financial Reporting II 財務報告（二）,3.00,- Professor Erik Thomas ELFRINK,60,60,LEC,B,E,Th 02:30PM - 05:15PM,ELB_302,"10/8, 10/15, 10/22, 10/29, 11/5, 11/12, 11/19, 11/26, 12/3",,,Sch of Accountancy
2026-27 Term 1,2420,ACCT,ACCT3112C,5939,Financial Reporting II 財務報告（二）,3.00,- Professor Erik Thomas ELFRINK,60,60,LEC,C,E,Mo 12:30PM - 03:15PM,ELB_401,"9/7, 9/14, 9/21, 9/28, 10/5, 10/12",,,Sch of Accountancy
2026-27 Term 1,2420,ACCT,ACCT3112C,5939,Financial Reporting II 財務報告（二）,3.00,- Professor Erik Thomas ELFRINK,60,60,LEC,C,E,Mo 12:30PM - 03:15PM,ELB_401,"10/26, 11/2, 11/9, 11/16, 11/23, 11/30",,,Sch of Accountancy
2026-27 Term 1,2420,ACCT,ACCT3121A,5581,Cost and Management Accounting 成本及管理會計,3.00,- Professor YIN Laiyi,50,50,LEC,A,E,We 02:30PM - 05:15PM,ARC_G04,"9/9, 9/16, 9/23, 9/30, 10/7, 10/14, 10/21, 10/28, 11/4, 11/11, 11/18, 11/25, 12/2",,,Sch of Accountancy
2026-27 Term 1,2420,ACCT,ACCT3121B,5582,Cost and Management Accounting 成本及管理會計,3.00,- Professor YIN Laiyi,50,50,LEC,B,E,Tu 09:30AM - 12:15PM,CYT_201,"9/8, 9/15, 9/22, 9/29, 10/6, 10/13, 10/20, 10/27, 11/3, 11/10, 11/17, 11/24, 12/1",,,Sch of Accountancy
2026-27 Term 1,2420,ACCT,ACCT3121C,9421,Cost and Management Accounting 成本及管理會計,3.00,- Professor YIN Laiyi,60,60,LEC,C,E,Th 09:30AM - 12:15PM,WMY_304,"9/10, 9/17, 9/24",,,Sch of Accountancy
2026-27 Term 1,2420,ACCT,ACCT3121C,9421,Cost and Management Accounting 成本及管理會計,3.00,- Professor YIN Laiyi,60,60,LEC,C,E,Th 09:30AM - 12:15PM,WMY_304,"10/8, 10/15, 10/22, 10/29, 11/5, 11/12, 11/19, 11/26, 12/3",,,Sch of Accountancy
2026-27 Term 1,2420,ACCT,ACCT3142A,9689,Accounting Information Systems 會計資訊系統,3.00,- Dr. WONG Ka Lok,50,14,LEC,A,E,Mo 12:30PM - 03:15PM,ARC_G04,"9/7, 9/14, 9/21, 9/28, 10/5, 10/12",,,Sch of Accountancy
2026-27 Term 1,2420,ACCT,ACCT3142A,9689,Accounting Information Systems 會計資訊系統,3.00,- Dr. WONG Ka Lok,50,14,LEC,A,E,Mo 12:30PM - 03:15PM,ARC_G04,"10/26, 11/2, 11/9, 11/16, 11/23, 11/30",,,Sch of Accountancy
2026-27 Term 1,2420,ACCT,ACCT3142B,9601,Accounting Information Systems 會計資訊系統,3.00,- Dr. WONG Ka Lok,50,13,LEC,B,E,Tu 10:30AM - 01:15PM,ELB_206,"9/8, 9/15, 9/22, 9/29, 10/6, 10/13, 10/20, 10/27, 11/3, 11/10, 11/17, 11/24, 12/1",,,Sch of Accountancy
2026-27 Term 1,2420,ACCT,ACCT3151A,5677,Business Law 商業法,3.00,- Dr. LAW Man Wai Anthony,77,77,LEC,A,E,Tu 03:30PM - 06:15PM,SB_LT2,"9/8, 9/15, 9/22, 9/29, 10/6, 10/13, 10/20, 10/27, 11/3, 11/10, 11/17, 11/24, 12/1",,,Sch of Accountancy
2026-27 Term 1,2420,ACCT,ACCT3151B,5404,Business Law 商業法,3.00,- Dr. LAW Man Wai Anthony,76,76,LEC,B,E,Mo 09:30AM - 12:15PM,YIA_LT7,"9/7, 9/14, 9/21, 9/28, 10/5, 10/12",,,Sch of Accountancy
2026-27 Term 1,2420,ACCT,ACCT3151B,5404,Business Law 商業法,3.00,- Dr. LAW Man Wai Anthony,76,76,LEC,B,E,Mo 09:30AM - 12:15PM,YIA_LT7,"10/26, 11/2, 11/9, 11/16, 11/23, 11/30",,,Sch of Accountancy
2026-27 Term 1,2420,ACCT,ACCT3152A,7153,Company Law 公司法,3.00,- Dr. SO Lok Kan,65,65,LEC,A,E,Mo 09:30AM - 12:15PM,CKB_LT3,"9/7, 9/14, 9/21, 9/28, 10/5, 10/12",,,Sch of Accountancy
2026-27 Term 1,2420,ACCT,ACCT3152A,7153,Company Law 公司法,3.00,- Dr. SO Lok Kan,65,65,LEC,A,E,Mo 09:30AM - 12:15PM,CKB_LT3,"10/26, 11/2, 11/9, 11/16, 11/23, 11/30",,,Sch of Accountancy
2026-27 Term 1,2420,ACCT,ACCT3161A,5405,Taxation 稅務學,3.00,- Dr. BUTT Yiu Yu,60,60,LEC,A,E,Th 02:30PM - 05:15PM,ARC_G01,"9/10, 9/17, 9/24",,,Sch of Accountancy
2026-27 Term 1,2420,ACCT,ACCT3161A,5405,Taxation 稅務學,3.00,- Dr. BUTT Yiu Yu,60,60,LEC,A,E,Th 02:30PM - 05:15PM,ARC_G01,"10/8, 10/15, 10/22, 10/29, 11/5, 11/12, 11/19, 11/26, 12/3",,,Sch of Accountancy
2026-27 Term 1,2420,ACCT,ACCT3161B,7154,Taxation 稅務學,3.00,- Dr. BUTT Yiu Yu,60,60,LEC,B,E,Mo 03:30PM - 06:15PM,ELB_203,"9/7, 9/14, 9/21, 9/28, 10/5, 10/12",,,Sch of Accountancy
2026-27 Term 1,2420,ACCT,ACCT3161B,7154,Taxation 稅務學,3.00,- Dr. BUTT Yiu Yu,60,60,LEC,B,E,Mo 03:30PM - 06:15PM,ELB_203,"10/26, 11/2, 11/9, 11/16, 11/23, 11/30",,,Sch of Accountancy
2026-27 Term 1,2420,ACCT,ACCT3241A,9764,Intro Python- BusAcctAnalytic 商業與會計分析的Python入門基礎,3.00,- Professor WU Fan,50,48,LEC,A,E,Th 09:30AM - 11:15AM,WMY_408,"9/10, 9/17, 9/24",,,Sch of Accountancy
2026-27 Term 1,2420,ACCT,ACCT3241A,9764,Intro Python- BusAcctAnalytic 商業與會計分析的Python入門基礎,3.00,- Professor WU Fan,50,48,LEC,A,E,Th 09:30AM - 11:15AM,WMY_408,"10/8, 10/15, 10/22, 10/29, 11/5, 11/12, 11/19, 11/26, 12/3",,,Sch of Accountancy
2026-27 Term 1,2420,ACCT,ACCT3241A,9764,Intro Python- BusAcctAnalytic 商業與會計分析的Python入門基礎,3.00,- Professor WU Fan,50,48,TUT,AT01,E,Th 11:30AM - 12:15PM,WMY_408,"9/10, 9/17, 9/24",,,Sch of Accountancy
2026-27 Term 1,2420,ACCT,ACCT3241A,9764,Intro Python- BusAcctAnalytic 商業與會計分析的Python入門基礎,3.00,- Professor WU Fan,50,48,TUT,AT01,E,Th 11:30AM - 12:15PM,WMY_408,"10/8, 10/15, 10/22, 10/29, 11/5, 11/12, 11/19, 11/26, 12/3",,,Sch of Accountancy
2026-27 Term 1,2420,ACCT,ACCT4001A,7710,Cap Proj: Bus Ethics & Entrep 頂點項目：商業道德與企業研究,2.00,- Professor XU Ruoxi,30,30,PRJ,AJ01,E,We 12:30PM - 02:15PM,ARC_G02,"9/9, 9/16, 9/23, 9/30, 10/7, 10/14, 10/21, 10/28, 11/4, 11/11, 11/18, 11/25, 12/2",,,Sch of Accountancy
2026-27 Term 1,2420,ACCT,ACCT4001B,7711,Cap Proj: Bus Ethics & Entrep 頂點項目：商業道德與企業研究,2.00,- Professor XU Ruoxi,30,30,PRJ,BJ01,E,We 02:30PM - 04:15PM,ARC_G02,"9/9, 9/16, 9/23, 9/30, 10/7, 10/14, 10/21, 10/28, 11/4, 11/11, 11/18, 11/25, 12/2",,,Sch of Accountancy
2026-27 Term 1,2420,ACCT,ACCT4111A,9628,Advanced Financial Accounting 高級財務會計,3.00,- Mr. LEUNG Yiu Wing Eric,50,50,LEC,A,E,We 09:30AM - 12:15PM,YIA_201,"9/9, 9/16, 9/23, 9/30, 10/7, 10/14, 10/21, 10/28, 11/4, 11/11, 11/18, 11/25, 12/2",,,Sch of Accountancy
2026-27 Term 1,2420,ACCT,ACCT4111B,9629,Advanced Financial Accounting 高級財務會計,3.00,- Mr. LEUNG Yiu Wing Eric,50,50,LEC,B,E,Tu 10:30AM - 01:15PM,YIA_201,"9/8, 9/15, 9/22, 9/29, 10/6, 10/13, 10/20, 10/27, 11/3, 11/10, 11/17, 11/24, 12/1",,,Sch of Accountancy
2026-27 Term 1,2420,ACCT,ACCT4111C,9521,Advanced Financial Accounting 高級財務會計,3.00,- Mr. LEUNG Yiu Wing Eric,50,50,LEC,C,E,Mo 09:30AM - 12:15PM,YIA_201,"9/7, 9/14, 9/21, 9/28, 10/5, 10/12",,,Sch of Accountancy
2026-27 Term 1,2420,ACCT,ACCT4111C,9521,Advanced Financial Accounting 高級財務會計,3.00,- Mr. LEUNG Yiu Wing Eric,50,50,LEC,C,E,Mo 09:30AM - 12:15PM,YIA_201,"10/26, 11/2, 11/9, 11/16, 11/23, 11/30",,,Sch of Accountancy
2026-27 Term 1,2420,ACCT,ACCT4131A,5653,Auditing 審計學,3.00,- Professor ZHAO Meiling,53,53,LEC,A,E,Mo 12:30PM - 03:15PM,WMY_403,"9/7, 9/14, 9/21, 9/28, 10/5, 10/12",,,Sch of Accountancy
2026-27 Term 1,2420,ACCT,ACCT4131A,5653,Auditing 審計學,3.00,- Professor ZHAO Meiling,53,53,LEC,A,E,Mo 12:30PM - 03:15PM,WMY_403,"10/26, 11/2, 11/9, 11/16, 11/23, 11/30",,,Sch of Accountancy
2026-27 Term 1,2420,ACCT,ACCT4131B,5845,Auditing 審計學,3.00,- Professor ZHAO Meiling,47,47,LEC,B,E,Tu 03:30PM - 06:15PM,CYT_215,"9/8, 9/15, 9/22, 9/29, 10/6, 10/13, 10/20, 10/27, 11/3, 11/10, 11/17, 11/24, 12/1",,,Sch of Accountancy
2026-27 Term 1,2420,ACCT,ACCT4131C,9291,Auditing 審計學,3.00,- Professor ZHAO Meiling,50,50,LEC,C,E,Tu 11:30AM - 02:15PM,WMY_303,"9/8, 9/15, 9/22, 9/29, 10/6, 10/13, 10/20, 10/27, 11/3, 11/10, 11/17, 11/24, 12/1",,,Sch of Accountancy
2026-27 Term 1,2420,ACCT,ACCT4215A,7079,Cont Acct Iss in Global Market 全球市場中的當代會計問題,3.00,- Mr. LEUNG Yiu Wing Eric,50,50,LEC,A,E,Th 11:30AM - 02:15PM,LSK_LT3,"9/10, 9/17, 9/24",,,Sch of Accountancy
2026-27 Term 1,2420,ACCT,ACCT4215A,7079,Cont Acct Iss in Global Market 全球市場中的當代會計問題,3.00,- Mr. LEUNG Yiu Wing Eric,50,50,LEC,A,E,Th 11:30AM - 02:15PM,LSK_LT3,"10/8, 10/15, 10/22, 10/29, 11/5, 11/12, 11/19, 11/26, 12/3",,,Sch of Accountancy
2026-27 Term 1,2420,ACCT,ACCT4244A,9558,Blockchain Fund'tal for Acct 會計師區塊鏈基礎知識,3.00,- Professor XU Ruoxi,50,50,LEC,A,E,Th 02:30PM - 05:15PM,ELB_205,"9/10, 9/17, 9/24",,,Sch of Accountancy
2026-27 Term 1,2420,ACCT,ACCT4244A,9558,Blockchain Fund'tal for Acct 會計師區塊鏈基礎知識,3.00,- Professor XU Ruoxi,50,50,LEC,A,E,Th 02:30PM - 05:15PM,ELB_205,"10/8, 10/15, 10/22, 10/29, 11/5, 11/12, 11/19, 11/26, 12/3",,,Sch of Accountancy
2026-27 Term 1,2420,ACCT,ACCT4262A,7160,China Taxation 中國稅法,3.00,- Dr. GUAN Yanling,50,50,LEC,A,E,Mo 03:30PM - 06:15PM,ARC_G04,"9/7, 9/14, 9/21, 9/28, 10/5, 10/12",,,Sch of Accountancy
2026-27 Term 1,2420,ACCT,ACCT4262A,7160,China Taxation 中國稅法,3.00,- Dr. GUAN Yanling,50,50,LEC,A,E,Mo 03:30PM - 06:15PM,ARC_G04,"10/26, 11/2, 11/9, 11/16, 11/23, 11/30",,,Sch of Accountancy
2026-27 Term 1,2420,ACCT,ACCT4290A,4729,Pro Acct Intern 專業會計實習,3.00,- Dr. SO Lok Kan,100,100,PRA,AP01,E,TBA,NRR,07/09/2026 - 30/11/2026,Yes,Yes,Sch of Accountancy
2026-27 Term 1,2420,AIST,AIST1000-,7644,Introduction to AI & ML 人工智能與機器學習入門,1.00,- Professor XU Qiang,50,50,LEC,-,E,Tu 10:30AM - 11:15AM,ELB_303,"9/8, 9/15, 9/22, 9/29, 10/6, 10/13, 10/20, 10/27, 11/3, 11/10, 11/17, 11/24, 12/1",,,Dept of Computer Sci & Engg
2026-27 Term 1,2420,AIST,AIST1000-,7644,Introduction to AI & ML 人工智能與機器學習入門,1.00,- Professor XU Qiang,50,50,PRJ,-J01,E,Tu 11:30AM - 12:15PM,ELB_303,"9/8, 9/15, 9/22, 9/29, 10/6, 10/13, 10/20, 10/27, 11/3, 11/10, 11/17, 11/24, 12/1",,,Dept of Computer Sci & Engg
2026-27 Term 1,2420,AIST,AIST2010-,4810,Intro to Computer Music 電腦音樂導論,3.00,- Dr. CHAU Chuck Jee,50,50,LEC,-,E,We 09:30AM - 10:15AM,ERB_401,"9/9, 9/16, 9/23, 9/30, 10/7, 10/14, 10/21, 10/28, 11/4, 11/11, 11/18, 11/25, 12/2",,,Dept of Computer Sci & Engg
2026-27 Term 1,2420,AIST,AIST2010-,4810,Intro to Computer Music 電腦音樂導論,3.00,- Dr. CHAU Chuck Jee,50,50,LEC,-,E,Th 12:30PM - 02:15PM,LHC_104,"9/10, 9/17, 9/24",,,Dept of Computer Sci & Engg
2026-27 Term 1,2420,AIST,AIST2010-,4810,Intro to Computer Music 電腦音樂導論,3.00,- Dr. CHAU Chuck Jee,50,50,LEC,-,E,Th 12:30PM - 02:15PM,LHC_104,"10/8, 10/15, 10/22, 10/29, 11/5, 11/12, 11/19, 11/26, 12/3",,,Dept of Computer Sci & Engg
2026-27 Term 1,2420,AIST,AIST2010-,4810,Intro to Computer Music 電腦音樂導論,3.00,- Dr. CHAU Chuck Jee,50,50,LAB,-L01,E,We 10:30AM - 11:15AM,ERB_401,"9/9, 9/16, 9/23, 9/30, 10/7, 10/14, 10/21, 10/28, 11/4, 11/11, 11/18, 11/25, 12/2",,,Dept of Computer Sci & Engg
2026-27 Term 1,2420,AIST,AIST3030-,9823,Numerical Optimization 數值優化,3.00,- Professor Farzan FARNIA,50,50,LEC,-,E,Mo 10:30AM - 12:15PM,BMS_LT,"9/7, 9/14, 9/21, 9/28, 10/5, 10/12",,,Dept of Computer Sci & Engg
2026-27 Term 1,2420,AIST,AIST3030-,9823,Numerical Optimization 數值優化,3.00,- Professor Farzan FARNIA,50,50,LEC,-,E,Mo 10:30AM - 12:15PM,BMS_LT,"10/26, 11/2, 11/9, 11/16, 11/23, 11/30",,,Dept of Computer Sci & Engg
2026-27 Term 1,2420,AIST,AIST3030-,9823,Numerical Optimization 數值優化,3.00,- Professor Farzan FARNIA,50,50,LEC,-,E,We 04:30PM - 05:15PM,SC_L3,"9/9, 9/16, 9/23, 9/30, 10/7, 10/14, 10/21, 10/28, 11/4, 11/11, 11/18, 11/25, 12/2",,,Dept of Computer Sci & Engg
2026-27 Term 1,2420,AIST,AIST3030-,9823,Numerical Optimization 數值優化,3.00,- Professor Farzan FARNIA,50,50,TUT,-T01,E,We 03:30PM - 04:15PM,SC_L3,"9/9, 9/16, 9/23, 9/30, 10/7, 10/14, 10/21, 10/28, 11/4, 11/11, 11/18, 11/25, 12/2",,,Dept of Computer Sci & Engg
2026-27 Term 1,2420,AIST,AIST4010-,7215,Foundation of Applied DL 應用深度學習基礎,3.00,- Professor LI Yu,68,68,LEC,-,E,We 11:30AM - 01:15PM,SC_L4,"9/9, 9/16, 9/23, 9/30, 10/7, 10/14, 10/21, 10/28, 11/4, 11/11, 11/18, 11/25, 12/2",,,Dept of Computer Sci & Engg
2026-27 Term 1,2420,AIST,AIST4010-,7215,Foundation of Applied DL 應用深度學習基礎,3.00,- Professor LI Yu,68,68,LEC,-,E,Th 04:30PM - 05:15PM,UCC_C3,"9/10, 9/17, 9/24",,,Dept of Computer Sci & Engg
2026-27 Term 1,2420,AIST,AIST4010-,7215,Foundation of Applied DL 應用深度學習基礎,3.00,- Professor LI Yu,68,68,LEC,-,E,Th 04:30PM - 05:15PM,UCC_C3,"10/8, 10/15, 10/22, 10/29, 11/5, 11/12, 11/19, 11/26, 12/3",,,Dept of Computer Sci & Engg
2026-27 Term 1,2420,AIST,AIST4010-,7215,Foundation of Applied DL 應用深度學習基礎,3.00,- Professor LI Yu,68,68,TUT,-T01,E,Th 05:30PM - 06:15PM,UCC_C3,"9/10, 9/17, 9/24",,,Dept of Computer Sci & Engg
2026-27 Term 1,2420,AIST,AIST4010-,7215,Foundation of Applied DL 應用深度學習基礎,3.00,- Professor LI Yu,68,68,TUT,-T01,E,Th 05:30PM - 06:15PM,UCC_C3,"10/8, 10/15, 10/22, 10/29, 11/5, 11/12, 11/19, 11/26, 12/3",,,Dept of Computer Sci & Engg
2026-27 Term 1,2420,AIST,AIST4040-,5095,Math Foundations of DL 深度學習的數學基礎,3.00,- Professor LIU Weiyang,60,60,LEC,-,E,Tu 12:30PM - 02:15PM,LSK_LT1,"9/8, 9/15, 9/22, 9/29, 10/6, 10/13, 10/20, 10/27, 11/3, 11/10, 11/17, 11/24, 12/1",,,Dept of Computer Sci & Engg
2026-27 Term 1,2420,AIST,AIST4040-,5095,Math Foundations of DL 深度學習的數學基礎,3.00,- Professor LIU Weiyang,60,60,LEC,-,E,We 02:30PM - 03:15PM,MMW_707,"9/9, 9/16, 9/23, 9/30, 10/7, 10/14, 10/21, 10/28, 11/4, 11/11, 11/18, 11/25, 12/2",,,Dept of Computer Sci & Engg
2026-27 Term 1,2420,AIST,AIST4040-,5095,Math Foundations of DL 深度學習的數學基礎,3.00,- Professor LIU Weiyang,60,60,TUT,-T01,E,We 01:30PM - 02:15PM,MMW_707,"9/9, 9/16, 9/23, 9/30, 10/7, 10/14, 10/21, 10/28, 11/4, 11/11, 11/18, 11/25, 12/2",,,Dept of Computer Sci & Engg
2026-27 Term 1,2420,AIST,AIST4998A,8131,Final Year Project I 畢業專題研究（一）,3.00,- Professor PAN Jialin,10,8,PRJ,AJ01,E,TBA,NRR,07/09/2026 - 30/11/2026,Yes,Yes,Dept of Computer Sci & Engg
2026-27 Term 1,2420,AIST,AIST4998AA,8148,Final Year Project I 畢業專題研究（一）,3.00,- Professor YOUNG Fung Yu,10,10,PRJ,AAJ1,E,TBA,NRR,07/09/2026 - 30/11/2026,Yes,Yes,Dept of Computer Sci & Engg
2026-27 Term 1,2420,AIST,AIST4998AB,6603,Final Year Project I 畢業專題研究（一）,3.00,- Professor YU Bei,10,10,PRJ,ABJ1,E,TBA,NRR,07/09/2026 - 30/11/2026,Yes,Yes,Dept of Computer Sci & Engg
2026-27 Term 1,2420,AIST,AIST4998AC,6604,Final Year Project I 畢業專題研究（一）,3.00,- Dr. CHAU Chuck Jee,10,8,PRJ,ACJ1,E,TBA,NRR,07/09/2026 - 30/11/2026,Yes,Yes,Dept of Computer Sci & Engg
2026-27 Term 1,2420,AIST,AIST4998AD,6218,Final Year Project I 畢業專題研究（一）,3.00,- Dr. CHEONG Chi Hong,10,10,PRJ,ADJ1,E,TBA,NRR,07/09/2026 - 30/11/2026,Yes,Yes,Dept of Computer Sci & Engg
2026-27 Term 1,2420,AIST,AIST4998AE,8152,Final Year Project I 畢業專題研究（一）,3.00,- Dr. CHUI Yim Pan,10,8,PRJ,AEJ1,E,TBA,NRR,07/09/2026 - 30/11/2026,Yes,Yes,Dept of Computer Sci & Engg
2026-27 Term 1,2420,AIST,AIST4998AF,8168,Final Year Project I 畢業專題研究（一）,3.00,- Dr. KAM Ho Chuen,10,10,PRJ,AFJ1,E,TBA,NRR,07/09/2026 - 30/11/2026,Yes,Yes,Dept of Computer Sci & Engg
2026-27 Term 1,2420,AIST,AIST4998AG,8169,Final Year Project I 畢業專題研究（一）,3.00,- Dr. LAM King Tin,10,6,PRJ,AGJ1,E,TBA,NRR,07/09/2026 - 30/11/2026,Yes,Yes,Dept of Computer Sci & Engg
2026-27 Term 1,2420,AIST,AIST4998AH,6324,Final Year Project I 畢業專題研究（一）,3.00,- Dr. LAW Yat Chiu,10,10,PRJ,AHJ1,E,TBA,NRR,07/09/2026 - 30/11/2026,Yes,Yes,Dept of Computer Sci & Engg
2026-27 Term 1,2420,AIST,AIST4998AI,6230,Final Year Project I 畢業專題研究（一）,3.00,- Professor LU Songtao,10,10,PRJ,AIJ1,E,TBA,NRR,07/09/2026 - 30/11/2026,Yes,Yes,Dept of Computer Sci & Engg
2026-27 Term 1,2420,AIST,AIST4998AJ,8149,Final Year Project I 畢業專題研究（一）,3.00,- Dr. SUM Kwok Wing,10,10,PRJ,AJJ1,E,TBA,NRR,07/09/2026 - 30/11/2026,Yes,Yes,Dept of Computer Sci & Engg
2026-27 Term 1,2420,AIST,AIST4998AK,6211,Final Year Project I 畢業專題研究（一）,3.00,- Dr. YU Michael Ruisi,10,10,PRJ,AKJ1,E,TBA,NRR,07/09/2026 - 30/11/2026,Yes,Yes,Dept of Computer Sci & Engg
2026-27 Term 1,2420,AIST,AIST4998AL,8150,Final Year Project I 畢業專題研究（一）,3.00,- Dr. TSANG Siu Chung,10,9,PRJ,ALJ1,E,TBA,NRR,07/09/2026 - 30/11/2026,Yes,Yes,Dept of Computer Sci & Engg
2026-27 Term 1,2420,AIST,AIST4998AM,8170,Final Year Project I 畢業專題研究（一）,3.00,- Professor Lauren Marcelyn PICK,10,10,PRJ,AMJ1,E,TBA,NRR,07/09/2026 - 30/11/2026,Yes,Yes,Dept of Computer Sci & Engg
2026-27 Term 1,2420,AIST,AIST4998AN,8175,Final Year Project I 畢業專題研究（一）,3.00,- Professor ZHANG Hanrui,10,10,PRJ,ANJ1,E,TBA,NRR,07/09/2026 - 30/11/2026,Yes,Yes,Dept of Computer Sci & Engg
2026-27 Term 1,2420,AIST,AIST4998AO,8117,Final Year Project I 畢業專題研究（一）,3.00,- Professor XU Qiang,10,10,PRJ,AOJ1,E,TBA,NRR,07/09/2026 - 30/11/2026,Yes,Yes,Dept of Computer Sci & Engg
2026-27 Term 1,2420,AIST,AIST4998AP,8094,Final Year Project I 畢業專題研究（一）,3.00,- Professor KING Kuo Chin Irwin,10,8,PRJ,APJ1,E,TBA,NRR,07/09/2026 - 30/11/2026,Yes,Yes,Dept of Computer Sci & Engg
2026-27 Term 1,2420,AIST,AIST4998AQ,8171,Final Year Project I 畢業專題研究（一）,3.00,- Professor YUAN Yixuan,10,9,PRJ,AQJ1,E,TBA,NRR,07/09/2026 - 30/11/2026,Yes,Yes,Dept of Computer Sci & Engg
2026-27 Term 1,2420,AIST,AIST4998B,4812,Final Year Project I 畢業專題研究（一）,3.00,- Staff,10,10,PRJ,BJ01,E,TBA,NRR,07/09/2026 - 30/11/2026,Yes,Yes,Dept of Computer Sci & Engg
2026-27 Term 1,2420,AIST,AIST4998C,6219,Final Year Project I 畢業專題研究（一）,3.00,- Professor CHENG James,10,10,PRJ,CJ01,E,TBA,NRR,07/09/2026 - 30/11/2026,Yes,Yes,Dept of Computer Sci & Engg
2026-27 Term 1,2420,AIST,AIST4998D,8134,Final Year Project I 畢業專題研究（一）,3.00,- Professor DOU Qi,10,9,PRJ,DJ01,E,TBA,NRR,07/09/2026 - 30/11/2026,Yes,Yes,Dept of Computer Sci & Engg
2026-27 Term 1,2420,AIST,AIST4998E,6209,Final Year Project I 畢業專題研究（一）,3.00,- Professor Farzan FARNIA,10,10,PRJ,EJ01,E,TBA,NRR,07/09/2026 - 30/11/2026,Yes,Yes,Dept of Computer Sci & Engg
2026-27 Term 1,2420,AIST,AIST4998F,6425,Final Year Project I 畢業專題研究（一）,3.00,- Professor FU Chi Wing,10,10,PRJ,FJ01,E,TBA,NRR,07/09/2026 - 30/11/2026,Yes,Yes,Dept of Computer Sci & Engg
2026-27 Term 1,2420,AIST,AIST4998G,8135,Final Year Project I 畢業專題研究（一）,3.00,- Professor LIANG Zhiding,10,10,PRJ,GJ01,E,TBA,NRR,07/09/2026 - 30/11/2026,Yes,Yes,Dept of Computer Sci & Engg
2026-27 Term 1,2420,AIST,AIST4998H,8136,Final Year Project I 畢業專題研究（一）,3.00,- Professor HO Tsung Yi,10,9,PRJ,HJ01,E,TBA,NRR,07/09/2026 - 30/11/2026,Yes,Yes,Dept of Computer Sci & Engg
2026-27 Term 1,2420,AIST,AIST4998I,8137,Final Year Project I 畢業專題研究（一）,3.00,- Professor LI Shaohua,10,8,PRJ,IJ01,E,TBA,NRR,07/09/2026 - 30/11/2026,Yes,Yes,Dept of Computer Sci & Engg
2026-27 Term 1,2420,AIST,AIST4998J,8139,Final Year Project I 畢業專題研究（一）,3.00,- Professor LIU Shengchao,10,7,PRJ,JJ01,E,TBA,NRR,07/09/2026 - 30/11/2026,Yes,Yes,Dept of Computer Sci & Engg
2026-27 Term 1,2420,AIST,AIST4998K,6322,Final Year Project I 畢業專題研究（一）,3.00,- Staff,10,10,PRJ,KJ01,E,TBA,NRR,07/09/2026 - 30/11/2026,Yes,Yes,Dept of Computer Sci & Engg
2026-27 Term 1,2420,AIST,AIST4998L,8140,Final Year Project I 畢業專題研究（一）,3.00,- Professor LEE Pak Ching,10,10,PRJ,LJ01,E,TBA,NRR,07/09/2026 - 30/11/2026,Yes,Yes,Dept of Computer Sci & Engg
2026-27 Term 1,2420,AIST,AIST4998M,8132,Final Year Project I 畢業專題研究（一）,3.00,- Dr. JIANG Yuli,10,10,PRJ,MJ01,E,TBA,NRR,07/09/2026 - 30/11/2026,Yes,Yes,Dept of Computer Sci & Engg
2026-27 Term 1,2420,AIST,AIST4998N,8141,Final Year Project I 畢業專題研究（一）,3.00,- Professor LI Yu,10,10,PRJ,NJ01,E,TBA,NRR,07/09/2026 - 30/11/2026,Yes,Yes,Dept of Computer Sci & Engg
2026-27 Term 1,2420,AIST,AIST4998O,8138,Final Year Project I 畢業專題研究（一）,3.00,- Professor LO Chi Lik Eric,10,10,PRJ,OJ01,E,TBA,NRR,07/09/2026 - 30/11/2026,Yes,Yes,Dept of Computer Sci & Engg
2026-27 Term 1,2420,AIST,AIST4998P,6217,Final Year Project I 畢業專題研究（一）,3.00,- Professor LYU Rung Tsong Michael,10,5,PRJ,PJ01,E,TBA,NRR,07/09/2026 - 30/11/2026,Yes,Yes,Dept of Computer Sci & Engg
2026-27 Term 1,2420,AIST,AIST4998Q,8145,Final Year Project I 畢業專題研究（一）,3.00,- Professor MENG Wei,10,10,PRJ,QJ01,E,TBA,NRR,07/09/2026 - 30/11/2026,Yes,Yes,Dept of Computer Sci & Engg
2026-27 Term 1,2420,AIST,AIST4998R,8142,Final Year Project I 畢業專題研究（一）,3.00,- Professor SHAO Zili,10,10,PRJ,RJ01,E,TBA,NRR,07/09/2026 - 30/11/2026,Yes,Yes,Dept of Computer Sci & Engg
2026-27 Term 1,2420,AIST,AIST4998S,8146,Final Year Project I 畢業專題研究（一）,3.00,- Professor TAO Yufei,10,10,PRJ,SJ01,E,TBA,NRR,07/09/2026 - 30/11/2026,Yes,Yes,Dept of Computer Sci & Engg
2026-27 Term 1,2420,AIST,AIST4998T,8133,Final Year Project I 畢業專題研究（一）,3.00,- Professor LIANG Xiao,10,10,PRJ,TJ01,E,TBA,NRR,07/09/2026 - 30/11/2026,Yes,Yes,Dept of Computer Sci & Engg
2026-27 Term 1,2420,AIST,AIST4998U,6323,Final Year Project I 畢業專題研究（一）,3.00,- Professor WANG Liwei,10,10,PRJ,UJ01,E,TBA,NRR,07/09/2026 - 30/11/2026,Yes,Yes,Dept of Computer Sci & Engg
2026-27 Term 1,2420,AIST,AIST4998V,8151,Final Year Project I 畢業專題研究（一）,3.00,- Dr. TIAN Yusheng,10,9,PRJ,VJ01,E,TBA,NRR,07/09/2026 - 30/11/2026,Yes,Yes,Dept of Computer Sci & Engg
2026-27 Term 1,2420,AIST,AIST4998W,8143,Final Year Project I 畢業專題研究（一）,3.00,- Professor LIU Weiyang,10,8,PRJ,WJ01,E,TBA,NRR,07/09/2026 - 30/11/2026,Yes,Yes,Dept of Computer Sci & Engg
2026-27 Term 1,2420,AIST,AIST4998X,6210,Final Year Project I 畢業專題研究（一）,3.00,- Professor XU Hong,10,9,PRJ,XJ01,E,TBA,NRR,07/09/2026 - 30/11/2026,Yes,Yes,Dept of Computer Sci & Engg
2026-27 Term 1,2420,AIST,AIST4998Y,8144,Final Year Project I 畢業專題研究（一）,3.00,- Professor WANG Zhengrong,10,10,PRJ,YJ01,E,TBA,NRR,07/09/2026 - 30/11/2026,Yes,Yes,Dept of Computer Sci & Engg
2026-27 Term 1,2420,AIST,AIST4998Z,8147,Final Year Project I 畢業專題研究（一）,3.00,- Professor YANG Ming Chang,10,10,PRJ,ZJ01,E,TBA,NRR,07/09/2026 - 30/11/2026,Yes,Yes,Dept of Computer Sci & Engg
2026-27 Term 1,2420,AIST,AIST4999-,6321,Final Year Project II 畢業專題研究（二）,3.00,- Staff,10,10,PRJ,-J01,E,TBA,NRR,07/09/2026 - 30/11/2026,Yes,Yes,Dept of Computer Sci & Engg
2026-27 Term 1,2420,ANTH,ANTH1010-,9353,Humans and Culture 人類與文化,3.00,- Professor Adam Daniel LIEBMAN,36,34,LEC,-,E,We 11:30AM - 01:15PM,NAH_213,"9/9, 9/16, 9/23, 9/30, 10/7, 10/14, 10/21, 10/28, 11/4, 11/11, 11/18, 11/25, 12/2",,,Dept of Anthropology
2026-27 Term 1,2420,ANTH,ANTH1010-,9353,Humans and Culture 人類與文化,3.00,- Professor Adam Daniel LIEBMAN,12,10,TUT,-T01,E,We 01:30PM - 02:15PM,UCA_103,"9/9, 9/16, 9/23, 9/30, 10/7, 10/14, 10/21, 10/28, 11/4, 11/11, 11/18, 11/25, 12/2",,,Dept of Anthropology
2026-27 Term 1,2420,ANTH,ANTH1010-,9353,Humans and Culture 人類與文化,3.00,- Professor Adam Daniel LIEBMAN,12,12,TUT,-T02,E,We 02:30PM - 03:15PM,UCA_103,"9/9, 9/16, 9/23, 9/30, 10/7, 10/14, 10/21, 10/28, 11/4, 11/11, 11/18, 11/25, 12/2",,,Dept of Anthropology
2026-27 Term 1,2420,ANTH,ANTH1010-,9353,Humans and Culture 人類與文化,3.00,- Professor Adam Daniel LIEBMAN,12,12,TUT,-T03,E,We 03:30PM - 04:15PM,UCA_103,"9/9, 9/16, 9/23, 9/30, 10/7, 10/14, 10/21, 10/28, 11/4, 11/11, 11/18, 11/25, 12/2",,,Dept of Anthropology
2026-27 Term 1,2420,ANTH,ANTH1020-,7536,Anth: The Study of Global Huma 人類學：環球人類研究,3.00,- Professor CHENG Sea Ling,80,77,LEC,-,E,Tu 01:30PM - 03:15PM,MMW_LT1,"9/8, 9/15, 9/22, 9/29, 10/6, 10/13, 10/20, 10/27, 11/3, 11/10, 11/17, 11/24, 12/1",,,Dept of Anthropology
2026-27 Term 1,2420,ANTH,ANTH1020-,7536,Anth: The Study of Global Huma 人類學：環球人類研究,3.00,- Professor CHENG Sea Ling,80,77,TUT,-T01,E,Tu 03:30PM - 04:15PM,MMW_LT1,"9/8, 9/15, 9/22, 9/29, 10/6, 10/13, 10/20, 10/27, 11/3, 11/10, 11/17, 11/24, 12/1",,,Dept of Anthropology
2026-27 Term 1,2420,ANTH,ANTH1100-,9345,Understanding Anthropology 認識人類學,3.00,- Staff,40,38,LEC,-,E,Mo 02:30PM - 04:15PM,UCC_111,"9/7, 9/14, 9/21, 9/28, 10/5, 10/12",,,Dept of Anthropology
2026-27 Term 1,2420,ANTH,ANTH1100-,9345,Understanding Anthropology 認識人類學,3.00,- Staff,40,38,LEC,-,E,Mo 02:30PM - 04:15PM,UCC_111,"10/26, 11/2, 11/9, 11/16, 11/23, 11/30",,,Dept of Anthropology
2026-27 Term 1,2420,ANTH,ANTH1100-,9345,Understanding Anthropology 認識人類學,3.00,- Staff,40,38,TUT,-T01,E,Mo 04:30PM - 05:15PM,UCC_111,"9/7, 9/14, 9/21, 9/28, 10/5, 10/12",,,Dept of Anthropology
2026-27 Term 1,2420,ANTH,ANTH1100-,9345,Understanding Anthropology 認識人類學,3.00,- Staff,40,38,TUT,-T01,E,Mo 04:30PM - 05:15PM,UCC_111,"10/26, 11/2, 11/9, 11/16, 11/23, 11/30",,,Dept of Anthropology
2026-27 Term 1,2420,ANTH,ANTH1410-,9086,Culture of Hong Kong 香港的文化,3.00,- Dr. TANG Wai Man,60,60,LEC,-,C,Mo 11:30AM - 01:15PM,NAH_115,"9/7, 9/14, 9/21, 9/28, 10/5, 10/12",,,Dept of Anthropology
2026-27 Term 1,2420,ANTH,ANTH1410-,9086,Culture of Hong Kong 香港的文化,3.00,- Dr. TANG Wai Man,60,60,LEC,-,C,Mo 11:30AM - 01:15PM,NAH_115,"10/26, 11/2, 11/9, 11/16, 11/23, 11/30",,,Dept of Anthropology
2026-27 Term 1,2420,ANTH,ANTH1410-,9086,Culture of Hong Kong 香港的文化,3.00,- Dr. TANG Wai Man,15,15,TUT,-T01,C&E&P,Mo 01:30PM - 02:15PM,UCC_110,"9/7, 9/14, 9/21, 9/28, 10/5, 10/12",,,Dept of Anthropology
2026-27 Term 1,2420,ANTH,ANTH1410-,9086,Culture of Hong Kong 香港的文化,3.00,- Dr. TANG Wai Man,15,15,TUT,-T01,C&E&P,Mo 01:30PM - 02:15PM,UCC_110,"10/26, 11/2, 11/9, 11/16, 11/23, 11/30",,,Dept of Anthropology
2026-27 Term 1,2420,ANTH,ANTH1410-,9086,Culture of Hong Kong 香港的文化,3.00,- Dr. TANG Wai Man,15,15,TUT,-T02,C&E&P,Mo 02:30PM - 03:15PM,UCC_110,"9/7, 9/14, 9/21, 9/28, 10/5, 10/12",,,Dept of Anthropology
2026-27 Term 1,2420,ANTH,ANTH1410-,9086,Culture of Hong Kong 香港的文化,3.00,- Dr. TANG Wai Man,15,15,TUT,-T02,C&E&P,Mo 02:30PM - 03:15PM,UCC_110,"10/26, 11/2, 11/9, 11/16, 11/23, 11/30",,,Dept of Anthropology
2026-27 Term 1,2420,ANTH,ANTH1410-,9086,Culture of Hong Kong 香港的文化,3.00,- Dr. TANG Wai Man,30,30,TUT,-T03,C&E&P,TBA,NRR,07/09/2026 - 30/11/2026,,,Dept of Anthropology
2026-27 Term 1,2420,ANTH,ANTH2110-,7538,History of Anth Theory 人類學理論歷史,3.00,- Dr. Tim ROSENKRANZ,60,60,LEC,-,E,We 09:30AM - 11:15AM,UCC_C3,"9/9, 9/16, 9/23, 9/30, 10/7, 10/14, 10/21, 10/28, 11/4, 11/11, 11/18, 11/25, 12/2",,,Dept of Anthropology
2026-27 Term 1,2420,ANTH,ANTH2110-,7538,History of Anth Theory 人類學理論歷史,3.00,- Dr. Tim ROSENKRANZ,20,20,TUT,-T01,E,We 11:30AM - 12:15PM,UCC_C3,"9/9, 9/16, 9/23, 9/30, 10/7, 10/14, 10/21, 10/28, 11/4, 11/11, 11/18, 11/25, 12/2",,,Dept of Anthropology
2026-27 Term 1,2420,ANTH,ANTH2110-,7538,History of Anth Theory 人類學理論歷史,3.00,- Dr. Tim ROSENKRANZ,20,20,TUT,-T02,E,We 01:30PM - 02:15PM,UCA_104,"9/9, 9/16, 9/23, 9/30, 10/7, 10/14, 10/21, 10/28, 11/4, 11/11, 11/18, 11/25, 12/2",,,Dept of Anthropology
2026-27 Term 1,2420,ANTH,ANTH2110-,7538,History of Anth Theory 人類學理論歷史,3.00,- Dr. Tim ROSENKRANZ,20,20,TUT,-T03,E,We 12:30PM - 01:15PM,UCA_103,"9/9, 9/16, 9/23, 9/30, 10/7, 10/14, 10/21, 10/28, 11/4, 11/11, 11/18, 11/25, 12/2",,,Dept of Anthropology
2026-27 Term 1,2420,ANTH,ANTH2350-,9513,Meanings of Life 生活的意義,3.00,- Professor Gordon Clark MATHEWS,58,58,LEC,-,E,Th 01:30PM - 03:15PM,NAH_115,"9/10, 9/17, 9/24",,,Dept of Anthropology
2026-27 Term 1,2420,ANTH,ANTH2350-,9513,Meanings of Life 生活的意義,3.00,- Professor Gordon Clark MATHEWS,58,58,LEC,-,E,Th 01:30PM - 03:15PM,NAH_115,"10/8, 10/15, 10/22, 10/29, 11/5, 11/12, 11/19, 11/26, 12/3",,,Dept of Anthropology
2026-27 Term 1,2420,ANTH,ANTH2350-,9513,Meanings of Life 生活的意義,3.00,- Professor Gordon Clark MATHEWS,15,15,TUT,-T01,E,Th 04:30PM - 05:15PM,UCC_114,"9/10, 9/17, 9/24",,,Dept of Anthropology
2026-27 Term 1,2420,ANTH,ANTH2350-,9513,Meanings of Life 生活的意義,3.00,- Professor Gordon Clark MATHEWS,15,15,TUT,-T01,E,Th 04:30PM - 05:15PM,UCC_114,"10/8, 10/15, 10/22, 10/29, 11/5, 11/12, 11/19, 11/26, 12/3",,,Dept of Anthropology
2026-27 Term 1,2420,ANTH,ANTH2350-,9513,Meanings of Life 生活的意義,3.00,- Professor Gordon Clark MATHEWS,15,15,TUT,-T02,E,Th 05:30PM - 06:15PM,UCC_114,"9/10, 9/17, 9/24",,,Dept of Anthropology
2026-27 Term 1,2420,ANTH,ANTH2350-,9513,Meanings of Life 生活的意義,3.00,- Professor Gordon Clark MATHEWS,15,15,TUT,-T02,E,Th 05:30PM - 06:15PM,UCC_114,"10/8, 10/15, 10/22, 10/29, 11/5, 11/12, 11/19, 11/26, 12/3",,,Dept of Anthropology
2026-27 Term 1,2420,ANTH,ANTH2350-,9513,Meanings of Life 生活的意義,3.00,- Professor Gordon Clark MATHEWS,13,13,TUT,-T03,E,Th 03:30PM - 04:15PM,UCC_102,"9/10, 9/17, 9/24",,,Dept of Anthropology
2026-27 Term 1,2420,ANTH,ANTH2350-,9513,Meanings of Life 生活的意義,3.00,- Professor Gordon Clark MATHEWS,13,13,TUT,-T03,E,Th 03:30PM - 04:15PM,UCC_102,"10/8, 10/15, 10/22, 10/29, 11/5, 11/12, 11/19, 11/26, 12/3",,,Dept of Anthropology
2026-27 Term 1,2420,ANTH,ANTH2350-,9513,Meanings of Life 生活的意義,3.00,- Professor Gordon Clark MATHEWS,15,15,TUT,-T04,E,TBA,NRR,07/09/2026 - 30/11/2026,,,Dept of Anthropology
2026-27 Term 1,2420,ANTH,ANTH2360-,7161,Ethics and Experience 倫理與人類體驗,3.00,- Professor KUAN Teresa,20,20,LEC,-,E,Th 10:30AM - 12:15PM,UCC_C2,"9/10, 9/17, 9/24",,,Dept of Anthropology
2026-27 Term 1,2420,ANTH,ANTH2360-,7161,Ethics and Experience 倫理與人類體驗,3.00,- Professor KUAN Teresa,20,20,LEC,-,E,Th 10:30AM - 12:15PM,UCC_C2,"10/8, 10/15, 10/22, 10/29, 11/5, 11/12, 11/19, 11/26, 12/3",,,Dept of Anthropology
2026-27 Term 1,2420,ANTH,ANTH2360-,7161,Ethics and Experience 倫理與人類體驗,3.00,- Professor KUAN Teresa,10,10,TUT,-T01,E,Th 04:30PM - 05:15PM,UCC_110,"9/10, 9/17, 9/24",,,Dept of Anthropology
2026-27 Term 1,2420,ANTH,ANTH2360-,7161,Ethics and Experience 倫理與人類體驗,3.00,- Professor KUAN Teresa,10,10,TUT,-T01,E,Th 04:30PM - 05:15PM,UCC_110,"10/8, 10/15, 10/22, 10/29, 11/5, 11/12, 11/19, 11/26, 12/3",,,Dept of Anthropology
2026-27 Term 1,2420,ANTH,ANTH2360-,7161,Ethics and Experience 倫理與人類體驗,3.00,- Professor KUAN Teresa,10,10,TUT,-T02,E,Th 05:30PM - 06:15PM,UCC_110,"9/10, 9/17, 9/24",,,Dept of Anthropology
2026-27 Term 1,2420,ANTH,ANTH2360-,7161,Ethics and Experience 倫理與人類體驗,3.00,- Professor KUAN Teresa,10,10,TUT,-T02,E,Th 05:30PM - 06:15PM,UCC_110,"10/8, 10/15, 10/22, 10/29, 11/5, 11/12, 11/19, 11/26, 12/3",,,Dept of Anthropology
2026-27 Term 1,2420,ANTH,ANTH2370-,9504,Intangible Heritage in HK 香港的非物質文化遺產,3.00,- Professor CHEUNG Chin Hung Sidney,25,25,LEC,-,C,We 12:30PM - 02:15PM,UCC_C3,"9/9, 9/16, 9/23, 9/30, 10/7, 10/14, 10/21, 10/28, 11/4, 11/11, 11/18, 11/25, 12/2",,,Dept of Anthropology
2026-27 Term 1,2420,ANTH,ANTH2370-,9504,Intangible Heritage in HK 香港的非物質文化遺產,3.00,- Professor CHEUNG Chin Hung Sidney,13,13,TUT,-T01,C,We 02:30PM - 03:15PM,UCC_110,"9/9, 9/16, 9/23, 9/30, 10/7, 10/14, 10/21, 10/28, 11/4, 11/11, 11/18, 11/25, 12/2",,,Dept of Anthropology
2026-27 Term 1,2420,ANTH,ANTH2370-,9504,Intangible Heritage in HK 香港的非物質文化遺產,3.00,- Professor CHEUNG Chin Hung Sidney,12,12,TUT,-T02,C,TBA,NRR,07/09/2026 - 30/11/2026,,,Dept of Anthropology
2026-27 Term 1,2420,ANTH,ANTH2403-,5215,Topics in Ethnography III 民族誌專題（三）,3.00,- Professor Aaron Jeffrey HAMES,20,20,LEC,-,E,Mo 02:30PM - 04:15PM,CKB_123,"9/7, 9/14, 9/21, 9/28, 10/5, 10/12",,,Dept of Anthropology
2026-27 Term 1,2420,ANTH,ANTH2403-,5215,Topics in Ethnography III 民族誌專題（三）,3.00,- Professor Aaron Jeffrey HAMES,20,20,LEC,-,E,Mo 02:30PM - 04:15PM,CKB_123,"10/26, 11/2, 11/9, 11/16, 11/23, 11/30",,,Dept of Anthropology
2026-27 Term 1,2420,ANTH,ANTH2403-,5215,Topics in Ethnography III 民族誌專題（三）,3.00,- Professor Aaron Jeffrey HAMES,20,20,TUT,-T01,E,Mo 05:30PM - 06:15PM,CKB_123,"9/7, 9/14, 9/21, 9/28, 10/5, 10/12",,,Dept of Anthropology
2026-27 Term 1,2420,ANTH,ANTH2403-,5215,Topics in Ethnography III 民族誌專題（三）,3.00,- Professor Aaron Jeffrey HAMES,20,20,TUT,-T01,E,Mo 05:30PM - 06:15PM,CKB_123,"10/26, 11/2, 11/9, 11/16, 11/23, 11/30",,,Dept of Anthropology
2026-27 Term 1,2420,ANTH,ANTH2420-,7540,Culture and Modernity in China 中國的文化及現代性,3.00,- Staff,20,20,LEC,-,E,Mo 10:30AM - 12:15PM,UCC_C3,"9/7, 9/14, 9/21, 9/28, 10/5, 10/12",,,Dept of Anthropology
2026-27 Term 1,2420,ANTH,ANTH2420-,7540,Culture and Modernity in China 中國的文化及現代性,3.00,- Staff,20,20,LEC,-,E,Mo 10:30AM - 12:15PM,UCC_C3,"10/26, 11/2, 11/9, 11/16, 11/23, 11/30",,,Dept of Anthropology
2026-27 Term 1,2420,ANTH,ANTH2420-,7540,Culture and Modernity in China 中國的文化及現代性,3.00,- Staff,20,20,TUT,-T01,E,Mo 12:30PM - 01:15PM,UCC_C3,"9/7, 9/14, 9/21, 9/28, 10/5, 10/12",,,Dept of Anthropology
2026-27 Term 1,2420,ANTH,ANTH2420-,7540,Culture and Modernity in China 中國的文化及現代性,3.00,- Staff,20,20,TUT,-T01,E,Mo 12:30PM - 01:15PM,UCC_C3,"10/26, 11/2, 11/9, 11/16, 11/23, 11/30",,,Dept of Anthropology
2026-27 Term 1,2420,ANTH,ANTH2550-,5142,Working Cultures 工作文化 - 認識廿十一世紀的,3.00,- Dr. Tim ROSENKRANZ,15,15,LEC,-,E,Tu 01:30PM - 03:15PM,NAH_11,"9/8, 9/15, 9/22, 9/29, 10/6, 10/13, 10/20, 10/27, 11/3, 11/10, 11/17, 11/24, 12/1",,,Dept of Anthropology
2026-27 Term 1,2420,ANTH,ANTH2550-,5142,Working Cultures 工作文化 - 認識廿十一世紀的,3.00,- Dr. Tim ROSENKRANZ,8,8,TUT,-T01,E,Tu 04:30PM - 05:15PM,UCC_206,"9/8, 9/15, 9/22, 9/29, 10/6, 10/13, 10/20, 10/27, 11/3, 11/10, 11/17, 11/24, 12/1",,,Dept of Anthropology
2026-27 Term 1,2420,ANTH,ANTH2550-,5142,Working Cultures 工作文化 - 認識廿十一世紀的,3.00,- Dr. Tim ROSENKRANZ,7,7,TUT,-T02,E,Tu 05:30PM - 06:15PM,UCC_206,"9/8, 9/15, 9/22, 9/29, 10/6, 10/13, 10/20, 10/27, 11/3, 11/10, 11/17, 11/24, 12/1",,,Dept of Anthropology
2026-27 Term 1,2420,ANTH,ANTH2710-,9704,Archaeology of China 中國考古學,3.00,- Professor WONG Wai Yee,30,30,LEC,-,C,Mo 10:30AM - 12:15PM,UCC_207,"9/7, 9/14, 9/21, 9/28, 10/5, 10/12",,,Dept of Anthropology
2026-27 Term 1,2420,ANTH,ANTH2710-,9704,Archaeology of China 中國考古學,3.00,- Professor WONG Wai Yee,30,30,LEC,-,C,Mo 10:30AM - 12:15PM,UCC_207,"10/26, 11/2, 11/9, 11/16, 11/23, 11/30",,,Dept of Anthropology
2026-27 Term 1,2420,ANTH,ANTH2710-,9704,Archaeology of China 中國考古學,3.00,- Professor WONG Wai Yee,30,30,TUT,-T01,C,Mo 12:30PM - 01:15PM,UCC_207,"9/7, 9/14, 9/21, 9/28, 10/5, 10/12",,,Dept of Anthropology
2026-27 Term 1,2420,ANTH,ANTH2710-,9704,Archaeology of China 中國考古學,3.00,- Professor WONG Wai Yee,30,30,TUT,-T01,C,Mo 12:30PM - 01:15PM,UCC_207,"10/26, 11/2, 11/9, 11/16, 11/23, 11/30",,,Dept of Anthropology
2026-27 Term 1,2420,ANTH,ANTH2720-,5139,Archaeology of Hong Kong 香港考古學,3.00,- Professor WONG Wai Yee,30,30,LEC,-,C,Tu 10:30AM - 12:15PM,NAH_114,"9/8, 9/15, 9/22, 9/29, 10/6, 10/13, 10/20, 10/27, 11/3, 11/10, 11/17, 11/24, 12/1",,,Dept of Anthropology
2026-27 Term 1,2420,ANTH,ANTH2720-,5139,Archaeology of Hong Kong 香港考古學,3.00,- Professor WONG Wai Yee,15,15,TUT,-T01,C,Tu 01:30PM - 02:15PM,UCC_206,"9/8, 9/15, 9/22, 9/29, 10/6, 10/13, 10/20, 10/27, 11/3, 11/10, 11/17, 11/24, 12/1",,,Dept of Anthropology
2026-27 Term 1,2420,ANTH,ANTH2720-,5139,Archaeology of Hong Kong 香港考古學,3.00,- Professor WONG Wai Yee,15,15,TUT,-T02,C,TBA,NRR,07/09/2026 - 30/11/2026,,,Dept of Anthropology
2026-27 Term 1,2420,ANTH,ANTH2810-,7561,Human Evolution 人類的演化,3.00,- Staff,20,20,LEC,-,E,Mo 02:30PM - 04:15PM,UCC_C4,"9/7, 9/14, 9/21, 9/28, 10/5, 10/12",,,Dept of Anthropology
2026-27 Term 1,2420,ANTH,ANTH2810-,7561,Human Evolution 人類的演化,3.00,- Staff,20,20,LEC,-,E,Mo 02:30PM - 04:15PM,UCC_C4,"10/26, 11/2, 11/9, 11/16, 11/23, 11/30",,,Dept of Anthropology
2026-27 Term 1,2420,ANTH,ANTH2810-,7561,Human Evolution 人類的演化,3.00,- Staff,20,20,TUT,-T01,E,Mo 04:30PM - 05:15PM,UCC_C4,"9/7, 9/14, 9/21, 9/28, 10/5, 10/12",,,Dept of Anthropology
2026-27 Term 1,2420,ANTH,ANTH2810-,7561,Human Evolution 人類的演化,3.00,- Staff,20,20,TUT,-T01,E,Mo 04:30PM - 05:15PM,UCC_C4,"10/26, 11/2, 11/9, 11/16, 11/23, 11/30",,,Dept of Anthropology
2026-27 Term 1,2420,ANTH,ANTH3321-,5286,Topics in Anthropology I 人類學專題（一）,3.00,- Professor TAM Man Kei,20,20,LEC,-,E,Th 10:30AM - 12:15PM,ELB_302,"9/10, 9/17, 9/24",,,Dept of Anthropology
2026-27 Term 1,2420,ANTH,ANTH3321-,5286,Topics in Anthropology I 人類學專題（一）,3.00,- Professor TAM Man Kei,20,20,LEC,-,E,Th 10:30AM - 12:15PM,ELB_302,"10/8, 10/15, 10/22, 10/29, 11/5, 11/12, 11/19, 11/26, 12/3",,,Dept of Anthropology
2026-27 Term 1,2420,ANTH,ANTH3321-,5286,Topics in Anthropology I 人類學專題（一）,3.00,- Professor TAM Man Kei,20,20,TUT,-T01,E,Th 01:30PM - 02:15PM,ELB_306,"9/10, 9/17, 9/24",,,Dept of Anthropology
2026-27 Term 1,2420,ANTH,ANTH3321-,5286,Topics in Anthropology I 人類學專題（一）,3.00,- Professor TAM Man Kei,20,20,TUT,-T01,E,Th 01:30PM - 02:15PM,ELB_306,"10/8, 10/15, 10/22, 10/29, 11/5, 11/12, 11/19, 11/26, 12/3",,,Dept of Anthropology
2026-27 Term 1,2420,ANTH,ANTH3323A,4736,Topics in Anthropology III 人類學專題（三）,3.00,- Professor Francesco VECCHIO,25,25,LEC,A,E,We 02:30PM - 04:15PM,CKB_UG04,"9/9, 9/16, 9/23, 9/30, 10/7, 10/14, 10/21, 10/28, 11/4, 11/11, 11/18, 11/25, 12/2",,,Dept of Anthropology
2026-27 Term 1,2420,ANTH,ANTH3323A,4736,Topics in Anthropology III 人類學專題（三）,3.00,- Professor Francesco VECCHIO,25,25,TUT,AT01,E,We 05:30PM - 06:15PM,CKB_UG04,"9/9, 9/16, 9/23, 9/30, 10/7, 10/14, 10/21, 10/28, 11/4, 11/11, 11/18, 11/25, 12/2",,,Dept of Anthropology
2026-27 Term 1,2420,ANTH,ANTH3323B,4734,Topics in Anthropology III 人類學專題（三）,3.00,- Professor LAM Weng Cheong,20,20,LEC,B,C,Tu 02:30PM - 04:15PM,NAH_401,"9/8, 9/15, 9/22, 9/29, 10/6, 10/13, 10/20, 10/27, 11/3, 11/10, 11/17, 11/24, 12/1",,,Dept of Anthropology
2026-27 Term 1,2420,ANTH,ANTH3323B,4734,Topics in Anthropology III 人類學專題（三）,3.00,- Professor LAM Weng Cheong,20,20,TUT,BT01,C,Tu 04:30PM - 05:15PM,NAH_401,"9/8, 9/15, 9/22, 9/29, 10/6, 10/13, 10/20, 10/27, 11/3, 11/10, 11/17, 11/24, 12/1",,,Dept of Anthropology
2026-27 Term 1,2420,ANTH,ANTH3350-,8445,Food and Culture 飲食與文化,3.00,- Professor CHEUNG Chin Hung Sidney,25,25,LEC,-,C,Tu 10:30AM - 12:15PM,UCA_104,"9/8, 9/15, 9/22, 9/29, 10/6, 10/13, 10/20, 10/27, 11/3, 11/10, 11/17, 11/24, 12/1",,,Dept of Anthropology
2026-27 Term 1,2420,ANTH,ANTH3350-,8445,Food and Culture 飲食與文化,3.00,- Professor CHEUNG Chin Hung Sidney,25,25,TUT,-T01,C,Tu 01:30PM - 02:15PM,UCA_102,"9/8, 9/15, 9/22, 9/29, 10/6, 10/13, 10/20, 10/27, 11/3, 11/10, 11/17, 11/24, 12/1",,,Dept of Anthropology
2026-27 Term 1,2420,ANTH,ANTH4300-,6523,Field Project I 人類學田野研究（一）,3.00,- Dr. TANG Wai Man,50,49,PRJ,-J01,E,TBA,NRR,07/09/2026 - 30/11/2026,Yes,Yes,Dept of Anthropology
2026-27 Term 1,2420,ANTH,ANTH4301-,6524,Field Project II 人類學田野研究（二）,3.00,- Dr. TANG Wai Man,30,30,PRJ,-J01,E,TBA,NRR,07/09/2026 - 30/11/2026,Yes,Yes,Dept of Anthropology
2026-27 Term 1,2420,ANTH,ANTH4321-,5040,Topics in Anthropology 人類學專題,3.00,- Staff,30,30,LEC,-,E,Th 03:30PM - 05:15PM,NAH_401,"9/10, 9/17, 9/24",,,Dept of Anthropology
2026-27 Term 1,2420,ANTH,ANTH4321-,5040,Topics in Anthropology 人類學專題,3.00,- Staff,30,30,LEC,-,E,Th 03:30PM - 05:15PM,NAH_401,"10/8, 10/15, 10/22, 10/29, 11/5, 11/12, 11/19, 11/26, 12/3",,,Dept of Anthropology
2026-27 Term 1,2420,ANTH,ANTH4321-,5040,Topics in Anthropology 人類學專題,3.00,- Staff,30,30,TUT,-T01,E,Th 05:30PM - 06:15PM,NAH_401,"9/10, 9/17, 9/24",,,Dept of Anthropology
2026-27 Term 1,2420,ANTH,ANTH4321-,5040,Topics in Anthropology 人類學專題,3.00,- Staff,30,30,TUT,-T01,E,Th 05:30PM - 06:15PM,NAH_401,"10/8, 10/15, 10/22, 10/29, 11/5, 11/12, 11/19, 11/26, 12/3",,,Dept of Anthropology
2026-27 Term 1,2420,ARAB,ARAB1000A,9459,Arabic I 阿拉伯語（一）,3.00,- Mr. SALEH Ammar,28,28,CLW,AC01,A&E,We 09:30AM - 12:15PM,ELB_207,"9/9, 9/16, 9/23, 9/30, 10/7, 10/14, 10/21, 10/28, 11/4, 11/11, 11/18, 11/25, 12/2",,,Dept of Linguistics & Mod Lang
2026-27 Term 1,2420,ARAB,ARAB1000B,5638,Arabic I 阿拉伯語（一）,3.00,- Mr. SALEH Ammar,28,28,CLW,BC01,A&E,We 02:30PM - 05:15PM,CKB_706B,"9/9, 9/16, 9/23, 9/30, 10/7, 10/14, 10/21, 10/28, 11/4, 11/11, 11/18, 11/25, 12/2",,,Dept of Linguistics & Mod Lang
2026-27 Term 1,2420,ARCH,ARCH2111A,8750,Intro to Arch Design I 建築設計導論（一）,5.00,- Dr. Pedram GHELICHI,20,8,STD,AU01,E,Mo 01:30PM - 06:15PM,NRR,"9/7, 9/14, 9/21, 9/28, 10/5, 10/12",Yes,Yes,Sch of Architecture
2026-27 Term 1,2420,ARCH,ARCH2111A,8750,Intro to Arch Design I 建築設計導論（一）,5.00,- Dr. Pedram GHELICHI,20,8,STD,AU01,E,Mo 01:30PM - 06:15PM,NRR,"10/26, 11/2, 11/9, 11/16, 11/23, 11/30",Yes,Yes,Sch of Architecture
2026-27 Term 1,2420,ARCH,ARCH2111A,8750,Intro to Arch Design I 建築設計導論（一）,5.00,- Dr. Pedram GHELICHI,20,8,STD,AU01,E,Th 01:30PM - 06:15PM,NRR,"9/10, 9/17, 9/24",Yes,Yes,Sch of Architecture
2026-27 Term 1,2420,ARCH,ARCH2111A,8750,Intro to Arch Design I 建築設計導論（一）,5.00,- Dr. Pedram GHELICHI,20,8,STD,AU01,E,Th 01:30PM - 06:15PM,NRR,"10/8, 10/15, 10/22, 10/29, 11/5, 11/12, 11/19, 11/26, 12/3",Yes,Yes,Sch of Architecture
2026-27 Term 1,2420,ARCH,ARCH2111B,8760,Intro to Arch Design I 建築設計導論（一）,5.00,- Dr. XU Liang,20,8,STD,BU01,E,Mo 01:30PM - 06:15PM,NRR,"9/7, 9/14, 9/21, 9/28, 10/5, 10/12",Yes,Yes,Sch of Architecture
2026-27 Term 1,2420,ARCH,ARCH2111B,8760,Intro to Arch Design I 建築設計導論（一）,5.00,- Dr. XU Liang,20,8,STD,BU01,E,Mo 01:30PM - 06:15PM,NRR,"10/26, 11/2, 11/9, 11/16, 11/23, 11/30",Yes,Yes,Sch of Architecture
2026-27 Term 1,2420,ARCH,ARCH2111B,8760,Intro to Arch Design I 建築設計導論（一）,5.00,- Dr. XU Liang,20,8,STD,BU01,E,Th 01:30PM - 06:15PM,NRR,"9/10, 9/17, 9/24",Yes,Yes,Sch of Architecture
2026-27 Term 1,2420,ARCH,ARCH2111B,8760,Intro to Arch Design I 建築設計導論（一）,5.00,- Dr. XU Liang,20,8,STD,BU01,E,Th 01:30PM - 06:15PM,NRR,"10/8, 10/15, 10/22, 10/29, 11/5, 11/12, 11/19, 11/26, 12/3",Yes,Yes,Sch of Architecture
2026-27 Term 1,2420,ARCH,ARCH2111C,8764,Intro to Arch Design I 建築設計導論（一）,5.00,- Miss Caroline Barbara WUETHRICH,20,9,STD,CU01,E,Mo 01:30PM - 06:15PM,NRR,"9/7, 9/14, 9/21, 9/28, 10/5, 10/12",Yes,Yes,Sch of Architecture
2026-27 Term 1,2420,ARCH,ARCH2111C,8764,Intro to Arch Design I 建築設計導論（一）,5.00,- Miss Caroline Barbara WUETHRICH,20,9,STD,CU01,E,Mo 01:30PM - 06:15PM,NRR,"10/26, 11/2, 11/9, 11/16, 11/23, 11/30",Yes,Yes,Sch of Architecture
2026-27 Term 1,2420,ARCH,ARCH2111C,8764,Intro to Arch Design I 建築設計導論（一）,5.00,- Miss Caroline Barbara WUETHRICH,20,9,STD,CU01,E,Th 01:30PM - 06:15PM,NRR,"9/10, 9/17, 9/24",Yes,Yes,Sch of Architecture
2026-27 Term 1,2420,ARCH,ARCH2111C,8764,Intro to Arch Design I 建築設計導論（一）,5.00,- Miss Caroline Barbara WUETHRICH,20,9,STD,CU01,E,Th 01:30PM - 06:15PM,NRR,"10/8, 10/15, 10/22, 10/29, 11/5, 11/12, 11/19, 11/26, 12/3",Yes,Yes,Sch of Architecture
2026-27 Term 1,2420,ARCH,ARCH2111D,8751,Intro to Arch Design I 建築設計導論（一）,5.00,- Staff,20,20,STD,DU01,E,Mo 01:30PM - 06:15PM,NRR,"9/7, 9/14, 9/21, 9/28, 10/5, 10/12",Yes,Yes,Sch of Architecture
2026-27 Term 1,2420,ARCH,ARCH2111D,8751,Intro to Arch Design I 建築設計導論（一）,5.00,- Staff,20,20,STD,DU01,E,Mo 01:30PM - 06:15PM,NRR,"10/26, 11/2, 11/9, 11/16, 11/23, 11/30",Yes,Yes,Sch of Architecture
2026-27 Term 1,2420,ARCH,ARCH2111D,8751,Intro to Arch Design I 建築設計導論（一）,5.00,- Staff,20,20,STD,DU01,E,Th 01:30PM - 06:15PM,NRR,"9/10, 9/17, 9/24",Yes,Yes,Sch of Architecture
2026-27 Term 1,2420,ARCH,ARCH2111D,8751,Intro to Arch Design I 建築設計導論（一）,5.00,- Staff,20,20,STD,DU01,E,Th 01:30PM - 06:15PM,NRR,"10/8, 10/15, 10/22, 10/29, 11/5, 11/12, 11/19, 11/26, 12/3",Yes,Yes,Sch of Architecture
2026-27 Term 1,2420,ARCH,ARCH2222-,6965,Digital Media 數碼媒體,3.00,- Mr. FINGRUT Adam,70,37,LEC,-,E,Tu 02:30PM - 05:15PM,SB_UG06,"9/8, 9/15, 9/22, 9/29, 10/6, 10/13, 10/20, 10/27, 11/3, 11/10, 11/17, 11/24, 12/1",Yes,Yes,Sch of Architecture
2026-27 Term 1,2420,ARCH,ARCH2322-,9202,Cultural Contexts I 文化脈絡（一）,3.00,- Professor Adam Jasper SMITH,70,38,LEC,-,E,Tu 10:30AM - 01:15PM,HYS_G05,"9/8, 9/15, 9/22, 9/29, 10/6, 10/13, 10/20, 10/27, 11/3, 11/10, 11/17, 11/24, 12/1",Yes,Yes,Sch of Architecture
2026-27 Term 1,2420,ARCH,ARCH3113A,8762,Architectural Design Studio I 建築設計工作室（一）,5.00,- Professor SHINOHARA Hiroyuki,20,8,STD,AU01,E,Mo 01:30PM - 06:15PM,NRR,"9/7, 9/14, 9/21, 9/28, 10/5, 10/12",Yes,Yes,Sch of Architecture
2026-27 Term 1,2420,ARCH,ARCH3113A,8762,Architectural Design Studio I 建築設計工作室（一）,5.00,- Professor SHINOHARA Hiroyuki,20,8,STD,AU01,E,Mo 01:30PM - 06:15PM,NRR,"10/26, 11/2, 11/9, 11/16, 11/23, 11/30",Yes,Yes,Sch of Architecture
2026-27 Term 1,2420,ARCH,ARCH3113A,8762,Architectural Design Studio I 建築設計工作室（一）,5.00,- Professor SHINOHARA Hiroyuki,20,8,STD,AU01,E,Th 01:30PM - 06:15PM,NRR,"9/10, 9/17, 9/24",Yes,Yes,Sch of Architecture
2026-27 Term 1,2420,ARCH,ARCH3113A,8762,Architectural Design Studio I 建築設計工作室（一）,5.00,- Professor SHINOHARA Hiroyuki,20,8,STD,AU01,E,Th 01:30PM - 06:15PM,NRR,"10/8, 10/15, 10/22, 10/29, 11/5, 11/12, 11/19, 11/26, 12/3",Yes,Yes,Sch of Architecture
2026-27 Term 1,2420,ARCH,ARCH3113B,8768,Architectural Design Studio I 建築設計工作室（一）,5.00,- Miss KO Kar Yeung Rina,20,8,STD,BU01,E,Mo 01:30PM - 06:15PM,NRR,"9/7, 9/14, 9/21, 9/28, 10/5, 10/12",Yes,Yes,Sch of Architecture
2026-27 Term 1,2420,ARCH,ARCH3113B,8768,Architectural Design Studio I 建築設計工作室（一）,5.00,- Miss KO Kar Yeung Rina,20,8,STD,BU01,E,Mo 01:30PM - 06:15PM,NRR,"10/26, 11/2, 11/9, 11/16, 11/23, 11/30",Yes,Yes,Sch of Architecture
2026-27 Term 1,2420,ARCH,ARCH3113B,8768,Architectural Design Studio I 建築設計工作室（一）,5.00,- Miss KO Kar Yeung Rina,20,8,STD,BU01,E,Th 01:30PM - 06:15PM,NRR,"9/10, 9/17, 9/24",Yes,Yes,Sch of Architecture
2026-27 Term 1,2420,ARCH,ARCH3113B,8768,Architectural Design Studio I 建築設計工作室（一）,5.00,- Miss KO Kar Yeung Rina,20,8,STD,BU01,E,Th 01:30PM - 06:15PM,NRR,"10/8, 10/15, 10/22, 10/29, 11/5, 11/12, 11/19, 11/26, 12/3",Yes,Yes,Sch of Architecture
2026-27 Term 1,2420,ARCH,ARCH3113C,8771,Architectural Design Studio I 建築設計工作室（一）,5.00,- Mr. FINGRUT Adam,20,9,STD,CU01,E,Mo 01:30PM - 06:15PM,NRR,"9/7, 9/14, 9/21, 9/28, 10/5, 10/12",Yes,Yes,Sch of Architecture
2026-27 Term 1,2420,ARCH,ARCH3113C,8771,Architectural Design Studio I 建築設計工作室（一）,5.00,- Mr. FINGRUT Adam,20,9,STD,CU01,E,Mo 01:30PM - 06:15PM,NRR,"10/26, 11/2, 11/9, 11/16, 11/23, 11/30",Yes,Yes,Sch of Architecture
2026-27 Term 1,2420,ARCH,ARCH3113C,8771,Architectural Design Studio I 建築設計工作室（一）,5.00,- Mr. FINGRUT Adam,20,9,STD,CU01,E,Th 01:30PM - 06:15PM,NRR,"9/10, 9/17, 9/24",Yes,Yes,Sch of Architecture
2026-27 Term 1,2420,ARCH,ARCH3113C,8771,Architectural Design Studio I 建築設計工作室（一）,5.00,- Mr. FINGRUT Adam,20,9,STD,CU01,E,Th 01:30PM - 06:15PM,NRR,"10/8, 10/15, 10/22, 10/29, 11/5, 11/12, 11/19, 11/26, 12/3",Yes,Yes,Sch of Architecture
2026-27 Term 1,2420,ARCH,ARCH3321-,8256,Arch and Global Culture 建築學與全球文化,3.00,- Professor Adam Jasper SMITH,70,35,LEC,-,E,We 09:30AM - 11:15AM,YIA_505,"9/9, 9/16, 9/23, 9/30, 10/7, 10/14, 10/21, 10/28, 11/4, 11/11, 11/18, 11/25, 12/2",Yes,Yes,Sch of Architecture
2026-27 Term 1,2420,ARCH,ARCH3321-,8256,Arch and Global Culture 建築學與全球文化,3.00,- Professor Adam Jasper SMITH,20,11,TUT,-T01,E,We 11:30AM - 12:15PM,ARC_211,"9/9, 9/16, 9/23, 9/30, 10/7, 10/14, 10/21, 10/28, 11/4, 11/11, 11/18, 11/25, 12/2",Yes,Yes,Sch of Architecture
2026-27 Term 1,2420,ARCH,ARCH3321-,8256,Arch and Global Culture 建築學與全球文化,3.00,- Professor Adam Jasper SMITH,20,11,TUT,-T02,E,We 12:30PM - 01:15PM,ARC_211,"9/9, 9/16, 9/23, 9/30, 10/7, 10/14, 10/21, 10/28, 11/4, 11/11, 11/18, 11/25, 12/2",Yes,Yes,Sch of Architecture
2026-27 Term 1,2420,ARCH,ARCH3321-,8256,Arch and Global Culture 建築學與全球文化,3.00,- Professor Adam Jasper SMITH,20,11,TUT,-T03,E,We 11:30AM - 12:15PM,YIA_502,"9/9, 9/16, 9/23, 9/30, 10/7, 10/14, 10/21, 10/28, 11/4, 11/11, 11/18, 11/25, 12/2",Yes,Yes,Sch of Architecture
2026-27 Term 1,2420,ARCH,ARCH3321-,8256,Arch and Global Culture 建築學與全球文化,3.00,- Professor Adam Jasper SMITH,20,12,TUT,-T04,E,We 12:30PM - 01:15PM,YIA_502,"9/9, 9/16, 9/23, 9/30, 10/7, 10/14, 10/21, 10/28, 11/4, 11/11, 11/18, 11/25, 12/2",Yes,Yes,Sch of Architecture
2026-27 Term 1,2420,ARCH,ARCH4115A,8769,Arch Design Studio III 建築設計工作室（三）,5.00,- Professor MA Kit Yi,20,20,STD,AU01,E,Mo 01:30PM - 06:15PM,NRR,"9/7, 9/14, 9/21, 9/28, 10/5, 10/12",Yes,Yes,Sch of Architecture
2026-27 Term 1,2420,ARCH,ARCH4115A,8769,Arch Design Studio III 建築設計工作室（三）,5.00,- Professor MA Kit Yi,20,20,STD,AU01,E,Mo 01:30PM - 06:15PM,NRR,"10/26, 11/2, 11/9, 11/16, 11/23, 11/30",Yes,Yes,Sch of Architecture
2026-27 Term 1,2420,ARCH,ARCH4115A,8769,Arch Design Studio III 建築設計工作室（三）,5.00,- Professor MA Kit Yi,20,20,STD,AU01,E,Th 01:30PM - 06:15PM,NRR,"9/10, 9/17, 9/24",Yes,Yes,Sch of Architecture
2026-27 Term 1,2420,ARCH,ARCH4115A,8769,Arch Design Studio III 建築設計工作室（三）,5.00,- Professor MA Kit Yi,20,20,STD,AU01,E,Th 01:30PM - 06:15PM,NRR,"10/8, 10/15, 10/22, 10/29, 11/5, 11/12, 11/19, 11/26, 12/3",Yes,Yes,Sch of Architecture
2026-27 Term 1,2420,ARCH,ARCH4115B,8778,Arch Design Studio III 建築設計工作室（三）,5.00,- Dr. HAN Man,20,20,STD,BU01,E,Mo 01:30PM - 06:15PM,NRR,"9/7, 9/14, 9/21, 9/28, 10/5, 10/12",Yes,Yes,Sch of Architecture
2026-27 Term 1,2420,ARCH,ARCH4115B,8778,Arch Design Studio III 建築設計工作室（三）,5.00,- Dr. HAN Man,20,20,STD,BU01,E,Mo 01:30PM - 06:15PM,NRR,"10/26, 11/2, 11/9, 11/16, 11/23, 11/30",Yes,Yes,Sch of Architecture
2026-27 Term 1,2420,ARCH,ARCH4115B,8778,Arch Design Studio III 建築設計工作室（三）,5.00,- Dr. HAN Man,20,20,STD,BU01,E,Th 01:30PM - 06:15PM,NRR,"9/10, 9/17, 9/24",Yes,Yes,Sch of Architecture
2026-27 Term 1,2420,ARCH,ARCH4115B,8778,Arch Design Studio III 建築設計工作室（三）,5.00,- Dr. HAN Man,20,20,STD,BU01,E,Th 01:30PM - 06:15PM,NRR,"10/8, 10/15, 10/22, 10/29, 11/5, 11/12, 11/19, 11/26, 12/3",Yes,Yes,Sch of Architecture
2026-27 Term 1,2420,ARCH,ARCH4115C,5135,Arch Design Studio III 建築設計工作室（三）,5.00,- Professor WANG Zhenfei,20,20,STD,CU01,E,Mo 01:30PM - 06:15PM,NRR,"9/7, 9/14, 9/21, 9/28, 10/5, 10/12",Yes,Yes,Sch of Architecture
2026-27 Term 1,2420,ARCH,ARCH4115C,5135,Arch Design Studio III 建築設計工作室（三）,5.00,- Professor WANG Zhenfei,20,20,STD,CU01,E,Mo 01:30PM - 06:15PM,NRR,"10/26, 11/2, 11/9, 11/16, 11/23, 11/30",Yes,Yes,Sch of Architecture
2026-27 Term 1,2420,ARCH,ARCH4115C,5135,Arch Design Studio III 建築設計工作室（三）,5.00,- Professor WANG Zhenfei,20,20,STD,CU01,E,Th 01:30PM - 06:15PM,NRR,"9/10, 9/17, 9/24",Yes,Yes,Sch of Architecture
2026-27 Term 1,2420,ARCH,ARCH4115C,5135,Arch Design Studio III 建築設計工作室（三）,5.00,- Professor WANG Zhenfei,20,20,STD,CU01,E,Th 01:30PM - 06:15PM,NRR,"10/8, 10/15, 10/22, 10/29, 11/5, 11/12, 11/19, 11/26, 12/3",Yes,Yes,Sch of Architecture
2026-27 Term 1,2420,ARCH,ARCH4115D,8770,Arch Design Studio III 建築設計工作室（三）,5.00,- Mr. SHINJI Wataru,20,20,STD,DU01,E,Mo 01:30PM - 06:15PM,NRR,"9/7, 9/14, 9/21, 9/28, 10/5, 10/12",Yes,Yes,Sch of Architecture
2026-27 Term 1,2420,ARCH,ARCH4115D,8770,Arch Design Studio III 建築設計工作室（三）,5.00,- Mr. SHINJI Wataru,20,20,STD,DU01,E,Mo 01:30PM - 06:15PM,NRR,"10/26, 11/2, 11/9, 11/16, 11/23, 11/30",Yes,Yes,Sch of Architecture
2026-27 Term 1,2420,ARCH,ARCH4115D,8770,Arch Design Studio III 建築設計工作室（三）,5.00,- Mr. SHINJI Wataru,20,20,STD,DU01,E,Th 01:30PM - 06:15PM,NRR,"9/10, 9/17, 9/24",Yes,Yes,Sch of Architecture
2026-27 Term 1,2420,ARCH,ARCH4115D,8770,Arch Design Studio III 建築設計工作室（三）,5.00,- Mr. SHINJI Wataru,20,20,STD,DU01,E,Th 01:30PM - 06:15PM,NRR,"10/8, 10/15, 10/22, 10/29, 11/5, 11/12, 11/19, 11/26, 12/3",Yes,Yes,Sch of Architecture
2026-27 Term 1,2420,ARCH,ARCH4131A,5093,Topical Stud in Design Theory 設計理論專題研究,3.00,- Professor ZHANG Lily Jing,16,16,LEC,A,E,We 02:30PM - 05:15PM,WMY_504,"9/9, 9/16, 9/23, 9/30, 10/7, 10/14, 10/21, 10/28, 11/4, 11/11, 11/18, 11/25, 12/2",,,Sch of Architecture
2026-27 Term 1,2420,ARCH,ARCH4331A,5092,Topical Std in History Theory 歷史理論及批評專題研究,3.00,- Professor YIU Hoi Lam Melody,16,16,LEC,A,E,Tu 02:30PM - 05:15PM,WMY_405,"9/8, 9/15, 9/22, 9/29, 10/6, 10/13, 10/20, 10/27, 11/3, 11/10, 11/17, 11/24, 12/1",,,Sch of Architecture
2026-27 Term 1,2420,ARCH,ARCH4425-,5424,Building Systems Integration 建築技術綜合設計,3.00,- Mr. CHOW Kelly Chi Wai,70,28,LEC,-,E,Tu 10:30AM - 01:15PM,WMY_306,"9/8, 9/15, 9/22, 9/29, 10/6, 10/13, 10/20, 10/27, 11/3, 11/10, 11/17, 11/24, 12/1",Yes,Yes,Sch of Architecture
2026-27 Term 1,2420,ARCH,ARCH4431A,5134,Top Studies in Bldg Technology 建築技術專題研究,3.00,- Professor WANG Shuaizhong,37,2,LEC,A,E,Th 09:30AM - 12:15PM,ARC_G01,"9/10, 9/17, 9/24",Yes,,Sch of Architecture
2026-27 Term 1,2420,ARCH,ARCH4431A,5134,Top Studies in Bldg Technology 建築技術專題研究,3.00,- Professor WANG Shuaizhong,37,2,LEC,A,E,Th 09:30AM - 12:15PM,ARC_G01,"10/8, 10/15, 10/22, 10/29, 11/5, 11/12, 11/19, 11/26, 12/3",Yes,,Sch of Architecture
2026-27 Term 1,2420,ASEI,ASEI3010-,7715,Rocket and Spacecraft Dynamics 火箭和航天器動力學,3.00,- Dr. YIM Shing Yik,50,38,LEC,-,E,Mo 12:30PM - 02:15PM,LPN_LT,"9/7, 9/14, 9/21, 9/28, 10/5, 10/12",,,ASEIN & X Double Major PC
2026-27 Term 1,2420,ASEI,ASEI3010-,7715,Rocket and Spacecraft Dynamics 火箭和航天器動力學,3.00,- Dr. YIM Shing Yik,50,38,LEC,-,E,Mo 12:30PM - 02:15PM,LPN_LT,"10/26, 11/2, 11/9, 11/16, 11/23, 11/30",,,ASEIN & X Double Major PC
2026-27 Term 1,2420,ASEI,ASEI3010-,7715,Rocket and Spacecraft Dynamics 火箭和航天器動力學,3.00,- Dr. YIM Shing Yik,50,38,LEC,-,E,Fr 10:30AM - 11:15AM,LSB_LT3,"9/11, 9/18, 9/25, 10/2, 10/9, 10/16, 10/23, 10/30, 11/6, 11/13, 11/20, 11/27, 12/4",,,ASEIN & X Double Major PC
2026-27 Term 1,2420,ASEI,ASEI3010-,7715,Rocket and Spacecraft Dynamics 火箭和航天器動力學,3.00,- Dr. YIM Shing Yik,50,38,TUT,-T01,E,Fr 09:30AM - 10:15AM,LSB_LT3,"9/11, 9/18, 9/25, 10/2, 10/9, 10/16, 10/23, 10/30, 11/6, 11/13, 11/20, 11/27, 12/4",,,ASEIN & X Double Major PC
2026-27 Term 1,2420,ASEI,ASEI3020-,5070,Earth & Space Sensor Systems 地球與太空觀測傳感器系統,3.00,- Professor WU Zherong,50,39,LEC,-,E,We 02:30PM - 04:15PM,NAH_213,"9/9, 9/16, 9/23, 9/30, 10/7, 10/14, 10/21, 10/28, 11/4, 11/11, 11/18, 11/25, 12/2",,,ASEIN & X Double Major PC
2026-27 Term 1,2420,ASEI,ASEI3020-,5070,Earth & Space Sensor Systems 地球與太空觀測傳感器系統,3.00,- Professor WU Zherong,50,39,LEC,-,E,Th 04:30PM - 05:15PM,MMW_707,"9/10, 9/17, 9/24",,,ASEIN & X Double Major PC
2026-27 Term 1,2420,ASEI,ASEI3020-,5070,Earth & Space Sensor Systems 地球與太空觀測傳感器系統,3.00,- Professor WU Zherong,50,39,LEC,-,E,Th 04:30PM - 05:15PM,MMW_707,"10/8, 10/15, 10/22, 10/29, 11/5, 11/12, 11/19, 11/26, 12/3",,,ASEIN & X Double Major PC
2026-27 Term 1,2420,ASEI,ASEI3020-,5070,Earth & Space Sensor Systems 地球與太空觀測傳感器系統,3.00,- Professor WU Zherong,50,39,TUT,-T01,E,Th 05:30PM - 06:15PM,MMW_707,"9/10, 9/17, 9/24",,,ASEIN & X Double Major PC
2026-27 Term 1,2420,ASEI,ASEI3020-,5070,Earth & Space Sensor Systems 地球與太空觀測傳感器系統,3.00,- Professor WU Zherong,50,39,TUT,-T01,E,Th 05:30PM - 06:15PM,MMW_707,"10/8, 10/15, 10/22, 10/29, 11/5, 11/12, 11/19, 11/26, 12/3",,,ASEIN & X Double Major PC
2026-27 Term 1,2420,BECE,BECE2110-,8962,Prin of CI Design for ECE 幼兒教育教學設計的原則,3.00,- Miss LEUNG Ai Kei Annie,35,35,LEC,-,E,Tu 10:30AM - 01:15PM,FYB_601A,"9/8, 9/15, 9/22, 9/29, 10/6, 10/13, 10/20, 10/27, 11/3, 11/10, 11/17, 11/24, 12/1",,Yes,BA(ECE) Pgm Comm
2026-27 Term 1,2420,BECE,BECE2210-,9802,Foundations of Education 教育基礎,3.00,- Dr. LAM LAI Sin Ting,40,40,LEC,-,E,Tu 03:30PM - 06:15PM,CKB_706C,"9/8, 9/15, 9/22, 9/29, 10/6, 10/13, 10/20, 10/27, 11/3, 11/10, 11/17, 11/24, 12/1",,Yes,BA(ECE) Pgm Comm
2026-27 Term 1,2420,BECE,BECE2310-,9356,Psycho Develop of Young Child 幼兒心理發展,3.00,- Professor WONG Tracy Ka Yee,35,35,LEC,-,E,We 02:30PM - 05:15PM,WMY_404,"9/9, 9/16, 9/23, 9/30, 10/7, 10/14, 10/21, 10/28, 11/4, 11/11, 11/18, 11/25, 12/2",,Yes,BA(ECE) Pgm Comm
2026-27 Term 1,2420,BECE,BECE2330-,8419,Phys & Motor Develop of Child 幼兒身體與動作技能發展,3.00,- Dr. CHAN Hoi Sze Cecilia,35,12,LEC,-,E,Mo 10:30AM - 01:15PM,FYB_601A,"9/7, 9/14, 9/21, 9/28, 10/5, 10/12",,Yes,BA(ECE) Pgm Comm
2026-27 Term 1,2420,BECE,BECE2330-,8419,Phys & Motor Develop of Child 幼兒身體與動作技能發展,3.00,- Dr. CHAN Hoi Sze Cecilia,35,12,LEC,-,E,Mo 10:30AM - 01:15PM,FYB_601A,"10/26, 11/2, 11/9, 11/16, 11/23, 11/30",,Yes,BA(ECE) Pgm Comm
2026-27 Term 1,2420,BECE,BECE2510-,8353,"Health,Nutrit'nSafe for Child 幼兒健康、營養與安全",3.00,- Mr CHEUNG Chi Leung,30,7,LEC,-,C&E,We 02:30PM - 05:15PM,YIA_507,"9/9, 9/16, 9/23, 9/30, 10/7, 10/14, 10/21, 10/28, 11/4, 11/11, 11/18, 11/25, 12/2",,Yes,BA(ECE) Pgm Comm
2026-27 Term 1,2420,BECE,BECE3110-,8638,Classroom Comm for EC Teachers 幼兒教師的課室溝通,3.00,- Staff,35,35,LEC,-,C&E,Tu 02:30PM - 05:15PM,FYB_601A,"9/8, 9/15, 9/22, 9/29, 10/6, 10/13, 10/20, 10/27, 11/3, 11/10, 11/17, 11/24, 12/1",,Yes,BA(ECE) Pgm Comm
2026-27 Term 1,2420,BECE,BECE3160-,8476,Advances in Curr Study in ECE 進階幼兒教育課程學,3.00,- Miss SO Yan Yi,40,40,LEC,-,C&E,Th 10:30AM - 01:15PM,ELB_401,"9/10, 9/17, 9/24",,Yes,BA(ECE) Pgm Comm
2026-27 Term 1,2420,BECE,BECE3160-,8476,Advances in Curr Study in ECE 進階幼兒教育課程學,3.00,- Miss SO Yan Yi,40,40,LEC,-,C&E,Th 10:30AM - 01:15PM,ELB_401,"10/8, 10/15, 10/22, 10/29, 11/5, 11/12, 11/19, 11/26, 12/3",,Yes,BA(ECE) Pgm Comm
2026-27 Term 1,2420,BECE,BECE3220-,8427,Multicultural Early Years Edu 香港多元文化學前教育,3.00,- Staff,30,30,LEC,-,C&E,Th 10:30AM - 01:15PM,YIA_511,"9/10, 9/17, 9/24",,Yes,BA(ECE) Pgm Comm
2026-27 Term 1,2420,BECE,BECE3220-,8427,Multicultural Early Years Edu 香港多元文化學前教育,3.00,- Staff,30,30,LEC,-,C&E,Th 10:30AM - 01:15PM,YIA_511,"10/8, 10/15, 10/22, 10/29, 11/5, 11/12, 11/19, 11/26, 12/3",,Yes,BA(ECE) Pgm Comm
2026-27 Term 1,2420,BECE,BECE4020-,7135,Teaching Practice II 教學實踐（二）,5.00,- Professor LEUNG Kit Ying Suzannie,30,8,FLD,-F01,C&E,Mo 08:30AM - 06:15PM,NRR,"11/2, 11/9, 11/16, 11/23, 11/30",,Yes,BA(ECE) Pgm Comm
2026-27 Term 1,2420,BECE,BECE4020-,7135,Teaching Practice II 教學實踐（二）,5.00,- Professor LEUNG Kit Ying Suzannie,30,8,FLD,-F01,C&E,Tu 08:30AM - 06:15PM,NRR,"11/3, 11/10, 11/17, 11/24, 12/1",,Yes,BA(ECE) Pgm Comm
2026-27 Term 1,2420,BECE,BECE4020-,7135,Teaching Practice II 教學實踐（二）,5.00,- Professor LEUNG Kit Ying Suzannie,30,8,FLD,-F01,C&E,We 08:30AM - 06:15PM,NRR,"11/4, 11/11, 11/18, 11/25, 12/2",,Yes,BA(ECE) Pgm Comm
2026-27 Term 1,2420,BECE,BECE4020-,7135,Teaching Practice II 教學實踐（二）,5.00,- Professor LEUNG Kit Ying Suzannie,30,8,FLD,-F01,C&E,Th 08:30AM - 06:15PM,NRR,"11/5, 11/12, 11/19, 11/26, 12/3",,Yes,BA(ECE) Pgm Comm
2026-27 Term 1,2420,BECE,BECE4020-,7135,Teaching Practice II 教學實踐（二）,5.00,- Professor LEUNG Kit Ying Suzannie,30,8,FLD,-F01,C&E,Fr 08:30AM - 11:15AM,NRR,"11/6, 11/13, 11/20, 11/27, 12/4",,Yes,BA(ECE) Pgm Comm
2026-27 Term 1,2420,BECE,BECE4020-,7135,Teaching Practice II 教學實踐（二）,5.00,- Professor LEUNG Kit Ying Suzannie,30,8,FLD,-F01,C&E,Fr 01:30PM - 06:15PM,NRR,"11/6, 11/13, 11/20, 11/27, 12/4",,Yes,BA(ECE) Pgm Comm
2026-27 Term 1,2420,BMBL,BMBL1001-,7760,Intro to Sign Lang and Bimodal 手語與雙渠道雙語概論,3.00,- Professor TANG Wai Lan Gladys,50,50,LEC,-,E,We 02:30PM - 04:15PM,WMY_508,"9/9, 9/16, 9/23, 9/30, 10/7, 10/14, 10/21, 10/28, 11/4, 11/11, 11/18, 11/25, 12/2",,,Dept of Linguistics & Mod Lang
2026-27 Term 1,2420,BMBL,BMBL1001-,7760,Intro to Sign Lang and Bimodal 手語與雙渠道雙語概論,3.00,- Professor TANG Wai Lan Gladys,50,50,TUT,-T01,E,We 04:30PM - 05:15PM,WMY_508,"9/9, 9/16, 9/23, 9/30, 10/7, 10/14, 10/21, 10/28, 11/4, 11/11, 11/18, 11/25, 12/2",,,Dept of Linguistics & Mod Lang
2026-27 Term 1,2420,BMBL,BMBL2001-,7762,Sign Linguistics I: Phonetics 手語語言學（一）：語音學與音系學,3.00,- Professor David Philip THIERFELDER,50,50,LEC,-,E,Tu 10:30AM - 12:15PM,WMY_506,"9/8, 9/15, 9/22, 9/29, 10/6, 10/13, 10/20, 10/27, 11/3, 11/10, 11/17, 11/24, 12/1",,,Dept of Linguistics & Mod Lang
2026-27 Term 1,2420,BMBL,BMBL2001-,7762,Sign Linguistics I: Phonetics 手語語言學（一）：語音學與音系學,3.00,- Professor David Philip THIERFELDER,50,50,TUT,-T01,E,Tu 12:30PM - 01:15PM,WMY_506,"9/8, 9/15, 9/22, 9/29, 10/6, 10/13, 10/20, 10/27, 11/3, 11/10, 11/17, 11/24, 12/1",,,Dept of Linguistics & Mod Lang
2026-27 Term 1,2420,BMBL,BMBL2003-,7772,"Sign Linguistics III: Syntax, 手語語言學（三）：句法學、語義學與語用學",3.00,- Dr. LI Jieqiong,50,33,LEC,-,E,Th 10:30AM - 12:15PM,LHC_G04,"9/10, 9/17, 9/24",,,Dept of Linguistics & Mod Lang
2026-27 Term 1,2420,BMBL,BMBL2003-,7772,"Sign Linguistics III: Syntax, 手語語言學（三）：句法學、語義學與語用學",3.00,- Dr. LI Jieqiong,50,33,LEC,-,E,Th 10:30AM - 12:15PM,LHC_G04,"10/8, 10/15, 10/22, 10/29, 11/5, 11/12, 11/19, 11/26, 12/3",,,Dept of Linguistics & Mod Lang
2026-27 Term 1,2420,BMBL,BMBL2003-,7772,"Sign Linguistics III: Syntax, 手語語言學（三）：句法學、語義學與語用學",3.00,- Dr. LI Jieqiong,50,33,TUT,-T01,E,Th 12:30PM - 01:15PM,LHC_G04,"9/10, 9/17, 9/24",,,Dept of Linguistics & Mod Lang
2026-27 Term 1,2420,BMBL,BMBL2003-,7772,"Sign Linguistics III: Syntax, 手語語言學（三）：句法學、語義學與語用學",3.00,- Dr. LI Jieqiong,50,33,TUT,-T01,E,Th 12:30PM - 01:15PM,LHC_G04,"10/8, 10/15, 10/22, 10/29, 11/5, 11/12, 11/19, 11/26, 12/3",,,Dept of Linguistics & Mod Lang
2026-27 Term 1,2420,BMBL,BMBL2004-,7774,Language Acquisition of Deaf C 聾童語言獲得,3.00,- Dr. LI Jieqiong,50,34,LEC,-,E,Tu 10:30AM - 12:15PM,LSK_308,"9/8, 9/15, 9/22, 9/29, 10/6, 10/13, 10/20, 10/27, 11/3, 11/10, 11/17, 11/24, 12/1",,,Dept of Linguistics & Mod Lang
2026-27 Term 1,2420,BMBL,BMBL2004-,7774,Language Acquisition of Deaf C 聾童語言獲得,3.00,- Dr. LI Jieqiong,50,34,TUT,-T01,E,Tu 12:30PM - 01:15PM,LSK_308,"9/8, 9/15, 9/22, 9/29, 10/6, 10/13, 10/20, 10/27, 11/3, 11/10, 11/17, 11/24, 12/1",,,Dept of Linguistics & Mod Lang
2026-27 Term 1,2420,BMBL,BMBL3002-,7776,Intro to SL Interpreting 手語傳譯概論,3.00,- Miss FUNG Hiu Man Cat,50,42,LEC,-,E,We 02:30PM - 04:15PM,LDS_214,"9/9, 9/16, 9/23, 9/30, 10/7, 10/14, 10/21, 10/28, 11/4, 11/11, 11/18, 11/25, 12/2",,,Dept of Linguistics & Mod Lang
2026-27 Term 1,2420,BMBL,BMBL3002-,7776,Intro to SL Interpreting 手語傳譯概論,3.00,- Miss FUNG Hiu Man Cat,50,42,TUT,-T01,E,We 04:30PM - 05:15PM,LDS_214,"9/9, 9/16, 9/23, 9/30, 10/7, 10/14, 10/21, 10/28, 11/4, 11/11, 11/18, 11/25, 12/2",,,Dept of Linguistics & Mod Lang
2026-27 Term 1,2420,BMBL,BMBL4101-,6026,Research Project I 專題研究（一）,0.00,- Dr. LI Jieqiong - Dr. ZHAO Wenjing - Professor David Philip THIERFELDER - Professor TANG Wai Lan Gladys,20,8,PRJ,-J01,E,TBA,NRR,07/09/2026 - 30/11/2026,Yes,Yes,Dept of Linguistics & Mod Lang
2026-27 Term 1,2420,BMBL,BMBL4102-,9899,Research Project II 專題研究（二）,3.00,- Professor TANG Wai Lan Gladys,2,0,PRJ,-J01,E,TBA,NRR,07/09/2026 - 30/11/2026,Yes,Yes,Dept of Linguistics & Mod Lang
2026-27 Term 1,2420,BMBL,BMBL4201-,6045,Service Learning I 服務研習（一）,0.00,- Professor YIU Kun Man,20,14,PRA,-P01,C&E,TBA,NRR,07/09/2026 - 30/11/2026,,,Dept of Linguistics & Mod Lang
2026-27 Term 1,2420,BMED,BMED3011-,4776,Maths Curriculum & Teach'g I 數學課程與教學法,3.00,- Dr. CHIA Hui Min,24,8,LEC,-,E,Fr 08:30AM - 11:15AM,HTB_107,"9/11, 9/18, 9/25, 10/2, 10/9, 10/16, 10/23, 10/30, 11/6, 11/13, 11/20, 11/27, 12/4",,Yes,Maths & Maths Education PC
2026-27 Term 1,2420,BMED,BMED3021-,4777,Math Curri and Teach'n II STEM 數學課程與教學法II,3.00,- Professor LEUNG Allen Yuk Lun - Professor NG Oi Lam,24,4,LEC,-,E,Tu 10:30AM - 01:15PM,HTB_G2,"9/8, 9/15, 9/22, 9/29, 10/6, 10/13, 10/20, 10/27, 11/3, 11/10, 11/17, 11/24, 12/1",,Yes,Maths & Maths Education PC
2026-27 Term 1,2420,BMED,BMED3031-,4778,Math Literacy Problem Solving 數學素養與解難,3.00,- Dr. CHAN To - Professor NG Oi Lam,24,12,LEC,-,C&E,Tu 02:30PM - 05:15PM,HTB_107,"9/8, 9/15, 9/22, 9/29, 10/6, 10/13, 10/20, 10/27",,Yes,Maths & Maths Education PC
2026-27 Term 1,2420,BMED,BMED3031-,4778,Math Literacy Problem Solving 數學素養與解難,3.00,- Dr. CHAN To - Professor NG Oi Lam,24,12,LEC,-,C&E,Th 02:30PM - 05:15PM,HTB_107,"9/10, 9/17, 9/24",,Yes,Maths & Maths Education PC
2026-27 Term 1,2420,BMED,BMED3031-,4778,Math Literacy Problem Solving 數學素養與解難,3.00,- Dr. CHAN To - Professor NG Oi Lam,24,12,LEC,-,C&E,Th 02:30PM - 05:15PM,HTB_107,"10/8, 10/15, 10/22, 10/29",,Yes,Maths & Maths Education PC
2026-27 Term 1,2420,BMED,BMED3051-,4795,The Teach'g of Number Algebra 數與代數的教學,3.00,- Dr. CHIA Hui Min,24,8,LEC,-,E,Mo 08:30AM - 11:15AM,HTB_G2,"9/7, 9/14, 9/21, 9/28, 10/5, 10/12",,Yes,Maths & Maths Education PC
2026-27 Term 1,2420,BMED,BMED3051-,4795,The Teach'g of Number Algebra 數與代數的教學,3.00,- Dr. CHIA Hui Min,24,8,LEC,-,E,Mo 08:30AM - 11:15AM,HTB_G2,"10/26, 11/2, 11/9, 11/16, 11/23, 11/30",,Yes,Maths & Maths Education PC
2026-27 Term 1,2420,BMED,BMED3091-,4796,Contemporary Issues in Math Ed 數學教育專題,3.00,- Professor NG Oi Lam,24,12,LEC,-,C&E,Mo 11:30AM - 02:15PM,HTB_107,"9/7, 9/14, 9/21, 9/28, 10/5, 10/12",,Yes,Maths & Maths Education PC
2026-27 Term 1,2420,BMED,BMED3091-,4796,Contemporary Issues in Math Ed 數學教育專題,3.00,- Professor NG Oi Lam,24,12,LEC,-,C&E,Mo 11:30AM - 02:15PM,HTB_107,10/26,,Yes,Maths & Maths Education PC
2026-27 Term 1,2420,BMED,BMED3091-,4796,Contemporary Issues in Math Ed 數學教育專題,3.00,- Professor NG Oi Lam,24,12,LEC,-,C&E,We 11:30AM - 02:15PM,HTB_107,"9/9, 9/16, 9/23, 9/30, 10/7, 10/14, 10/21, 10/28",,Yes,Maths & Maths Education PC
2026-27 Term 1,2420,CDAS,CDAS4998A,6216,Final Year Project I 畢業專題研究（一）,3.00,- Dr. CHAN Chun Man,10,9,PRJ,AJ01,E,TBA,NRR,07/09/2026 - 30/11/2026,Yes,Yes,Computational Data Science PC
2026-27 Term 1,2420,CDAS,CDAS4998B,6215,Final Year Project I 畢業專題研究（一）,3.00,- Professor SIT Tony,10,8,PRJ,BJ01,E,TBA,NRR,07/09/2026 - 30/11/2026,Yes,Yes,Computational Data Science PC
2026-27 Term 1,2420,CDAS,CDAS4998C,6417,Final Year Project I 畢業專題研究（一）,3.00,- Dr. HO Kwok Wah,10,9,PRJ,CJ01,E,TBA,NRR,07/09/2026 - 30/11/2026,Yes,Yes,Computational Data Science PC
2026-27 Term 1,2420,CDAS,CDAS4998D,6410,Final Year Project I 畢業專題研究（一）,3.00,- Dr. LIU Kin Yat,10,8,PRJ,DJ01,E,TBA,NRR,07/09/2026 - 30/11/2026,Yes,Yes,Computational Data Science PC
2026-27 Term 1,2420,CDAS,CDAS4998E,6411,Final Year Project I 畢業專題研究（一）,3.00,- Professor ZHU Huichen,10,8,PRJ,EJ01,E,TBA,NRR,07/09/2026 - 30/11/2026,Yes,Yes,Computational Data Science PC
2026-27 Term 1,2420,CDAS,CDAS4998F,6412,Final Year Project I 畢業專題研究（一）,3.00,- Professor CHAN Kin Wai,10,8,PRJ,FJ01,E,TBA,NRR,07/09/2026 - 30/11/2026,Yes,Yes,Computational Data Science PC
2026-27 Term 1,2420,CDAS,CDAS4998G,6413,Final Year Project I 畢業專題研究（一）,3.00,- Professor LI Gen,10,9,PRJ,GJ01,E,TBA,NRR,07/09/2026 - 30/11/2026,Yes,Yes,Computational Data Science PC
2026-27 Term 1,2420,CDAS,CDAS4998H,6414,Final Year Project I 畢業專題研究（一）,3.00,- Dr. LEUNG Sze Him Isaac,10,8,PRJ,HJ01,E,TBA,NRR,07/09/2026 - 30/11/2026,Yes,Yes,Computational Data Science PC
2026-27 Term 1,2420,CDAS,CDAS4998I,4770,Final Year Project I 畢業專題研究（一）,3.00,- Professor SONG Xinyuan,10,9,PRJ,IJ01,E,TBA,NRR,07/09/2026 - 30/11/2026,Yes,Yes,Computational Data Science PC
2026-27 Term 1,2420,CDAS,CDAS4998J,6419,Final Year Project I 畢業專題研究（一）,3.00,- Dr. John Alexander WRIGHT,10,9,PRJ,JJ01,E,TBA,NRR,07/09/2026 - 30/11/2026,Yes,Yes,Computational Data Science PC
2026-27 Term 1,2420,CDAS,CDAS4998K,6550,Final Year Project I 畢業專題研究（一）,3.00,- Professor Farzan FARNIA,10,9,PRJ,KJ01,E,TBA,NRR,07/09/2026 - 30/11/2026,Yes,Yes,Computational Data Science PC
2026-27 Term 1,2420,CDAS,CDAS4998L,6551,Final Year Project I 畢業專題研究（一）,3.00,- Dr. LAW Yat Chiu,10,9,PRJ,LJ01,E,TBA,NRR,07/09/2026 - 30/11/2026,Yes,Yes,Computational Data Science PC
2026-27 Term 1,2420,CDAS,CDAS4998M,6552,Final Year Project I 畢業專題研究（一）,3.00,- Professor TAO Yufei,10,8,PRJ,MJ01,E,TBA,NRR,07/09/2026 - 30/11/2026,Yes,Yes,Computational Data Science PC
2026-27 Term 1,2420,CDAS,CDAS4998N,6117,Final Year Project I 畢業專題研究（一）,3.00,- Professor LIU Weiyang,10,9,PRJ,NJ01,E,TBA,NRR,07/09/2026 - 30/11/2026,Yes,Yes,Computational Data Science PC
2026-27 Term 1,2420,CDAS,CDAS4998O,9881,Final Year Project I 畢業專題研究（一）,3.00,- Dr. YU Michael Ruisi,10,8,PRJ,OJ01,E,TBA,NRR,07/09/2026 - 30/11/2026,Yes,Yes,Computational Data Science PC
2026-27 Term 1,2420,CDAS,CDAS4998P,9880,Final Year Project I 畢業專題研究（一）,3.00,- Professor ZHANG Hanrui,10,9,PRJ,PJ01,E,TBA,NRR,07/09/2026 - 30/11/2026,Yes,Yes,Computational Data Science PC
2026-27 Term 1,2420,CDAS,CDAS4999-,6415,Final Year Project II 畢業專題研究（二）,3.00,- Professor CHAN Kin Wai,10,10,PRJ,-J01,E,TBA,NRR,07/09/2026 - 30/11/2026,Yes,Yes,Computational Data Science PC
2026-27 Term 1,2420,CENG,CENG2010-,8649,Digital Logic Design Lab 數字邏輯設計實驗,1.00,- Dr. SUM Kwok Wing,50,50,LEC,-,E,We 04:30PM - 06:15PM,SHB_102,"9/9, 9/16, 9/23, 9/30, 10/7, 10/14, 10/21, 10/28, 11/4, 11/11, 11/18, 11/25, 12/2",,,Dept of Computer Sci & Engg
2026-27 Term 1,2420,CENG,CENG2400-,7246,Embedded System Design 嵌入式系統設計,3.00,- Professor XU Qiang,50,50,LEC,-,E,Tu 04:30PM - 06:15PM,ERB_404,"9/8, 9/15, 9/22, 9/29, 10/6, 10/13, 10/20, 10/27, 11/3, 11/10, 11/17, 11/24, 12/1",,,Dept of Computer Sci & Engg
2026-27 Term 1,2420,CENG,CENG2400-,7246,Embedded System Design 嵌入式系統設計,3.00,- Professor XU Qiang,50,50,LAB,-L01,E,Mo 02:30PM - 03:15PM,SHB_102,"9/7, 9/14, 9/21, 9/28, 10/5, 10/12",,,Dept of Computer Sci & Engg
2026-27 Term 1,2420,CENG,CENG2400-,7246,Embedded System Design 嵌入式系統設計,3.00,- Professor XU Qiang,50,50,LAB,-L01,E,Mo 02:30PM - 03:15PM,SHB_102,"10/26, 11/2, 11/9, 11/16, 11/23, 11/30",,,Dept of Computer Sci & Engg
2026-27 Term 1,2420,CENG,CENG4480-,8469,Embedded System Dev & Apps 嵌入式系統開發及應用,3.00,- Professor YU Bei,50,50,LEC,-,E,We 11:30AM - 12:15PM,SHB_102,"9/9, 9/16, 9/23, 9/30, 10/7, 10/14, 10/21, 10/28, 11/4, 11/11, 11/18, 11/25, 12/2",,,Dept of Computer Sci & Engg
2026-27 Term 1,2420,CENG,CENG4480-,8469,Embedded System Dev & Apps 嵌入式系統開發及應用,3.00,- Professor YU Bei,50,50,LEC,-,E,Th 02:30PM - 04:15PM,LHC_106,"9/10, 9/17, 9/24",,,Dept of Computer Sci & Engg
2026-27 Term 1,2420,CENG,CENG4480-,8469,Embedded System Dev & Apps 嵌入式系統開發及應用,3.00,- Professor YU Bei,50,50,LEC,-,E,Th 02:30PM - 04:15PM,LHC_106,"10/8, 10/15, 10/22, 10/29, 11/5, 11/12, 11/19, 11/26, 12/3",,,Dept of Computer Sci & Engg
2026-27 Term 1,2420,CENG,CENG4480-,8469,Embedded System Dev & Apps 嵌入式系統開發及應用,3.00,- Professor YU Bei,50,50,TUT,-T01,E,We 12:30PM - 01:15PM,SHB_102,"9/9, 9/16, 9/23, 9/30, 10/7, 10/14, 10/21, 10/28, 11/4, 11/11, 11/18, 11/25, 12/2",,,Dept of Computer Sci & Engg
2026-27 Term 1,2420,CENG,CENG4998A,8119,Final Year Project I 畢業專題研究（一）,3.00,- Professor PAN Jialin,10,6,PRJ,AJ01,E,TBA,NRR,07/09/2026 - 30/11/2026,Yes,Yes,Dept of Computer Sci & Engg
2026-27 Term 1,2420,CENG,CENG4998AA,6206,Final Year Project I 畢業專題研究（一）,3.00,- Professor YOUNG Fung Yu,10,7,PRJ,AAJ1,E,TBA,NRR,07/09/2026 - 30/11/2026,Yes,Yes,Dept of Computer Sci & Engg
2026-27 Term 1,2420,CENG,CENG4998AB,6238,Final Year Project I 畢業專題研究（一）,3.00,- Professor YU Bei,10,9,PRJ,ABJ1,E,TBA,NRR,07/09/2026 - 30/11/2026,Yes,Yes,Dept of Computer Sci & Engg
2026-27 Term 1,2420,CENG,CENG4998AC,8158,Final Year Project I 畢業專題研究（一）,3.00,- Dr. CHAU Chuck Jee,10,10,PRJ,ACJ1,E,TBA,NRR,07/09/2026 - 30/11/2026,Yes,Yes,Dept of Computer Sci & Engg
2026-27 Term 1,2420,CENG,CENG4998AD,6381,Final Year Project I 畢業專題研究（一）,3.00,- Dr. CHEONG Chi Hong,10,10,PRJ,ADJ1,E,TBA,NRR,07/09/2026 - 30/11/2026,Yes,Yes,Dept of Computer Sci & Engg
2026-27 Term 1,2420,CENG,CENG4998AE,8155,Final Year Project I 畢業專題研究（一）,3.00,- Dr. CHUI Yim Pan,10,10,PRJ,AEJ1,E,TBA,NRR,07/09/2026 - 30/11/2026,Yes,Yes,Dept of Computer Sci & Engg
2026-27 Term 1,2420,CENG,CENG4998AF,6383,Final Year Project I 畢業專題研究（一）,3.00,- Dr. KAM Ho Chuen,10,10,PRJ,AFJ1,E,TBA,NRR,07/09/2026 - 30/11/2026,Yes,Yes,Dept of Computer Sci & Engg
2026-27 Term 1,2420,CENG,CENG4998AG,7949,Final Year Project I 畢業專題研究（一）,3.00,- Dr. LAM King Tin,10,10,PRJ,AGJ1,E,TBA,NRR,07/09/2026 - 30/11/2026,Yes,Yes,Dept of Computer Sci & Engg
2026-27 Term 1,2420,CENG,CENG4998AH,8156,Final Year Project I 畢業專題研究（一）,3.00,- Dr. LAW Yat Chiu,10,10,PRJ,AHJ1,E,TBA,NRR,07/09/2026 - 30/11/2026,Yes,Yes,Dept of Computer Sci & Engg
2026-27 Term 1,2420,CENG,CENG4998AI,7950,Final Year Project I 畢業專題研究（一）,3.00,- Professor LU Songtao,10,9,PRJ,AIJ1,E,TBA,NRR,07/09/2026 - 30/11/2026,Yes,Yes,Dept of Computer Sci & Engg
2026-27 Term 1,2420,CENG,CENG4998AJ,6201,Final Year Project I 畢業專題研究（一）,3.00,- Dr. SUM Kwok Wing,10,6,PRJ,AJJ1,E,TBA,NRR,07/09/2026 - 30/11/2026,Yes,Yes,Dept of Computer Sci & Engg
2026-27 Term 1,2420,CENG,CENG4998AK,8177,Final Year Project I 畢業專題研究（一）,3.00,- Professor LYU Rung Tsong Michael,10,10,PRJ,AKJ1,E,TBA,NRR,07/09/2026 - 30/11/2026,Yes,Yes,Dept of Computer Sci & Engg
2026-27 Term 1,2420,CENG,CENG4998AL,6213,Final Year Project I 畢業專題研究（一）,3.00,- Dr. TSANG Siu Chung,10,10,PRJ,ALJ1,E,TBA,NRR,07/09/2026 - 30/11/2026,Yes,Yes,Dept of Computer Sci & Engg
2026-27 Term 1,2420,CENG,CENG4998AM,6406,Final Year Project I 畢業專題研究（一）,3.00,- Professor Lauren Marcelyn PICK,10,10,PRJ,AMJ1,E,TBA,NRR,07/09/2026 - 30/11/2026,Yes,Yes,Dept of Computer Sci & Engg
2026-27 Term 1,2420,CENG,CENG4998AN,6407,Final Year Project I 畢業專題研究（一）,3.00,- Professor ZHANG Hanrui,10,10,PRJ,ANJ1,E,TBA,NRR,07/09/2026 - 30/11/2026,Yes,Yes,Dept of Computer Sci & Engg
2026-27 Term 1,2420,CENG,CENG4998AO,7951,Final Year Project I 畢業專題研究（一）,3.00,- Professor XU Qiang,10,10,PRJ,AOJ1,E,TBA,NRR,07/09/2026 - 30/11/2026,Yes,Yes,Dept of Computer Sci & Engg
2026-27 Term 1,2420,CENG,CENG4998AP,7952,Final Year Project I 畢業專題研究（一）,3.00,- Professor KING Kuo Chin Irwin,10,9,PRJ,APJ1,E,TBA,NRR,07/09/2026 - 30/11/2026,Yes,Yes,Dept of Computer Sci & Engg
2026-27 Term 1,2420,CENG,CENG4998AQ,7953,Final Year Project I 畢業專題研究（一）,3.00,- Staff,10,10,PRJ,AQJ1,E,TBA,NRR,07/09/2026 - 30/11/2026,Yes,Yes,Dept of Computer Sci & Engg
2026-27 Term 1,2420,CENG,CENG4998B,4813,Final Year Project I 畢業專題研究（一）,3.00,- Staff,10,10,PRJ,BJ01,E,TBA,NRR,07/09/2026 - 30/11/2026,Yes,Yes,Dept of Computer Sci & Engg
2026-27 Term 1,2420,CENG,CENG4998C,6403,Final Year Project I 畢業專題研究（一）,3.00,- Professor CHENG James,10,10,PRJ,CJ01,E,TBA,NRR,07/09/2026 - 30/11/2026,Yes,Yes,Dept of Computer Sci & Engg
2026-27 Term 1,2420,CENG,CENG4998D,8172,Final Year Project I 畢業專題研究（一）,3.00,- Professor DOU Qi,10,9,PRJ,DJ01,E,TBA,NRR,07/09/2026 - 30/11/2026,Yes,Yes,Dept of Computer Sci & Engg
2026-27 Term 1,2420,CENG,CENG4998E,8120,Final Year Project I 畢業專題研究（一）,3.00,- Professor Farzan FARNIA,10,9,PRJ,EJ01,E,TBA,NRR,07/09/2026 - 30/11/2026,Yes,Yes,Dept of Computer Sci & Engg
2026-27 Term 1,2420,CENG,CENG4998F,8125,Final Year Project I 畢業專題研究（一）,3.00,- Professor FU Chi Wing,10,10,PRJ,FJ01,E,TBA,NRR,07/09/2026 - 30/11/2026,Yes,Yes,Dept of Computer Sci & Engg
2026-27 Term 1,2420,CENG,CENG4998G,8126,Final Year Project I 畢業專題研究（一）,3.00,- Professor LIANG Zhiding,10,10,PRJ,GJ01,E,TBA,NRR,07/09/2026 - 30/11/2026,Yes,Yes,Dept of Computer Sci & Engg
2026-27 Term 1,2420,CENG,CENG4998H,6318,Final Year Project I 畢業專題研究（一）,3.00,- Professor HO Tsung Yi,10,9,PRJ,HJ01,E,TBA,NRR,07/09/2026 - 30/11/2026,Yes,Yes,Dept of Computer Sci & Engg
2026-27 Term 1,2420,CENG,CENG4998I,8121,Final Year Project I 畢業專題研究（一）,3.00,- Professor LI Shaohua,10,10,PRJ,IJ01,E,TBA,NRR,07/09/2026 - 30/11/2026,Yes,Yes,Dept of Computer Sci & Engg
2026-27 Term 1,2420,CENG,CENG4998J,8127,Final Year Project I 畢業專題研究（一）,3.00,- Professor LIU Shengchao,10,10,PRJ,JJ01,E,TBA,NRR,07/09/2026 - 30/11/2026,Yes,Yes,Dept of Computer Sci & Engg
2026-27 Term 1,2420,CENG,CENG4998K,6319,Final Year Project I 畢業專題研究（一）,3.00,- Staff,10,10,PRJ,KJ01,E,TBA,NRR,07/09/2026 - 30/11/2026,Yes,Yes,Dept of Computer Sci & Engg
2026-27 Term 1,2420,CENG,CENG4998L,6212,Final Year Project I 畢業專題研究（一）,3.00,- Professor LEE Pak Ching,10,8,PRJ,LJ01,E,TBA,NRR,07/09/2026 - 30/11/2026,Yes,Yes,Dept of Computer Sci & Engg
2026-27 Term 1,2420,CENG,CENG4998M,8122,Final Year Project I 畢業專題研究（一）,3.00,- Dr. JIANG Yuli,10,9,PRJ,MJ01,E,TBA,NRR,07/09/2026 - 30/11/2026,Yes,Yes,Dept of Computer Sci & Engg
2026-27 Term 1,2420,CENG,CENG4998N,8128,Final Year Project I 畢業專題研究（一）,3.00,- Professor LI Yu,10,9,PRJ,NJ01,E,TBA,NRR,07/09/2026 - 30/11/2026,Yes,Yes,Dept of Computer Sci & Engg
2026-27 Term 1,2420,CENG,CENG4998O,8129,Final Year Project I 畢業專題研究（一）,3.00,- Professor LO Chi Lik Eric,10,9,PRJ,OJ01,E,TBA,NRR,07/09/2026 - 30/11/2026,Yes,Yes,Dept of Computer Sci & Engg
2026-27 Term 1,2420,CENG,CENG4998P,8153,Final Year Project I 畢業專題研究（一）,3.00,- Professor LYU Rung Tsong Michael,10,10,PRJ,PJ01,E,TBA,NRR,07/09/2026 - 30/11/2026,Yes,Yes,Dept of Computer Sci & Engg
2026-27 Term 1,2420,CENG,CENG4998Q,8173,Final Year Project I 畢業專題研究（一）,3.00,- Professor MENG Wei,10,10,PRJ,QJ01,E,TBA,NRR,07/09/2026 - 30/11/2026,Yes,Yes,Dept of Computer Sci & Engg
2026-27 Term 1,2420,CENG,CENG4998R,8154,Final Year Project I 畢業專題研究（一）,3.00,- Professor SHAO Zili,10,10,PRJ,RJ01,E,TBA,NRR,07/09/2026 - 30/11/2026,Yes,Yes,Dept of Computer Sci & Engg
2026-27 Term 1,2420,CENG,CENG4998S,8123,Final Year Project I 畢業專題研究（一）,3.00,- Professor TAO Yufei,10,10,PRJ,SJ01,E,TBA,NRR,07/09/2026 - 30/11/2026,Yes,Yes,Dept of Computer Sci & Engg
2026-27 Term 1,2420,CENG,CENG4998T,6404,Final Year Project I 畢業專題研究（一）,3.00,- Professor LIANG Xiao,10,9,PRJ,TJ01,E,TBA,NRR,07/09/2026 - 30/11/2026,Yes,Yes,Dept of Computer Sci & Engg
2026-27 Term 1,2420,CENG,CENG4998U,6405,Final Year Project I 畢業專題研究（一）,3.00,- Professor WANG Liwei,10,10,PRJ,UJ01,E,TBA,NRR,07/09/2026 - 30/11/2026,Yes,Yes,Dept of Computer Sci & Engg
2026-27 Term 1,2420,CENG,CENG4998V,8174,Final Year Project I 畢業專題研究（一）,3.00,- Dr. TIAN Yusheng,10,10,PRJ,VJ01,E,TBA,NRR,07/09/2026 - 30/11/2026,Yes,Yes,Dept of Computer Sci & Engg
2026-27 Term 1,2420,CENG,CENG4998W,8157,Final Year Project I 畢業專題研究（一）,3.00,- Professor LIU Weiyang,10,10,PRJ,WJ01,E,TBA,NRR,07/09/2026 - 30/11/2026,Yes,Yes,Dept of Computer Sci & Engg
2026-27 Term 1,2420,CENG,CENG4998X,8124,Final Year Project I 畢業專題研究（一）,3.00,- Professor XU Hong,10,10,PRJ,XJ01,E,TBA,NRR,07/09/2026 - 30/11/2026,Yes,Yes,Dept of Computer Sci & Engg
2026-27 Term 1,2420,CENG,CENG4998Y,8176,Final Year Project I 畢業專題研究（一）,3.00,- Professor WANG Zhengrong,10,10,PRJ,YJ01,E,TBA,NRR,07/09/2026 - 30/11/2026,Yes,Yes,Dept of Computer Sci & Engg
2026-27 Term 1,2420,CENG,CENG4998Z,6204,Final Year Project I 畢業專題研究（一）,3.00,- Professor YANG Ming Chang,10,5,PRJ,ZJ01,E,TBA,NRR,07/09/2026 - 30/11/2026,Yes,Yes,Dept of Computer Sci & Engg
2026-27 Term 1,2420,CENG,CENG4999-,8093,Final Year Project II 畢業專題研究（二）,3.00,- Staff,10,10,PRJ,-J01,E,TBA,NRR,07/09/2026 - 30/11/2026,Yes,Yes,Dept of Computer Sci & Engg
2026-27 Term 1,2420,CHED,CHED3160-,5704,Children’s Play in ECE 幼兒教育中的兒童遊戲,3.00,- Miss AU Wai Yin,30,30,LEC,-,C&E,Th 10:30AM - 01:15PM,YIA_510,"9/10, 9/17, 9/24",,Yes,BA(ECE) Pgm Comm
2026-27 Term 1,2420,CHED,CHED3160-,5704,Children’s Play in ECE 幼兒教育中的兒童遊戲,3.00,- Miss AU Wai Yin,30,30,LEC,-,C&E,Th 10:30AM - 01:15PM,YIA_510,"10/8, 10/15, 10/22, 10/29, 11/5, 11/12, 11/19, 11/26, 12/3",,Yes,BA(ECE) Pgm Comm
2026-27 Term 1,2420,CHED,CHED4150-,7136,Children’s Literature 兒童文學,2.00,- Miss SIN Long Yee Stephanie Donna,28,28,LEC,-,C&E,Mo 10:30AM - 12:15PM,SB_618,"9/7, 9/14, 9/21, 9/28, 10/5, 10/12",,Yes,BA(ECE) Pgm Comm
2026-27 Term 1,2420,CHED,CHED4150-,7136,Children’s Literature 兒童文學,2.00,- Miss SIN Long Yee Stephanie Donna,28,28,LEC,-,C&E,Mo 10:30AM - 12:15PM,SB_618,"10/26, 11/2, 11/9, 11/16, 11/23, 11/30",,Yes,BA(ECE) Pgm Comm
2026-27 Term 1,2420,CHED,CHED4210-,9222,Leadership & Management in EC 幼兒教育場景的領導與管理,3.00,- Dr. KOO Wai Sze,55,25,LEC,-,C&E,Fr 08:30AM - 11:15AM,CKB_UG05,"9/11, 9/18, 9/25, 10/2, 10/9, 10/16, 10/23, 10/30, 11/6, 11/13, 11/20, 11/27, 12/4",,Yes,BA(ECE) Pgm Comm
2026-27 Term 1,2420,CHED,CHED4310-,8354,Aes Exp & Creative Expre in EC 幼兒的美感經驗與創造性表現,3.00,- Miss AU Wai Yin,45,15,LEC,-,C&E,Mo 02:30PM - 05:15PM,FYB_601A,"9/7, 9/14, 9/21, 9/28, 10/5, 10/12",,Yes,BA(ECE) Pgm Comm
2026-27 Term 1,2420,CHED,CHED4310-,8354,Aes Exp & Creative Expre in EC 幼兒的美感經驗與創造性表現,3.00,- Miss AU Wai Yin,45,15,LEC,-,C&E,Mo 02:30PM - 05:15PM,FYB_601A,"10/26, 11/2, 11/9, 11/16, 11/23, 11/30",,Yes,BA(ECE) Pgm Comm
2026-27 Term 1,2420,CHED,CHED4330-,8355,Personal Growth of Teachers 教師個人成長,2.00,- Ms. TANG Elizabeth,28,7,LEC,-,C&E,Tu 08:30AM - 11:15AM,HTB_G6,"9/8, 9/15, 9/22, 9/29, 10/6, 10/13, 10/20, 10/27",,Yes,BA(ECE) Pgm Comm
2026-27 Term 1,2420,CHED,CHED4330-,8355,Personal Growth of Teachers 教師個人成長,2.00,- Ms. TANG Elizabeth,28,7,LEC,-,C&E,Th 08:30AM - 11:15AM,HTB_G6,"9/10, 9/17, 9/24",,Yes,BA(ECE) Pgm Comm
2026-27 Term 1,2420,CHED,CHED4330-,8355,Personal Growth of Teachers 教師個人成長,2.00,- Ms. TANG Elizabeth,28,7,LEC,-,C&E,Th 08:30AM - 11:15AM,HTB_G6,"10/8, 10/15, 10/22, 10/29",,Yes,BA(ECE) Pgm Comm
2026-27 Term 1,2420,CHED,CHED4340-,8356,Support Preschool Child w SEN 支援學前有特殊教育需要的兒童,3.00,- Ms. CHENG Wan Yee,55,19,LEC,-,C&E,Tu 10:30AM - 01:15PM,ELB_403,"9/8, 9/15, 9/22, 9/29, 10/6, 10/13, 10/20, 10/27, 11/3, 11/10, 11/17, 11/24, 12/1",,Yes,BA(ECE) Pgm Comm
2026-27 Term 1,2420,CHED,CHED4360-,5452,Advanced Study of EC Develop 幼兒發展進深課程,3.00,- Dr. LAU Cin Yee Cindy,30,30,LEC,-,C&E,Tu 10:30AM - 01:15PM,FYB_603,"9/8, 9/15, 9/22, 9/29, 10/6, 10/13, 10/20, 10/27, 11/3, 11/10, 11/17, 11/24, 12/1",,Yes,BA(ECE) Pgm Comm
2026-27 Term 1,2420,CHED,CHED4410-,8474,Fundamental Move Skill & Rhyth 幼兒基礎活動和節奏律動,3.00,- Dr. CHAN Hoi Sze Cecilia,45,11,LEC,-,C&E,We 10:30AM - 01:15PM,HTB_B5,"9/9, 9/16, 9/23, 9/30, 10/7, 10/14, 10/21, 10/28, 11/4, 11/11, 11/18, 11/25, 12/2",,Yes,BA(ECE) Pgm Comm
2026-27 Term 1,2420,CHED,CHED4510-,9683,Values Education in ECE 幼兒教育中的價值教育,2.00,- Dr. WONG Ping Man,50,15,LEC,-,C&E,Th 02:30PM - 04:15PM,WMY_406,"9/10, 9/17, 9/24",,Yes,BA(ECE) Pgm Comm
2026-27 Term 1,2420,CHED,CHED4510-,9683,Values Education in ECE 幼兒教育中的價值教育,2.00,- Dr. WONG Ping Man,50,15,LEC,-,C&E,Th 02:30PM - 04:15PM,WMY_406,"10/8, 10/15, 10/22, 10/29, 11/5, 11/12, 11/19, 11/26, 12/3",,Yes,BA(ECE) Pgm Comm
2026-27 Term 1,2420,CHED,CHED4520-,8357,Guided Study in Issues of Chil 兒童發展議題導讀,3.00,- Dr. LAU Cin Yee Cindy,40,19,LEC,-,C&E,Tu 02:30PM - 05:15PM,ARC_G01,"9/8, 9/15, 9/22, 9/29, 10/6, 10/13, 10/20, 10/27",,Yes,BA(ECE) Pgm Comm
2026-27 Term 1,2420,CHED,CHED4520-,8357,Guided Study in Issues of Chil 兒童發展議題導讀,3.00,- Dr. LAU Cin Yee Cindy,40,19,LEC,-,C&E,Th 02:30PM - 05:15PM,CKB_706B,"9/10, 9/17, 9/24",,Yes,BA(ECE) Pgm Comm
2026-27 Term 1,2420,CHED,CHED4520-,8357,Guided Study in Issues of Chil 兒童發展議題導讀,3.00,- Dr. LAU Cin Yee Cindy,40,19,LEC,-,C&E,Th 02:30PM - 05:15PM,CKB_706B,"10/8, 10/15, 10/22, 10/29",,Yes,BA(ECE) Pgm Comm
2026-27 Term 1,2420,CHED,CHED4530-,8737,Contemporary Issues in ECE 幼兒教育的當代議題及發展,3.00,- Miss LEUNG Ai Kei Annie,50,36,LEC,-,C&E,We 02:30PM - 05:15PM,FYB_601A,"9/9, 9/16, 9/23, 9/30, 10/7, 10/14, 10/21, 10/28, 11/4, 11/11, 11/18, 11/25, 12/2",,Yes,BA(ECE) Pgm Comm
2026-27 Term 1,2420,CHEM,CHEM1070A,5548,Principles of Modern Chemistry 現代化學概論,3.00,- Professor CHAN Tak Wah Dominic - Professor XIA Jiang,249,248,LEC,A,E,Mo 10:30AM - 11:15AM,YIA_LT3,"9/7, 9/14, 9/21, 9/28, 10/5, 10/12",,,Dept of Chemistry
2026-27 Term 1,2420,CHEM,CHEM1070A,5548,Principles of Modern Chemistry 現代化學概論,3.00,- Professor CHAN Tak Wah Dominic - Professor XIA Jiang,249,248,LEC,A,E,Mo 10:30AM - 11:15AM,YIA_LT3,"10/26, 11/2, 11/9, 11/16, 11/23, 11/30",,,Dept of Chemistry
2026-27 Term 1,2420,CHEM,CHEM1070A,5548,Principles of Modern Chemistry 現代化學概論,3.00,- Professor CHAN Tak Wah Dominic - Professor XIA Jiang,249,248,LEC,A,E,Fr 08:30AM - 10:15AM,YIA_LT3,"9/11, 9/18, 9/25, 10/2, 10/9, 10/16, 10/23, 10/30, 11/6, 11/13, 11/20, 11/27, 12/4",,,Dept of Chemistry
2026-27 Term 1,2420,CHEM,CHEM1070A,5548,Principles of Modern Chemistry 現代化學概論,3.00,- Professor CHAN Tak Wah Dominic - Professor XIA Jiang,249,248,TUT,AT01,C&E&P,Mo 11:30AM - 12:15PM,YIA_LT3,"9/7, 9/14, 9/21, 9/28, 10/5, 10/12",,,Dept of Chemistry
2026-27 Term 1,2420,CHEM,CHEM1070A,5548,Principles of Modern Chemistry 現代化學概論,3.00,- Professor CHAN Tak Wah Dominic - Professor XIA Jiang,249,248,TUT,AT01,C&E&P,Mo 11:30AM - 12:15PM,YIA_LT3,"10/26, 11/2, 11/9, 11/16, 11/23, 11/30",,,Dept of Chemistry
2026-27 Term 1,2420,CHEM,CHEM1072-,7438,General Chemistry 基礎化學,3.00,- Dr. LO Chui Man,80,75,LEC,-,E,Mo 08:30AM - 10:15AM,WMY_507,"9/7, 9/14, 9/21, 9/28, 10/5, 10/12",,,Dept of Chemistry
2026-27 Term 1,2420,CHEM,CHEM1072-,7438,General Chemistry 基礎化學,3.00,- Dr. LO Chui Man,80,75,LEC,-,E,Mo 08:30AM - 10:15AM,WMY_507,"10/26, 11/2, 11/9, 11/16, 11/23, 11/30",,,Dept of Chemistry
2026-27 Term 1,2420,CHEM,CHEM1072-,7438,General Chemistry 基礎化學,3.00,- Dr. LO Chui Man,80,75,LEC,-,E,We 02:30PM - 03:15PM,YIA_LT4,"9/9, 9/16, 9/23, 9/30, 10/7, 10/14, 10/21, 10/28, 11/4, 11/11, 11/18, 11/25, 12/2",,,Dept of Chemistry
2026-27 Term 1,2420,CHEM,CHEM1072-,7438,General Chemistry 基礎化學,3.00,- Dr. LO Chui Man,80,75,TUT,-T01,C&E&P,We 03:30PM - 04:15PM,YIA_LT4,"9/9, 9/16, 9/23, 9/30, 10/7, 10/14, 10/21, 10/28, 11/4, 11/11, 11/18, 11/25, 12/2",,,Dept of Chemistry
2026-27 Term 1,2420,CHEM,CHEM1280A,7713,Intro to Org Chm & Biomolecule 有機化學與生物分子導論,3.00,- Dr. MAK Kin Wah,100,100,LEC,A,E,Mo 08:30AM - 10:15AM,YIA_LT5,"9/7, 9/14, 9/21, 9/28, 10/5, 10/12",,,Dept of Chemistry
2026-27 Term 1,2420,CHEM,CHEM1280A,7713,Intro to Org Chm & Biomolecule 有機化學與生物分子導論,3.00,- Dr. MAK Kin Wah,100,100,LEC,A,E,Mo 08:30AM - 10:15AM,YIA_LT5,"10/26, 11/2, 11/9, 11/16, 11/23, 11/30",,,Dept of Chemistry
2026-27 Term 1,2420,CHEM,CHEM1280A,7713,Intro to Org Chm & Biomolecule 有機化學與生物分子導論,3.00,- Dr. MAK Kin Wah,100,100,LEC,A,E,We 08:30AM - 09:15AM,YIA_LT6,"9/9, 9/16, 9/23, 9/30, 10/7, 10/14, 10/21, 10/28, 11/4, 11/11, 11/18, 11/25, 12/2",,,Dept of Chemistry
2026-27 Term 1,2420,CHEM,CHEM1280A,7713,Intro to Org Chm & Biomolecule 有機化學與生物分子導論,3.00,- Dr. MAK Kin Wah,100,100,TUT,AT01,C&E&P,We 09:30AM - 10:15AM,YIA_LT6,"9/9, 9/16, 9/23, 9/30, 10/7, 10/14, 10/21, 10/28, 11/4, 11/11, 11/18, 11/25, 12/2",,,Dept of Chemistry
2026-27 Term 1,2420,CHEM,CHEM1300A,9748,Fundamentals in Physical Chem. 物理化學基礎,2.00,- Professor TSE Ying Lung - Professor ZHANG Xinglong,50,49,LEC,A,E,Mo 02:30PM - 04:15PM,WMY_305,"9/7, 9/14, 9/21, 9/28, 10/5, 10/12",,,Dept of Chemistry
2026-27 Term 1,2420,CHEM,CHEM1300A,9748,Fundamentals in Physical Chem. 物理化學基礎,2.00,- Professor TSE Ying Lung - Professor ZHANG Xinglong,50,49,LEC,A,E,Mo 02:30PM - 04:15PM,WMY_305,"10/26, 11/2, 11/9, 11/16, 11/23, 11/30",,,Dept of Chemistry
2026-27 Term 1,2420,CHEM,CHEM1300A,9748,Fundamentals in Physical Chem. 物理化學基礎,2.00,- Professor TSE Ying Lung - Professor ZHANG Xinglong,50,49,TUT,AT01,E,Th 12:30PM - 01:15PM,SC_LG23,"9/10, 9/17, 9/24",,,Dept of Chemistry
2026-27 Term 1,2420,CHEM,CHEM1300A,9748,Fundamentals in Physical Chem. 物理化學基礎,2.00,- Professor TSE Ying Lung - Professor ZHANG Xinglong,50,49,TUT,AT01,E,Th 12:30PM - 01:15PM,SC_LG23,"10/8, 10/15, 10/22, 10/29, 11/5, 11/12, 11/19, 11/26, 12/3",,,Dept of Chemistry
2026-27 Term 1,2420,CHEM,CHEM1380A,5448,Basic Chemistry for Engineers 基礎工程化學,3.00,- Professor WAN Qingyun,50,50,LEC,A,E,Tu 03:30PM - 05:15PM,SC_L5,"9/8, 9/15, 9/22, 9/29, 10/6, 10/13, 10/20, 10/27, 11/3, 11/10, 11/17, 11/24, 12/1",,,Dept of Chemistry
2026-27 Term 1,2420,CHEM,CHEM1380A,5448,Basic Chemistry for Engineers 基礎工程化學,3.00,- Professor WAN Qingyun,50,50,LEC,A,E,Th 01:30PM - 02:15PM,LHC_103,"9/10, 9/17, 9/24",,,Dept of Chemistry
2026-27 Term 1,2420,CHEM,CHEM1380A,5448,Basic Chemistry for Engineers 基礎工程化學,3.00,- Professor WAN Qingyun,50,50,LEC,A,E,Th 01:30PM - 02:15PM,LHC_103,"10/8, 10/15, 10/22, 10/29, 11/5, 11/12, 11/19, 11/26, 12/3",,,Dept of Chemistry
2026-27 Term 1,2420,CHEM,CHEM1380A,5448,Basic Chemistry for Engineers 基礎工程化學,3.00,- Professor WAN Qingyun,50,50,TUT,AT01,C&E&P,Th 02:30PM - 03:15PM,LHC_103,"9/10, 9/17, 9/24",,,Dept of Chemistry
2026-27 Term 1,2420,CHEM,CHEM1380A,5448,Basic Chemistry for Engineers 基礎工程化學,3.00,- Professor WAN Qingyun,50,50,TUT,AT01,C&E&P,Th 02:30PM - 03:15PM,LHC_103,"10/8, 10/15, 10/22, 10/29, 11/5, 11/12, 11/19, 11/26, 12/3",,,Dept of Chemistry
2026-27 Term 1,2420,CHEM,CHEM1870A,8805,Chem Lab: STEM and Daily Life 化學實驗：STEM 與日常生活,2.00,- Dr. CHEUNG Yu San - Dr. LO Chui Man,24,23,LAB,AL01,C&E&P,Tu 02:30PM - 06:15PM,SC_257,"9/8, 9/15, 9/22, 9/29, 10/6, 10/13, 10/20, 10/27, 11/3, 11/10, 11/17, 11/24, 12/1",,,Dept of Chemistry
2026-27 Term 1,2420,CHEM,CHEM2120-,5513,Main Group Chemistry 主族元素化學,2.00,- Professor LYU Hairong,80,13,LEC,-,E,We 08:30AM - 10:15AM,MMW_703,"9/9, 9/16, 9/23, 9/30, 10/7, 10/14, 10/21, 10/28, 11/4, 11/11, 11/18, 11/25, 12/2",Yes,Yes,Dept of Chemistry
2026-27 Term 1,2420,CHEM,CHEM2120-,5513,Main Group Chemistry 主族元素化學,2.00,- Professor LYU Hairong,80,13,TUT,-T01,C&E&P,Th 08:30AM - 09:15AM,LHC_103,"9/10, 9/17, 9/24",Yes,Yes,Dept of Chemistry
2026-27 Term 1,2420,CHEM,CHEM2120-,5513,Main Group Chemistry 主族元素化學,2.00,- Professor LYU Hairong,80,13,TUT,-T01,C&E&P,Th 08:30AM - 09:15AM,LHC_103,"10/8, 10/15, 10/22, 10/29, 11/5, 11/12, 11/19, 11/26, 12/3",Yes,Yes,Dept of Chemistry
2026-27 Term 1,2420,CHEM,CHEM2200-,5268,Functional Groups Chemistry 有機官能團的結構和反應,3.00,- Professor KWONG Fuk Yee - Professor TSUI Chit,80,24,LEC,-,E,Mo 11:30AM - 01:15PM,ELB_LT4,"9/7, 9/14, 9/21, 9/28, 10/5, 10/12",Yes,Yes,Dept of Chemistry
2026-27 Term 1,2420,CHEM,CHEM2200-,5268,Functional Groups Chemistry 有機官能團的結構和反應,3.00,- Professor KWONG Fuk Yee - Professor TSUI Chit,80,24,LEC,-,E,Mo 11:30AM - 01:15PM,ELB_LT4,"10/26, 11/2, 11/9, 11/16, 11/23, 11/30",Yes,Yes,Dept of Chemistry
2026-27 Term 1,2420,CHEM,CHEM2200-,5268,Functional Groups Chemistry 有機官能團的結構和反應,3.00,- Professor KWONG Fuk Yee - Professor TSUI Chit,80,24,LEC,-,E,Fr 09:30AM - 10:15AM,LSB_LT2,"9/11, 9/18, 9/25, 10/2, 10/9, 10/16, 10/23, 10/30, 11/6, 11/13, 11/20, 11/27, 12/4",Yes,Yes,Dept of Chemistry
2026-27 Term 1,2420,CHEM,CHEM2300-,5923,Thermody & Chm Equilibrium 熱力學與化學平衡,3.00,- Professor KWOK Man Hin - Professor NGAI To,90,18,LEC,-,E,Mo 08:30AM - 10:15AM,LHC_104,"9/7, 9/14, 9/21, 9/28, 10/5, 10/12",Yes,Yes,Dept of Chemistry
2026-27 Term 1,2420,CHEM,CHEM2300-,5923,Thermody & Chm Equilibrium 熱力學與化學平衡,3.00,- Professor KWOK Man Hin - Professor NGAI To,90,18,LEC,-,E,Mo 08:30AM - 10:15AM,LHC_104,"10/26, 11/2, 11/9, 11/16, 11/23, 11/30",Yes,Yes,Dept of Chemistry
2026-27 Term 1,2420,CHEM,CHEM2300-,5923,Thermody & Chm Equilibrium 熱力學與化學平衡,3.00,- Professor KWOK Man Hin - Professor NGAI To,90,18,LEC,-,E,Fr 08:30AM - 09:15AM,MMW_703,"9/11, 9/18, 9/25, 10/2, 10/9, 10/16, 10/23, 10/30, 11/6, 11/13, 11/20, 11/27, 12/4",Yes,Yes,Dept of Chemistry
2026-27 Term 1,2420,CHEM,CHEM2860A,9062,Integrated Chemistry Lab I 綜合化學實驗（一）,4.00,- Dr. HAU Chun Kit - Dr. MAK Kin Wah,16,16,LAB,AL01,C&E&P,Mo 02:30PM - 06:15PM,SC_356,"9/7, 9/14, 9/21, 9/28, 10/5, 10/12",,,Dept of Chemistry
2026-27 Term 1,2420,CHEM,CHEM2860A,9062,Integrated Chemistry Lab I 綜合化學實驗（一）,4.00,- Dr. HAU Chun Kit - Dr. MAK Kin Wah,16,16,LAB,AL01,C&E&P,Mo 02:30PM - 06:15PM,SC_356,"10/26, 11/2, 11/9, 11/16, 11/23, 11/30",,,Dept of Chemistry
2026-27 Term 1,2420,CHEM,CHEM2860A,9062,Integrated Chemistry Lab I 綜合化學實驗（一）,4.00,- Dr. HAU Chun Kit - Dr. MAK Kin Wah,16,16,LAB,AL01,C&E&P,We 02:30PM - 06:15PM,SC_157,"9/9, 9/16, 9/23, 9/30, 10/7, 10/14, 10/21, 10/28, 11/4, 11/11, 11/18, 11/25, 12/2",,,Dept of Chemistry
2026-27 Term 1,2420,CHEM,CHEM2860B,8420,Integrated Chemistry Lab I 綜合化學實驗（一）,4.00,- Dr. HAU Chun Kit - Dr. MAK Kin Wah,16,16,LAB,BL01,C&E&P,Mo 02:30PM - 06:15PM,SC_353,"9/7, 9/14, 9/21, 9/28, 10/5, 10/12",,,Dept of Chemistry
2026-27 Term 1,2420,CHEM,CHEM2860B,8420,Integrated Chemistry Lab I 綜合化學實驗（一）,4.00,- Dr. HAU Chun Kit - Dr. MAK Kin Wah,16,16,LAB,BL01,C&E&P,Mo 02:30PM - 06:15PM,SC_353,"10/26, 11/2, 11/9, 11/16, 11/23, 11/30",,,Dept of Chemistry
2026-27 Term 1,2420,CHEM,CHEM2860B,8420,Integrated Chemistry Lab I 綜合化學實驗（一）,4.00,- Dr. HAU Chun Kit - Dr. MAK Kin Wah,16,16,LAB,BL01,C&E&P,Th 02:30PM - 06:15PM,SC_157,"9/10, 9/17, 9/24",,,Dept of Chemistry
2026-27 Term 1,2420,CHEM,CHEM2860B,8420,Integrated Chemistry Lab I 綜合化學實驗（一）,4.00,- Dr. HAU Chun Kit - Dr. MAK Kin Wah,16,16,LAB,BL01,C&E&P,Th 02:30PM - 06:15PM,SC_157,"10/8, 10/15, 10/22, 10/29, 11/5, 11/12, 11/19, 11/26, 12/3",,,Dept of Chemistry
2026-27 Term 1,2420,CHEM,CHEM2860C,8666,Integrated Chemistry Lab I 綜合化學實驗（一）,4.00,- Dr. HAU Chun Kit - Dr. MAK Kin Wah,16,16,LAB,CL01,C&E&P,Tu 02:30PM - 06:15PM,SC_356,"9/8, 9/15, 9/22, 9/29, 10/6, 10/13, 10/20, 10/27, 11/3, 11/10, 11/17, 11/24, 12/1",,,Dept of Chemistry
2026-27 Term 1,2420,CHEM,CHEM2860C,8666,Integrated Chemistry Lab I 綜合化學實驗（一）,4.00,- Dr. HAU Chun Kit - Dr. MAK Kin Wah,16,16,LAB,CL01,C&E&P,We 02:30PM - 06:15PM,SC_157,"9/9, 9/16, 9/23, 9/30, 10/7, 10/14, 10/21, 10/28, 11/4, 11/11, 11/18, 11/25, 12/2",,,Dept of Chemistry
2026-27 Term 1,2420,CHEM,CHEM2860D,8422,Integrated Chemistry Lab I 綜合化學實驗（一）,4.00,- Dr. HAU Chun Kit - Dr. MAK Kin Wah,16,15,LAB,DL01,C&E&P,Tu 02:30PM - 06:15PM,SC_353,"9/8, 9/15, 9/22, 9/29, 10/6, 10/13, 10/20, 10/27, 11/3, 11/10, 11/17, 11/24, 12/1",,,Dept of Chemistry
2026-27 Term 1,2420,CHEM,CHEM2860D,8422,Integrated Chemistry Lab I 綜合化學實驗（一）,4.00,- Dr. HAU Chun Kit - Dr. MAK Kin Wah,16,15,LAB,DL01,C&E&P,Th 02:30PM - 06:15PM,SC_157,"9/10, 9/17, 9/24",,,Dept of Chemistry
2026-27 Term 1,2420,CHEM,CHEM2860D,8422,Integrated Chemistry Lab I 綜合化學實驗（一）,4.00,- Dr. HAU Chun Kit - Dr. MAK Kin Wah,16,15,LAB,DL01,C&E&P,Th 02:30PM - 06:15PM,SC_157,"10/8, 10/15, 10/22, 10/29, 11/5, 11/12, 11/19, 11/26, 12/3",,,Dept of Chemistry
2026-27 Term 1,2420,CHEM,CHEM2868A,8840,Basic Integrated Chem Lab I 基礎綜合化學實驗（一）,2.00,- Dr. HAU Chun Kit - Dr. MAK Kin Wah,6,6,LAB,AL01,C&E&P,Mo 02:30PM - 06:15PM,SC_356,"9/7, 9/14, 9/21, 9/28, 10/5, 10/12",,,Dept of Chemistry
2026-27 Term 1,2420,CHEM,CHEM2868A,8840,Basic Integrated Chem Lab I 基礎綜合化學實驗（一）,2.00,- Dr. HAU Chun Kit - Dr. MAK Kin Wah,6,6,LAB,AL01,C&E&P,Mo 02:30PM - 06:15PM,SC_356,"10/26, 11/2, 11/9, 11/16, 11/23, 11/30",,,Dept of Chemistry
2026-27 Term 1,2420,CHEM,CHEM2868A,8840,Basic Integrated Chem Lab I 基礎綜合化學實驗（一）,2.00,- Dr. HAU Chun Kit - Dr. MAK Kin Wah,6,6,LAB,AL01,C&E&P,We 02:30PM - 06:15PM,SC_157,"9/9, 9/16, 9/23, 9/30, 10/7, 10/14, 10/21, 10/28, 11/4, 11/11, 11/18, 11/25, 12/2",,,Dept of Chemistry
2026-27 Term 1,2420,CHEM,CHEM2868B,8421,Basic Integrated Chem Lab I 基礎綜合化學實驗（一）,2.00,- Dr. HAU Chun Kit - Dr. MAK Kin Wah,6,6,LAB,BL01,C&E&P,Mo 02:30PM - 06:15PM,SC_353,"9/7, 9/14, 9/21, 9/28, 10/5, 10/12",,,Dept of Chemistry
2026-27 Term 1,2420,CHEM,CHEM2868B,8421,Basic Integrated Chem Lab I 基礎綜合化學實驗（一）,2.00,- Dr. HAU Chun Kit - Dr. MAK Kin Wah,6,6,LAB,BL01,C&E&P,Mo 02:30PM - 06:15PM,SC_353,"10/26, 11/2, 11/9, 11/16, 11/23, 11/30",,,Dept of Chemistry
2026-27 Term 1,2420,CHEM,CHEM2868B,8421,Basic Integrated Chem Lab I 基礎綜合化學實驗（一）,2.00,- Dr. HAU Chun Kit - Dr. MAK Kin Wah,6,6,LAB,BL01,C&E&P,Th 02:30PM - 06:15PM,SC_157,"9/10, 9/17, 9/24",,,Dept of Chemistry
2026-27 Term 1,2420,CHEM,CHEM2868B,8421,Basic Integrated Chem Lab I 基礎綜合化學實驗（一）,2.00,- Dr. HAU Chun Kit - Dr. MAK Kin Wah,6,6,LAB,BL01,C&E&P,Th 02:30PM - 06:15PM,SC_157,"10/8, 10/15, 10/22, 10/29, 11/5, 11/12, 11/19, 11/26, 12/3",,,Dept of Chemistry
2026-27 Term 1,2420,CHEM,CHEM2868C,9045,Basic Integrated Chem Lab I 基礎綜合化學實驗（一）,2.00,- Dr. HAU Chun Kit - Dr. MAK Kin Wah,6,6,LAB,CL01,C&E&P,Tu 02:30PM - 06:15PM,SC_356,"9/8, 9/15, 9/22, 9/29, 10/6, 10/13, 10/20, 10/27, 11/3, 11/10, 11/17, 11/24, 12/1",,,Dept of Chemistry
2026-27 Term 1,2420,CHEM,CHEM2868C,9045,Basic Integrated Chem Lab I 基礎綜合化學實驗（一）,2.00,- Dr. HAU Chun Kit - Dr. MAK Kin Wah,6,6,LAB,CL01,C&E&P,We 02:30PM - 06:15PM,SC_157,"9/9, 9/16, 9/23, 9/30, 10/7, 10/14, 10/21, 10/28, 11/4, 11/11, 11/18, 11/25, 12/2",,,Dept of Chemistry
2026-27 Term 1,2420,CHEM,CHEM2868D,8423,Basic Integrated Chem Lab I 基礎綜合化學實驗（一）,2.00,- Dr. HAU Chun Kit - Dr. MAK Kin Wah,6,6,LAB,DL01,C&E&P,Tu 02:30PM - 06:15PM,SC_353,"9/8, 9/15, 9/22, 9/29, 10/6, 10/13, 10/20, 10/27, 11/3, 11/10, 11/17, 11/24, 12/1",,,Dept of Chemistry
2026-27 Term 1,2420,CHEM,CHEM2868D,8423,Basic Integrated Chem Lab I 基礎綜合化學實驗（一）,2.00,- Dr. HAU Chun Kit - Dr. MAK Kin Wah,6,6,LAB,DL01,C&E&P,Th 02:30PM - 06:15PM,SC_157,"9/10, 9/17, 9/24",,,Dept of Chemistry
2026-27 Term 1,2420,CHEM,CHEM2868D,8423,Basic Integrated Chem Lab I 基礎綜合化學實驗（一）,2.00,- Dr. HAU Chun Kit - Dr. MAK Kin Wah,6,6,LAB,DL01,C&E&P,Th 02:30PM - 06:15PM,SC_157,"10/8, 10/15, 10/22, 10/29, 11/5, 11/12, 11/19, 11/26, 12/3",,,Dept of Chemistry
2026-27 Term 1,2420,CHEM,CHEM2868E,8899,Basic Integrated Chem Lab I 基礎綜合化學實驗（一）,2.00,- Dr. HAU Chun Kit - Dr. MAK Kin Wah,12,12,LAB,EL01,C&E&P,Fr 02:30PM - 06:15PM,SC_356,"9/11, 9/18, 9/25, 10/2, 10/9, 10/16, 10/23, 10/30, 11/6, 11/13, 11/20, 11/27, 12/4",,,Dept of Chemistry
2026-27 Term 1,2420,CHEM,CHEM3220-,5651,Organic Reactivity 有機反應和選擇性,2.00,- Professor YEUNG Ying Yeung,90,11,LEC,-,E,Th 09:30AM - 11:15AM,LSK_LT2,"9/10, 9/17, 9/24",Yes,Yes,Dept of Chemistry
2026-27 Term 1,2420,CHEM,CHEM3220-,5651,Organic Reactivity 有機反應和選擇性,2.00,- Professor YEUNG Ying Yeung,90,11,LEC,-,E,Th 09:30AM - 11:15AM,LSK_LT2,"10/8, 10/15, 10/22, 10/29, 11/5, 11/12, 11/19, 11/26, 12/3",Yes,Yes,Dept of Chemistry
2026-27 Term 1,2420,CHEM,CHEM3220-,5651,Organic Reactivity 有機反應和選擇性,2.00,- Professor YEUNG Ying Yeung,90,11,TUT,-T01,C&E&P,Tu 12:30PM - 01:15PM,MMW_703,"9/8, 9/15, 9/22, 9/29, 10/6, 10/13, 10/20, 10/27, 11/3, 11/10, 11/17, 11/24, 12/1",Yes,Yes,Dept of Chemistry
2026-27 Term 1,2420,CHEM,CHEM3320-,5740,Chemical Kinetics 化學動力學,3.00,- Professor HUANG Zhifeng,85,1,LEC,-,E,Tu 08:30AM - 10:15AM,SC_L3,"9/8, 9/15, 9/22, 9/29, 10/6, 10/13, 10/20, 10/27, 11/3, 11/10, 11/17, 11/24, 12/1",,,Dept of Chemistry
2026-27 Term 1,2420,CHEM,CHEM3320-,5740,Chemical Kinetics 化學動力學,3.00,- Professor HUANG Zhifeng,85,1,LEC,-,E,We 11:30AM - 12:15PM,MMW_LT2,"9/9, 9/16, 9/23, 9/30, 10/7, 10/14, 10/21, 10/28, 11/4, 11/11, 11/18, 11/25, 12/2",,,Dept of Chemistry
2026-27 Term 1,2420,CHEM,CHEM3410-,5515,Instrumental Analysis 儀器分析,3.00,- Professor CHAN Tak Wah Dominic,80,2,LEC,-,E,We 10:30AM - 11:15AM,MMW_710,"9/9, 9/16, 9/23, 9/30, 10/7, 10/14, 10/21, 10/28, 11/4, 11/11, 11/18, 11/25, 12/2",Yes,Yes,Dept of Chemistry
2026-27 Term 1,2420,CHEM,CHEM3410-,5515,Instrumental Analysis 儀器分析,3.00,- Professor CHAN Tak Wah Dominic,80,2,LEC,-,E,Th 11:30AM - 01:15PM,SC_L3,"9/10, 9/17, 9/24",Yes,Yes,Dept of Chemistry
2026-27 Term 1,2420,CHEM,CHEM3410-,5515,Instrumental Analysis 儀器分析,3.00,- Professor CHAN Tak Wah Dominic,80,2,LEC,-,E,Th 11:30AM - 01:15PM,SC_L3,"10/8, 10/15, 10/22, 10/29, 11/5, 11/12, 11/19, 11/26, 12/3",Yes,Yes,Dept of Chemistry
2026-27 Term 1,2420,CHEM,CHEM3810A,8813,Organic Chemistry Lab 有機化學實驗,2.00,- Dr. MAK Kin Wah - Professor YEUNG Ying Yeung,36,1,LAB,AL01,C&E&P,We 02:30PM - 06:15PM,SC_356,"9/9, 9/16, 9/23, 9/30, 10/7, 10/14, 10/21, 10/28, 11/4, 11/11, 11/18, 11/25, 12/2",Yes,Yes,Dept of Chemistry
2026-27 Term 1,2420,CHEM,CHEM3810B,8814,Organic Chemistry Lab 有機化學實驗,2.00,- Dr. MAK Kin Wah - Professor YEUNG Ying Yeung,36,0,LAB,BL01,C&E&P,Th 02:30PM - 06:15PM,SC_353,"9/10, 9/17, 9/24",Yes,Yes,Dept of Chemistry
2026-27 Term 1,2420,CHEM,CHEM3810B,8814,Organic Chemistry Lab 有機化學實驗,2.00,- Dr. MAK Kin Wah - Professor YEUNG Ying Yeung,36,0,LAB,BL01,C&E&P,Th 02:30PM - 06:15PM,SC_353,"10/8, 10/15, 10/22, 10/29, 11/5, 11/12, 11/19, 11/26, 12/3",Yes,Yes,Dept of Chemistry
2026-27 Term 1,2420,CHEM,CHEM3830A,8927,Physical Chemistry Lab I 物理化學實驗( 一),2.00,- Dr. CHEUNG Yu San - Professor HUANG Zhifeng,36,4,LAB,AL01,C&E&P,Mo 02:30PM - 06:15PM,SC_227,"9/7, 9/14, 9/21, 9/28, 10/5, 10/12",,,Dept of Chemistry
2026-27 Term 1,2420,CHEM,CHEM3830A,8927,Physical Chemistry Lab I 物理化學實驗( 一),2.00,- Dr. CHEUNG Yu San - Professor HUANG Zhifeng,36,4,LAB,AL01,C&E&P,Mo 02:30PM - 06:15PM,SC_227,"10/26, 11/2, 11/9, 11/16, 11/23, 11/30",,,Dept of Chemistry
2026-27 Term 1,2420,CHEM,CHEM3830B,8935,Physical Chemistry Lab I 物理化學實驗( 一),2.00,- Dr. CHEUNG Yu San - Professor HUANG Zhifeng,36,0,LAB,BL01,C&E&P,Tu 02:30PM - 06:15PM,SC_227,"9/8, 9/15, 9/22, 9/29, 10/6, 10/13, 10/20, 10/27, 11/3, 11/10, 11/17, 11/24, 12/1",,,Dept of Chemistry
2026-27 Term 1,2420,CHEM,CHEM3870A,8815,Instrumental Analysis Lab 儀器分析實驗,2.00,- Dr. CHAN Ka Long Donald - Professor CHAN Tak Wah Dominic,24,0,LAB,AL01,C&E&P,We 02:30PM - 06:15PM,SC_G52,"9/9, 9/16, 9/23, 9/30, 10/7, 10/14, 10/21, 10/28, 11/4, 11/11, 11/18, 11/25, 12/2",Yes,Yes,Dept of Chemistry
2026-27 Term 1,2420,CHEM,CHEM3870B,8816,Instrumental Analysis Lab 儀器分析實驗,2.00,- Dr. CHAN Ka Long Donald - Professor CHAN Tak Wah Dominic,24,0,LAB,BL01,C&E&P,Th 02:30PM - 06:15PM,SC_G52,"9/10, 9/17, 9/24",Yes,Yes,Dept of Chemistry
2026-27 Term 1,2420,CHEM,CHEM3870B,8816,Instrumental Analysis Lab 儀器分析實驗,2.00,- Dr. CHAN Ka Long Donald - Professor CHAN Tak Wah Dominic,24,0,LAB,BL01,C&E&P,Th 02:30PM - 06:15PM,SC_G52,"10/8, 10/15, 10/22, 10/29, 11/5, 11/12, 11/19, 11/26, 12/3",Yes,Yes,Dept of Chemistry
2026-27 Term 1,2420,CHEM,CHEM3870C,8817,Instrumental Analysis Lab 儀器分析實驗,2.00,- Dr. CHAN Ka Long Donald - Professor CHAN Tak Wah Dominic,24,3,LAB,CL01,C&E&P,Fr 02:30PM - 06:15PM,SC_G52,"9/11, 9/18, 9/25, 10/2, 10/9, 10/16, 10/23, 10/30, 11/6, 11/13, 11/20, 11/27, 12/4",Yes,Yes,Dept of Chemistry
2026-27 Term 1,2420,CHEM,CHEM4030-,8165,Problem-based Learning I (Chm) 化學專題研習（一）,0.00,- Dr. CHAN Ka Long Donald - Dr. CHEUNG Yu San - Dr. HAU Chun Kit - Dr. LO Chui Man - Dr. MAK Kin Wah,61,3,PRJ,-J01,C&E,TBA,NRR,07/09/2026 - 30/11/2026,Yes,Yes,Dept of Chemistry
2026-27 Term 1,2420,CHEM,CHEM4030-,8165,Problem-based Learning I (Chm) 化學專題研習（一）,0.00,- Dr. CHAN Ka Long Donald - Dr. CHEUNG Yu San - Dr. HAU Chun Kit - Dr. LO Chui Man - Dr. MAK Kin Wah,61,3,LEC,-,C&E,TBA,NRR,07/09/2026 - 30/11/2026,Yes,Yes,Dept of Chemistry
2026-27 Term 1,2420,CHEM,CHEM4040-,6135,Problem-based Learning II(Chm) 化學專題研習(二),4.00,- Dr. CHAN Ka Long Donald - Dr. CHEUNG Yu San - Dr. HAU Chun Kit - Dr. LO Chui Man - Dr. MAK Kin Wah,3,0,PRJ,-J01,C&E,TBA,NRR,07/09/2026 - 30/11/2026,Yes,Yes,Dept of Chemistry
2026-27 Term 1,2420,CHEM,CHEM4040-,6135,Problem-based Learning II(Chm) 化學專題研習(二),4.00,- Dr. CHAN Ka Long Donald - Dr. CHEUNG Yu San - Dr. HAU Chun Kit - Dr. LO Chui Man - Dr. MAK Kin Wah,3,0,LEC,-,C&E,TBA,NRR,07/09/2026 - 30/11/2026,Yes,Yes,Dept of Chemistry
2026-27 Term 1,2420,CHEM,CHEM4300-,5361,Advanced Physical Chemistry 高等物理化學,2.00,- Professor ZHANG Xinglong,40,40,LEC,-,E,We 09:30AM - 11:15AM,LHC_G04,"9/9, 9/16, 9/23, 9/30, 10/7, 10/14, 10/21, 10/28, 11/4, 11/11, 11/18, 11/25, 12/2",,,Dept of Chemistry
2026-27 Term 1,2420,CHEM,CHEM4303-,7074,Intro to Nanosci & Nanotech 納米科學與技術概論,2.00,- Professor CHEN Ye - Professor HUANG Zhifeng,40,39,LEC,-,E,Mo 10:30AM - 12:15PM,LPN_LT,"9/7, 9/14, 9/21, 9/28, 10/5, 10/12",,,Dept of Chemistry
2026-27 Term 1,2420,CHEM,CHEM4303-,7074,Intro to Nanosci & Nanotech 納米科學與技術概論,2.00,- Professor CHEN Ye - Professor HUANG Zhifeng,40,39,LEC,-,E,Mo 10:30AM - 12:15PM,LPN_LT,"10/26, 11/2, 11/9, 11/16, 11/23, 11/30",,,Dept of Chemistry
2026-27 Term 1,2420,CHEM,CHEM4440-,9224,Food & Environmental Analysis 食物測試及環境分析,3.00,- Professor TAM Shuk Ching Elaine,40,37,LEC,-,E,Th 10:30AM - 12:15PM,LHC_101,"9/10, 9/17, 9/24",,,Dept of Chemistry
2026-27 Term 1,2420,CHEM,CHEM4440-,9224,Food & Environmental Analysis 食物測試及環境分析,3.00,- Professor TAM Shuk Ching Elaine,40,37,LEC,-,E,Th 10:30AM - 12:15PM,LHC_101,"10/8, 10/15, 10/22, 10/29, 11/5, 11/12, 11/19, 11/26, 12/3",,,Dept of Chemistry
2026-27 Term 1,2420,CHEM,CHEM4440-,9224,Food & Environmental Analysis 食物測試及環境分析,3.00,- Professor TAM Shuk Ching Elaine,40,37,LEC,-,E,Th 01:30PM - 02:15PM,LHC_106,"9/10, 9/17, 9/24",,,Dept of Chemistry
2026-27 Term 1,2420,CHEM,CHEM4440-,9224,Food & Environmental Analysis 食物測試及環境分析,3.00,- Professor TAM Shuk Ching Elaine,40,37,LEC,-,E,Th 01:30PM - 02:15PM,LHC_106,"10/8, 10/15, 10/22, 10/29, 11/5, 11/12, 11/19, 11/26, 12/3",,,Dept of Chemistry
2026-27 Term 1,2420,CHEM,CHEM4471-,6530,Internship 實習課程,1.00,- Dr. CHAN Ka Long Donald - Dr. CHEUNG Yu San - Professor LI Hung Wing,15,6,PRA,-P01,E,TBA,NRR,07/09/2026 - 30/11/2026,Yes,Yes,Dept of Chemistry
2026-27 Term 1,2420,CHEM,CHEM4535-,5223,Chemical Treatment Process 化學處理程序,3.00,- Dr. CHAN Ka Long Donald,40,27,LEC,-,E,Mo 02:30PM - 04:15PM,ERB_712,"9/7, 9/14, 9/21, 9/28, 10/5, 10/12",Yes,,Dept of Chemistry
2026-27 Term 1,2420,CHEM,CHEM4535-,5223,Chemical Treatment Process 化學處理程序,3.00,- Dr. CHAN Ka Long Donald,40,27,LEC,-,E,Mo 02:30PM - 04:15PM,ERB_712,"10/26, 11/2, 11/9, 11/16, 11/23, 11/30",Yes,,Dept of Chemistry
2026-27 Term 1,2420,CHEM,CHEM4535-,5223,Chemical Treatment Process 化學處理程序,3.00,- Dr. CHAN Ka Long Donald,40,27,LEC,-,E,We 12:30PM - 01:15PM,BMS_2,"9/9, 9/16, 9/23, 9/30, 10/7, 10/14, 10/21, 10/28, 11/4, 11/11, 11/18, 11/25, 12/2",Yes,,Dept of Chemistry
2026-27 Term 1,2420,CHEM,CHEM4786-,9225,Prin. & App Coating Chem 塗層化學原理和應用,2.00,- Dr. CHAN Cho Yee - Dr. NG Weng Sang - Professor KAM Tat Ting - Professor LO Wai Yin,40,38,LEC,-,C&E,Tu 10:30AM - 12:15PM,WMY_407,"9/8, 9/15, 9/22, 9/29, 10/6, 10/13, 10/20, 10/27, 11/3, 11/10, 11/17, 11/24, 12/1",,,Dept of Chemistry
2026-27 Term 1,2420,CHEM,CHEM4786-,9225,Prin. & App Coating Chem 塗層化學原理和應用,2.00,- Dr. CHAN Cho Yee - Dr. NG Weng Sang - Professor KAM Tat Ting - Professor LO Wai Yin,40,38,TUT,-T01,C&E,Tu 01:30PM - 02:15PM,SC_L3,"9/8, 9/15, 9/22, 9/29, 10/6, 10/13, 10/20, 10/27, 11/3, 11/10, 11/17, 11/24, 12/1",,,Dept of Chemistry
2026-27 Term 1,2420,CHEM,CHEM4960-,6471,Research in Chem Sci I 化學專題研究（一）,2.00,- Dr. CHAN Ka Long Donald - Dr. LO Chui Man,10,6,LAB,-L01,C&E,TBA,NRR,07/09/2026 - 30/11/2026,Yes,Yes,Dept of Chemistry
2026-27 Term 1,2420,CHEM,CHEM4960-,6471,Research in Chem Sci I 化學專題研究（一）,2.00,- Dr. CHAN Ka Long Donald - Dr. LO Chui Man,10,6,TUT,-T01,C&E,TBA,NRR,07/09/2026 - 30/11/2026,Yes,Yes,Dept of Chemistry
2026-27 Term 1,2420,CHEM,CHEM4980-,6935,Undergraduate Thesis I 畢業論文（一）,0.00,- Professor CHAN Tak Wah Dominic - Professor CHEN Ye - Professor KWONG Fuk Yee - Professor NG Kee Pui Dennis - Professor XIA Jiang - Professor YEUNG Ying Yeung,4,0,PRJ,-J01,C&E,TBA,NRR,07/09/2026 - 30/11/2026,Yes,Yes,Dept of Chemistry
2026-27 Term 1,2420,CHES,CHES1000-,9816,Intro to Chinese Studies 中國研究導論,3.00,- Dr. VAN DEN TROOST Kristof,50,49,LEC,-,E,We 02:30PM - 05:15PM,WMY_407,"9/9, 9/16, 9/23, 9/30, 10/7, 10/14, 10/21, 10/28, 11/4, 11/11, 11/18, 11/25, 12/2",Yes,Yes,Centre for China Studies
2026-27 Term 1,2420,CHES,CHES1101-,9409,China in Global Perspectives 全球視角下的中國,3.00,- Professor Timothy Andrew SUMMERS,75,74,LEC,-,E,Th 10:30AM - 01:15PM,HTB_B6,"9/10, 9/17, 9/24",,,Centre for China Studies
2026-27 Term 1,2420,CHES,CHES1101-,9409,China in Global Perspectives 全球視角下的中國,3.00,- Professor Timothy Andrew SUMMERS,75,74,LEC,-,E,Th 10:30AM - 01:15PM,HTB_B6,"10/8, 10/15, 10/22, 10/29, 11/5, 11/12, 11/19, 11/26, 12/3",,,Centre for China Studies
2026-27 Term 1,2420,CHES,CHES2002-,9461,Chinese Culture and Society 變遷中的中國文化與社會,3.00,- Professor ZHAO Xuyi,60,60,LEC,-,E,We 10:30AM - 01:15PM,CYT_203,"9/9, 9/16, 9/23, 9/30, 10/7, 10/14, 10/21, 10/28, 11/4, 11/11, 11/18, 11/25, 12/2",,,Centre for China Studies
2026-27 Term 1,2420,CHES,CHES2004-,9734,Chinese Lit and Adaptation 中國古代文學與改編,3.00,- Dr. GAO Yunwen,60,60,LEC,-,E,Tu 10:30AM - 01:15PM,SC_L3,"9/8, 9/15, 9/22, 9/29, 10/6, 10/13, 10/20, 10/27, 11/3, 11/10, 11/17, 11/24, 12/1",,,Centre for China Studies
2026-27 Term 1,2420,CHES,CHES2005-,7048,Emotional Landscapes in China 當代中國社會的情感經驗,3.00,- Dr. SUN Lin,50,50,LEC,-,P,Tu 02:30PM - 05:15PM,LSK_LT1,"9/8, 9/15, 9/22, 9/29, 10/6, 10/13, 10/20, 10/27, 11/3, 11/10, 11/17, 11/24, 12/1",,,Centre for China Studies
2026-27 Term 1,2420,CHES,CHES2006-,5076,Sound Culture in Contemp China 當代中國的聽覺文化,3.00,- Dr. GAO Yunwen,60,60,LEC,-,E,Mo 02:30PM - 05:15PM,YIA_505,"9/7, 9/14, 9/21, 9/28, 10/5, 10/12",,,Centre for China Studies
2026-27 Term 1,2420,CHES,CHES2006-,5076,Sound Culture in Contemp China 當代中國的聽覺文化,3.00,- Dr. GAO Yunwen,60,60,LEC,-,E,Mo 02:30PM - 05:15PM,YIA_505,"10/26, 11/2, 11/9, 11/16, 11/23, 11/30",,,Centre for China Studies
2026-27 Term 1,2420,CHES,CHES2107-,7666,Science & Technology in China 中國科技發展導論,3.00,- Dr. William Joseph MORIARTY,35,35,LEC,-,E,Mo 10:30AM - 01:15PM,ARC_G03,"9/7, 9/14, 9/21, 9/28, 10/5, 10/12",,,Centre for China Studies
2026-27 Term 1,2420,CHES,CHES2107-,7666,Science & Technology in China 中國科技發展導論,3.00,- Dr. William Joseph MORIARTY,35,35,LEC,-,E,Mo 10:30AM - 01:15PM,ARC_G03,"10/26, 11/2, 11/9, 11/16, 11/23, 11/30",,,Centre for China Studies
2026-27 Term 1,2420,CHES,CHES3002-,5338,China’s Financial Reform 中國金融改革,3.00,- Professor LI Chen,20,20,LEC,-,E,Mo 02:30PM - 05:15PM,ELB_205,"9/7, 9/14, 9/21, 9/28, 10/5, 10/12",,,Centre for China Studies
2026-27 Term 1,2420,CHES,CHES3002-,5338,China’s Financial Reform 中國金融改革,3.00,- Professor LI Chen,20,20,LEC,-,E,Mo 02:30PM - 05:15PM,ELB_205,"10/26, 11/2, 11/9, 11/16, 11/23, 11/30",,,Centre for China Studies
2026-27 Term 1,2420,CHES,CHES3102-,9462,East Asian Film Genres 全球化下的東亞電影類型,3.00,- Dr. Abraham OVERBEEKE,20,20,LEC,-,E,Th 02:30PM - 06:15PM,ARC_G02,"9/10, 9/17, 9/24",,,Centre for China Studies
2026-27 Term 1,2420,CHES,CHES3102-,9462,East Asian Film Genres 全球化下的東亞電影類型,3.00,- Dr. Abraham OVERBEEKE,20,20,LEC,-,E,Th 02:30PM - 06:15PM,ARC_G02,"10/8, 10/15, 10/22, 10/29, 11/5, 11/12, 11/19, 11/26, 12/3",,,Centre for China Studies
2026-27 Term 1,2420,CHES,CHES3103-,5042,Art in Contemporary China 當代中國的藝術,3.00,- Staff,30,30,LEC,-,E,We 06:30PM - 09:15PM,ARC_211,"9/9, 9/16, 9/23, 9/30, 10/7, 10/14, 10/21, 10/28, 11/4, 11/11, 11/18, 11/25, 12/2",,,Centre for China Studies
2026-27 Term 1,2420,CHES,CHES3105-,5045,Cultural History of China 中國文化史,3.00,- Professor SHI Yu,30,30,LEC,-,E,Th 10:30AM - 01:15PM,ARC_211,"9/10, 9/17, 9/24",,,Centre for China Studies
2026-27 Term 1,2420,CHES,CHES3105-,5045,Cultural History of China 中國文化史,3.00,- Professor SHI Yu,30,30,LEC,-,E,Th 10:30AM - 01:15PM,ARC_211,"10/8, 10/15, 10/22, 10/29, 11/5, 11/12, 11/19, 11/26, 12/3",,,Centre for China Studies
2026-27 Term 1,2420,CHES,CHES3108-,5077,Infrastructure and Development 基礎設施與發展,3.00,- Professor ZHAO Xuyi,30,30,LEC,-,E,Tu 02:30PM - 05:15PM,WMY_402,"9/8, 9/15, 9/22, 9/29, 10/6, 10/13, 10/20, 10/27, 11/3, 11/10, 11/17, 11/24, 12/1",,,Centre for China Studies
2026-27 Term 1,2420,CHES,CHES3201-,8520,Spec Topics in Chinese Studies 中國研究專題,3.00,- Professor SHI Yu,30,30,DIS,-D01,E,We 02:30PM - 05:15PM,HYS_G01,"9/9, 9/16, 9/23, 9/30, 10/7, 10/14, 10/21, 10/28, 11/4, 11/11, 11/18, 11/25, 12/2",,,Centre for China Studies
2026-27 Term 1,2420,CHES,CHES3402-,8095,China Experience Internship 中國見習,3.00,- Staff,5,5,PRJ,-J01,E,TBA,NRR,07/09/2026 - 30/11/2026,Yes,Yes,Centre for China Studies
2026-27 Term 1,2420,CHES,CHES3500-,9434,Chi Studies Research Methods 中國研究研究方法,3.00,- Professor MIEGE Pierre Jean baptiste Edouard,35,13,LEC,-,E,Tu 10:30AM - 01:15PM,HYS_G06,"9/8, 9/15, 9/22, 9/29, 10/6, 10/13, 10/20, 10/27, 11/3, 11/10, 11/17, 11/24, 12/1",Yes,Yes,Centre for China Studies
2026-27 Term 1,2420,CHPR,CHPR3001-,7056,Contemporary Health Issues 當代健康問題,3.00,- Dr. MUI Wai Ho,30,30,LEC,-,C&E,Tu 09:30AM - 12:15PM,YIA_401,"9/8, 9/15, 9/22, 9/29, 10/6, 10/13, 10/20, 10/27, 11/3, 11/10, 11/17, 11/24, 12/1",,,JC Sch of Pub Health Prim Care
2026-27 Term 1,2420,CHPR,CHPR4003-,5940,Research Methods in Com Health 社區健康研究方法,3.00,- Professor MO Phoenix Kit Han,33,33,LEC,-,E,We 02:30PM - 05:15PM,BMS_2,"9/9, 9/16, 9/23, 9/30, 10/7, 10/14, 10/21, 10/28, 11/4, 11/11, 11/18, 11/25, 12/2",,,JC Sch of Pub Health Prim Care
2026-27 Term 1,2420,CHPR,CHPR4008-,5697,Health Promo Plan & Eval 策劃及評估健康促進項目,3.00,- Dr. MUI Wai Ho,33,33,LEC,-,C#E,Th 02:30PM - 05:15PM,BMS_2,"9/10, 9/17, 9/24",,,JC Sch of Pub Health Prim Care
2026-27 Term 1,2420,CHPR,CHPR4008-,5697,Health Promo Plan & Eval 策劃及評估健康促進項目,3.00,- Dr. MUI Wai Ho,33,33,LEC,-,C#E,Th 02:30PM - 05:15PM,BMS_2,"10/8, 10/15, 10/22, 10/29, 11/5, 11/12, 11/19, 11/26, 12/3",,,JC Sch of Pub Health Prim Care
2026-27 Term 1,2420,CHPR,CHPR4901-,6544,Practicum in CHPR I 社區健康實習 (一),3.00,- Dr. YUNG Ka Chun,33,10,WKS,-W01,E,TBA,NRR,07/09/2026 - 30/11/2026,Yes,Yes,JC Sch of Pub Health Prim Care
2026-27 Term 1,2420,CLCE,CLCE1103-,9507,"Chi Lang, Cul & Lang Learning 中國語言及文化與語言學習",3.00,- Dr. LEE Siu Lun,25,25,LEC,-,P&E,We 09:30AM - 12:15PM,ARC_G03,"9/9, 9/16, 9/23, 9/30, 10/7, 10/14, 10/21, 10/28, 11/4, 11/11, 11/18, 11/25, 12/2",,,Yale-China Chin Lang Acad
2026-27 Term 1,2420,CLCH,CLCH1702A,5630,Hokkinese thru Poems & Songs 福建話詩與歌,2.00,- Staff,22,22,LEC,A,H&C&P,Mo 10:30AM - 12:15PM,YIA_508,"9/7, 9/14, 9/21, 9/28, 10/5, 10/12",,,Yale-China Chin Lang Acad
2026-27 Term 1,2420,CLCH,CLCH1702A,5630,Hokkinese thru Poems & Songs 福建話詩與歌,2.00,- Staff,22,22,LEC,A,H&C&P,Mo 10:30AM - 12:15PM,YIA_508,"10/26, 11/2, 11/9, 11/16, 11/23, 11/30",,,Yale-China Chin Lang Acad
2026-27 Term 1,2420,CLCH,CLCH1702B,5858,Hokkinese thru Poems & Songs 福建話詩與歌,2.00,- Staff,22,22,LEC,B,H&C&P,Th 12:30PM - 02:15PM,WMY_404,"9/10, 9/17, 9/24",,,Yale-China Chin Lang Acad
2026-27 Term 1,2420,CLCH,CLCH1702B,5858,Hokkinese thru Poems & Songs 福建話詩與歌,2.00,- Staff,22,22,LEC,B,H&C&P,Th 12:30PM - 02:15PM,WMY_404,"10/8, 10/15, 10/22, 10/29, 11/5, 11/12, 11/19, 11/26, 12/3",,,Yale-China Chin Lang Acad
2026-27 Term 1,2420,CLCP,CLCP1000-,5091,Survival PTH for Int’l Student 生活中的普通話（以普通話/華語為第二語言者適用）,0.00,- Staff,19,19,LEC,-,P&E,Tu 06:30PM - 08:15PM,YIA_409,"9/15, 9/22, 9/29, 10/6, 10/13, 10/20, 10/27, 11/3, 11/10, 11/17, 11/24, 12/1",,,Yale-China Chin Lang Acad
2026-27 Term 1,2420,CLCP,CLCP1000-,5091,Survival PTH for Int’l Student 生活中的普通話（以普通話/華語為第二語言者適用）,0.00,- Staff,19,19,WBL,-X01,P&E,TBA,NRR,07/09/2026 - 30/11/2026,,,Yale-China Chin Lang Acad
2026-27 Term 1,2420,CLCP,CLCP1001-,7993,PTH Taster Course for Int'l St 國際生普通話先導學習科目,1.00,- Staff,150,150,WBL,-X01,P&E,TBA,NRR,07/09/2026 - 30/11/2026,Yes,Yes,Yale-China Chin Lang Acad
2026-27 Term 1,2420,CLCP,CLCP1003A,5088,Intro to Mandarin Chinese 普通話入門,3.00,- Staff,19,19,LEC,A,P&E,Mo 02:30PM - 05:15PM,YIA_510,"9/7, 9/14, 9/21, 9/28, 10/5, 10/12",Yes,,Yale-China Chin Lang Acad
2026-27 Term 1,2420,CLCP,CLCP1003A,5088,Intro to Mandarin Chinese 普通話入門,3.00,- Staff,19,19,LEC,A,P&E,Mo 02:30PM - 05:15PM,YIA_510,"10/26, 11/2, 11/9, 11/16, 11/23, 11/30",Yes,,Yale-China Chin Lang Acad
2026-27 Term 1,2420,CLCP,CLCP1003B,5089,Intro to Mandarin Chinese 普通話入門,3.00,- Staff,19,19,LEC,B,P&E,Tu 10:30AM - 01:15PM,FYB_UG02,"9/8, 9/15, 9/22, 9/29, 10/6, 10/13, 10/20, 10/27, 11/3, 11/10, 11/17, 11/24, 12/1",Yes,,Yale-China Chin Lang Acad
2026-27 Term 1,2420,CLCP,CLCP1003C,5090,Intro to Mandarin Chinese 普通話入門,3.00,- Staff,19,19,LEC,C,P&E,We 02:30PM - 05:15PM,SB_239,"9/9, 9/16, 9/23, 9/30, 10/7, 10/14, 10/21, 10/28, 11/4, 11/11, 11/18, 11/25, 12/2",Yes,,Yale-China Chin Lang Acad
2026-27 Term 1,2420,CLCP,CLCP1101-,6554,PTH Taster Course for Local St 本地學生普通話應用科目,1.00,- Staff,150,150,WBL,-X01,P,TBA,NRR,07/09/2026 - 30/11/2026,Yes,Yes,Yale-China Chin Lang Acad
2026-27 Term 1,2420,CLCP,CLCP1113A,9378,Application of Voc & Gr I 詞彙與語法應用（一）,3.00,- Staff,19,19,LEC,A,P&E,Mo 02:30PM - 04:15PM,YIA_605,"9/7, 9/14, 9/21, 9/28, 10/5, 10/12",Yes,,Yale-China Chin Lang Acad
2026-27 Term 1,2420,CLCP,CLCP1113A,9378,Application of Voc & Gr I 詞彙與語法應用（一）,3.00,- Staff,19,19,LEC,A,P&E,Mo 02:30PM - 04:15PM,YIA_605,"10/26, 11/2, 11/9, 11/16, 11/23, 11/30",Yes,,Yale-China Chin Lang Acad
2026-27 Term 1,2420,CLCP,CLCP1113A,9378,Application of Voc & Gr I 詞彙與語法應用（一）,3.00,- Staff,19,19,WBL,AX01,P&E,TBA,NRR,07/09/2026 - 30/11/2026,Yes,,Yale-China Chin Lang Acad
2026-27 Term 1,2420,CLCP,CLCP1113B,9533,Application of Voc & Gr I 詞彙與語法應用（一）,3.00,- Staff,19,19,LEC,B,P&E,Mo 04:30PM - 06:15PM,YIA_607,"9/7, 9/14, 9/21, 9/28, 10/5, 10/12",Yes,,Yale-China Chin Lang Acad
2026-27 Term 1,2420,CLCP,CLCP1113B,9533,Application of Voc & Gr I 詞彙與語法應用（一）,3.00,- Staff,19,19,LEC,B,P&E,Mo 04:30PM - 06:15PM,YIA_607,"10/26, 11/2, 11/9, 11/16, 11/23, 11/30",Yes,,Yale-China Chin Lang Acad
2026-27 Term 1,2420,CLCP,CLCP1113B,9533,Application of Voc & Gr I 詞彙與語法應用（一）,3.00,- Staff,19,19,WBL,BX01,P&E,TBA,NRR,07/09/2026 - 30/11/2026,Yes,,Yale-China Chin Lang Acad
2026-27 Term 1,2420,CLCP,CLCP1113C,5902,Application of Voc & Gr I 詞彙與語法應用（一）,3.00,- Staff,19,19,LEC,C,P&E,Tu 10:30AM - 12:15PM,YIA_605,"9/8, 9/15, 9/22, 9/29, 10/6, 10/13, 10/20, 10/27, 11/3, 11/10, 11/17, 11/24, 12/1",Yes,,Yale-China Chin Lang Acad
2026-27 Term 1,2420,CLCP,CLCP1113C,5902,Application of Voc & Gr I 詞彙與語法應用（一）,3.00,- Staff,19,19,WBL,CX01,P&E,TBA,NRR,07/09/2026 - 30/11/2026,Yes,,Yale-China Chin Lang Acad
2026-27 Term 1,2420,CLCP,CLCP1113D,9207,Application of Voc & Gr I 詞彙與語法應用（一）,3.00,- Staff,19,19,LEC,D,P&E,Tu 02:30PM - 04:15PM,YIA_607,"9/8, 9/15, 9/22, 9/29, 10/6, 10/13, 10/20, 10/27, 11/3, 11/10, 11/17, 11/24, 12/1",Yes,,Yale-China Chin Lang Acad
2026-27 Term 1,2420,CLCP,CLCP1113D,9207,Application of Voc & Gr I 詞彙與語法應用（一）,3.00,- Staff,19,19,WBL,DX01,P&E,TBA,NRR,07/09/2026 - 30/11/2026,Yes,,Yale-China Chin Lang Acad
2026-27 Term 1,2420,CLCP,CLCP1123A,7317,Oral Skills Practice I 口語技能訓練（一）,3.00,- Staff,19,19,LEC,A,P&E,We 10:30AM - 12:15PM,LSK_408,"9/9, 9/16, 9/23, 9/30, 10/7, 10/14, 10/21, 10/28, 11/4, 11/11, 11/18, 11/25, 12/2",Yes,,Yale-China Chin Lang Acad
2026-27 Term 1,2420,CLCP,CLCP1123A,7317,Oral Skills Practice I 口語技能訓練（一）,3.00,- Staff,19,19,WBL,AX01,P&E,TBA,NRR,07/09/2026 - 30/11/2026,Yes,,Yale-China Chin Lang Acad
2026-27 Term 1,2420,CLCP,CLCP1123B,9304,Oral Skills Practice I 口語技能訓練（一）,3.00,- Staff,19,19,LEC,B,P&E,We 02:30PM - 04:15PM,YIA_608,"9/9, 9/16, 9/23, 9/30, 10/7, 10/14, 10/21, 10/28, 11/4, 11/11, 11/18, 11/25, 12/2",Yes,,Yale-China Chin Lang Acad
2026-27 Term 1,2420,CLCP,CLCP1123B,9304,Oral Skills Practice I 口語技能訓練（一）,3.00,- Staff,19,19,WBL,BX01,P&E,TBA,NRR,07/09/2026 - 30/11/2026,Yes,,Yale-China Chin Lang Acad
2026-27 Term 1,2420,CLCP,CLCP1123C,5395,Oral Skills Practice I 口語技能訓練（一）,3.00,- Staff,19,19,LEC,C,P&E,Th 10:30AM - 12:15PM,LSK_410,"9/10, 9/17, 9/24",Yes,,Yale-China Chin Lang Acad
2026-27 Term 1,2420,CLCP,CLCP1123C,5395,Oral Skills Practice I 口語技能訓練（一）,3.00,- Staff,19,19,LEC,C,P&E,Th 10:30AM - 12:15PM,LSK_410,"10/8, 10/15, 10/22, 10/29, 11/5, 11/12, 11/19, 11/26, 12/3",Yes,,Yale-China Chin Lang Acad
2026-27 Term 1,2420,CLCP,CLCP1123C,5395,Oral Skills Practice I 口語技能訓練（一）,3.00,- Staff,19,19,WBL,CX01,P&E,TBA,NRR,07/09/2026 - 30/11/2026,Yes,,Yale-China Chin Lang Acad
2026-27 Term 1,2420,CLCP,CLCP1123D,9305,Oral Skills Practice I 口語技能訓練（一）,3.00,- Staff,19,19,LEC,D,P&E,Th 02:30PM - 04:15PM,LSK_416,"9/10, 9/17, 9/24",Yes,,Yale-China Chin Lang Acad
2026-27 Term 1,2420,CLCP,CLCP1123D,9305,Oral Skills Practice I 口語技能訓練（一）,3.00,- Staff,19,19,LEC,D,P&E,Th 02:30PM - 04:15PM,LSK_416,"10/8, 10/15, 10/22, 10/29, 11/5, 11/12, 11/19, 11/26, 12/3",Yes,,Yale-China Chin Lang Acad
2026-27 Term 1,2420,CLCP,CLCP1123D,9305,Oral Skills Practice I 口語技能訓練（一）,3.00,- Staff,19,19,WBL,DX01,P&E,TBA,NRR,07/09/2026 - 30/11/2026,Yes,,Yale-China Chin Lang Acad
2026-27 Term 1,2420,CLCP,CLCP1133A,5380,Comm in Context I 普通話能力訓練（一）,3.00,- Staff,19,19,LEC,A,P&E,Mo 02:30PM - 04:15PM,YIA_410,"9/7, 9/14, 9/21, 9/28, 10/5, 10/12",Yes,,Yale-China Chin Lang Acad
2026-27 Term 1,2420,CLCP,CLCP1133A,5380,Comm in Context I 普通話能力訓練（一）,3.00,- Staff,19,19,LEC,A,P&E,Mo 02:30PM - 04:15PM,YIA_410,"10/26, 11/2, 11/9, 11/16, 11/23, 11/30",Yes,,Yale-China Chin Lang Acad
2026-27 Term 1,2420,CLCP,CLCP1133A,5380,Comm in Context I 普通話能力訓練（一）,3.00,- Staff,19,19,WBL,AX01,P&E,TBA,NRR,07/09/2026 - 30/11/2026,Yes,,Yale-China Chin Lang Acad
2026-27 Term 1,2420,CLCP,CLCP1133B,5674,Comm in Context I 普通話能力訓練（一）,3.00,- Staff,19,19,LEC,B,P&E,Tu 10:30AM - 12:15PM,YIA_408,"9/8, 9/15, 9/22, 9/29, 10/6, 10/13, 10/20, 10/27, 11/3, 11/10, 11/17, 11/24, 12/1",Yes,,Yale-China Chin Lang Acad
2026-27 Term 1,2420,CLCP,CLCP1133B,5674,Comm in Context I 普通話能力訓練（一）,3.00,- Staff,19,19,WBL,BX01,P&E,TBA,NRR,07/09/2026 - 30/11/2026,Yes,,Yale-China Chin Lang Acad
2026-27 Term 1,2420,CLCP,CLCP1153A,8576,Basic Presentation Skills I 基本表達技巧訓練（一）,3.00,- Staff,19,19,LEC,A,P&E,We 10:30AM - 12:15PM,YIA_607,"9/9, 9/16, 9/23, 9/30, 10/7, 10/14, 10/21, 10/28, 11/4, 11/11, 11/18, 11/25, 12/2",Yes,,Yale-China Chin Lang Acad
2026-27 Term 1,2420,CLCP,CLCP1153A,8576,Basic Presentation Skills I 基本表達技巧訓練（一）,3.00,- Staff,19,19,WBL,AX01,P&E,TBA,NRR,07/09/2026 - 30/11/2026,Yes,,Yale-China Chin Lang Acad
2026-27 Term 1,2420,CLCP,CLCP1153B,5886,Basic Presentation Skills I 基本表達技巧訓練（一）,3.00,- Staff,19,19,LEC,B,P&E,We 02:30PM - 04:15PM,YIA_605,"9/9, 9/16, 9/23, 9/30, 10/7, 10/14, 10/21, 10/28, 11/4, 11/11, 11/18, 11/25, 12/2",Yes,,Yale-China Chin Lang Acad
2026-27 Term 1,2420,CLCP,CLCP1153B,5886,Basic Presentation Skills I 基本表達技巧訓練（一）,3.00,- Staff,19,19,WBL,BX01,P&E,TBA,NRR,07/09/2026 - 30/11/2026,Yes,,Yale-China Chin Lang Acad
2026-27 Term 1,2420,CLCP,CLCP1703-,5374,Elementary Putonghua 初級普通話,3.00,- Staff,22,22,LEC,-,P,Th 08:30AM - 10:15AM,YIA_510,"9/10, 9/17, 9/24",Yes,,Yale-China Chin Lang Acad
2026-27 Term 1,2420,CLCP,CLCP1703-,5374,Elementary Putonghua 初級普通話,3.00,- Staff,22,22,LEC,-,P,Th 08:30AM - 10:15AM,YIA_510,"10/8, 10/15, 10/22, 10/29, 11/5, 11/12, 11/19, 11/26, 12/3",Yes,,Yale-China Chin Lang Acad
2026-27 Term 1,2420,CLCP,CLCP1703-,5374,Elementary Putonghua 初級普通話,3.00,- Staff,22,22,WBL,-X01,P,TBA,NRR,07/09/2026 - 30/11/2026,Yes,,Yale-China Chin Lang Acad
2026-27 Term 1,2420,CLCP,CLCP2213-,7316,Application of Voc & Gr II 詞匯與語法應用（二）,3.00,- Staff,19,19,LEC,-,P&E,Mo 04:30PM - 06:15PM,YIA_407,"9/7, 9/14, 9/21, 9/28, 10/5, 10/12",Yes,,Yale-China Chin Lang Acad
2026-27 Term 1,2420,CLCP,CLCP2213-,7316,Application of Voc & Gr II 詞匯與語法應用（二）,3.00,- Staff,19,19,LEC,-,P&E,Mo 04:30PM - 06:15PM,YIA_407,"10/26, 11/2, 11/9, 11/16, 11/23, 11/30",Yes,,Yale-China Chin Lang Acad
2026-27 Term 1,2420,CLCP,CLCP2213-,7316,Application of Voc & Gr II 詞匯與語法應用（二）,3.00,- Staff,19,19,WBL,-X01,P&E,TBA,NRR,07/09/2026 - 30/11/2026,Yes,,Yale-China Chin Lang Acad
2026-27 Term 1,2420,CLCP,CLCP2223-,5432,Oral Skills Practice II 口語技能訓練（二）,3.00,- Staff,19,19,LEC,-,P&E,We 10:30AM - 12:15PM,YIA_603,"9/9, 9/16, 9/23, 9/30, 10/7, 10/14, 10/21, 10/28, 11/4, 11/11, 11/18, 11/25, 12/2",Yes,,Yale-China Chin Lang Acad
2026-27 Term 1,2420,CLCP,CLCP2223-,5432,Oral Skills Practice II 口語技能訓練（二）,3.00,- Staff,19,19,WBL,-X01,P&E,TBA,NRR,07/09/2026 - 30/11/2026,Yes,,Yale-China Chin Lang Acad
2026-27 Term 1,2420,CLCP,CLCP2233-,5381,Comm in Context II 普通話能力訓練（二）,3.00,- Staff,19,19,LEC,-,P&E,Tu 02:30PM - 04:15PM,YIA_401,"9/8, 9/15, 9/22, 9/29, 10/6, 10/13, 10/20, 10/27, 11/3, 11/10, 11/17, 11/24, 12/1",Yes,,Yale-China Chin Lang Acad
2026-27 Term 1,2420,CLCP,CLCP2233-,5381,Comm in Context II 普通話能力訓練（二）,3.00,- Staff,19,19,WBL,-X01,P&E,TBA,NRR,07/09/2026 - 30/11/2026,Yes,,Yale-China Chin Lang Acad
2026-27 Term 1,2420,CLCP,CLCP2243-,7102,L & R Com Sks II - Daily & Bus 聽力及閱讀理解訓練（二） – 日常及商務專題,3.00,- Staff,19,19,LEC,-,P&E,Mo 09:30AM - 11:15AM,LSK_410,"9/7, 9/14, 9/21, 9/28, 10/5, 10/12",Yes,,Yale-China Chin Lang Acad
2026-27 Term 1,2420,CLCP,CLCP2243-,7102,L & R Com Sks II - Daily & Bus 聽力及閱讀理解訓練（二） – 日常及商務專題,3.00,- Staff,19,19,LEC,-,P&E,Mo 09:30AM - 11:15AM,LSK_410,"10/26, 11/2, 11/9, 11/16, 11/23, 11/30",Yes,,Yale-China Chin Lang Acad
2026-27 Term 1,2420,CLCP,CLCP2243-,7102,L & R Com Sks II - Daily & Bus 聽力及閱讀理解訓練（二） – 日常及商務專題,3.00,- Staff,19,19,WBL,-X01,P&E,Mo 11:30AM - 12:15PM,LSK_410,"9/7, 9/14, 9/21, 9/28, 10/5, 10/12",Yes,,Yale-China Chin Lang Acad
2026-27 Term 1,2420,CLCP,CLCP2243-,7102,L & R Com Sks II - Daily & Bus 聽力及閱讀理解訓練（二） – 日常及商務專題,3.00,- Staff,19,19,WBL,-X01,P&E,Mo 11:30AM - 12:15PM,LSK_410,"10/26, 11/2, 11/9, 11/16, 11/23, 11/30",Yes,,Yale-China Chin Lang Acad
2026-27 Term 1,2420,CLCP,CLCP2253-,8577,Basic Presentation Skills II 基本表達技巧訓練（二）,3.00,- Staff,19,19,LEC,-,P&E,Th 02:30PM - 04:15PM,YIA_603,"9/10, 9/17, 9/24",Yes,,Yale-China Chin Lang Acad
2026-27 Term 1,2420,CLCP,CLCP2253-,8577,Basic Presentation Skills II 基本表達技巧訓練（二）,3.00,- Staff,19,19,LEC,-,P&E,Th 02:30PM - 04:15PM,YIA_603,"10/8, 10/15, 10/22, 10/29, 11/5, 11/12, 11/19, 11/26, 12/3",Yes,,Yale-China Chin Lang Acad
2026-27 Term 1,2420,CLCP,CLCP2253-,8577,Basic Presentation Skills II 基本表達技巧訓練（二）,3.00,- Staff,19,19,WBL,-X01,P&E,TBA,NRR,07/09/2026 - 30/11/2026,Yes,,Yale-China Chin Lang Acad
2026-27 Term 1,2420,CLCP,CLCP2703A,5646,Intermediate Putonghua 中級普通話,3.00,- Staff,22,22,LEC,A,P,Mo 10:30AM - 12:15PM,WMY_503,"9/7, 9/14, 9/21, 9/28, 10/5, 10/12",,,Yale-China Chin Lang Acad
2026-27 Term 1,2420,CLCP,CLCP2703A,5646,Intermediate Putonghua 中級普通話,3.00,- Staff,22,22,LEC,A,P,Mo 10:30AM - 12:15PM,WMY_503,"10/26, 11/2, 11/9, 11/16, 11/23, 11/30",,,Yale-China Chin Lang Acad
2026-27 Term 1,2420,CLCP,CLCP2703A,5646,Intermediate Putonghua 中級普通話,3.00,- Staff,22,22,WBL,AX01,P,TBA,NRR,07/09/2026 - 30/11/2026,,,Yale-China Chin Lang Acad
2026-27 Term 1,2420,CLCP,CLCP2703B,5734,Intermediate Putonghua 中級普通話,3.00,- Staff,22,22,LEC,B,P,Mo 12:30PM - 02:15PM,YIA_506,"9/7, 9/14, 9/21, 9/28, 10/5, 10/12",,,Yale-China Chin Lang Acad
2026-27 Term 1,2420,CLCP,CLCP2703B,5734,Intermediate Putonghua 中級普通話,3.00,- Staff,22,22,LEC,B,P,Mo 12:30PM - 02:15PM,YIA_506,"10/26, 11/2, 11/9, 11/16, 11/23, 11/30",,,Yale-China Chin Lang Acad
2026-27 Term 1,2420,CLCP,CLCP2703B,5734,Intermediate Putonghua 中級普通話,3.00,- Staff,22,22,WBL,BX01,P,TBA,NRR,07/09/2026 - 30/11/2026,,,Yale-China Chin Lang Acad
2026-27 Term 1,2420,CLCP,CLCP2703C,5645,Intermediate Putonghua 中級普通話,3.00,- Staff,22,22,LEC,C,P,Mo 02:30PM - 04:15PM,FYB_603,"9/7, 9/14, 9/21, 9/28, 10/5, 10/12",,,Yale-China Chin Lang Acad
2026-27 Term 1,2420,CLCP,CLCP2703C,5645,Intermediate Putonghua 中級普通話,3.00,- Staff,22,22,LEC,C,P,Mo 02:30PM - 04:15PM,FYB_603,"10/26, 11/2, 11/9, 11/16, 11/23, 11/30",,,Yale-China Chin Lang Acad
2026-27 Term 1,2420,CLCP,CLCP2703C,5645,Intermediate Putonghua 中級普通話,3.00,- Staff,22,22,WBL,CX01,P,TBA,NRR,07/09/2026 - 30/11/2026,,,Yale-China Chin Lang Acad
2026-27 Term 1,2420,CLCP,CLCP2703D,5730,Intermediate Putonghua 中級普通話,3.00,- Staff,22,22,LEC,D,P,Mo 04:30PM - 06:15PM,YIA_411,"9/7, 9/14, 9/21, 9/28, 10/5, 10/12",,,Yale-China Chin Lang Acad
2026-27 Term 1,2420,CLCP,CLCP2703D,5730,Intermediate Putonghua 中級普通話,3.00,- Staff,22,22,LEC,D,P,Mo 04:30PM - 06:15PM,YIA_411,"10/26, 11/2, 11/9, 11/16, 11/23, 11/30",,,Yale-China Chin Lang Acad
2026-27 Term 1,2420,CLCP,CLCP2703D,5730,Intermediate Putonghua 中級普通話,3.00,- Staff,22,22,WBL,DX01,P,TBA,NRR,07/09/2026 - 30/11/2026,,,Yale-China Chin Lang Acad
2026-27 Term 1,2420,CLCP,CLCP2703E,5942,Intermediate Putonghua 中級普通話,3.00,- Staff,22,22,LEC,E,P,Tu 10:30AM - 12:15PM,WMY_405,"9/8, 9/15, 9/22, 9/29, 10/6, 10/13, 10/20, 10/27, 11/3, 11/10, 11/17, 11/24, 12/1",,,Yale-China Chin Lang Acad
2026-27 Term 1,2420,CLCP,CLCP2703E,5942,Intermediate Putonghua 中級普通話,3.00,- Staff,22,22,WBL,EX01,P,TBA,NRR,07/09/2026 - 30/11/2026,,,Yale-China Chin Lang Acad
2026-27 Term 1,2420,CLCP,CLCP2703F,5586,Intermediate Putonghua 中級普通話,3.00,- Staff,22,22,LEC,F,P,Tu 12:30PM - 02:15PM,YIA_504,"9/8, 9/15, 9/22, 9/29, 10/6, 10/13, 10/20, 10/27, 11/3, 11/10, 11/17, 11/24, 12/1",,,Yale-China Chin Lang Acad
2026-27 Term 1,2420,CLCP,CLCP2703F,5586,Intermediate Putonghua 中級普通話,3.00,- Staff,22,22,WBL,FX01,P,TBA,NRR,07/09/2026 - 30/11/2026,,,Yale-China Chin Lang Acad
2026-27 Term 1,2420,CLCP,CLCP2703G,5643,Intermediate Putonghua 中級普通話,3.00,- Staff,22,22,LEC,G,P,Tu 02:30PM - 04:15PM,YIA_408,"9/8, 9/15, 9/22, 9/29, 10/6, 10/13, 10/20, 10/27, 11/3, 11/10, 11/17, 11/24, 12/1",,,Yale-China Chin Lang Acad
2026-27 Term 1,2420,CLCP,CLCP2703G,5643,Intermediate Putonghua 中級普通話,3.00,- Staff,22,22,WBL,GX01,P,TBA,NRR,07/09/2026 - 30/11/2026,,,Yale-China Chin Lang Acad
2026-27 Term 1,2420,CLCP,CLCP2703H,5904,Intermediate Putonghua 中級普通話,3.00,- Staff,22,22,LEC,H,P,Tu 04:30PM - 06:15PM,YIA_510,"9/8, 9/15, 9/22, 9/29, 10/6, 10/13, 10/20, 10/27, 11/3, 11/10, 11/17, 11/24, 12/1",,,Yale-China Chin Lang Acad
2026-27 Term 1,2420,CLCP,CLCP2703H,5904,Intermediate Putonghua 中級普通話,3.00,- Staff,22,22,WBL,HX01,P,TBA,NRR,07/09/2026 - 30/11/2026,,,Yale-China Chin Lang Acad
2026-27 Term 1,2420,CLCP,CLCP2703I,5644,Intermediate Putonghua 中級普通話,3.00,- Staff,22,22,LEC,I,P,We 10:30AM - 12:15PM,HYS_G06,"9/9, 9/16, 9/23, 9/30, 10/7, 10/14, 10/21, 10/28, 11/4, 11/11, 11/18, 11/25, 12/2",,,Yale-China Chin Lang Acad
2026-27 Term 1,2420,CLCP,CLCP2703I,5644,Intermediate Putonghua 中級普通話,3.00,- Staff,22,22,WBL,IX01,P,TBA,NRR,07/09/2026 - 30/11/2026,,,Yale-China Chin Lang Acad
2026-27 Term 1,2420,CLCP,CLCP2703J,5587,Intermediate Putonghua 中級普通話,3.00,- Staff,22,22,LEC,J,P,We 12:30PM - 02:15PM,YIA_409,"9/9, 9/16, 9/23, 9/30, 10/7, 10/14, 10/21, 10/28, 11/4, 11/11, 11/18, 11/25, 12/2",,,Yale-China Chin Lang Acad
2026-27 Term 1,2420,CLCP,CLCP2703J,5587,Intermediate Putonghua 中級普通話,3.00,- Staff,22,22,WBL,JX01,P,TBA,NRR,07/09/2026 - 30/11/2026,,,Yale-China Chin Lang Acad
2026-27 Term 1,2420,CLCP,CLCP2703K,5943,Intermediate Putonghua 中級普通話,3.00,- Staff,22,22,LEC,K,P,We 02:30PM - 04:15PM,YIA_410,"9/9, 9/16, 9/23, 9/30, 10/7, 10/14, 10/21, 10/28, 11/4, 11/11, 11/18, 11/25, 12/2",,,Yale-China Chin Lang Acad
2026-27 Term 1,2420,CLCP,CLCP2703K,5943,Intermediate Putonghua 中級普通話,3.00,- Staff,22,22,WBL,KX01,P,TBA,NRR,07/09/2026 - 30/11/2026,,,Yale-China Chin Lang Acad
2026-27 Term 1,2420,CLCP,CLCP2703L,5944,Intermediate Putonghua 中級普通話,3.00,- Staff,22,22,LEC,L,P,We 04:30PM - 06:15PM,YIA_511,"9/9, 9/16, 9/23, 9/30, 10/7, 10/14, 10/21, 10/28, 11/4, 11/11, 11/18, 11/25, 12/2",,,Yale-China Chin Lang Acad
2026-27 Term 1,2420,CLCP,CLCP2703L,5944,Intermediate Putonghua 中級普通話,3.00,- Staff,22,22,WBL,LX01,P,TBA,NRR,07/09/2026 - 30/11/2026,,,Yale-China Chin Lang Acad
2026-27 Term 1,2420,CLCP,CLCP2703M,5642,Intermediate Putonghua 中級普通話,3.00,- Staff,22,22,LEC,M,P,Th 10:30AM - 12:15PM,FYB_603,"9/10, 9/17, 9/24",,,Yale-China Chin Lang Acad
2026-27 Term 1,2420,CLCP,CLCP2703M,5642,Intermediate Putonghua 中級普通話,3.00,- Staff,22,22,LEC,M,P,Th 10:30AM - 12:15PM,FYB_603,"10/8, 10/15, 10/22, 10/29, 11/5, 11/12, 11/19, 11/26, 12/3",,,Yale-China Chin Lang Acad
2026-27 Term 1,2420,CLCP,CLCP2703M,5642,Intermediate Putonghua 中級普通話,3.00,- Staff,22,22,WBL,MX01,P,TBA,NRR,07/09/2026 - 30/11/2026,,,Yale-China Chin Lang Acad
2026-27 Term 1,2420,CLCP,CLCP2703N,5698,Intermediate Putonghua 中級普通話,3.00,- Staff,22,22,LEC,N,P,Th 12:30PM - 02:15PM,YIA_409,"9/10, 9/17, 9/24",,,Yale-China Chin Lang Acad
2026-27 Term 1,2420,CLCP,CLCP2703N,5698,Intermediate Putonghua 中級普通話,3.00,- Staff,22,22,LEC,N,P,Th 12:30PM - 02:15PM,YIA_409,"10/8, 10/15, 10/22, 10/29, 11/5, 11/12, 11/19, 11/26, 12/3",,,Yale-China Chin Lang Acad
2026-27 Term 1,2420,CLCP,CLCP2703N,5698,Intermediate Putonghua 中級普通話,3.00,- Staff,22,22,WBL,NX01,P,TBA,NRR,07/09/2026 - 30/11/2026,,,Yale-China Chin Lang Acad
2026-27 Term 1,2420,CLCP,CLCP2703O,5588,Intermediate Putonghua 中級普通話,3.00,- Staff,22,22,LEC,O,P,Th 02:30PM - 04:15PM,YIA_409,"9/10, 9/17, 9/24",,,Yale-China Chin Lang Acad
2026-27 Term 1,2420,CLCP,CLCP2703O,5588,Intermediate Putonghua 中級普通話,3.00,- Staff,22,22,LEC,O,P,Th 02:30PM - 04:15PM,YIA_409,"10/8, 10/15, 10/22, 10/29, 11/5, 11/12, 11/19, 11/26, 12/3",,,Yale-China Chin Lang Acad
2026-27 Term 1,2420,CLCP,CLCP2703O,5588,Intermediate Putonghua 中級普通話,3.00,- Staff,22,22,WBL,OX01,P,TBA,NRR,07/09/2026 - 30/11/2026,,,Yale-China Chin Lang Acad
2026-27 Term 1,2420,CLCP,CLCP2703P,5600,Intermediate Putonghua 中級普通話,3.00,- Staff,22,22,LEC,P,P,Th 04:30PM - 06:15PM,YIA_504,"9/10, 9/17, 9/24",,,Yale-China Chin Lang Acad
2026-27 Term 1,2420,CLCP,CLCP2703P,5600,Intermediate Putonghua 中級普通話,3.00,- Staff,22,22,LEC,P,P,Th 04:30PM - 06:15PM,YIA_504,"10/8, 10/15, 10/22, 10/29, 11/5, 11/12, 11/19, 11/26, 12/3",,,Yale-China Chin Lang Acad
2026-27 Term 1,2420,CLCP,CLCP2703P,5600,Intermediate Putonghua 中級普通話,3.00,- Staff,22,22,WBL,PX01,P,TBA,NRR,07/09/2026 - 30/11/2026,,,Yale-China Chin Lang Acad
2026-27 Term 1,2420,CLCP,CLCP2703Q,5629,Intermediate Putonghua 中級普通話,3.00,- Staff,22,22,LEC,Q,P,Fr 08:30AM - 10:15AM,YIA_411,"9/11, 9/18, 9/25, 10/2, 10/9, 10/16, 10/23, 10/30, 11/6, 11/13, 11/20, 11/27, 12/4",,,Yale-China Chin Lang Acad
2026-27 Term 1,2420,CLCP,CLCP2703Q,5629,Intermediate Putonghua 中級普通話,3.00,- Staff,22,22,WBL,QX01,P,TBA,NRR,07/09/2026 - 30/11/2026,,,Yale-China Chin Lang Acad
2026-27 Term 1,2420,CLCP,CLCP3313-,9506,Application of Voc & Gr III 詞彙與語法應用（三）,3.00,- Staff,19,19,LEC,-,P&E,Mo 02:30PM - 05:15PM,MMW_715,"9/7, 9/14, 9/21, 9/28, 10/5, 10/12",Yes,,Yale-China Chin Lang Acad
2026-27 Term 1,2420,CLCP,CLCP3313-,9506,Application of Voc & Gr III 詞彙與語法應用（三）,3.00,- Staff,19,19,LEC,-,P&E,Mo 02:30PM - 05:15PM,MMW_715,"10/26, 11/2, 11/9, 11/16, 11/23, 11/30",Yes,,Yale-China Chin Lang Acad
2026-27 Term 1,2420,CLCP,CLCP3323-,9646,Oral Skills Practice III 口語技能訓練（三）,3.00,- Staff,19,19,LEC,-,P&E,We 02:30PM - 05:15PM,LSK_404,"9/9, 9/16, 9/23, 9/30, 10/7, 10/14, 10/21, 10/28, 11/4, 11/11, 11/18, 11/25, 12/2",Yes,,Yale-China Chin Lang Acad
2026-27 Term 1,2420,CLCP,CLCP3333-,5373,Comm in Context III 普通話能力訓練（三）,3.00,- Staff,19,19,LEC,-,P&E,Tu 09:30AM - 12:15PM,YIA_411,"9/8, 9/15, 9/22, 9/29, 10/6, 10/13, 10/20, 10/27, 11/3, 11/10, 11/17, 11/24, 12/1",Yes,,Yale-China Chin Lang Acad
2026-27 Term 1,2420,CLCP,CLCP3353-,9885,Presentation Skills & Dai Sit 表達技巧訓練,3.00,- Staff,19,19,LEC,-,P&E,Th 02:30PM - 05:15PM,CKB_122,"9/10, 9/17, 9/24",Yes,,Yale-China Chin Lang Acad
2026-27 Term 1,2420,CLCP,CLCP3353-,9885,Presentation Skills & Dai Sit 表達技巧訓練,3.00,- Staff,19,19,LEC,-,P&E,Th 02:30PM - 05:15PM,CKB_122,"10/8, 10/15, 10/22, 10/29, 11/5, 11/12, 11/19, 11/26, 12/3",Yes,,Yale-China Chin Lang Acad
2026-27 Term 1,2420,CLCP,CLCP3702A,5946,Learning PTH thru Movies 看電影學普通話,2.00,- Staff,22,22,LEC,A,P,Tu 12:30PM - 02:15PM,YIA_411,"9/8, 9/15, 9/22, 9/29, 10/6, 10/13, 10/20, 10/27, 11/3, 11/10, 11/17, 11/24, 12/1",,,Yale-China Chin Lang Acad
2026-27 Term 1,2420,CLCP,CLCP3702B,5688,Learning PTH thru Movies 看電影學普通話,2.00,- Staff,22,22,LEC,B,P,We 02:30PM - 04:15PM,YIA_506,"9/9, 9/16, 9/23, 9/30, 10/7, 10/14, 10/21, 10/28, 11/4, 11/11, 11/18, 11/25, 12/2",,,Yale-China Chin Lang Acad
2026-27 Term 1,2420,CLCP,CLCP3702C,8440,Learning PTH thru Movies 看電影學普通話,2.00,- Staff,22,22,LEC,C,P,Th 10:30AM - 12:15PM,YIA_409,"9/10, 9/17, 9/24",,,Yale-China Chin Lang Acad
2026-27 Term 1,2420,CLCP,CLCP3702C,8440,Learning PTH thru Movies 看電影學普通話,2.00,- Staff,22,22,LEC,C,P,Th 10:30AM - 12:15PM,YIA_409,"10/8, 10/15, 10/22, 10/29, 11/5, 11/12, 11/19, 11/26, 12/3",,,Yale-China Chin Lang Acad
2026-27 Term 1,2420,CLCP,CLCP3703A,8510,Advanced Putonghua 高級普通話,3.00,- Staff,22,22,LEC,A,P,Mo 02:30PM - 04:15PM,WMY_302,"9/7, 9/14, 9/21, 9/28, 10/5, 10/12",,,Yale-China Chin Lang Acad
2026-27 Term 1,2420,CLCP,CLCP3703A,8510,Advanced Putonghua 高級普通話,3.00,- Staff,22,22,LEC,A,P,Mo 02:30PM - 04:15PM,WMY_302,"10/26, 11/2, 11/9, 11/16, 11/23, 11/30",,,Yale-China Chin Lang Acad
2026-27 Term 1,2420,CLCP,CLCP3703A,8510,Advanced Putonghua 高級普通話,3.00,- Staff,22,22,WBL,AX01,P,TBA,NRR,07/09/2026 - 30/11/2026,,,Yale-China Chin Lang Acad
2026-27 Term 1,2420,CLCP,CLCP3703B,5724,Advanced Putonghua 高級普通話,3.00,- Staff,22,22,LEC,B,P,Tu 02:30PM - 04:15PM,WMY_401,"9/8, 9/15, 9/22, 9/29, 10/6, 10/13, 10/20, 10/27, 11/3, 11/10, 11/17, 11/24, 12/1",,,Yale-China Chin Lang Acad
2026-27 Term 1,2420,CLCP,CLCP3703B,5724,Advanced Putonghua 高級普通話,3.00,- Staff,22,22,WBL,BX01,P,TBA,NRR,07/09/2026 - 30/11/2026,,,Yale-China Chin Lang Acad
2026-27 Term 1,2420,CLCP,CLCP3703C,8496,Advanced Putonghua 高級普通話,3.00,- Staff,22,22,LEC,C,P,We 12:30PM - 02:15PM,YIA_411,"9/9, 9/16, 9/23, 9/30, 10/7, 10/14, 10/21, 10/28, 11/4, 11/11, 11/18, 11/25, 12/2",,,Yale-China Chin Lang Acad
2026-27 Term 1,2420,CLCP,CLCP3703C,8496,Advanced Putonghua 高級普通話,3.00,- Staff,22,22,WBL,CX01,P,TBA,NRR,07/09/2026 - 30/11/2026,,,Yale-China Chin Lang Acad
2026-27 Term 1,2420,CLCP,CLCP3703D,5598,Advanced Putonghua 高級普通話,3.00,- Staff,22,22,LEC,D,P,We 04:30PM - 06:15PM,WMY_501,"9/9, 9/16, 9/23, 9/30, 10/7, 10/14, 10/21, 10/28, 11/4, 11/11, 11/18, 11/25, 12/2",,,Yale-China Chin Lang Acad
2026-27 Term 1,2420,CLCP,CLCP3703D,5598,Advanced Putonghua 高級普通話,3.00,- Staff,22,22,WBL,DX01,P,TBA,NRR,07/09/2026 - 30/11/2026,,,Yale-China Chin Lang Acad
2026-27 Term 1,2420,CLCP,CLCP3703E,5945,Advanced Putonghua 高級普通話,3.00,- Staff,22,22,LEC,E,P,Th 10:30AM - 12:15PM,YIA_508,"9/10, 9/17, 9/24",,,Yale-China Chin Lang Acad
2026-27 Term 1,2420,CLCP,CLCP3703E,5945,Advanced Putonghua 高級普通話,3.00,- Staff,22,22,LEC,E,P,Th 10:30AM - 12:15PM,YIA_508,"10/8, 10/15, 10/22, 10/29, 11/5, 11/12, 11/19, 11/26, 12/3",,,Yale-China Chin Lang Acad
2026-27 Term 1,2420,CLCP,CLCP3703E,5945,Advanced Putonghua 高級普通話,3.00,- Staff,22,22,WBL,EX01,P,TBA,NRR,07/09/2026 - 30/11/2026,,,Yale-China Chin Lang Acad
2026-27 Term 1,2420,CLCP,CLCP3703F,8442,Advanced Putonghua 高級普通話,3.00,- Staff,22,22,LEC,F,P,Th 12:30PM - 02:15PM,WMY_401,"9/10, 9/17, 9/24",,,Yale-China Chin Lang Acad
2026-27 Term 1,2420,CLCP,CLCP3703F,8442,Advanced Putonghua 高級普通話,3.00,- Staff,22,22,LEC,F,P,Th 12:30PM - 02:15PM,WMY_401,"10/8, 10/15, 10/22, 10/29, 11/5, 11/12, 11/19, 11/26, 12/3",,,Yale-China Chin Lang Acad
2026-27 Term 1,2420,CLCP,CLCP3703F,8442,Advanced Putonghua 高級普通話,3.00,- Staff,22,22,WBL,FX01,P,TBA,NRR,07/09/2026 - 30/11/2026,,,Yale-China Chin Lang Acad
2026-27 Term 1,2420,CLCP,CLCP4413-,5687,News & Presentation Skills I 新聞及專題討論訓練（一）,3.00,- Staff,15,15,LEC,-,P&E,We 09:30AM - 12:15PM,ELB_306,"9/9, 9/16, 9/23, 9/30, 10/7, 10/14, 10/21, 10/28, 11/4, 11/11, 11/18, 11/25, 12/2",Yes,,Yale-China Chin Lang Acad
2026-27 Term 1,2420,CLCP,CLCP4443-,5279,Adv Com Skills on Bus Topics I 高級溝通技巧訓練 - 商貿專題（一）,3.00,- Staff,15,15,LEC,-,P&E,Tu 02:30PM - 05:15PM,FYB_UG02,"9/8, 9/15, 9/22, 9/29, 10/6, 10/13, 10/20, 10/27, 11/3, 11/10, 11/17, 11/24, 12/1",Yes,,Yale-China Chin Lang Acad
2026-27 Term 1,2420,CLCP,CLCP4453-,8441,Adv Comm Skills & Culture I 高級溝通技巧訓練 - 文化專題（一）,3.00,- Staff,15,15,LEC,-,P&E,Mo 09:30AM - 12:15PM,YIA_509,"9/7, 9/14, 9/21, 9/28, 10/5, 10/12",Yes,,Yale-China Chin Lang Acad
2026-27 Term 1,2420,CLCP,CLCP4453-,8441,Adv Comm Skills & Culture I 高級溝通技巧訓練 - 文化專題（一）,3.00,- Staff,15,15,LEC,-,P&E,Mo 09:30AM - 12:15PM,YIA_509,"10/26, 11/2, 11/9, 11/16, 11/23, 11/30",Yes,,Yale-China Chin Lang Acad
2026-27 Term 1,2420,CLCP,CLCP4533-,9556,Adv Top Conv II - Social Life 專題討論（二）- 社會話題,3.00,- Staff,15,15,LEC,-,P&E,Th 09:30AM - 12:15PM,YIA_406,"9/10, 9/17, 9/24",Yes,,Yale-China Chin Lang Acad
2026-27 Term 1,2420,CLCP,CLCP4533-,9556,Adv Top Conv II - Social Life 專題討論（二）- 社會話題,3.00,- Staff,15,15,LEC,-,P&E,Th 09:30AM - 12:15PM,YIA_406,"10/8, 10/15, 10/22, 10/29, 11/5, 11/12, 11/19, 11/26, 12/3",Yes,,Yale-China Chin Lang Acad
2026-27 Term 1,2420,CLCP,CLCP4702-,5676,Learning PTH thru Travelling 說著普通話去旅行,2.00,- Staff,22,22,LEC,-,P,Mo 12:30PM - 02:15PM,WMY_503,"9/7, 9/14, 9/21, 9/28, 10/5, 10/12",,,Yale-China Chin Lang Acad
2026-27 Term 1,2420,CLCP,CLCP4702-,5676,Learning PTH thru Travelling 說著普通話去旅行,2.00,- Staff,22,22,LEC,-,P,Mo 12:30PM - 02:15PM,WMY_503,"10/26, 11/2, 11/9, 11/16, 11/23, 11/30",,,Yale-China Chin Lang Acad
2026-27 Term 1,2420,CLCP,CLCP4713-,5174,Current Affairs and Discussion 時事報告與討論,3.00,- Staff,22,22,LEC,-,P,We 10:30AM - 12:15PM,ELB_307,"9/9, 9/16, 9/23, 9/30, 10/7, 10/14, 10/21, 10/28, 11/4, 11/11, 11/18, 11/25, 12/2",,,Yale-China Chin Lang Acad
2026-27 Term 1,2420,CLCP,CLCP4713-,5174,Current Affairs and Discussion 時事報告與討論,3.00,- Staff,22,22,WBL,-X01,P,TBA,NRR,07/09/2026 - 30/11/2026,,,Yale-China Chin Lang Acad
2026-27 Term 1,2420,CLCP,CLCP4763-,8536,Special Topics in PTH (Bus) 普通話專題科（商貿）,3.00,- Staff,22,22,LEC,-,P,Tu 04:30PM - 06:15PM,FYB_603,"9/8, 9/15, 9/22, 9/29, 10/6, 10/13, 10/20, 10/27, 11/3, 11/10, 11/17, 11/24, 12/1",,,Yale-China Chin Lang Acad
2026-27 Term 1,2420,CLCP,CLCP4763-,8536,Special Topics in PTH (Bus) 普通話專題科（商貿）,3.00,- Staff,22,22,WBL,-X01,P,TBA,NRR,07/09/2026 - 30/11/2026,,,Yale-China Chin Lang Acad
2026-27 Term 1,2420,CLCP,CLCP4773-,6976,Putonghua Speech Training 普通話口才訓練（表達技巧及備考科）,3.00,- Staff,22,22,LEC,-,P,Th 02:30PM - 04:15PM,YIA_607,"9/10, 9/17, 9/24",,,Yale-China Chin Lang Acad
2026-27 Term 1,2420,CLCP,CLCP4773-,6976,Putonghua Speech Training 普通話口才訓練（表達技巧及備考科）,3.00,- Staff,22,22,LEC,-,P,Th 02:30PM - 04:15PM,YIA_607,"10/8, 10/15, 10/22, 10/29, 11/5, 11/12, 11/19, 11/26, 12/3",,,Yale-China Chin Lang Acad
2026-27 Term 1,2420,CLCP,CLCP4773-,6976,Putonghua Speech Training 普通話口才訓練（表達技巧及備考科）,3.00,- Staff,22,22,WBL,-X01,P,Th 04:30PM - 05:15PM,YIA_607,"9/10, 9/17, 9/24",,,Yale-China Chin Lang Acad
2026-27 Term 1,2420,CLCP,CLCP4773-,6976,Putonghua Speech Training 普通話口才訓練（表達技巧及備考科）,3.00,- Staff,22,22,WBL,-X01,P,Th 04:30PM - 05:15PM,YIA_607,"10/8, 10/15, 10/22, 10/29, 11/5, 11/12, 11/19, 11/26, 12/3",,,Yale-China Chin Lang Acad
2026-27 Term 1,2420,CLCP,CLCP4793A,5639,Special Topics in PTH (Med) 普通話專題科（醫學）,3.00,- Staff,22,22,LEC,A,P,Tu 10:30AM - 12:15PM,HYS_G03,"9/8, 9/15, 9/22, 9/29, 10/6, 10/13, 10/20, 10/27, 11/3, 11/10, 11/17, 11/24, 12/1",,,Yale-China Chin Lang Acad
2026-27 Term 1,2420,CLCP,CLCP4793A,5639,Special Topics in PTH (Med) 普通話專題科（醫學）,3.00,- Staff,22,22,WBL,AX01,P,TBA,NRR,07/09/2026 - 30/11/2026,,,Yale-China Chin Lang Acad
2026-27 Term 1,2420,CLCP,CLCP4793B,8444,Special Topics in PTH (Med) 普通話專題科（醫學）,3.00,- Staff,22,22,LEC,B,P,Fr 08:30AM - 10:15AM,YIA_508,"9/11, 9/18, 9/25, 10/2, 10/9, 10/16, 10/23, 10/30, 11/6, 11/13, 11/20, 11/27, 12/4",,,Yale-China Chin Lang Acad
2026-27 Term 1,2420,CLCP,CLCP4793B,8444,Special Topics in PTH (Med) 普通話專題科（醫學）,3.00,- Staff,22,22,WBL,BX01,P,TBA,NRR,07/09/2026 - 30/11/2026,,,Yale-China Chin Lang Acad
2026-27 Term 1,2420,CMBI,CMBI2500-,8084,Research Internship 研究實習,2.00,- Dr. KOON Chun Alex,5,5,PRJ,-J01,E,TBA,TBA,07/09/2026 - 30/11/2026,Yes,Yes,Cell and Molecular Biology PC
2026-27 Term 1,2420,CMBI,CMBI3010-,8856,CMB Lab I 細胞及分子生物學實驗（一）,3.00,- Dr. KOON Chun Alex,40,20,LAB,-L01,E,Tu 02:30PM - 06:15PM,SC_127,"9/8, 9/15, 9/22, 9/29, 10/6, 10/13, 10/20, 10/27, 11/3, 11/10, 11/17, 11/24, 12/1",Yes,Yes,Cell and Molecular Biology PC
2026-27 Term 1,2420,CMBI,CMBI3010-,8856,CMB Lab I 細胞及分子生物學實驗（一）,3.00,- Dr. KOON Chun Alex,40,20,LAB,-L01,E,Th 02:30PM - 06:15PM,SC_127,"9/10, 9/17, 9/24",Yes,Yes,Cell and Molecular Biology PC
2026-27 Term 1,2420,CMBI,CMBI3010-,8856,CMB Lab I 細胞及分子生物學實驗（一）,3.00,- Dr. KOON Chun Alex,40,20,LAB,-L01,E,Th 02:30PM - 06:15PM,SC_127,"10/8, 10/15, 10/22, 10/29, 11/5, 11/12, 11/19, 11/26, 12/3",Yes,Yes,Cell and Molecular Biology PC
2026-27 Term 1,2420,CMBI,CMBI3030-,8802,CMB Laboratory III 細胞及分子生物學實驗（三）,1.00,- Dr. KOON Chun Alex,40,20,LAB,-L01,E,Tu 01:30PM - 02:15PM,SC_127,"9/8, 9/15, 9/22, 9/29, 10/6, 10/13, 10/20, 10/27, 11/3, 11/10, 11/17, 11/24, 12/1",Yes,Yes,Cell and Molecular Biology PC
2026-27 Term 1,2420,CMBI,CMBI3030-,8802,CMB Laboratory III 細胞及分子生物學實驗（三）,1.00,- Dr. KOON Chun Alex,40,20,LAB,-L01,E,Th 01:30PM - 02:15PM,SC_127,"9/10, 9/17, 9/24",Yes,Yes,Cell and Molecular Biology PC
2026-27 Term 1,2420,CMBI,CMBI3030-,8802,CMB Laboratory III 細胞及分子生物學實驗（三）,1.00,- Dr. KOON Chun Alex,40,20,LAB,-L01,E,Th 01:30PM - 02:15PM,SC_127,"10/8, 10/15, 10/22, 10/29, 11/5, 11/12, 11/19, 11/26, 12/3",Yes,Yes,Cell and Molecular Biology PC
2026-27 Term 1,2420,CMBI,CMBI3100-,7821,Method of Critical Thinking 細胞及分子生物學科學思維方法,2.00,- Dr. KOON Chun Alex - Professor AU Wing Ngor Shannon - Professor CHAN Ho Yin Edwin - Professor CHAN Ting Fung Philos - Professor CHEN Sijie - Professor CHEN Zhefan - Professor CHOW Hei Man - Professor GUO Dianjing - Professor HUI Jerome Ho Lam,40,20,DIS,-D01,E,TBA,NRR,07/09/2026 - 30/11/2026,Yes,Yes,Cell and Molecular Biology PC
2026-27 Term 1,2420,CMBI,CMBI4001-,9147,Protein Trafficking 蛋白運輸,1.00,- Professor ZHUANG Xiaohong,30,20,LEC,-,E,Tu 10:30AM - 01:15PM,LHC_101,"9/8, 9/15, 9/22, 9/29",,,Cell and Molecular Biology PC
2026-27 Term 1,2420,CMBI,CMBI4002-,9148,Protein Folding 蛋白折疊,1.00,- Professor WONG Kam Bo,30,20,LEC,-,E,Tu 10:30AM - 01:15PM,LHC_101,"10/6, 10/13, 10/20, 10/27",,,Cell and Molecular Biology PC
2026-27 Term 1,2420,CMBI,CMBI4003-,9149,Signal Transduction 信號傳導,1.00,- Professor ZHANG Congyan,30,20,LEC,-,E,Tu 10:30AM - 01:15PM,LHC_101,"11/3, 11/10, 11/17, 11/24, 12/1",,,Cell and Molecular Biology PC
2026-27 Term 1,2420,CMBI,CMBI4201-,9150,Genomics and Transcriptomics 基因組學及轉錄組學,1.00,- Professor CHAN Ting Fung Philos,30,19,LEC,-,E,Th 02:30PM - 05:15PM,MMW_715,"9/10, 9/17, 9/24",,,Cell and Molecular Biology PC
2026-27 Term 1,2420,CMBI,CMBI4201-,9150,Genomics and Transcriptomics 基因組學及轉錄組學,1.00,- Professor CHAN Ting Fung Philos,30,19,LEC,-,E,Th 02:30PM - 05:15PM,MMW_715,10/8,,,Cell and Molecular Biology PC
2026-27 Term 1,2420,CMBI,CMBI4202-,9151,Proteomics 蛋白質組學,1.00,- Professor ZHONG Silin,30,19,LEC,-,E,Th 02:30PM - 05:15PM,MMW_715,"10/15, 10/22, 10/29, 11/5",,,Cell and Molecular Biology PC
2026-27 Term 1,2420,CMBI,CMBI4203-,9152,Metabolomics 代謝組學,1.00,- Professor GUO Dianjing,30,19,LEC,-,E,Th 02:30PM - 05:15PM,MMW_715,"11/12, 11/19, 11/26, 12/3",,,Cell and Molecular Biology PC
2026-27 Term 1,2420,CMBI,CMBI4902-,6052,Senior Experimental Proj II 實驗專題討論 (二),2.00,- Professor CHAN Ting Fung Philos - Professor ZHUANG Xiaohong,30,25,PRJ,-J01,E,TBA,NRR,07/09/2026 - 30/11/2026,Yes,Yes,Cell and Molecular Biology PC
2026-27 Term 1,2420,COOP,COOP3001A,8351,Unlocking Potential & Branding 提升潛能及個人品牌,1.00,- Dr. LAI Hon Weng,200,200,WKS,AW01,E,TBA,TBA,07/09/2026 - 30/11/2026,Yes,,Co-op Education Pgm Comm
2026-27 Term 1,2420,COOP,COOP3001B,8352,Unlocking Potential & Branding 提升潛能及個人品牌,1.00,- Dr. LAI Hon Weng,200,200,WKS,BW01,E,TBA,TBA,07/09/2026 - 30/11/2026,Yes,,Co-op Education Pgm Comm
2026-27 Term 1,2420,COOP,COOP4001-,6430,Placement and Assessment 工作體驗及持續評估,1.00,- Dr. LAI Hon Weng,200,31,OTH,-O01,E,TBA,NRR,07/09/2026 - 30/11/2026,Yes,,Co-op Education Pgm Comm
2026-27 Term 1,2420,CSAT,CSAT2001-,5068,Media & Rep: Hist & Theory 媒介與再現：歷史與理論,3.00,- Professor YIU Hoi Lam Melody,40,40,LEC,-,C#E,We 02:30PM - 05:15PM,ARC_212,"9/9, 9/16, 9/23, 9/30, 10/7, 10/14, 10/21, 10/28, 11/4, 11/11, 11/18, 11/25, 12/2",,,Sch of Arch & Sch of JL & Comm
2026-27 Term 1,2420,CSAT,CSAT2002A,5069,Creative Dialogue 創意對談,3.00,- Dr. LEE Ching,40,40,LEC,A,E,Tu 10:30AM - 01:15PM,WMY_504,"9/8, 9/15, 9/22, 9/29, 10/6, 10/13, 10/20, 10/27, 11/3, 11/10, 11/17, 11/24, 12/1",,,Sch of Arch & Sch of JL & Comm
2026-27 Term 1,2420,CURE,CURE1000-,9145,Why Culture Matters 文化何以重要,3.00,- Professor CHEUNG Lik Kwan,80,80,LEC,-,C&E,We 03:30PM - 05:15PM,YIA_405,"9/9, 9/16, 9/23, 9/30, 10/7, 10/14, 10/21, 10/28, 11/4, 11/11, 11/18, 11/25, 12/2",,,Dept of Cultural & Rel Studies
2026-27 Term 1,2420,CURE,CURE1000-,9145,Why Culture Matters 文化何以重要,3.00,- Professor CHEUNG Lik Kwan,80,80,TUT,-T01,C&E,We 05:30PM - 06:15PM,YIA_405,"9/9, 9/16, 9/23, 9/30, 10/7, 10/14, 10/21, 10/28, 11/4, 11/11, 11/18, 11/25, 12/2",,,Dept of Cultural & Rel Studies
2026-27 Term 1,2420,CURE,CURE1000-,9145,Why Culture Matters 文化何以重要,3.00,- Professor CHEUNG Lik Kwan,40,40,TUT,-T02,C&E,We 05:30PM - 06:15PM,WMY_405,"9/9, 9/16, 9/23, 9/30, 10/7, 10/14, 10/21, 10/28, 11/4, 11/11, 11/18, 11/25, 12/2",,,Dept of Cultural & Rel Studies
2026-27 Term 1,2420,CURE,CURE1000-,9145,Why Culture Matters 文化何以重要,3.00,- Professor CHEUNG Lik Kwan,30,30,TUT,-T03,C&E,We 05:30PM - 06:15PM,YIA_504,"9/9, 9/16, 9/23, 9/30, 10/7, 10/14, 10/21, 10/28, 11/4, 11/11, 11/18, 11/25, 12/2",,,Dept of Cultural & Rel Studies
2026-27 Term 1,2420,CURE,CURE1000-,9145,Why Culture Matters 文化何以重要,3.00,- Professor CHEUNG Lik Kwan,30,30,TUT,-T04,C&E,We 05:30PM - 06:15PM,YIA_410,"9/9, 9/16, 9/23, 9/30, 10/7, 10/14, 10/21, 10/28, 11/4, 11/11, 11/18, 11/25, 12/2",,,Dept of Cultural & Rel Studies
2026-27 Term 1,2420,CURE,CURE1004-,8199,Intro to Public Humanities 公共人文學導論,3.00,- Professor LI Cho Kiu,65,62,LEC,-,E,Mo 09:30AM - 11:15AM,LSK_210,"9/7, 9/14, 9/21, 9/28, 10/5, 10/12",Yes,Yes,Dept of Cultural & Rel Studies
2026-27 Term 1,2420,CURE,CURE1004-,8199,Intro to Public Humanities 公共人文學導論,3.00,- Professor LI Cho Kiu,65,62,LEC,-,E,Mo 09:30AM - 11:15AM,LSK_210,"10/26, 11/2, 11/9, 11/16, 11/23, 11/30",Yes,Yes,Dept of Cultural & Rel Studies
2026-27 Term 1,2420,CURE,CURE1004-,8199,Intro to Public Humanities 公共人文學導論,3.00,- Professor LI Cho Kiu,65,62,TUT,-T01,E,Mo 11:30AM - 12:15PM,LSK_210,"9/7, 9/14, 9/21, 9/28, 10/5, 10/12",Yes,Yes,Dept of Cultural & Rel Studies
2026-27 Term 1,2420,CURE,CURE1004-,8199,Intro to Public Humanities 公共人文學導論,3.00,- Professor LI Cho Kiu,65,62,TUT,-T01,E,Mo 11:30AM - 12:15PM,LSK_210,"10/26, 11/2, 11/9, 11/16, 11/23, 11/30",Yes,Yes,Dept of Cultural & Rel Studies
2026-27 Term 1,2420,CURE,CURE1004-,8199,Intro to Public Humanities 公共人文學導論,3.00,- Professor LI Cho Kiu,30,30,TUT,-T02,E,Mo 11:30AM - 12:15PM,ERB_408,"9/7, 9/14, 9/21, 9/28, 10/5, 10/12",Yes,Yes,Dept of Cultural & Rel Studies
2026-27 Term 1,2420,CURE,CURE1004-,8199,Intro to Public Humanities 公共人文學導論,3.00,- Professor LI Cho Kiu,30,30,TUT,-T02,E,Mo 11:30AM - 12:15PM,ERB_408,"10/26, 11/2, 11/9, 11/16, 11/23, 11/30",Yes,Yes,Dept of Cultural & Rel Studies
2026-27 Term 1,2420,CURE,CURE1004-,8199,Intro to Public Humanities 公共人文學導論,3.00,- Professor LI Cho Kiu,30,30,TUT,-T03,E,Mo 11:30AM - 12:15PM,ERB_402,"9/7, 9/14, 9/21, 9/28, 10/5, 10/12",Yes,Yes,Dept of Cultural & Rel Studies
2026-27 Term 1,2420,CURE,CURE1004-,8199,Intro to Public Humanities 公共人文學導論,3.00,- Professor LI Cho Kiu,30,30,TUT,-T03,E,Mo 11:30AM - 12:15PM,ERB_402,"10/26, 11/2, 11/9, 11/16, 11/23, 11/30",Yes,Yes,Dept of Cultural & Rel Studies
2026-27 Term 1,2420,CURE,CURE1110-,8201,Religion and Contemporary Life 宗教與當代生活,3.00,- Professor YEUNG Kwok Keung,65,65,LEC,-,C&E,Th 10:30AM - 12:15PM,WMY_506,"9/10, 9/17, 9/24",,Yes,Dept of Cultural & Rel Studies
2026-27 Term 1,2420,CURE,CURE1110-,8201,Religion and Contemporary Life 宗教與當代生活,3.00,- Professor YEUNG Kwok Keung,65,65,LEC,-,C&E,Th 10:30AM - 12:15PM,WMY_506,"10/8, 10/15, 10/22, 10/29, 11/5, 11/12, 11/19, 11/26, 12/3",,Yes,Dept of Cultural & Rel Studies
2026-27 Term 1,2420,CURE,CURE1110-,8201,Religion and Contemporary Life 宗教與當代生活,3.00,- Professor YEUNG Kwok Keung,65,65,TUT,-T01,C&E,Th 12:30PM - 01:15PM,WMY_506,"9/10, 9/17, 9/24",,Yes,Dept of Cultural & Rel Studies
2026-27 Term 1,2420,CURE,CURE1110-,8201,Religion and Contemporary Life 宗教與當代生活,3.00,- Professor YEUNG Kwok Keung,65,65,TUT,-T01,C&E,Th 12:30PM - 01:15PM,WMY_506,"10/8, 10/15, 10/22, 10/29, 11/5, 11/12, 11/19, 11/26, 12/3",,Yes,Dept of Cultural & Rel Studies
2026-27 Term 1,2420,CURE,CURE1110-,8201,Religion and Contemporary Life 宗教與當代生活,3.00,- Professor YEUNG Kwok Keung,30,30,TUT,-T02,C&E,Th 12:30PM - 01:15PM,YIA_404,"9/10, 9/17, 9/24",,Yes,Dept of Cultural & Rel Studies
2026-27 Term 1,2420,CURE,CURE1110-,8201,Religion and Contemporary Life 宗教與當代生活,3.00,- Professor YEUNG Kwok Keung,30,30,TUT,-T02,C&E,Th 12:30PM - 01:15PM,YIA_404,"10/8, 10/15, 10/22, 10/29, 11/5, 11/12, 11/19, 11/26, 12/3",,Yes,Dept of Cultural & Rel Studies
2026-27 Term 1,2420,CURE,CURE1110-,8201,Religion and Contemporary Life 宗教與當代生活,3.00,- Professor YEUNG Kwok Keung,30,30,TUT,-T03,C&E,Th 12:30PM - 01:15PM,YIA_501,"9/10, 9/17, 9/24",,Yes,Dept of Cultural & Rel Studies
2026-27 Term 1,2420,CURE,CURE1110-,8201,Religion and Contemporary Life 宗教與當代生活,3.00,- Professor YEUNG Kwok Keung,30,30,TUT,-T03,C&E,Th 12:30PM - 01:15PM,YIA_501,"10/8, 10/15, 10/22, 10/29, 11/5, 11/12, 11/19, 11/26, 12/3",,Yes,Dept of Cultural & Rel Studies
2026-27 Term 1,2420,CURE,CURE1123-,8376,World Religions 世界宗教,3.00,- Professor James D FRANKEL,30,30,LEC,-,E,We 02:30PM - 04:15PM,LSK_302,"9/9, 9/16, 9/23, 9/30, 10/7, 10/14, 10/21, 10/28, 11/4, 11/11, 11/18, 11/25, 12/2",,Yes,Dept of Cultural & Rel Studies
2026-27 Term 1,2420,CURE,CURE1123-,8376,World Religions 世界宗教,3.00,- Professor James D FRANKEL,30,30,TUT,-T01,E,We 04:30PM - 05:15PM,LSK_302,"9/9, 9/16, 9/23, 9/30, 10/7, 10/14, 10/21, 10/28, 11/4, 11/11, 11/18, 11/25, 12/2",,Yes,Dept of Cultural & Rel Studies
2026-27 Term 1,2420,CURE,CURE1123-,8376,World Religions 世界宗教,3.00,- Professor James D FRANKEL,30,30,TUT,-T02,E,We 04:30PM - 05:15PM,ERB_713,"9/9, 9/16, 9/23, 9/30, 10/7, 10/14, 10/21, 10/28, 11/4, 11/11, 11/18, 11/25, 12/2",,Yes,Dept of Cultural & Rel Studies
2026-27 Term 1,2420,CURE,CURE1124-,8380,Study of Christianity 基督宗教研究,3.00,- Professor LAI Pan Chiu,40,40,LEC,-,C&E,Tu 10:30AM - 12:15PM,YIA_503,"9/8, 9/15, 9/22, 9/29, 10/6, 10/13, 10/20, 10/27, 11/3, 11/10, 11/17, 11/24, 12/1",,,Dept of Cultural & Rel Studies
2026-27 Term 1,2420,CURE,CURE1124-,8380,Study of Christianity 基督宗教研究,3.00,- Professor LAI Pan Chiu,40,40,TUT,-T01,C&E,Tu 12:30PM - 01:15PM,YIA_503,"9/8, 9/15, 9/22, 9/29, 10/6, 10/13, 10/20, 10/27, 11/3, 11/10, 11/17, 11/24, 12/1",,,Dept of Cultural & Rel Studies
2026-27 Term 1,2420,CURE,CURE1124-,8380,Study of Christianity 基督宗教研究,3.00,- Professor LAI Pan Chiu,30,30,TUT,-T02,C&E,Tu 12:30PM - 01:15PM,YIA_409,"9/8, 9/15, 9/22, 9/29, 10/6, 10/13, 10/20, 10/27, 11/3, 11/10, 11/17, 11/24, 12/1",,,Dept of Cultural & Rel Studies
2026-27 Term 1,2420,CURE,CURE1401-,7041,Introduction to Cultural Mgt 文化管理概論,3.00,- Dr. CHIENG Wei Shieng,70,37,LEC,-,E,Mo 03:30PM - 06:15PM,WMY_403,"9/7, 9/14, 9/21, 9/28, 10/5, 10/12",Yes,Yes,Dept of Cultural & Rel Studies
2026-27 Term 1,2420,CURE,CURE1401-,7041,Introduction to Cultural Mgt 文化管理概論,3.00,- Dr. CHIENG Wei Shieng,70,37,LEC,-,E,Mo 03:30PM - 06:15PM,WMY_403,"10/26, 11/2, 11/9, 11/16, 11/23, 11/30",Yes,Yes,Dept of Cultural & Rel Studies
2026-27 Term 1,2420,CURE,CURE1403-,5319,Cultural Policy & Development 藝術發展及政策,3.00,- Staff,65,25,LEC,-,C&E,Th 10:30AM - 01:15PM,ELB_403,"9/10, 9/17, 9/24",Yes,Yes,Dept of Cultural & Rel Studies
2026-27 Term 1,2420,CURE,CURE1403-,5319,Cultural Policy & Development 藝術發展及政策,3.00,- Staff,65,25,LEC,-,C&E,Th 10:30AM - 01:15PM,ELB_403,"10/8, 10/15, 10/22, 10/29, 11/5, 11/12, 11/19, 11/26, 12/3",Yes,Yes,Dept of Cultural & Rel Studies
2026-27 Term 1,2420,CURE,CURE2006-,8392,Intro to Film and Screen Stud 電影與螢幕研究概要,3.00,- Dr. LI Tiecheng,50,50,LEC,-,P&E,Tu 10:30AM - 12:15PM,ELB_203,"9/8, 9/15, 9/22, 9/29, 10/6, 10/13, 10/20, 10/27, 11/3, 11/10, 11/17, 11/24, 12/1",,,Dept of Cultural & Rel Studies
2026-27 Term 1,2420,CURE,CURE2006-,8392,Intro to Film and Screen Stud 電影與螢幕研究概要,3.00,- Dr. LI Tiecheng,50,50,TUT,-T01,P&E,Tu 12:30PM - 01:15PM,ELB_203,"9/8, 9/15, 9/22, 9/29, 10/6, 10/13, 10/20, 10/27, 11/3, 11/10, 11/17, 11/24, 12/1",,,Dept of Cultural & Rel Studies
2026-27 Term 1,2420,CURE,CURE2006-,8392,Intro to Film and Screen Stud 電影與螢幕研究概要,3.00,- Dr. LI Tiecheng,30,30,TUT,-T02,P&E,Tu 12:30PM - 01:15PM,ARC_G02,"9/8, 9/15, 9/22, 9/29, 10/6, 10/13, 10/20, 10/27, 11/3, 11/10, 11/17, 11/24, 12/1",,,Dept of Cultural & Rel Studies
2026-27 Term 1,2420,CURE,CURE2022-,8394,Feminisms: Thoughts & Movement 女權主義：思想與運動,3.00,- Dr. PANG Ka Wei,40,39,LEC,-,C&E,We 10:30AM - 12:15PM,LSK_302,"9/9, 9/16, 9/23, 9/30, 10/7, 10/14, 10/21, 10/28, 11/4, 11/11, 11/18, 11/25, 12/2",,,Dept of Cultural & Rel Studies
2026-27 Term 1,2420,CURE,CURE2022-,8394,Feminisms: Thoughts & Movement 女權主義：思想與運動,3.00,- Dr. PANG Ka Wei,40,39,TUT,-T01,C&E,We 12:30PM - 01:15PM,LSK_302,"9/9, 9/16, 9/23, 9/30, 10/7, 10/14, 10/21, 10/28, 11/4, 11/11, 11/18, 11/25, 12/2",,,Dept of Cultural & Rel Studies
2026-27 Term 1,2420,CURE,CURE2022-,8394,Feminisms: Thoughts & Movement 女權主義：思想與運動,3.00,- Dr. PANG Ka Wei,30,30,TUT,-T02,C&E,We 12:30PM - 01:15PM,LSK_306,"9/9, 9/16, 9/23, 9/30, 10/7, 10/14, 10/21, 10/28, 11/4, 11/11, 11/18, 11/25, 12/2",,,Dept of Cultural & Rel Studies
2026-27 Term 1,2420,CURE,CURE2030-,6626,Hong Kong Cinema 香港電影,3.00,- Dr. LI Mei Ting,40,40,LEC,-,C&E,Mo 03:30PM - 05:15PM,LDS_214,"9/7, 9/14, 9/21, 9/28, 10/5, 10/12",,,Dept of Cultural & Rel Studies
2026-27 Term 1,2420,CURE,CURE2030-,6626,Hong Kong Cinema 香港電影,3.00,- Dr. LI Mei Ting,40,40,LEC,-,C&E,Mo 03:30PM - 05:15PM,LDS_214,"10/26, 11/2, 11/9, 11/16, 11/23, 11/30",,,Dept of Cultural & Rel Studies
2026-27 Term 1,2420,CURE,CURE2030-,6626,Hong Kong Cinema 香港電影,3.00,- Dr. LI Mei Ting,40,40,TUT,-T01,C&E,Mo 05:30PM - 06:15PM,LDS_214,"9/7, 9/14, 9/21, 9/28, 10/5, 10/12",,,Dept of Cultural & Rel Studies
2026-27 Term 1,2420,CURE,CURE2030-,6626,Hong Kong Cinema 香港電影,3.00,- Dr. LI Mei Ting,40,40,TUT,-T01,C&E,Mo 05:30PM - 06:15PM,LDS_214,"10/26, 11/2, 11/9, 11/16, 11/23, 11/30",,,Dept of Cultural & Rel Studies
2026-27 Term 1,2420,CURE,CURE2030-,6626,Hong Kong Cinema 香港電影,3.00,- Dr. LI Mei Ting,30,30,TUT,-T02,C&E,Mo 05:30PM - 06:15PM,LSK_204,"9/7, 9/14, 9/21, 9/28, 10/5, 10/12",,,Dept of Cultural & Rel Studies
2026-27 Term 1,2420,CURE,CURE2030-,6626,Hong Kong Cinema 香港電影,3.00,- Dr. LI Mei Ting,30,30,TUT,-T02,C&E,Mo 05:30PM - 06:15PM,LSK_204,"10/26, 11/2, 11/9, 11/16, 11/23, 11/30",,,Dept of Cultural & Rel Studies
2026-27 Term 1,2420,CURE,CURE2030-,6626,Hong Kong Cinema 香港電影,3.00,- Dr. LI Mei Ting,30,30,TUT,-T03,C&E,Mo 05:30PM - 06:15PM,LSK_206,"9/7, 9/14, 9/21, 9/28, 10/5, 10/12",,,Dept of Cultural & Rel Studies
2026-27 Term 1,2420,CURE,CURE2030-,6626,Hong Kong Cinema 香港電影,3.00,- Dr. LI Mei Ting,30,30,TUT,-T03,C&E,Mo 05:30PM - 06:15PM,LSK_206,"10/26, 11/2, 11/9, 11/16, 11/23, 11/30",,,Dept of Cultural & Rel Studies
2026-27 Term 1,2420,CURE,CURE2030-,6626,Hong Kong Cinema 香港電影,3.00,- Dr. LI Mei Ting,30,30,TUT,-T04,C&E,Mo 05:30PM - 06:15PM,LSK_202,"9/7, 9/14, 9/21, 9/28, 10/5, 10/12",,,Dept of Cultural & Rel Studies
2026-27 Term 1,2420,CURE,CURE2030-,6626,Hong Kong Cinema 香港電影,3.00,- Dr. LI Mei Ting,30,30,TUT,-T04,C&E,Mo 05:30PM - 06:15PM,LSK_202,"10/26, 11/2, 11/9, 11/16, 11/23, 11/30",,,Dept of Cultural & Rel Studies
2026-27 Term 1,2420,CURE,CURE2066-,8870,Foundation of Visual Design 視覺設計基礎,3.00,- Dr. LI Tiecheng,20,19,LEC,-,P&E,Th 02:30PM - 05:15PM,KKB_310,"9/10, 9/17, 9/24",,,Dept of Cultural & Rel Studies
2026-27 Term 1,2420,CURE,CURE2066-,8870,Foundation of Visual Design 視覺設計基礎,3.00,- Dr. LI Tiecheng,20,19,LEC,-,P&E,Th 02:30PM - 05:15PM,KKB_310,"10/8, 10/15, 10/22, 10/29, 11/5, 11/12, 11/19, 11/26, 12/3",,,Dept of Cultural & Rel Studies
2026-27 Term 1,2420,CURE,CURE2112-,6630,"Myth, Symbol and Ritual 神話、象徵與儀式",3.00,- Dr. CHOW Wai Yin,45,45,LEC,-,C&E,Th 02:30PM - 04:15PM,LDS_214,"9/10, 9/17, 9/24",,,Dept of Cultural & Rel Studies
2026-27 Term 1,2420,CURE,CURE2112-,6630,"Myth, Symbol and Ritual 神話、象徵與儀式",3.00,- Dr. CHOW Wai Yin,45,45,LEC,-,C&E,Th 02:30PM - 04:15PM,LDS_214,"10/8, 10/15, 10/22, 10/29, 11/5, 11/12, 11/19, 11/26, 12/3",,,Dept of Cultural & Rel Studies
2026-27 Term 1,2420,CURE,CURE2112-,6630,"Myth, Symbol and Ritual 神話、象徵與儀式",3.00,- Dr. CHOW Wai Yin,45,45,TUT,-T01,C&E,Th 04:30PM - 05:15PM,LDS_214,"9/10, 9/17, 9/24",,,Dept of Cultural & Rel Studies
2026-27 Term 1,2420,CURE,CURE2112-,6630,"Myth, Symbol and Ritual 神話、象徵與儀式",3.00,- Dr. CHOW Wai Yin,45,45,TUT,-T01,C&E,Th 04:30PM - 05:15PM,LDS_214,"10/8, 10/15, 10/22, 10/29, 11/5, 11/12, 11/19, 11/26, 12/3",,,Dept of Cultural & Rel Studies
2026-27 Term 1,2420,CURE,CURE2112-,6630,"Myth, Symbol and Ritual 神話、象徵與儀式",3.00,- Dr. CHOW Wai Yin,30,30,TUT,-T02,C&E,Th 04:30PM - 05:15PM,LSK_514,"9/10, 9/17, 9/24",,,Dept of Cultural & Rel Studies
2026-27 Term 1,2420,CURE,CURE2112-,6630,"Myth, Symbol and Ritual 神話、象徵與儀式",3.00,- Dr. CHOW Wai Yin,30,30,TUT,-T02,C&E,Th 04:30PM - 05:15PM,LSK_514,"10/8, 10/15, 10/22, 10/29, 11/5, 11/12, 11/19, 11/26, 12/3",,,Dept of Cultural & Rel Studies
2026-27 Term 1,2420,CURE,CURE2160-,6632,Sp Topics in Religion & Cul 專題研究——宗教與文化,3.00,- Dr. CHEUNG Tak Ching Neky,45,45,LEC,-,C&E,Th 10:30AM - 12:15PM,LDS_214,"9/10, 9/17, 9/24",,,Dept of Cultural & Rel Studies
2026-27 Term 1,2420,CURE,CURE2160-,6632,Sp Topics in Religion & Cul 專題研究——宗教與文化,3.00,- Dr. CHEUNG Tak Ching Neky,45,45,LEC,-,C&E,Th 10:30AM - 12:15PM,LDS_214,"10/8, 10/15, 10/22, 10/29, 11/5, 11/12, 11/19, 11/26, 12/3",,,Dept of Cultural & Rel Studies
2026-27 Term 1,2420,CURE,CURE2160-,6632,Sp Topics in Religion & Cul 專題研究——宗教與文化,3.00,- Dr. CHEUNG Tak Ching Neky,45,45,TUT,-T01,C&E,Th 12:30PM - 01:15PM,LDS_214,"9/10, 9/17, 9/24",,,Dept of Cultural & Rel Studies
2026-27 Term 1,2420,CURE,CURE2160-,6632,Sp Topics in Religion & Cul 專題研究——宗教與文化,3.00,- Dr. CHEUNG Tak Ching Neky,45,45,TUT,-T01,C&E,Th 12:30PM - 01:15PM,LDS_214,"10/8, 10/15, 10/22, 10/29, 11/5, 11/12, 11/19, 11/26, 12/3",,,Dept of Cultural & Rel Studies
2026-27 Term 1,2420,CURE,CURE2160-,6632,Sp Topics in Religion & Cul 專題研究——宗教與文化,3.00,- Dr. CHEUNG Tak Ching Neky,25,25,TUT,-T02,C&E,Th 12:30PM - 01:15PM,LDS_218,"9/10, 9/17, 9/24",,,Dept of Cultural & Rel Studies
2026-27 Term 1,2420,CURE,CURE2160-,6632,Sp Topics in Religion & Cul 專題研究——宗教與文化,3.00,- Dr. CHEUNG Tak Ching Neky,25,25,TUT,-T02,C&E,Th 12:30PM - 01:15PM,LDS_218,"10/8, 10/15, 10/22, 10/29, 11/5, 11/12, 11/19, 11/26, 12/3",,,Dept of Cultural & Rel Studies
2026-27 Term 1,2420,CURE,CURE2163-,8203,Religion and Food 宗教與飲食,3.00,- Professor SIK Fa Ren,45,45,LEC,-,C&E,We 10:30AM - 12:15PM,LSK_212,"9/9, 9/16, 9/23, 9/30, 10/7, 10/14, 10/21, 10/28, 11/4, 11/11, 11/18, 11/25, 12/2",,,Dept of Cultural & Rel Studies
2026-27 Term 1,2420,CURE,CURE2163-,8203,Religion and Food 宗教與飲食,3.00,- Professor SIK Fa Ren,45,45,TUT,-T01,C&E,We 12:30PM - 01:15PM,LSK_212,"9/9, 9/16, 9/23, 9/30, 10/7, 10/14, 10/21, 10/28, 11/4, 11/11, 11/18, 11/25, 12/2",,,Dept of Cultural & Rel Studies
2026-27 Term 1,2420,CURE,CURE2163-,8203,Religion and Food 宗教與飲食,3.00,- Professor SIK Fa Ren,30,30,TUT,-T02,C&E,We 12:30PM - 01:15PM,ERB_404,"9/9, 9/16, 9/23, 9/30, 10/7, 10/14, 10/21, 10/28, 11/4, 11/11, 11/18, 11/25, 12/2",,,Dept of Cultural & Rel Studies
2026-27 Term 1,2420,CURE,CURE2170-,8205,Reading Religious Classics 宗教經典研讀,3.00,- Professor LAI Tsz Pang,45,36,LEC,-,C&E,Mo 02:30PM - 04:15PM,LHC_G06,"9/7, 9/14, 9/21, 9/28, 10/5, 10/12",,Yes,Dept of Cultural & Rel Studies
2026-27 Term 1,2420,CURE,CURE2170-,8205,Reading Religious Classics 宗教經典研讀,3.00,- Professor LAI Tsz Pang,45,36,LEC,-,C&E,Mo 02:30PM - 04:15PM,LHC_G06,"10/26, 11/2, 11/9, 11/16, 11/23, 11/30",,Yes,Dept of Cultural & Rel Studies
2026-27 Term 1,2420,CURE,CURE2170-,8205,Reading Religious Classics 宗教經典研讀,3.00,- Professor LAI Tsz Pang,45,36,TUT,-T01,C&E,Mo 04:30PM - 05:15PM,LHC_G06,"9/7, 9/14, 9/21, 9/28, 10/5, 10/12",,Yes,Dept of Cultural & Rel Studies
2026-27 Term 1,2420,CURE,CURE2170-,8205,Reading Religious Classics 宗教經典研讀,3.00,- Professor LAI Tsz Pang,45,36,TUT,-T01,C&E,Mo 04:30PM - 05:15PM,LHC_G06,"10/26, 11/2, 11/9, 11/16, 11/23, 11/30",,Yes,Dept of Cultural & Rel Studies
2026-27 Term 1,2420,CURE,CURE2170-,8205,Reading Religious Classics 宗教經典研讀,3.00,- Professor LAI Tsz Pang,30,30,TUT,-T02,C&E,Mo 04:30PM - 05:15PM,ERB_713,"9/7, 9/14, 9/21, 9/28, 10/5, 10/12",,Yes,Dept of Cultural & Rel Studies
2026-27 Term 1,2420,CURE,CURE2170-,8205,Reading Religious Classics 宗教經典研讀,3.00,- Professor LAI Tsz Pang,30,30,TUT,-T02,C&E,Mo 04:30PM - 05:15PM,ERB_713,"10/26, 11/2, 11/9, 11/16, 11/23, 11/30",,Yes,Dept of Cultural & Rel Studies
2026-27 Term 1,2420,CURE,CURE2181-,8207,Classical Arabic Beginners II 基礎古典阿拉伯文（二）,3.00,- Mr YANG Xing Wen,45,45,LEC,-,P&E,We 02:30PM - 04:15PM,LHC_G06,"9/9, 9/16, 9/23, 9/30, 10/7, 10/14, 10/21, 10/28, 11/4, 11/11, 11/18, 11/25, 12/2",,,Dept of Cultural & Rel Studies
2026-27 Term 1,2420,CURE,CURE2181-,8207,Classical Arabic Beginners II 基礎古典阿拉伯文（二）,3.00,- Mr YANG Xing Wen,45,45,TUT,-T01,P&E,We 04:30PM - 05:15PM,LHC_G06,"9/9, 9/16, 9/23, 9/30, 10/7, 10/14, 10/21, 10/28, 11/4, 11/11, 11/18, 11/25, 12/2",,,Dept of Cultural & Rel Studies
2026-27 Term 1,2420,CURE,CURE2181-,8207,Classical Arabic Beginners II 基礎古典阿拉伯文（二）,3.00,- Mr YANG Xing Wen,30,30,TUT,-T02,P&E,We 04:30PM - 05:15PM,ERB_408,"9/9, 9/16, 9/23, 9/30, 10/7, 10/14, 10/21, 10/28, 11/4, 11/11, 11/18, 11/25, 12/2",,,Dept of Cultural & Rel Studies
2026-27 Term 1,2420,CURE,CURE2404-,6636,Intro to Heritage Management 文化遺產管理導論,3.00,- Staff,30,30,LEC,-,C&E,Th 10:30AM - 12:15PM,LSK_302,"9/10, 9/17, 9/24",,,Dept of Cultural & Rel Studies
2026-27 Term 1,2420,CURE,CURE2404-,6636,Intro to Heritage Management 文化遺產管理導論,3.00,- Staff,30,30,LEC,-,C&E,Th 10:30AM - 12:15PM,LSK_302,"10/8, 10/15, 10/22, 10/29, 11/5, 11/12, 11/19, 11/26, 12/3",,,Dept of Cultural & Rel Studies
2026-27 Term 1,2420,CURE,CURE2404-,6636,Intro to Heritage Management 文化遺產管理導論,3.00,- Staff,30,30,TUT,-T01,C&E,Th 12:30PM - 01:15PM,LSK_302,"9/10, 9/17, 9/24",,,Dept of Cultural & Rel Studies
2026-27 Term 1,2420,CURE,CURE2404-,6636,Intro to Heritage Management 文化遺產管理導論,3.00,- Staff,30,30,TUT,-T01,C&E,Th 12:30PM - 01:15PM,LSK_302,"10/8, 10/15, 10/22, 10/29, 11/5, 11/12, 11/19, 11/26, 12/3",,,Dept of Cultural & Rel Studies
2026-27 Term 1,2420,CURE,CURE2404-,6636,Intro to Heritage Management 文化遺產管理導論,3.00,- Staff,20,20,TUT,-T02,C&E,Th 12:30PM - 01:15PM,LSK_206,"9/10, 9/17, 9/24",,,Dept of Cultural & Rel Studies
2026-27 Term 1,2420,CURE,CURE2404-,6636,Intro to Heritage Management 文化遺產管理導論,3.00,- Staff,20,20,TUT,-T02,C&E,Th 12:30PM - 01:15PM,LSK_206,"10/8, 10/15, 10/22, 10/29, 11/5, 11/12, 11/19, 11/26, 12/3",,,Dept of Cultural & Rel Studies
2026-27 Term 1,2420,CURE,CURE2409-,6644,Introduction to the Art Market 藝術市場導論,3.00,- Professor LEUNG Hok Bun Isaac,30,30,LEC,-,C&E,Th 02:30PM - 05:15PM,LSK_301,"9/10, 9/17, 9/24",,,Dept of Cultural & Rel Studies
2026-27 Term 1,2420,CURE,CURE2409-,6644,Introduction to the Art Market 藝術市場導論,3.00,- Professor LEUNG Hok Bun Isaac,30,30,LEC,-,C&E,Th 02:30PM - 05:15PM,LSK_301,"10/8, 10/15, 10/22, 10/29, 11/5, 11/12, 11/19, 11/26, 12/3",,,Dept of Cultural & Rel Studies
2026-27 Term 1,2420,CURE,CURE3014-,8264,Sp Topics in Cul Std IV 文化研究專題（四）,3.00,- Professor CHUNG Pei Chi,40,39,LEC,-,E,Mo 12:30PM - 02:15PM,LSK_302,"9/7, 9/14, 9/21, 9/28, 10/5, 10/12",,,Dept of Cultural & Rel Studies
2026-27 Term 1,2420,CURE,CURE3014-,8264,Sp Topics in Cul Std IV 文化研究專題（四）,3.00,- Professor CHUNG Pei Chi,40,39,LEC,-,E,Mo 12:30PM - 02:15PM,LSK_302,"10/26, 11/2, 11/9, 11/16, 11/23, 11/30",,,Dept of Cultural & Rel Studies
2026-27 Term 1,2420,CURE,CURE3014-,8264,Sp Topics in Cul Std IV 文化研究專題（四）,3.00,- Professor CHUNG Pei Chi,40,39,TUT,-T01,E,Mo 02:30PM - 03:15PM,LSK_302,"9/7, 9/14, 9/21, 9/28, 10/5, 10/12",,,Dept of Cultural & Rel Studies
2026-27 Term 1,2420,CURE,CURE3014-,8264,Sp Topics in Cul Std IV 文化研究專題（四）,3.00,- Professor CHUNG Pei Chi,40,39,TUT,-T01,E,Mo 02:30PM - 03:15PM,LSK_302,"10/26, 11/2, 11/9, 11/16, 11/23, 11/30",,,Dept of Cultural & Rel Studies
2026-27 Term 1,2420,CURE,CURE3014-,8264,Sp Topics in Cul Std IV 文化研究專題（四）,3.00,- Professor CHUNG Pei Chi,30,30,TUT,-T02,E,Mo 02:30PM - 03:15PM,LSK_301,"9/7, 9/14, 9/21, 9/28, 10/5, 10/12",,,Dept of Cultural & Rel Studies
2026-27 Term 1,2420,CURE,CURE3014-,8264,Sp Topics in Cul Std IV 文化研究專題（四）,3.00,- Professor CHUNG Pei Chi,30,30,TUT,-T02,E,Mo 02:30PM - 03:15PM,LSK_301,"10/26, 11/2, 11/9, 11/16, 11/23, 11/30",,,Dept of Cultural & Rel Studies
2026-27 Term 1,2420,CURE,CURE3034-,8211,Korean Media & Popular Culture 韓國媒體與大眾文化,3.00,- Professor LEE Yongwoo,27,27,LEC,-,E,Tu 02:30PM - 04:15PM,LSK_515,"9/8, 9/15, 9/22, 9/29, 10/6, 10/13, 10/20, 10/27, 11/3, 11/10, 11/17, 11/24, 12/1",,,Dept of Cultural & Rel Studies
2026-27 Term 1,2420,CURE,CURE3034-,8211,Korean Media & Popular Culture 韓國媒體與大眾文化,3.00,- Professor LEE Yongwoo,27,27,TUT,-T01,E,Tu 04:30PM - 05:15PM,LSK_515,"9/8, 9/15, 9/22, 9/29, 10/6, 10/13, 10/20, 10/27, 11/3, 11/10, 11/17, 11/24, 12/1",,,Dept of Cultural & Rel Studies
2026-27 Term 1,2420,CURE,CURE3034-,8211,Korean Media & Popular Culture 韓國媒體與大眾文化,3.00,- Professor LEE Yongwoo,30,30,TUT,-T02,E,Tu 04:30PM - 05:15PM,LSK_206,"9/8, 9/15, 9/22, 9/29, 10/6, 10/13, 10/20, 10/27, 11/3, 11/10, 11/17, 11/24, 12/1",,,Dept of Cultural & Rel Studies
2026-27 Term 1,2420,CURE,CURE3145-,8398,Buddhism and Contemporary Life 佛教與現代生活,3.00,- Staff,40,40,LEC,-,E,Mo 11:30AM - 01:15PM,LSK_514,"9/7, 9/14, 9/21, 9/28, 10/5, 10/12",,,Dept of Cultural & Rel Studies
2026-27 Term 1,2420,CURE,CURE3145-,8398,Buddhism and Contemporary Life 佛教與現代生活,3.00,- Staff,40,40,LEC,-,E,Mo 11:30AM - 01:15PM,LSK_514,"10/26, 11/2, 11/9, 11/16, 11/23, 11/30",,,Dept of Cultural & Rel Studies
2026-27 Term 1,2420,CURE,CURE3145-,8398,Buddhism and Contemporary Life 佛教與現代生活,3.00,- Staff,40,40,TUT,-T01,E,Mo 01:30PM - 02:15PM,LSK_514,"9/7, 9/14, 9/21, 9/28, 10/5, 10/12",,,Dept of Cultural & Rel Studies
2026-27 Term 1,2420,CURE,CURE3145-,8398,Buddhism and Contemporary Life 佛教與現代生活,3.00,- Staff,40,40,TUT,-T01,E,Mo 01:30PM - 02:15PM,LSK_514,"10/26, 11/2, 11/9, 11/16, 11/23, 11/30",,,Dept of Cultural & Rel Studies
2026-27 Term 1,2420,CURE,CURE3145-,8398,Buddhism and Contemporary Life 佛教與現代生活,3.00,- Staff,30,30,TUT,-T02,E,Mo 01:30PM - 02:15PM,LSK_202,"9/7, 9/14, 9/21, 9/28, 10/5, 10/12",,,Dept of Cultural & Rel Studies
2026-27 Term 1,2420,CURE,CURE3145-,8398,Buddhism and Contemporary Life 佛教與現代生活,3.00,- Staff,30,30,TUT,-T02,E,Mo 01:30PM - 02:15PM,LSK_202,"10/26, 11/2, 11/9, 11/16, 11/23, 11/30",,,Dept of Cultural & Rel Studies
2026-27 Term 1,2420,CURE,CURE3403-,6635,Media Arts Management 媒體藝術管理,3.00,- Professor WONG Ashley Lee,20,20,LEC,-,E,Mo 12:30PM - 03:15PM,LSK_210,"9/7, 9/14, 9/21, 9/28, 10/5, 10/12",,,Dept of Cultural & Rel Studies
2026-27 Term 1,2420,CURE,CURE3403-,6635,Media Arts Management 媒體藝術管理,3.00,- Professor WONG Ashley Lee,20,20,LEC,-,E,Mo 12:30PM - 03:15PM,LSK_210,"10/26, 11/2, 11/9, 11/16, 11/23, 11/30",,,Dept of Cultural & Rel Studies
2026-27 Term 1,2420,CURE,CURE3405-,6629,Design Your Exhibition 策展計劃及實踐,3.00,- Professor LEUNG Hok Bun Isaac,30,30,LEC,-,C&E,We 10:30AM - 01:15PM,LDS_214,"9/9, 9/16, 9/23, 9/30, 10/7, 10/14, 10/21, 10/28, 11/4, 11/11, 11/18, 11/25, 12/2",,,Dept of Cultural & Rel Studies
2026-27 Term 1,2420,CURE,CURE3508-,5320,Museum Studies 博物館研究,3.00,- Professor PARK Sae Him,20,20,LEC,-,E,We 02:30PM - 05:15PM,ERB_706,"9/9, 9/16, 9/23, 9/30, 10/7, 10/14, 10/21, 10/28, 11/4, 11/11, 11/18, 11/25, 12/2",,,Dept of Cultural & Rel Studies
2026-27 Term 1,2420,CURE,CURE4038-,9866,Summer Internship 暑期實習,3.00,- Dr. CHIENG Wei Shieng,50,35,LEC,-,C&E,TBA,NRR,07/09/2026 - 30/11/2026,Yes,Yes,Dept of Cultural & Rel Studies
2026-27 Term 1,2420,CURE,CURE4038-,9866,Summer Internship 暑期實習,3.00,- Dr. CHIENG Wei Shieng,50,35,FLD,-F01,C&E,TBA,TBA,TBA,Yes,Yes,Dept of Cultural & Rel Studies
2026-27 Term 1,2420,CURE,CURE4159-,6108,Internship 實習,3.00,- Dr. CHOW Wai Yin,20,6,FLD,-F01,C&E,TBA,NRR,07/09/2026 - 30/11/2026,Yes,Yes,Dept of Cultural & Rel Studies
2026-27 Term 1,2420,CURE,CURE4441-,6648,Sp Topic in Creative Ind 創意工業專題,3.00,- Staff,30,30,LEC,-,C&E,Tu 02:30PM - 05:15PM,LSK_204,"9/8, 9/15, 9/22, 9/29, 10/6, 10/13, 10/20, 10/27, 11/3, 11/10, 11/17, 11/24, 12/1",,,Dept of Cultural & Rel Studies
2026-27 Term 1,2420,DIPL,DIPL1001-,5079,Introduction to IR and DIPL 國際關係與外交導論,3.00,- Dr. HUNG Wing Lok,30,30,LEC,-,P&E,Tu 10:30AM - 01:15PM,FYB_405,"9/8, 9/15, 9/22, 9/29, 10/6, 10/13, 10/20, 10/27, 11/3, 11/10, 11/17, 11/24, 12/1",Yes,Yes,Dipl & Intl Studies PC
2026-27 Term 1,2420,DOTE,DOTE1030A,8537,Eco for Business Studies I 企業經濟學（一）,3.00,- Professor NIU Mingzi,70,70,LEC,A,E,Tu 10:30AM - 01:15PM,NAH_213,"9/8, 9/15, 9/22, 9/29, 10/6, 10/13, 10/20, 10/27, 11/3, 11/10, 11/17, 11/24, 12/1",,,"Dept of Decis, Oper & Tech"
2026-27 Term 1,2420,DOTE,DOTE1030B,8525,Eco for Business Studies I 企業經濟學（一）,3.00,- Professor ONISHI Ken Theo,66,66,LEC,B,E,Th 09:30AM - 12:15PM,YIA_LT5,"9/10, 9/17, 9/24",,,"Dept of Decis, Oper & Tech"
2026-27 Term 1,2420,DOTE,DOTE1030B,8525,Eco for Business Studies I 企業經濟學（一）,3.00,- Professor ONISHI Ken Theo,66,66,LEC,B,E,Th 09:30AM - 12:15PM,YIA_LT5,"10/8, 10/15, 10/22, 10/29, 11/5, 11/12, 11/19, 11/26, 12/3",,,"Dept of Decis, Oper & Tech"
2026-27 Term 1,2420,DOTE,DOTE1030C,7291,Eco for Business Studies I 企業經濟學（一）,3.00,- Professor ONISHI Ken Theo,70,68,LEC,C,E,Mo 03:30PM - 06:15PM,NAH_12,"9/7, 9/14, 9/21, 9/28, 10/5, 10/12",,,"Dept of Decis, Oper & Tech"
2026-27 Term 1,2420,DOTE,DOTE1030C,7291,Eco for Business Studies I 企業經濟學（一）,3.00,- Professor ONISHI Ken Theo,70,68,LEC,C,E,Mo 03:30PM - 06:15PM,NAH_12,"10/26, 11/2, 11/9, 11/16, 11/23, 11/30",,,"Dept of Decis, Oper & Tech"
2026-27 Term 1,2420,DOTE,DOTE1030D,7783,Eco for Business Studies I 企業經濟學（一）,3.00,- Professor LEUNG Justin Hilyin,70,69,LEC,D,E,Tu 02:30PM - 05:15PM,YIA_LT9,"9/8, 9/15, 9/22, 9/29, 10/6, 10/13, 10/20, 10/27, 11/3, 11/10, 11/17, 11/24, 12/1",,,"Dept of Decis, Oper & Tech"
2026-27 Term 1,2420,DOTE,DOTE1030E,5751,Eco for Business Studies I 企業經濟學（一）,3.00,- Dr. FU Rao,70,70,LEC,E,E,Th 09:30AM - 12:15PM,WMY_505,"9/10, 9/17, 9/24",,,"Dept of Decis, Oper & Tech"
2026-27 Term 1,2420,DOTE,DOTE1030E,5751,Eco for Business Studies I 企業經濟學（一）,3.00,- Dr. FU Rao,70,70,LEC,E,E,Th 09:30AM - 12:15PM,WMY_505,"10/8, 10/15, 10/22, 10/29, 11/5, 11/12, 11/19, 11/26, 12/3",,,"Dept of Decis, Oper & Tech"
2026-27 Term 1,2420,DOTE,DOTE1030F,7292,Eco for Business Studies I 企業經濟學（一）,3.00,- Dr. HA Lin Tat,70,70,LEC,F,E,Tu 10:30AM - 01:15PM,NAH_12,"9/8, 9/15, 9/22, 9/29, 10/6, 10/13, 10/20, 10/27, 11/3, 11/10, 11/17, 11/24, 12/1",,,"Dept of Decis, Oper & Tech"
2026-27 Term 1,2420,DOTE,DOTE1030G,5752,Eco for Business Studies I 企業經濟學（一）,3.00,- Professor LEUNG Justin Hilyin,70,69,LEC,G,E,Mo 03:30PM - 06:15PM,WMY_505,"9/7, 9/14, 9/21, 9/28, 10/5, 10/12",,,"Dept of Decis, Oper & Tech"
2026-27 Term 1,2420,DOTE,DOTE1030G,5752,Eco for Business Studies I 企業經濟學（一）,3.00,- Professor LEUNG Justin Hilyin,70,69,LEC,G,E,Mo 03:30PM - 06:15PM,WMY_505,"10/26, 11/2, 11/9, 11/16, 11/23, 11/30",,,"Dept of Decis, Oper & Tech"
2026-27 Term 1,2420,DOTE,DOTE1030H,5753,Eco for Business Studies I 企業經濟學（一）,3.00,- Dr. KU Kei Tat,70,70,LEC,H,E,Mo 03:30PM - 06:15PM,WMY_507,"9/7, 9/14, 9/21, 9/28, 10/5, 10/12",,,"Dept of Decis, Oper & Tech"
2026-27 Term 1,2420,DOTE,DOTE1030H,5753,Eco for Business Studies I 企業經濟學（一）,3.00,- Dr. KU Kei Tat,70,70,LEC,H,E,Mo 03:30PM - 06:15PM,WMY_507,"10/26, 11/2, 11/9, 11/16, 11/23, 11/30",,,"Dept of Decis, Oper & Tech"
2026-27 Term 1,2420,DOTE,DOTE1030I,7124,Eco for Business Studies I 企業經濟學（一）,3.00,- Dr. HA Lin Tat,70,70,LEC,I,E,Tu 02:30PM - 05:15PM,HTB_B6,"9/8, 9/15, 9/22, 9/29, 10/6, 10/13, 10/20, 10/27, 11/3, 11/10, 11/17, 11/24, 12/1",,,"Dept of Decis, Oper & Tech"
2026-27 Term 1,2420,DOTE,DOTE1030J,7275,Eco for Business Studies I 企業經濟學（一）,3.00,- Professor NIU Mingzi,70,70,LEC,J,E,Tu 02:30PM - 05:15PM,LSK_LT4,"9/8, 9/15, 9/22, 9/29, 10/6, 10/13, 10/20, 10/27, 11/3, 11/10, 11/17, 11/24, 12/1",,,"Dept of Decis, Oper & Tech"
2026-27 Term 1,2420,DOTE,DOTE1030K,7051,Eco for Business Studies I 企業經濟學（一）,3.00,- Dr. FU Rao,70,69,LEC,K,E,Th 02:30PM - 05:15PM,ERB_LT,"9/10, 9/17, 9/24",,,"Dept of Decis, Oper & Tech"
2026-27 Term 1,2420,DOTE,DOTE1030K,7051,Eco for Business Studies I 企業經濟學（一）,3.00,- Dr. FU Rao,70,69,LEC,K,E,Th 02:30PM - 05:15PM,ERB_LT,"10/8, 10/15, 10/22, 10/29, 11/5, 11/12, 11/19, 11/26, 12/3",,,"Dept of Decis, Oper & Tech"
2026-27 Term 1,2420,DOTE,DOTE1030L,5754,Eco for Business Studies I 企業經濟學（一）,3.00,- Dr. KU Kei Tat,70,70,LEC,L,E,Tu 10:30AM - 01:15PM,WMY_507,"9/8, 9/15, 9/22, 9/29, 10/6, 10/13, 10/20, 10/27, 11/3, 11/10, 11/17, 11/24, 12/1",,,"Dept of Decis, Oper & Tech"
2026-27 Term 1,2420,DOTE,DOTE1030M,7052,Eco for Business Studies I 企業經濟學（一）,3.00,- Dr. HA Lin Tat,70,68,LEC,M,E,Th 02:30PM - 05:15PM,LKC_LT1,"9/10, 9/17, 9/24",,,"Dept of Decis, Oper & Tech"
2026-27 Term 1,2420,DOTE,DOTE1030M,7052,Eco for Business Studies I 企業經濟學（一）,3.00,- Dr. HA Lin Tat,70,68,LEC,M,E,Th 02:30PM - 05:15PM,LKC_LT1,"10/8, 10/15, 10/22, 10/29, 11/5, 11/12, 11/19, 11/26, 12/3",,,"Dept of Decis, Oper & Tech"
2026-27 Term 1,2420,DOTE,DOTE1030N,5701,Eco for Business Studies I 企業經濟學（一）,3.00,- Professor NIU Mingzi,70,70,LEC,N,E,Mo 03:30PM - 06:15PM,YIA_LT5,"9/7, 9/14, 9/21, 9/28, 10/5, 10/12",,,"Dept of Decis, Oper & Tech"
2026-27 Term 1,2420,DOTE,DOTE1030N,5701,Eco for Business Studies I 企業經濟學（一）,3.00,- Professor NIU Mingzi,70,70,LEC,N,E,Mo 03:30PM - 06:15PM,YIA_LT5,"10/26, 11/2, 11/9, 11/16, 11/23, 11/30",,,"Dept of Decis, Oper & Tech"
2026-27 Term 1,2420,DOTE,DOTE1030O,5800,Eco for Business Studies I 企業經濟學（一）,3.00,- Dr. KU Kei Tat,20,20,LEC,O,E,Th 02:30PM - 05:15PM,YIA_LT9,"9/10, 9/17, 9/24",,,"Dept of Decis, Oper & Tech"
2026-27 Term 1,2420,DOTE,DOTE1030O,5800,Eco for Business Studies I 企業經濟學（一）,3.00,- Dr. KU Kei Tat,20,20,LEC,O,E,Th 02:30PM - 05:15PM,YIA_LT9,"10/8, 10/15, 10/22, 10/29, 11/5, 11/12, 11/19, 11/26, 12/3",,,"Dept of Decis, Oper & Tech"
2026-27 Term 1,2420,DOTE,DOTE1031A,5721,Basic Econ for the HT Ind 酒店及旅遊業經濟學,3.00,- Professor LEUNG Justin Hilyin,70,69,LEC,A,E,Tu 09:30AM - 12:15PM,ELB_LT2,"9/8, 9/15, 9/22, 9/29, 10/6, 10/13, 10/20, 10/27, 11/3, 11/10, 11/17, 11/24, 12/1",Yes,Yes,"Dept of Decis, Oper & Tech"
2026-27 Term 1,2420,DOTE,DOTE1031B,5723,Basic Econ for the HT Ind 酒店及旅遊業經濟學,3.00,- Professor LEUNG Justin Hilyin,70,70,LEC,B,E,Th 02:30PM - 05:15PM,ELB_LT3,"9/10, 9/17, 9/24",Yes,Yes,"Dept of Decis, Oper & Tech"
2026-27 Term 1,2420,DOTE,DOTE1031B,5723,Basic Econ for the HT Ind 酒店及旅遊業經濟學,3.00,- Professor LEUNG Justin Hilyin,70,70,LEC,B,E,Th 02:30PM - 05:15PM,ELB_LT3,"10/8, 10/15, 10/22, 10/29, 11/5, 11/12, 11/19, 11/26, 12/3",Yes,Yes,"Dept of Decis, Oper & Tech"
2026-27 Term 1,2420,DOTE,DOTE2011A,5760,Sta Ana for Bus Decisions 企業決策之統計分析,4.00,- Professor ZHANG Linqi,70,19,LEC,A,E,Tu 08:30AM - 10:15AM,CYT_209A,"9/8, 9/15, 9/22, 9/29, 10/6, 10/13, 10/20, 10/27, 11/3, 11/10, 11/17, 11/24, 12/1",,,"Dept of Decis, Oper & Tech"
2026-27 Term 1,2420,DOTE,DOTE2011A,5760,Sta Ana for Bus Decisions 企業決策之統計分析,4.00,- Professor ZHANG Linqi,70,19,LEC,A,E,Th 12:30PM - 02:15PM,WMY_505,"9/10, 9/17, 9/24",,,"Dept of Decis, Oper & Tech"
2026-27 Term 1,2420,DOTE,DOTE2011A,5760,Sta Ana for Bus Decisions 企業決策之統計分析,4.00,- Professor ZHANG Linqi,70,19,LEC,A,E,Th 12:30PM - 02:15PM,WMY_505,"10/8, 10/15, 10/22, 10/29, 11/5, 11/12, 11/19, 11/26, 12/3",,,"Dept of Decis, Oper & Tech"
2026-27 Term 1,2420,DOTE,DOTE2011B,5761,Sta Ana for Bus Decisions 企業決策之統計分析,4.00,- Dr. LI Dan,70,21,LEC,B,E,Mo 01:30PM - 03:15PM,WMY_505,"9/7, 9/14, 9/21, 9/28, 10/5, 10/12",,,"Dept of Decis, Oper & Tech"
2026-27 Term 1,2420,DOTE,DOTE2011B,5761,Sta Ana for Bus Decisions 企業決策之統計分析,4.00,- Dr. LI Dan,70,21,LEC,B,E,Mo 01:30PM - 03:15PM,WMY_505,"10/26, 11/2, 11/9, 11/16, 11/23, 11/30",,,"Dept of Decis, Oper & Tech"
2026-27 Term 1,2420,DOTE,DOTE2011B,5761,Sta Ana for Bus Decisions 企業決策之統計分析,4.00,- Dr. LI Dan,70,21,LEC,B,E,We 10:30AM - 12:15PM,YIA_LT9,"9/9, 9/16, 9/23, 9/30, 10/7, 10/14, 10/21, 10/28, 11/4, 11/11, 11/18, 11/25, 12/2",,,"Dept of Decis, Oper & Tech"
2026-27 Term 1,2420,DOTE,DOTE2011C,4794,Sta Ana for Bus Decisions 企業決策之統計分析,4.00,- Staff,70,0,LEC,C,E,Mo 10:30AM - 12:15PM,YIA_LT8,"9/7, 9/14, 9/21, 9/28, 10/5, 10/12",,,"Dept of Decis, Oper & Tech"
2026-27 Term 1,2420,DOTE,DOTE2011C,4794,Sta Ana for Bus Decisions 企業決策之統計分析,4.00,- Staff,70,0,LEC,C,E,Mo 10:30AM - 12:15PM,YIA_LT8,"10/26, 11/2, 11/9, 11/16, 11/23, 11/30",,,"Dept of Decis, Oper & Tech"
2026-27 Term 1,2420,DOTE,DOTE2011C,4794,Sta Ana for Bus Decisions 企業決策之統計分析,4.00,- Staff,70,0,LEC,C,E,We 10:30AM - 12:15PM,YIA_LT4,"9/9, 9/16, 9/23, 9/30, 10/7, 10/14, 10/21, 10/28, 11/4, 11/11, 11/18, 11/25, 12/2",,,"Dept of Decis, Oper & Tech"
2026-27 Term 1,2420,DOTE,DOTE2011D,4816,Sta Ana for Bus Decisions 企業決策之統計分析,4.00,- Professor LIN Yunduan,70,0,LEC,D,E,Tu 02:30PM - 04:15PM,ELB_LT3,"9/8, 9/15, 9/22, 9/29, 10/6, 10/13, 10/20, 10/27, 11/3, 11/10, 11/17, 11/24, 12/1",,,"Dept of Decis, Oper & Tech"
2026-27 Term 1,2420,DOTE,DOTE2011D,4816,Sta Ana for Bus Decisions 企業決策之統計分析,4.00,- Professor LIN Yunduan,70,0,LEC,D,E,Th 10:30AM - 12:15PM,CYT_LT1A,"9/10, 9/17, 9/24",,,"Dept of Decis, Oper & Tech"
2026-27 Term 1,2420,DOTE,DOTE2011D,4816,Sta Ana for Bus Decisions 企業決策之統計分析,4.00,- Professor LIN Yunduan,70,0,LEC,D,E,Th 10:30AM - 12:15PM,CYT_LT1A,"10/8, 10/15, 10/22, 10/29, 11/5, 11/12, 11/19, 11/26, 12/3",,,"Dept of Decis, Oper & Tech"
2026-27 Term 1,2420,DOTE,DOTE2011E,5762,Sta Ana for Bus Decisions 企業決策之統計分析,4.00,- Dr. LI Dan,70,21,LEC,E,E,Tu 12:30PM - 02:15PM,CYT_209A,"9/8, 9/15, 9/22, 9/29, 10/6, 10/13, 10/20, 10/27, 11/3, 11/10, 11/17, 11/24, 12/1",,,"Dept of Decis, Oper & Tech"
2026-27 Term 1,2420,DOTE,DOTE2011E,5762,Sta Ana for Bus Decisions 企業決策之統計分析,4.00,- Dr. LI Dan,70,21,LEC,E,E,Th 04:30PM - 06:15PM,WMY_507,"9/10, 9/17, 9/24",,,"Dept of Decis, Oper & Tech"
2026-27 Term 1,2420,DOTE,DOTE2011E,5762,Sta Ana for Bus Decisions 企業決策之統計分析,4.00,- Dr. LI Dan,70,21,LEC,E,E,Th 04:30PM - 06:15PM,WMY_507,"10/8, 10/15, 10/22, 10/29, 11/5, 11/12, 11/19, 11/26, 12/3",,,"Dept of Decis, Oper & Tech"
2026-27 Term 1,2420,DOTE,DOTE2011F,5708,Sta Ana for Bus Decisions 企業決策之統計分析,4.00,- Staff,70,52,LEC,F,E,Mo 02:30PM - 04:15PM,ELB_LT4,"9/7, 9/14, 9/21, 9/28, 10/5, 10/12",,,"Dept of Decis, Oper & Tech"
2026-27 Term 1,2420,DOTE,DOTE2011F,5708,Sta Ana for Bus Decisions 企業決策之統計分析,4.00,- Staff,70,52,LEC,F,E,Mo 02:30PM - 04:15PM,ELB_LT4,"10/26, 11/2, 11/9, 11/16, 11/23, 11/30",,,"Dept of Decis, Oper & Tech"
2026-27 Term 1,2420,DOTE,DOTE2011F,5708,Sta Ana for Bus Decisions 企業決策之統計分析,4.00,- Staff,70,52,LEC,F,E,Th 01:30PM - 03:15PM,ELB_LT2,"9/10, 9/17, 9/24",,,"Dept of Decis, Oper & Tech"
2026-27 Term 1,2420,DOTE,DOTE2011F,5708,Sta Ana for Bus Decisions 企業決策之統計分析,4.00,- Staff,70,52,LEC,F,E,Th 01:30PM - 03:15PM,ELB_LT2,"10/8, 10/15, 10/22, 10/29, 11/5, 11/12, 11/19, 11/26, 12/3",,,"Dept of Decis, Oper & Tech"
2026-27 Term 1,2420,DOTE,DOTE2011G,5763,Sta Ana for Bus Decisions 企業決策之統計分析,4.00,- Dr. TSANG Ka Wai,70,6,LEC,G,E,We 10:30AM - 12:15PM,LKC_LT1,"9/9, 9/16, 9/23, 9/30, 10/7, 10/14, 10/21, 10/28, 11/4, 11/11, 11/18, 11/25, 12/2",,,"Dept of Decis, Oper & Tech"
2026-27 Term 1,2420,DOTE,DOTE2011G,5763,Sta Ana for Bus Decisions 企業決策之統計分析,4.00,- Dr. TSANG Ka Wai,70,6,LEC,G,E,Fr 09:30AM - 11:15AM,WMY_507,"9/11, 9/18, 9/25, 10/2, 10/9, 10/16, 10/23, 10/30, 11/6, 11/13, 11/20, 11/27, 12/4",,,"Dept of Decis, Oper & Tech"
2026-27 Term 1,2420,DOTE,DOTE2011H,5764,Sta Ana for Bus Decisions 企業決策之統計分析,4.00,- Professor LIN Yunduan,70,4,LEC,H,E,Tu 08:30AM - 10:15AM,WMY_507,"9/8, 9/15, 9/22, 9/29, 10/6, 10/13, 10/20, 10/27, 11/3, 11/10, 11/17, 11/24, 12/1",,,"Dept of Decis, Oper & Tech"
2026-27 Term 1,2420,DOTE,DOTE2011H,5764,Sta Ana for Bus Decisions 企業決策之統計分析,4.00,- Professor LIN Yunduan,70,4,LEC,H,E,Th 04:30PM - 06:15PM,ELB_405,"9/10, 9/17, 9/24",,,"Dept of Decis, Oper & Tech"
2026-27 Term 1,2420,DOTE,DOTE2011H,5764,Sta Ana for Bus Decisions 企業決策之統計分析,4.00,- Professor LIN Yunduan,70,4,LEC,H,E,Th 04:30PM - 06:15PM,ELB_405,"10/8, 10/15, 10/22, 10/29, 11/5, 11/12, 11/19, 11/26, 12/3",,,"Dept of Decis, Oper & Tech"
2026-27 Term 1,2420,DOTE,DOTE2011I,5709,Sta Ana for Bus Decisions 企業決策之統計分析,4.00,- Dr. LI Dan,70,40,LEC,I,E,Tu 04:30PM - 06:15PM,FYB_LT4,"9/8, 9/15, 9/22, 9/29, 10/6, 10/13, 10/20, 10/27, 11/3, 11/10, 11/17, 11/24, 12/1",,,"Dept of Decis, Oper & Tech"
2026-27 Term 1,2420,DOTE,DOTE2011I,5709,Sta Ana for Bus Decisions 企業決策之統計分析,4.00,- Dr. LI Dan,70,40,LEC,I,E,Th 10:30AM - 12:15PM,YIA_LT3,"9/10, 9/17, 9/24",,,"Dept of Decis, Oper & Tech"
2026-27 Term 1,2420,DOTE,DOTE2011I,5709,Sta Ana for Bus Decisions 企業決策之統計分析,4.00,- Dr. LI Dan,70,40,LEC,I,E,Th 10:30AM - 12:15PM,YIA_LT3,"10/8, 10/15, 10/22, 10/29, 11/5, 11/12, 11/19, 11/26, 12/3",,,"Dept of Decis, Oper & Tech"
2026-27 Term 1,2420,DOTE,DOTE2011J,5802,Sta Ana for Bus Decisions 企業決策之統計分析,4.00,- Professor ZHANG Linqi,70,0,LEC,J,E,Tu 12:30PM - 02:15PM,SB_LT2,"9/8, 9/15, 9/22, 9/29, 10/6, 10/13, 10/20, 10/27, 11/3, 11/10, 11/17, 11/24, 12/1",,,"Dept of Decis, Oper & Tech"
2026-27 Term 1,2420,DOTE,DOTE2011J,5802,Sta Ana for Bus Decisions 企業決策之統計分析,4.00,- Professor ZHANG Linqi,70,0,LEC,J,E,Th 04:30PM - 06:15PM,UCC_C2,"9/10, 9/17, 9/24",,,"Dept of Decis, Oper & Tech"
2026-27 Term 1,2420,DOTE,DOTE2011J,5802,Sta Ana for Bus Decisions 企業決策之統計分析,4.00,- Professor ZHANG Linqi,70,0,LEC,J,E,Th 04:30PM - 06:15PM,UCC_C2,"10/8, 10/15, 10/22, 10/29, 11/5, 11/12, 11/19, 11/26, 12/3",,,"Dept of Decis, Oper & Tech"
2026-27 Term 1,2420,DOTE,DOTE2030A,5665,Operations Management 營運管理,3.00,- Staff,70,70,LEC,A,E,Th 03:30PM - 06:15PM,ELB_LT2,"9/10, 9/17, 9/24",,,"Dept of Decis, Oper & Tech"
2026-27 Term 1,2420,DOTE,DOTE2030A,5665,Operations Management 營運管理,3.00,- Staff,70,70,LEC,A,E,Th 03:30PM - 06:15PM,ELB_LT2,"10/8, 10/15, 10/22, 10/29, 11/5, 11/12, 11/19, 11/26, 12/3",,,"Dept of Decis, Oper & Tech"
2026-27 Term 1,2420,DOTE,DOTE2030B,5666,Operations Management 營運管理,3.00,- Staff,65,65,LEC,B,E,Mo 10:30AM - 01:15PM,FYB_LT4,"9/7, 9/14, 9/21, 9/28, 10/5, 10/12",,,"Dept of Decis, Oper & Tech"
2026-27 Term 1,2420,DOTE,DOTE2030B,5666,Operations Management 營運管理,3.00,- Staff,65,65,LEC,B,E,Mo 10:30AM - 01:15PM,FYB_LT4,"10/26, 11/2, 11/9, 11/16, 11/23, 11/30",,,"Dept of Decis, Oper & Tech"
2026-27 Term 1,2420,DOTE,DOTE2030C,5610,Operations Management 營運管理,3.00,- Professor CHEN Hongfan,70,70,LEC,C,E,We 10:30AM - 01:15PM,CYT_209A,"9/9, 9/16, 9/23, 9/30, 10/7, 10/14, 10/21, 10/28, 11/4, 11/11, 11/18, 11/25, 12/2",,,"Dept of Decis, Oper & Tech"
2026-27 Term 1,2420,DOTE,DOTE2030D,7092,Operations Management 營運管理,3.00,- Staff,70,44,LEC,D,E,Tu 02:30PM - 05:15PM,YIA_LT4,"9/8, 9/15, 9/22, 9/29, 10/6, 10/13, 10/20, 10/27, 11/3, 11/10, 11/17, 11/24, 12/1",,,"Dept of Decis, Oper & Tech"
2026-27 Term 1,2420,DOTE,DOTE2040A,7036,Business Analytics 商務分析,3.00,- Professor ZHU Kaijie,70,70,LEC,A,E,We 02:30PM - 05:15PM,CYT_LT1B,"9/9, 9/16, 9/23, 9/30, 10/7, 10/14, 10/21, 10/28, 11/4, 11/11, 11/18, 11/25, 12/2",,,"Dept of Decis, Oper & Tech"
2026-27 Term 1,2420,DOTE,DOTE2051A,5604,Business Information Systems 商業資訊系統,3.00,- Professor LEE Myunghwan,70,70,LEC,A,E,Th 10:30AM - 01:15PM,CYT_209A,"9/10, 9/17, 9/24",,,"Dept of Decis, Oper & Tech"
2026-27 Term 1,2420,DOTE,DOTE2051A,5604,Business Information Systems 商業資訊系統,3.00,- Professor LEE Myunghwan,70,70,LEC,A,E,Th 10:30AM - 01:15PM,CYT_209A,"10/8, 10/15, 10/22, 10/29, 11/5, 11/12, 11/19, 11/26, 12/3",,,"Dept of Decis, Oper & Tech"
2026-27 Term 1,2420,DOTE,DOTE2051B,5605,Business Information Systems 商業資訊系統,3.00,- Professor LEE Myunghwan,70,67,LEC,B,E,Mo 09:30AM - 12:15PM,YIA_LT9,"9/7, 9/14, 9/21, 9/28, 10/5, 10/12",,,"Dept of Decis, Oper & Tech"
2026-27 Term 1,2420,DOTE,DOTE2051B,5605,Business Information Systems 商業資訊系統,3.00,- Professor LEE Myunghwan,70,67,LEC,B,E,Mo 09:30AM - 12:15PM,YIA_LT9,"10/26, 11/2, 11/9, 11/16, 11/23, 11/30",,,"Dept of Decis, Oper & Tech"
2026-27 Term 1,2420,DOTE,DOTE2051C,5602,Business Information Systems 商業資訊系統,3.00,- Professor LEE Myunghwan,70,70,LEC,C,E,We 02:30PM - 05:15PM,CYT_209A,"9/9, 9/16, 9/23, 9/30, 10/7, 10/14, 10/21, 10/28, 11/4, 11/11, 11/18, 11/25, 12/2",,,"Dept of Decis, Oper & Tech"
2026-27 Term 1,2420,DOTE,DOTE2051D,7297,Business Information Systems 商業資訊系統,3.00,- Professor LI Tianyi,70,70,LEC,D,E,Tu 02:30PM - 05:15PM,ELB_LT4,"9/8, 9/15, 9/22, 9/29, 10/6, 10/13, 10/20, 10/27, 11/3, 11/10, 11/17, 11/24, 12/1",,,"Dept of Decis, Oper & Tech"
2026-27 Term 1,2420,DOTE,DOTE2051E,5924,Business Information Systems 商業資訊系統,3.00,- Professor LI Tianyi,70,70,LEC,E,E,Th 02:30PM - 05:15PM,CYT_209A,"9/10, 9/17, 9/24",,,"Dept of Decis, Oper & Tech"
2026-27 Term 1,2420,DOTE,DOTE2051E,5924,Business Information Systems 商業資訊系統,3.00,- Professor LI Tianyi,70,70,LEC,E,E,Th 02:30PM - 05:15PM,CYT_209A,"10/8, 10/15, 10/22, 10/29, 11/5, 11/12, 11/19, 11/26, 12/3",,,"Dept of Decis, Oper & Tech"
2026-27 Term 1,2420,DOTE,DOTE3080-,5595,Macroeconomics for Managers 宏觀經濟與管理,3.00,- Dr. FU Rao,40,40,LEC,-,E,Mo 02:30PM - 05:15PM,HYS_G04,"9/7, 9/14, 9/21, 9/28, 10/5, 10/12",,,"Dept of Decis, Oper & Tech"
2026-27 Term 1,2420,DOTE,DOTE3080-,5595,Macroeconomics for Managers 宏觀經濟與管理,3.00,- Dr. FU Rao,40,40,LEC,-,E,Mo 02:30PM - 05:15PM,HYS_G04,"10/26, 11/2, 11/9, 11/16, 11/23, 11/30",,,"Dept of Decis, Oper & Tech"
2026-27 Term 1,2420,DOTE,DOTE3090-,8501,Game Theory for Bus Strategy 商業策略博奕論,3.00,- Professor KO Chiu Yu,45,45,LEC,-,E,Tu 02:30PM - 05:15PM,FYB_UG01,"9/8, 9/15, 9/22, 9/29, 10/6, 10/13, 10/20, 10/27, 11/3, 11/10, 11/17, 11/24, 12/1",,,"Dept of Decis, Oper & Tech"
2026-27 Term 1,2420,DOTE,DOTE4020A,8310,Decision Modeling & Analytics 決策建模和分析,3.00,- Professor GAO Xiangyu,55,55,LEC,A,E,Mo 09:30AM - 12:15PM,WMY_305,"9/7, 9/14, 9/21, 9/28, 10/5, 10/12",,,"Dept of Decis, Oper & Tech"
2026-27 Term 1,2420,DOTE,DOTE4020A,8310,Decision Modeling & Analytics 決策建模和分析,3.00,- Professor GAO Xiangyu,55,55,LEC,A,E,Mo 09:30AM - 12:15PM,WMY_305,"10/26, 11/2, 11/9, 11/16, 11/23, 11/30",,,"Dept of Decis, Oper & Tech"
2026-27 Term 1,2420,DOTE,DOTE4070A,5912,Data Mgt & Big Data Analytics 數據管理及大數據分析,3.00,- Staff,55,55,LEC,A,E,We 09:30AM - 12:15PM,ELB_308,"9/9, 9/16, 9/23, 9/30, 10/7, 10/14, 10/21, 10/28, 11/4, 11/11, 11/18, 11/25, 12/2",,,"Dept of Decis, Oper & Tech"
2026-27 Term 1,2420,DOTE,DOTE4110A,5662,Economic Analytics 經濟分析,3.00,- Dr. YUEN Chi Lok,50,50,LEC,A,E,Th 02:30PM - 05:15PM,ARC_G04,"9/10, 9/17, 9/24",,,"Dept of Decis, Oper & Tech"
2026-27 Term 1,2420,DOTE,DOTE4110A,5662,Economic Analytics 經濟分析,3.00,- Dr. YUEN Chi Lok,50,50,LEC,A,E,Th 02:30PM - 05:15PM,ARC_G04,"10/8, 10/15, 10/22, 10/29, 11/5, 11/12, 11/19, 11/26, 12/3",,,"Dept of Decis, Oper & Tech"
2026-27 Term 1,2420,DOTE,DOTE4260-,7751,Business Process Analytics 企業流程分析,3.00,- Professor ZHU Kaijie,50,50,LEC,-,E,Tu 10:30AM - 01:15PM,WMY_301,"9/8, 9/15, 9/22, 9/29, 10/6, 10/13, 10/20, 10/27, 11/3, 11/10, 11/17, 11/24, 12/1",,,"Dept of Decis, Oper & Tech"
2026-27 Term 1,2420,DOTE,DOTE4280-,7040,Network and Security 網絡與網絡安全,3.00,- Professor LI Tianyi,45,45,LEC,-,E,We 02:30PM - 05:15PM,ELB_LT2,"9/9, 9/16, 9/23, 9/30, 10/7, 10/14, 10/21, 10/28, 11/4, 11/11, 11/18, 11/25, 12/2",,,"Dept of Decis, Oper & Tech"
2026-27 Term 1,2420,ECON,ECON1010A,5872,Perspectives in Economics 經濟學概觀,3.00,- Miss LEUNG Yuk Chun,40,40,LEC,A,E,Tu 10:30AM - 01:15PM,YIA_LT3,"9/8, 9/15, 9/22, 9/29, 10/6, 10/13, 10/20, 10/27, 11/3, 11/10, 11/17, 11/24, 12/1",,,Dept of Economics
2026-27 Term 1,2420,ECON,ECON1010B,5873,Perspectives in Economics 經濟學概觀,3.00,- Miss LEUNG Yuk Chun,40,40,LEC,B,E,We 02:30PM - 05:15PM,CKB_LT3,"9/9, 9/16, 9/23, 9/30, 10/7, 10/14, 10/21, 10/28, 11/4, 11/11, 11/18, 11/25, 12/2",,,Dept of Economics
2026-27 Term 1,2420,ECON,ECON1101A,5526,Mathematical Methods in Eco I 經濟數學方法（一）,2.00,- Dr. CHOW Yan Chi Vinci,90,89,LEC,A,E,Tu 10:30AM - 12:15PM,SB_LT2,"9/8, 9/15, 9/22, 9/29, 10/6, 10/13, 10/20, 10/27, 11/3, 11/10, 11/17, 11/24, 12/1",,,Dept of Economics
2026-27 Term 1,2420,ECON,ECON1101B,5527,Mathematical Methods in Eco I 經濟數學方法（一）,2.00,- Dr. CHOW Yan Chi Vinci,90,90,LEC,B,E,Th 10:30AM - 12:15PM,YIA_LT8,"9/10, 9/17, 9/24",,,Dept of Economics
2026-27 Term 1,2420,ECON,ECON1101B,5527,Mathematical Methods in Eco I 經濟數學方法（一）,2.00,- Dr. CHOW Yan Chi Vinci,90,90,LEC,B,E,Th 10:30AM - 12:15PM,YIA_LT8,"10/8, 10/15, 10/22, 10/29, 11/5, 11/12, 11/19, 11/26, 12/3",,,Dept of Economics
2026-27 Term 1,2420,ECON,ECON1210-,9695,Economics and Society 經濟學與社會,3.00,- Dr. IP Tak Sang,140,140,LEC,-,E,Tu 02:30PM - 05:15PM,YIA_LT3,"9/8, 9/15, 9/22, 9/29, 10/6, 10/13, 10/20, 10/27, 11/3, 11/10, 11/17, 11/24, 12/1",,,Dept of Economics
2026-27 Term 1,2420,ECON,ECON1220A,7484,Contemporary Economic Thinking 當代經濟思想,3.00,- Professor KWONG Kai Sun Sunny,140,140,LEC,A,E,Tu 08:30AM - 10:15AM,YIA_LT5,"9/8, 9/15, 9/22, 9/29, 10/6, 10/13, 10/20, 10/27, 11/3, 11/10, 11/17, 11/24, 12/1",,,Dept of Economics
2026-27 Term 1,2420,ECON,ECON1220A,7484,Contemporary Economic Thinking 當代經濟思想,3.00,- Professor KWONG Kai Sun Sunny,140,140,LEC,A,E,Th 12:30PM - 01:15PM,YIA_LT5,"9/10, 9/17, 9/24",,,Dept of Economics
2026-27 Term 1,2420,ECON,ECON1220A,7484,Contemporary Economic Thinking 當代經濟思想,3.00,- Professor KWONG Kai Sun Sunny,140,140,LEC,A,E,Th 12:30PM - 01:15PM,YIA_LT5,"10/8, 10/15, 10/22, 10/29, 11/5, 11/12, 11/19, 11/26, 12/3",,,Dept of Economics
2026-27 Term 1,2420,ECON,ECON1420A,4965,Basic Banking & Finance 銀行與金融概觀,3.00,- Dr. YAN Wai Hin,40,40,LEC,A,C&E,Fr 08:30AM - 11:15AM,LKC_LT1,"9/11, 9/18, 9/25, 10/2, 10/9, 10/16, 10/23, 10/30, 11/6, 11/13, 11/20, 11/27, 12/4",,,Dept of Economics
2026-27 Term 1,2420,ECON,ECON1902-,9809,A Guide to Learning Economics 經濟學入門,2.00,- Staff,130,96,LEC,-,E,We 04:30PM - 06:15PM,HTB_B6,"9/9, 9/16, 9/23, 9/30, 10/7, 10/14, 10/21, 10/28, 11/4, 11/11, 11/18, 11/25, 12/2",Yes,Yes,Dept of Economics
2026-27 Term 1,2420,ECON,ECON2011A,5301,Basic Microeconomics 基本微觀經濟學,3.00,- Dr. HO Cheuk Yin,80,80,LEC,A,E,Mo 02:30PM - 04:15PM,CK_TSE,"9/7, 9/14, 9/21, 9/28, 10/5, 10/12",,,Dept of Economics
2026-27 Term 1,2420,ECON,ECON2011A,5301,Basic Microeconomics 基本微觀經濟學,3.00,- Dr. HO Cheuk Yin,80,80,LEC,A,E,Mo 02:30PM - 04:15PM,CK_TSE,"10/26, 11/2, 11/9, 11/16, 11/23, 11/30",,,Dept of Economics
2026-27 Term 1,2420,ECON,ECON2011A,5301,Basic Microeconomics 基本微觀經濟學,3.00,- Dr. HO Cheuk Yin,80,80,LEC,A,E,We 01:30PM - 02:15PM,WMY_505,"9/9, 9/16, 9/23, 9/30, 10/7, 10/14, 10/21, 10/28, 11/4, 11/11, 11/18, 11/25, 12/2",,,Dept of Economics
2026-27 Term 1,2420,ECON,ECON2011B,5528,Basic Microeconomics 基本微觀經濟學,3.00,- Dr. HO Cheuk Yin,80,80,LEC,B,E,Tu 08:30AM - 10:15AM,YIA_LT7,"9/8, 9/15, 9/22, 9/29, 10/6, 10/13, 10/20, 10/27, 11/3, 11/10, 11/17, 11/24, 12/1",,,Dept of Economics
2026-27 Term 1,2420,ECON,ECON2011B,5528,Basic Microeconomics 基本微觀經濟學,3.00,- Dr. HO Cheuk Yin,80,80,LEC,B,E,Th 12:30PM - 01:15PM,YIA_LT4,"9/10, 9/17, 9/24",,,Dept of Economics
2026-27 Term 1,2420,ECON,ECON2011B,5528,Basic Microeconomics 基本微觀經濟學,3.00,- Dr. HO Cheuk Yin,80,80,LEC,B,E,Th 12:30PM - 01:15PM,YIA_LT4,"10/8, 10/15, 10/22, 10/29, 11/5, 11/12, 11/19, 11/26, 12/3",,,Dept of Economics
2026-27 Term 1,2420,ECON,ECON2011C,5315,Basic Microeconomics 基本微觀經濟學,3.00,- Staff,80,80,LEC,C,E,Mo 12:30PM - 01:15PM,WMY_505,"9/7, 9/14, 9/21, 9/28, 10/5, 10/12",,,Dept of Economics
2026-27 Term 1,2420,ECON,ECON2011C,5315,Basic Microeconomics 基本微觀經濟學,3.00,- Staff,80,80,LEC,C,E,Mo 12:30PM - 01:15PM,WMY_505,"10/26, 11/2, 11/9, 11/16, 11/23, 11/30",,,Dept of Economics
2026-27 Term 1,2420,ECON,ECON2011C,5315,Basic Microeconomics 基本微觀經濟學,3.00,- Staff,80,80,LEC,C,E,Th 08:30AM - 10:15AM,WMY_507,"9/10, 9/17, 9/24",,,Dept of Economics
2026-27 Term 1,2420,ECON,ECON2011C,5315,Basic Microeconomics 基本微觀經濟學,3.00,- Staff,80,80,LEC,C,E,Th 08:30AM - 10:15AM,WMY_507,"10/8, 10/15, 10/22, 10/29, 11/5, 11/12, 11/19, 11/26, 12/3",,,Dept of Economics
2026-27 Term 1,2420,ECON,ECON2021A,5529,Basic Macroeconomics 基本宏觀經濟學,3.00,- Dr. WOO Wai Chiu,90,90,LEC,A,E,Fr 08:30AM - 11:15AM,SB_LT2,"9/11, 9/18, 9/25, 10/2, 10/9, 10/16, 10/23, 10/30, 11/6, 11/13, 11/20, 11/27, 12/4",,,Dept of Economics
2026-27 Term 1,2420,ECON,ECON2021B,5324,Basic Macroeconomics 基本宏觀經濟學,3.00,- Dr. WOO Wai Chiu,90,90,LEC,B,E,We 08:30AM - 11:15AM,CK_TSE,"9/9, 9/16, 9/23, 9/30, 10/7, 10/14, 10/21, 10/28, 11/4, 11/11, 11/18, 11/25, 12/2",,,Dept of Economics
2026-27 Term 1,2420,ECON,ECON2121A,9820,Methods of Economic Statistics 經濟統計方法,3.00,- Dr. James Philip MARTIN,120,120,LEC,A,E,Tu 02:30PM - 05:15PM,LKC_LT1,"9/8, 9/15, 9/22, 9/29, 10/6, 10/13, 10/20, 10/27, 11/3, 11/10, 11/17, 11/24, 12/1",,,Dept of Economics
2026-27 Term 1,2420,ECON,ECON3011A,5530,Intermed Microeconomic Theory 中級微觀經濟理論,3.00,- Dr. MOK Kai Chung - Dr. YUNG Chor Wing Linda,110,105,LEC,A,E,We 02:30PM - 05:15PM,FYB_LT4,"9/9, 9/16, 9/23, 9/30, 10/7, 10/14, 10/21, 10/28, 11/4, 11/11, 11/18, 11/25, 12/2",,,Dept of Economics
2026-27 Term 1,2420,ECON,ECON3021A,5531,Intermed Macroeconomic Theory 中級宏觀經濟理論,3.00,- Dr. MOK Kai Chung,110,110,LEC,A,E,Mo 02:30PM - 04:15PM,YIA_LT7,"9/7, 9/14, 9/21, 9/28, 10/5, 10/12",,,Dept of Economics
2026-27 Term 1,2420,ECON,ECON3021A,5531,Intermed Macroeconomic Theory 中級宏觀經濟理論,3.00,- Dr. MOK Kai Chung,110,110,LEC,A,E,Mo 02:30PM - 04:15PM,YIA_LT7,"10/26, 11/2, 11/9, 11/16, 11/23, 11/30",,,Dept of Economics
2026-27 Term 1,2420,ECON,ECON3021A,5531,Intermed Macroeconomic Theory 中級宏觀經濟理論,3.00,- Dr. MOK Kai Chung,110,110,LEC,A,E,We 01:30PM - 02:15PM,YIA_LT7,"9/9, 9/16, 9/23, 9/30, 10/7, 10/14, 10/21, 10/28, 11/4, 11/11, 11/18, 11/25, 12/2",,,Dept of Economics
2026-27 Term 1,2420,ECON,ECON3121A,9258,Introductory Econometrics 計量經濟學導論,3.00,- Dr. James Philip MARTIN,90,90,LEC,A,E,Tu 10:30AM - 01:15PM,CYT_LT1B,"9/8, 9/15, 9/22, 9/29, 10/6, 10/13, 10/20, 10/27, 11/3, 11/10, 11/17, 11/24, 12/1",,,Dept of Economics
2026-27 Term 1,2420,ECON,ECON3121B,9256,Introductory Econometrics 計量經濟學導論,3.00,- Dr. James Philip MARTIN,87,87,LEC,B,E,Th 02:30PM - 05:15PM,CKB_LT3,"9/10, 9/17, 9/24",,,Dept of Economics
2026-27 Term 1,2420,ECON,ECON3121B,9256,Introductory Econometrics 計量經濟學導論,3.00,- Dr. James Philip MARTIN,87,87,LEC,B,E,Th 02:30PM - 05:15PM,CKB_LT3,"10/8, 10/15, 10/22, 10/29, 11/5, 11/12, 11/19, 11/26, 12/3",,,Dept of Economics
2026-27 Term 1,2420,ECON,ECON3140A,9259,Financial Data Analysis 財務數據分析,3.00,- Dr. IP Tak Sang,110,110,LEC,A,C&E,Mo 02:30PM - 04:15PM,FYB_LT4,"9/7, 9/14, 9/21, 9/28, 10/5, 10/12",,,Dept of Economics
2026-27 Term 1,2420,ECON,ECON3140A,9259,Financial Data Analysis 財務數據分析,3.00,- Dr. IP Tak Sang,110,110,LEC,A,C&E,Mo 02:30PM - 04:15PM,FYB_LT4,"10/26, 11/2, 11/9, 11/16, 11/23, 11/30",,,Dept of Economics
2026-27 Term 1,2420,ECON,ECON3140A,9259,Financial Data Analysis 財務數據分析,3.00,- Dr. IP Tak Sang,110,110,LEC,A,C&E,We 01:30PM - 02:15PM,FYB_LT4,"9/9, 9/16, 9/23, 9/30, 10/7, 10/14, 10/21, 10/28, 11/4, 11/11, 11/18, 11/25, 12/2",,,Dept of Economics
2026-27 Term 1,2420,ECON,ECON3260-,9559,History of Economic Thought 經濟思想史,3.00,- Professor KWONG Kai Sun Sunny,65,65,LEC,-,E,Tu 02:30PM - 05:15PM,HYS_G05,"9/8, 9/15, 9/22, 9/29, 10/6, 10/13, 10/20, 10/27, 11/3, 11/10, 11/17, 11/24, 12/1",,,Dept of Economics
2026-27 Term 1,2420,ECON,ECON3370-,9529,Business Environment of China 中國營商環境,3.00,- Professor ZHANG Yifan,80,80,LEC,-,E,We 02:30PM - 05:15PM,ELB_405,"9/9, 9/16, 9/23, 9/30, 10/7, 10/14, 10/21, 10/28, 11/4, 11/11, 11/18, 11/25, 12/2",,,Dept of Economics
2026-27 Term 1,2420,ECON,ECON3380-,4969,Economy of Hong Kong 香港經濟,3.00,- Dr. YAN Wai Hin,65,65,LEC,-,E,Mo 08:30AM - 11:15AM,LHC_G04,"9/7, 9/14, 9/21, 9/28, 10/5, 10/12",,,Dept of Economics
2026-27 Term 1,2420,ECON,ECON3380-,4969,Economy of Hong Kong 香港經濟,3.00,- Dr. YAN Wai Hin,65,65,LEC,-,E,Mo 08:30AM - 11:15AM,LHC_G04,"10/26, 11/2, 11/9, 11/16, 11/23, 11/30",,,Dept of Economics
2026-27 Term 1,2420,ECON,ECON3410A,5532,Money and Banking 貨幣與銀行學,3.00,- Staff,80,80,LEC,A,E,We 08:30AM - 11:15AM,WMY_505,"9/9, 9/16, 9/23, 9/30, 10/7, 10/14, 10/21, 10/28, 11/4, 11/11, 11/18, 11/25, 12/2",,,Dept of Economics
2026-27 Term 1,2420,ECON,ECON3420A,5915,Financial Economics 金融經濟學,3.00,- Professor LI Zhen,75,75,LEC,A,E,Mo 11:30AM - 12:15PM,ELB_LT2,"9/7, 9/14, 9/21, 9/28, 10/5, 10/12",,,Dept of Economics
2026-27 Term 1,2420,ECON,ECON3420A,5915,Financial Economics 金融經濟學,3.00,- Professor LI Zhen,75,75,LEC,A,E,Mo 11:30AM - 12:15PM,ELB_LT2,"10/26, 11/2, 11/9, 11/16, 11/23, 11/30",,,Dept of Economics
2026-27 Term 1,2420,ECON,ECON3420A,5915,Financial Economics 金融經濟學,3.00,- Professor LI Zhen,75,75,LEC,A,E,We 04:30PM - 06:15PM,ELB_LT3,"9/9, 9/16, 9/23, 9/30, 10/7, 10/14, 10/21, 10/28, 11/4, 11/11, 11/18, 11/25, 12/2",,,Dept of Economics
2026-27 Term 1,2420,ECON,ECON3430A,5533,Public Finance 財政學,3.00,- Dr. WOO Wai Chiu,90,90,LEC,A,E,Th 02:30PM - 05:15PM,YIA_LT8,"9/10, 9/17, 9/24",,,Dept of Economics
2026-27 Term 1,2420,ECON,ECON3430A,5533,Public Finance 財政學,3.00,- Dr. WOO Wai Chiu,90,90,LEC,A,E,Th 02:30PM - 05:15PM,YIA_LT8,"10/8, 10/15, 10/22, 10/29, 11/5, 11/12, 11/19, 11/26, 12/3",,,Dept of Economics
2026-27 Term 1,2420,ECON,ECON3460-,5534,Development Economics 發展經濟學,3.00,- Staff,90,90,LEC,-,E,Mo 08:30AM - 11:15AM,CK_TSE,"9/7, 9/14, 9/21, 9/28, 10/5, 10/12",,,Dept of Economics
2026-27 Term 1,2420,ECON,ECON3460-,5534,Development Economics 發展經濟學,3.00,- Staff,90,90,LEC,-,E,Mo 08:30AM - 11:15AM,CK_TSE,"10/26, 11/2, 11/9, 11/16, 11/23, 11/30",,,Dept of Economics
2026-27 Term 1,2420,ECON,ECON3470-,9306,Labour Economics 勞動經濟學,3.00,- Dr. YUNG Chor Wing Linda,60,60,LEC,-,E,Mo 04:30PM - 06:15PM,ARC_G03,"9/7, 9/14, 9/21, 9/28, 10/5, 10/12",,,Dept of Economics
2026-27 Term 1,2420,ECON,ECON3470-,9306,Labour Economics 勞動經濟學,3.00,- Dr. YUNG Chor Wing Linda,60,60,LEC,-,E,Mo 04:30PM - 06:15PM,ARC_G03,"10/26, 11/2, 11/9, 11/16, 11/23, 11/30",,,Dept of Economics
2026-27 Term 1,2420,ECON,ECON3470-,9306,Labour Economics 勞動經濟學,3.00,- Dr. YUNG Chor Wing Linda,60,60,LEC,-,E,We 11:30AM - 12:15PM,HYS_G04,"9/9, 9/16, 9/23, 9/30, 10/7, 10/14, 10/21, 10/28, 11/4, 11/11, 11/18, 11/25, 12/2",,,Dept of Economics
2026-27 Term 1,2420,ECON,ECON3480-,5535,Industrial Organization 工業組織,3.00,- Dr. IP Tak Sang,100,100,LEC,-,E,We 08:30AM - 11:15AM,FYB_LT4,"9/9, 9/16, 9/23, 9/30, 10/7, 10/14, 10/21, 10/28, 11/4, 11/11, 11/18, 11/25, 12/2",,,Dept of Economics
2026-27 Term 1,2420,ECON,ECON3540-,9818,Foundations of Corp Finance 基礎企業財務,3.00,- Professor DU Julan,110,110,LEC,-,E,Tu 10:30AM - 01:15PM,LKC_LT1,"9/8, 9/15, 9/22, 9/29, 10/6, 10/13, 10/20, 10/27, 11/3, 11/10, 11/17, 11/24, 12/1",,,Dept of Economics
2026-27 Term 1,2420,ECON,ECON3590A,5577,Business Economics 商業經濟學,3.00,- Dr. IP Tak Sang,110,110,LEC,A,E,Mo 12:30PM - 01:15PM,ELB_LT3,"9/7, 9/14, 9/21, 9/28, 10/5, 10/12",,,Dept of Economics
2026-27 Term 1,2420,ECON,ECON3590A,5577,Business Economics 商業經濟學,3.00,- Dr. IP Tak Sang,110,110,LEC,A,E,Mo 12:30PM - 01:15PM,ELB_LT3,"10/26, 11/2, 11/9, 11/16, 11/23, 11/30",,,Dept of Economics
2026-27 Term 1,2420,ECON,ECON3590A,5577,Business Economics 商業經濟學,3.00,- Dr. IP Tak Sang,110,110,LEC,A,E,Th 08:30AM - 10:15AM,ELB_LT3,"9/10, 9/17, 9/24",,,Dept of Economics
2026-27 Term 1,2420,ECON,ECON3590A,5577,Business Economics 商業經濟學,3.00,- Dr. IP Tak Sang,110,110,LEC,A,E,Th 08:30AM - 10:15AM,ELB_LT3,"10/8, 10/15, 10/22, 10/29, 11/5, 11/12, 11/19, 11/26, 12/3",,,Dept of Economics
2026-27 Term 1,2420,ECON,ECON4010-,8554,Adv Topics in Microeconomics 高級微觀經濟學專題,3.00,- Professor LI Duozhe,30,30,LEC,-,E,Tu 10:30AM - 01:15PM,FYB_106,"9/8, 9/15, 9/22, 9/29, 10/6, 10/13, 10/20, 10/27, 11/3, 11/10, 11/17, 11/24, 12/1",,,Dept of Economics
2026-27 Term 1,2420,ECON,ECON4120-,8596,Applied Forecasting Methods 應用預測方法,3.00,- Professor LI Zhen,90,90,LEC,-,E,We 08:30AM - 11:15AM,YIA_LT8,"9/9, 9/16, 9/23, 9/30, 10/7, 10/14, 10/21, 10/28, 11/4, 11/11, 11/18, 11/25, 12/2",,,Dept of Economics
2026-27 Term 1,2420,ECON,ECON4130-,9566,Machine Learning Method in Eco 機械學習在經濟學的應用,3.00,- Dr. CHOW Yan Chi Vinci,40,40,LEC,-,E,Mo 02:30PM - 04:15PM,ELB_302,"9/7, 9/14, 9/21, 9/28, 10/5, 10/12",,,Dept of Economics
2026-27 Term 1,2420,ECON,ECON4130-,9566,Machine Learning Method in Eco 機械學習在經濟學的應用,3.00,- Dr. CHOW Yan Chi Vinci,40,40,LEC,-,E,Mo 02:30PM - 04:15PM,ELB_302,"10/26, 11/2, 11/9, 11/16, 11/23, 11/30",,,Dept of Economics
2026-27 Term 1,2420,ECON,ECON4130-,9566,Machine Learning Method in Eco 機械學習在經濟學的應用,3.00,- Dr. CHOW Yan Chi Vinci,40,40,LEC,-,E,We 01:30PM - 02:15PM,ELB_308,"9/9, 9/16, 9/23, 9/30, 10/7, 10/14, 10/21, 10/28, 11/4, 11/11, 11/18, 11/25, 12/2",,,Dept of Economics
2026-27 Term 1,2420,ECON,ECON4470-,5182,Economics of Behavioural Finan 行為金融學的經濟分析,3.00,- Staff,40,40,LEC,-,E,Mo 02:30PM - 05:15PM,ELB_308,"9/7, 9/14, 9/21, 9/28, 10/5, 10/12",,,Dept of Economics
2026-27 Term 1,2420,ECON,ECON4470-,5182,Economics of Behavioural Finan 行為金融學的經濟分析,3.00,- Staff,40,40,LEC,-,E,Mo 02:30PM - 05:15PM,ELB_308,"10/26, 11/2, 11/9, 11/16, 11/23, 11/30",,,Dept of Economics
2026-27 Term 1,2420,ECON,ECON4901A,9435,Guided Stud Curr Eco Prob II 現代經濟問題導修（二）,2.00,- Professor CAO Siying,15,15,SEM,AS01,E,We 02:30PM - 04:15PM,FYB_105,"9/9, 9/16, 9/23, 9/30, 10/7, 10/14, 10/21, 10/28, 11/4, 11/11, 11/18, 11/25, 12/2",,,Dept of Economics
2026-27 Term 1,2420,ECON,ECON4901B,5537,Guided Stud Curr Eco Prob II 現代經濟問題導修（二）,2.00,- Professor Julius ILCIUKAS,15,15,SEM,BS01,E,Tu 04:30PM - 06:15PM,FYB_403,"9/8, 9/15, 9/22, 9/29, 10/6, 10/13, 10/20, 10/27, 11/3, 11/10, 11/17, 11/24, 12/1",,,Dept of Economics
2026-27 Term 1,2420,ECON,ECON4901C,9703,Guided Stud Curr Eco Prob II 現代經濟問題導修（二）,2.00,- Miss LEUNG Yuk Chun,15,15,SEM,CS01,E,Mo 02:30PM - 04:15PM,FYB_105,"9/7, 9/14, 9/21, 9/28, 10/5, 10/12",,,Dept of Economics
2026-27 Term 1,2420,ECON,ECON4901C,9703,Guided Stud Curr Eco Prob II 現代經濟問題導修（二）,2.00,- Miss LEUNG Yuk Chun,15,15,SEM,CS01,E,Mo 02:30PM - 04:15PM,FYB_105,"10/26, 11/2, 11/9, 11/16, 11/23, 11/30",,,Dept of Economics
2026-27 Term 1,2420,ECON,ECON4901D,5536,Guided Stud Curr Eco Prob II 現代經濟問題導修（二）,2.00,- Dr. YUNG Chor Wing Linda,15,15,SEM,DS01,E,Tu 10:30AM - 12:15PM,FYB_402,"9/8, 9/15, 9/22, 9/29, 10/6, 10/13, 10/20, 10/27, 11/3, 11/10, 11/17, 11/24, 12/1",,,Dept of Economics
2026-27 Term 1,2420,ECON,ECON4901E,5538,Guided Stud Curr Eco Prob II 現代經濟問題導修（二）,2.00,- Professor DU Julan,15,15,SEM,ES01,E,Fr 09:30AM - 11:15AM,FYB_107B,"9/11, 9/18, 9/25, 10/2, 10/9, 10/16, 10/23, 10/30, 11/6, 11/13, 11/20, 11/27, 12/4",,,Dept of Economics
2026-27 Term 1,2420,ECON,ECON4901F,4970,Guided Stud Curr Eco Prob II 現代經濟問題導修（二）,2.00,- Professor NG Ka Ho,15,15,SEM,FS01,E,We 05:30PM - 07:15PM,NRR,"9/9, 9/16, 9/23, 9/30, 10/7, 10/14, 10/21, 10/28, 11/4, 11/11, 11/18, 11/25, 12/2",,,Dept of Economics
2026-27 Term 1,2420,ECON,ECON4901G,4971,Guided Stud Curr Eco Prob II 現代經濟問題導修（二）,2.00,- Professor NG Ka Ho,15,15,SEM,GS01,E,We 07:30PM - 09:15PM,NRR,"9/9, 9/16, 9/23, 9/30, 10/7, 10/14, 10/21, 10/28, 11/4, 11/11, 11/18, 11/25, 12/2",,,Dept of Economics
2026-27 Term 1,2420,ECON,ECON4901H,5578,Guided Stud Curr Eco Prob II 現代經濟問題導修（二）,2.00,- Dr. YUNG Chor Wing Linda,15,15,SEM,HS01,E,Th 10:30AM - 12:15PM,ELB_304,"9/10, 9/17, 9/24",,,Dept of Economics
2026-27 Term 1,2420,ECON,ECON4901H,5578,Guided Stud Curr Eco Prob II 現代經濟問題導修（二）,2.00,- Dr. YUNG Chor Wing Linda,15,15,SEM,HS01,E,Th 10:30AM - 12:15PM,ELB_304,"10/8, 10/15, 10/22, 10/29, 11/5, 11/12, 11/19, 11/26, 12/3",,,Dept of Economics
2026-27 Term 1,2420,ECON,ECON4901I,5183,Guided Stud Curr Eco Prob II 現代經濟問題導修（二）,2.00,- Staff,15,15,SEM,IS01,E,Mo 12:30PM - 02:15PM,ELB_204,"9/7, 9/14, 9/21, 9/28, 10/5, 10/12",,,Dept of Economics
2026-27 Term 1,2420,ECON,ECON4901I,5183,Guided Stud Curr Eco Prob II 現代經濟問題導修（二）,2.00,- Staff,15,15,SEM,IS01,E,Mo 12:30PM - 02:15PM,ELB_204,"10/26, 11/2, 11/9, 11/16, 11/23, 11/30",,,Dept of Economics
2026-27 Term 1,2420,ECON,ECON4910-,6199,Senior Thesis Research I 論文研究（一）,3.00,- Staff,10,10,PRJ,-J01,E,TBA,NRR,07/09/2026 - 30/11/2026,Yes,Yes,Dept of Economics
2026-27 Term 1,2420,EDUC,EDUC2140A,5116,AI and Data Sci in Education 人工智能與數據科學於教育之應用,2.00,- Dr. CHAN Wun Wa,45,45,LEC,A,E,Fr 09:30AM - 11:15AM,SB_614,"9/11, 9/18, 9/25, 10/2, 10/9, 10/16, 10/23, 10/30, 11/6, 11/13, 11/20, 11/27, 12/4",,,Fac Office of Education
2026-27 Term 1,2420,EDUC,EDUC2240A,7047,Understand'g Sch'nEDU Poli HK 學校制度與香港教育政策導論,3.00,- Professor KWOK Yan Shing Henry,75,70,LEC,A,E,Tu 02:30PM - 05:15PM,CKB_LT3,"9/8, 9/15, 9/22, 9/29, 10/6, 10/13, 10/20, 10/27",,,Fac Office of Education
2026-27 Term 1,2420,EDUC,EDUC2240A,7047,Understand'g Sch'nEDU Poli HK 學校制度與香港教育政策導論,3.00,- Professor KWOK Yan Shing Henry,75,70,LEC,A,E,Th 02:30PM - 05:15PM,SB_LT2,"9/10, 9/17, 9/24",,,Fac Office of Education
2026-27 Term 1,2420,EDUC,EDUC2240A,7047,Understand'g Sch'nEDU Poli HK 學校制度與香港教育政策導論,3.00,- Professor KWOK Yan Shing Henry,75,70,LEC,A,E,Th 02:30PM - 05:15PM,SB_LT2,"10/8, 10/15, 10/22, 10/29",,,Fac Office of Education
2026-27 Term 1,2420,EDUC,EDUC3140-,8479,Curric'r Strat Tackl'g Ind Dif 處理個別差異的課程策略,2.00,- Dr. WAN Wai Yan,60,60,LEC,-,E,Mo 09:30AM - 11:15AM,WMY_506,"9/7, 9/14, 9/21, 9/28, 10/5, 10/12",,,Fac Office of Education
2026-27 Term 1,2420,EDUC,EDUC3140-,8479,Curric'r Strat Tackl'g Ind Dif 處理個別差異的課程策略,2.00,- Dr. WAN Wai Yan,60,60,LEC,-,E,Mo 09:30AM - 11:15AM,WMY_506,10/26,,,Fac Office of Education
2026-27 Term 1,2420,EDUC,EDUC3140-,8479,Curric'r Strat Tackl'g Ind Dif 處理個別差異的課程策略,2.00,- Dr. WAN Wai Yan,60,60,LEC,-,E,We 09:30AM - 11:15AM,HYS_G05,"9/9, 9/16, 9/23, 9/30, 10/7, 10/14, 10/21, 10/28",,,Fac Office of Education
2026-27 Term 1,2420,EDUC,EDUC3200-,8477,Develop'g Intercultural Compet 建立跨文化能力：體驗式學習,3.00,- Ms. TSE Tsz Lui Rosa,40,13,LEC,-,E,Mo 02:30PM - 05:15PM,ARC_212,"9/7, 9/14, 9/21, 9/28, 10/5, 10/12",,,Fac Office of Education
2026-27 Term 1,2420,EDUC,EDUC3200-,8477,Develop'g Intercultural Compet 建立跨文化能力：體驗式學習,3.00,- Ms. TSE Tsz Lui Rosa,40,13,LEC,-,E,Mo 02:30PM - 05:15PM,ARC_212,10/26,,,Fac Office of Education
2026-27 Term 1,2420,EDUC,EDUC3200-,8477,Develop'g Intercultural Compet 建立跨文化能力：體驗式學習,3.00,- Ms. TSE Tsz Lui Rosa,40,13,LEC,-,E,We 02:30PM - 05:15PM,ELB_202,"9/9, 9/16, 9/23, 9/30, 10/7, 10/14, 10/21, 10/28",,,Fac Office of Education
2026-27 Term 1,2420,EDUC,EDUC3201A,4772,EthicsProf Stan for Teachers 教師倫理及專業標準,2.00,- Dr. LAU Ngar Sze,75,71,LEC,A,E,Tu 08:30AM - 10:15AM,YIA_405,"9/8, 9/15, 9/22, 9/29, 10/6, 10/13, 10/20, 10/27",,,Fac Office of Education
2026-27 Term 1,2420,EDUC,EDUC3201A,4772,EthicsProf Stan for Teachers 教師倫理及專業標準,2.00,- Dr. LAU Ngar Sze,75,71,LEC,A,E,Th 08:30AM - 10:15AM,YIA_405,"9/10, 9/17, 9/24",,,Fac Office of Education
2026-27 Term 1,2420,EDUC,EDUC3201A,4772,EthicsProf Stan for Teachers 教師倫理及專業標準,2.00,- Dr. LAU Ngar Sze,75,71,LEC,A,E,Th 08:30AM - 10:15AM,YIA_405,"10/8, 10/15, 10/22, 10/29",,,Fac Office of Education
2026-27 Term 1,2420,EDUC,EDUC3311A,8524,Psy App to Learn'g & Teach'g 心理學的教學應用,3.00,- Dr. LAU Cin Yee Cindy,75,73,LEC,A,E,Mo 02:30PM - 05:15PM,ELB_LT2,"9/7, 9/14, 9/21, 9/28, 10/5, 10/12",,,Fac Office of Education
2026-27 Term 1,2420,EDUC,EDUC3311A,8524,Psy App to Learn'g & Teach'g 心理學的教學應用,3.00,- Dr. LAU Cin Yee Cindy,75,73,LEC,A,E,Mo 02:30PM - 05:15PM,ELB_LT2,10/26,,,Fac Office of Education
2026-27 Term 1,2420,EDUC,EDUC3311A,8524,Psy App to Learn'g & Teach'g 心理學的教學應用,3.00,- Dr. LAU Cin Yee Cindy,75,73,LEC,A,E,We 02:30PM - 05:15PM,CK_TSE,"9/9, 9/16, 9/23, 9/30, 10/7, 10/14, 10/21, 10/28",,,Fac Office of Education
2026-27 Term 1,2420,EDUC,EDUC3330A,5128,Optimize Learn and Dev Ss DN I 優化不同需求學生的學習與發展（一）,3.00,- Professor CHEN Xinjie,75,74,LEC,A,E,Tu 10:30AM - 01:15PM,CKB_LT3,"9/8, 9/15, 9/22, 9/29, 10/6, 10/13, 10/20, 10/27, 11/3, 11/10, 11/17, 11/24, 12/1",Yes,,Fac Office of Education
2026-27 Term 1,2420,EDUC,EDUC3330B,5129,Optimize Learn and Dev Ss DN I 優化不同需求學生的學習與發展（一）,3.00,- Professor WANG Li,75,74,LEC,B,E,Tu 10:30AM - 01:15PM,FYB_LT4,"9/8, 9/15, 9/22, 9/29, 10/6, 10/13, 10/20, 10/27, 11/3, 11/10, 11/17, 11/24, 12/1",Yes,,Fac Office of Education
2026-27 Term 1,2420,EDUC,EDUC4040A,7201,Teaching Practice II 教學實習(二),5.00,- Dr. NG Mau Yuen Eric,45,45,FLD,AF01,C,Mo 08:30AM - 06:15PM,NRR,"11/2, 11/9, 11/16, 11/23, 11/30",,,Fac Office of Education
2026-27 Term 1,2420,EDUC,EDUC4040A,7201,Teaching Practice II 教學實習(二),5.00,- Dr. NG Mau Yuen Eric,45,45,FLD,AF01,C,Tu 08:30AM - 06:15PM,NRR,"11/3, 11/10, 11/17, 11/24, 12/1",,,Fac Office of Education
2026-27 Term 1,2420,EDUC,EDUC4040A,7201,Teaching Practice II 教學實習(二),5.00,- Dr. NG Mau Yuen Eric,45,45,FLD,AF01,C,We 08:30AM - 06:15PM,NRR,"11/4, 11/11, 11/18, 11/25, 12/2",,,Fac Office of Education
2026-27 Term 1,2420,EDUC,EDUC4040A,7201,Teaching Practice II 教學實習(二),5.00,- Dr. NG Mau Yuen Eric,45,45,FLD,AF01,C,Th 08:30AM - 06:15PM,NRR,"11/5, 11/12, 11/19, 11/26, 12/3",,,Fac Office of Education
2026-27 Term 1,2420,EDUC,EDUC4040A,7201,Teaching Practice II 教學實習(二),5.00,- Dr. NG Mau Yuen Eric,45,45,FLD,AF01,C,Fr 08:30AM - 11:15AM,NRR,"11/6, 11/13, 11/20, 11/27, 12/4",,,Fac Office of Education
2026-27 Term 1,2420,EDUC,EDUC4040A,7201,Teaching Practice II 教學實習(二),5.00,- Dr. NG Mau Yuen Eric,45,45,FLD,AF01,C,Fr 01:30PM - 06:15PM,NRR,"11/6, 11/13, 11/20, 11/27, 12/4",,,Fac Office of Education
2026-27 Term 1,2420,EDUC,EDUC4040B,7202,Teaching Practice II 教學實習(二),5.00,- Professor Scott Charles AUBREY,45,45,FLD,BF01,E,Mo 08:30AM - 06:15PM,NRR,"11/2, 11/9, 11/16, 11/23, 11/30",,,Fac Office of Education
2026-27 Term 1,2420,EDUC,EDUC4040B,7202,Teaching Practice II 教學實習(二),5.00,- Professor Scott Charles AUBREY,45,45,FLD,BF01,E,Tu 08:30AM - 06:15PM,NRR,"11/3, 11/10, 11/17, 11/24, 12/1",,,Fac Office of Education
2026-27 Term 1,2420,EDUC,EDUC4040B,7202,Teaching Practice II 教學實習(二),5.00,- Professor Scott Charles AUBREY,45,45,FLD,BF01,E,We 08:30AM - 06:15PM,NRR,"11/4, 11/11, 11/18, 11/25, 12/2",,,Fac Office of Education
2026-27 Term 1,2420,EDUC,EDUC4040B,7202,Teaching Practice II 教學實習(二),5.00,- Professor Scott Charles AUBREY,45,45,FLD,BF01,E,Th 08:30AM - 06:15PM,NRR,"11/5, 11/12, 11/19, 11/26, 12/3",,,Fac Office of Education
2026-27 Term 1,2420,EDUC,EDUC4040B,7202,Teaching Practice II 教學實習(二),5.00,- Professor Scott Charles AUBREY,45,45,FLD,BF01,E,Fr 08:30AM - 11:15AM,NRR,"11/6, 11/13, 11/20, 11/27, 12/4",,,Fac Office of Education
2026-27 Term 1,2420,EDUC,EDUC4040B,7202,Teaching Practice II 教學實習(二),5.00,- Professor Scott Charles AUBREY,45,45,FLD,BF01,E,Fr 01:30PM - 06:15PM,NRR,"11/6, 11/13, 11/20, 11/27, 12/4",,,Fac Office of Education
2026-27 Term 1,2420,EDUC,EDUC4040C,7203,Teaching Practice II 教學實習(二),5.00,- Professor NG Oi Lam,45,45,FLD,CF01,C&E,Mo 08:30AM - 06:15PM,NRR,"11/2, 11/9, 11/16, 11/23, 11/30",,,Fac Office of Education
2026-27 Term 1,2420,EDUC,EDUC4040C,7203,Teaching Practice II 教學實習(二),5.00,- Professor NG Oi Lam,45,45,FLD,CF01,C&E,Tu 08:30AM - 06:15PM,NRR,"11/3, 11/10, 11/17, 11/24, 12/1",,,Fac Office of Education
2026-27 Term 1,2420,EDUC,EDUC4040C,7203,Teaching Practice II 教學實習(二),5.00,- Professor NG Oi Lam,45,45,FLD,CF01,C&E,We 08:30AM - 06:15PM,NRR,"11/4, 11/11, 11/18, 11/25, 12/2",,,Fac Office of Education
2026-27 Term 1,2420,EDUC,EDUC4040C,7203,Teaching Practice II 教學實習(二),5.00,- Professor NG Oi Lam,45,45,FLD,CF01,C&E,Th 08:30AM - 06:15PM,NRR,"11/5, 11/12, 11/19, 11/26, 12/3",,,Fac Office of Education
2026-27 Term 1,2420,EDUC,EDUC4040C,7203,Teaching Practice II 教學實習(二),5.00,- Professor NG Oi Lam,45,45,FLD,CF01,C&E,Fr 08:30AM - 11:15AM,NRR,"11/6, 11/13, 11/20, 11/27, 12/4",,,Fac Office of Education
2026-27 Term 1,2420,EDUC,EDUC4040C,7203,Teaching Practice II 教學實習(二),5.00,- Professor NG Oi Lam,45,45,FLD,CF01,C&E,Fr 01:30PM - 06:15PM,NRR,"11/6, 11/13, 11/20, 11/27, 12/4",,,Fac Office of Education
2026-27 Term 1,2420,EDUC,EDUC4330-,4775,School Guidance & Counselling 學校輔導,2.00,- Professor LAM Yu Hin,60,60,LEC,-,E,Tu 08:30AM - 10:15AM,ELB_401,"9/8, 9/15, 9/22, 9/29, 10/6, 10/13, 10/20, 10/27",,,Fac Office of Education
2026-27 Term 1,2420,EDUC,EDUC4330-,4775,School Guidance & Counselling 學校輔導,2.00,- Professor LAM Yu Hin,60,60,LEC,-,E,Th 08:30AM - 10:15AM,ELB_401,"9/10, 9/17, 9/24",,,Fac Office of Education
2026-27 Term 1,2420,EDUC,EDUC4330-,4775,School Guidance & Counselling 學校輔導,2.00,- Professor LAM Yu Hin,60,60,LEC,-,E,Th 08:30AM - 10:15AM,ELB_401,"10/8, 10/15, 10/22, 10/29",,,Fac Office of Education
2026-27 Term 1,2420,EDUC,EDUC4340A,8526,Support'g Students with SEN 支援有特殊教育需要的學生,2.00,- Professor SO Wing Chee,75,73,LEC,A,E,Mo 09:30AM - 11:15AM,ELB_LT4,"9/7, 9/14, 9/21, 9/28, 10/5, 10/12",,,Fac Office of Education
2026-27 Term 1,2420,EDUC,EDUC4340A,8526,Support'g Students with SEN 支援有特殊教育需要的學生,2.00,- Professor SO Wing Chee,75,73,LEC,A,E,Mo 09:30AM - 11:15AM,ELB_LT4,10/26,,,Fac Office of Education
2026-27 Term 1,2420,EDUC,EDUC4340A,8526,Support'g Students with SEN 支援有特殊教育需要的學生,2.00,- Professor SO Wing Chee,75,73,LEC,A,E,We 09:30AM - 11:15AM,LSK_LT1,"9/9, 9/16, 9/23, 9/30, 10/7, 10/14, 10/21, 10/28",,,Fac Office of Education
2026-27 Term 1,2420,EEEN,EEEN2020-,5670,Renewable Energy Technologies 可再生能源技術,3.00,- Professor REN Wei,65,42,LEC,-,E,Tu 05:30PM - 06:15PM,MMW_702,"9/8, 9/15, 9/22, 9/29, 10/6, 10/13, 10/20, 10/27, 11/3, 11/10, 11/17, 11/24, 12/1",,Yes,Dept of Mech & Automation Engg
2026-27 Term 1,2420,EEEN,EEEN2020-,5670,Renewable Energy Technologies 可再生能源技術,3.00,- Professor REN Wei,65,42,LEC,-,E,We 02:30PM - 04:15PM,MMW_703,"9/9, 9/16, 9/23, 9/30, 10/7, 10/14, 10/21, 10/28, 11/4, 11/11, 11/18, 11/25, 12/2",,Yes,Dept of Mech & Automation Engg
2026-27 Term 1,2420,EEEN,EEEN2020-,5670,Renewable Energy Technologies 可再生能源技術,3.00,- Professor REN Wei,65,42,TUT,-T01,E,TBA,TBA,07/09/2026 - 30/11/2026,,Yes,Dept of Mech & Automation Engg
2026-27 Term 1,2420,EEEN,EEEN3010-,9309,HVAC II 供熱通風與空調（二）,3.00,- Professor CHEN Chun,40,40,LEC,-,E,Mo 04:30PM - 06:15PM,LSB_LT4,"9/7, 9/14, 9/21, 9/28, 10/5, 10/12",,,Dept of Mech & Automation Engg
2026-27 Term 1,2420,EEEN,EEEN3010-,9309,HVAC II 供熱通風與空調（二）,3.00,- Professor CHEN Chun,40,40,LEC,-,E,Mo 04:30PM - 06:15PM,LSB_LT4,"10/26, 11/2, 11/9, 11/16, 11/23, 11/30",,,Dept of Mech & Automation Engg
2026-27 Term 1,2420,EEEN,EEEN3010-,9309,HVAC II 供熱通風與空調（二）,3.00,- Professor CHEN Chun,40,40,LEC,-,E,We 11:30AM - 12:15PM,WMY_402,"9/9, 9/16, 9/23, 9/30, 10/7, 10/14, 10/21, 10/28, 11/4, 11/11, 11/18, 11/25, 12/2",,,Dept of Mech & Automation Engg
2026-27 Term 1,2420,EEEN,EEEN3010-,9309,HVAC II 供熱通風與空調（二）,3.00,- Professor CHEN Chun,40,40,TUT,-T01,E,TBA,TBA,07/09/2026 - 30/11/2026,,,Dept of Mech & Automation Engg
2026-27 Term 1,2420,EEEN,EEEN3020-,7060,Ener Utilizat'n & Human Behavi 能源運用與人類行為,3.00,- Dr. LAU Alex Siu Hong,40,40,LEC,-,E,Mo 10:30AM - 11:15AM,MMW_703,"9/7, 9/14, 9/21, 9/28, 10/5, 10/12",,,Dept of Mech & Automation Engg
2026-27 Term 1,2420,EEEN,EEEN3020-,7060,Ener Utilizat'n & Human Behavi 能源運用與人類行為,3.00,- Dr. LAU Alex Siu Hong,40,40,LEC,-,E,Mo 10:30AM - 11:15AM,MMW_703,"10/26, 11/2, 11/9, 11/16, 11/23, 11/30",,,Dept of Mech & Automation Engg
2026-27 Term 1,2420,EEEN,EEEN3020-,7060,Ener Utilizat'n & Human Behavi 能源運用與人類行為,3.00,- Dr. LAU Alex Siu Hong,40,40,LEC,-,E,We 12:30PM - 02:15PM,WMY_406,"9/9, 9/16, 9/23, 9/30, 10/7, 10/14, 10/21, 10/28, 11/4, 11/11, 11/18, 11/25, 12/2",,,Dept of Mech & Automation Engg
2026-27 Term 1,2420,EEEN,EEEN3020-,7060,Ener Utilizat'n & Human Behavi 能源運用與人類行為,3.00,- Dr. LAU Alex Siu Hong,40,40,TUT,-T01,E,TBA,TBA,07/09/2026 - 30/11/2026,,,Dept of Mech & Automation Engg
2026-27 Term 1,2420,EEEN,EEEN4020-,5230,Solar Ener & Photovoltaic Tech 太陽能及光伏技術,3.00,- Professor Martin STOLTERFOHT,50,50,LEC,-,E,Tu 10:30AM - 12:15PM,WMY_408,"9/8, 9/15, 9/22, 9/29, 10/6, 10/13, 10/20, 10/27, 11/3, 11/10, 11/17, 11/24, 12/1",,,Dept of Mech & Automation Engg
2026-27 Term 1,2420,EEEN,EEEN4020-,5230,Solar Ener & Photovoltaic Tech 太陽能及光伏技術,3.00,- Professor Martin STOLTERFOHT,50,50,LEC,-,E,Th 11:30AM - 12:15PM,LSB_C4,"9/10, 9/17, 9/24",,,Dept of Mech & Automation Engg
2026-27 Term 1,2420,EEEN,EEEN4020-,5230,Solar Ener & Photovoltaic Tech 太陽能及光伏技術,3.00,- Professor Martin STOLTERFOHT,50,50,LEC,-,E,Th 11:30AM - 12:15PM,LSB_C4,"10/8, 10/15, 10/22, 10/29, 11/5, 11/12, 11/19, 11/26, 12/3",,,Dept of Mech & Automation Engg
2026-27 Term 1,2420,EEEN,EEEN4020-,5230,Solar Ener & Photovoltaic Tech 太陽能及光伏技術,3.00,- Professor Martin STOLTERFOHT,50,50,TUT,-T01,E,Th 12:30PM - 01:15PM,LSB_C4,"9/10, 9/17, 9/24",,,Dept of Mech & Automation Engg
2026-27 Term 1,2420,EEEN,EEEN4020-,5230,Solar Ener & Photovoltaic Tech 太陽能及光伏技術,3.00,- Professor Martin STOLTERFOHT,50,50,TUT,-T01,E,Th 12:30PM - 01:15PM,LSB_C4,"10/8, 10/15, 10/22, 10/29, 11/5, 11/12, 11/19, 11/26, 12/3",,,Dept of Mech & Automation Engg
2026-27 Term 1,2420,EEEN,EEEN4020-,5230,Solar Ener & Photovoltaic Tech 太陽能及光伏技術,3.00,- Professor Martin STOLTERFOHT,50,50,TUT,-T02,E,TBA,TBA,07/09/2026 - 30/11/2026,,,Dept of Mech & Automation Engg
2026-27 Term 1,2420,EEEN,EEEN4060-,5671,Energy Distribution 能源分配,3.00,- Professor XU Yunjian,40,40,LEC,-,E,Tu 05:30PM - 06:15PM,ERB_713,"9/8, 9/15, 9/22, 9/29, 10/6, 10/13, 10/20, 10/27, 11/3, 11/10, 11/17, 11/24, 12/1",,,Dept of Mech & Automation Engg
2026-27 Term 1,2420,EEEN,EEEN4060-,5671,Energy Distribution 能源分配,3.00,- Professor XU Yunjian,40,40,LEC,-,E,Th 01:30PM - 03:15PM,ERB_712,"9/10, 9/17, 9/24",,,Dept of Mech & Automation Engg
2026-27 Term 1,2420,EEEN,EEEN4060-,5671,Energy Distribution 能源分配,3.00,- Professor XU Yunjian,40,40,LEC,-,E,Th 01:30PM - 03:15PM,ERB_712,"10/8, 10/15, 10/22, 10/29, 11/5, 11/12, 11/19, 11/26, 12/3",,,Dept of Mech & Automation Engg
2026-27 Term 1,2420,EEEN,EEEN4060-,5671,Energy Distribution 能源分配,3.00,- Professor XU Yunjian,40,40,LAB,-L01,E,TBA,NRR,07/09/2026 - 30/11/2026,,,Dept of Mech & Automation Engg
2026-27 Term 1,2420,EEEN,EEEN4060-,5671,Energy Distribution 能源分配,3.00,- Professor XU Yunjian,40,40,TUT,-T01,E,TBA,TBA,07/09/2026 - 30/11/2026,,,Dept of Mech & Automation Engg
2026-27 Term 1,2420,EEEN,EEEN4998-,6475,Final Year Project I 畢業專題研究（一）,3.00,- Professor ZHANG Weizhao,60,25,PRJ,-J01,E,TBA,NRR,07/09/2026 - 30/11/2026,Yes,Yes,Dept of Mech & Automation Engg
2026-27 Term 1,2420,EEEN,EEEN4999-,8043,Final Year Project II 畢業專題研究（二）,3.00,- Professor ZHANG Weizhao,10,8,PRJ,-J01,E,TBA,NRR,07/09/2026 - 30/11/2026,Yes,Yes,Dept of Mech & Automation Engg
2026-27 Term 1,2420,EESC,EESC1001-,9328,Exploring The Earth 探索地球及環境科學,2.00,- Dr. LI Kwan Kit Ronald - Dr. TAM Pui Yuk - Dr. ZHANG Li,65,65,LEC,-,E,Mo 02:30PM - 04:15PM,LSK_LT4,"9/7, 9/14, 9/21, 9/28, 10/5, 10/12",,,Dept of Earth & Environ Sci
2026-27 Term 1,2420,EESC,EESC1001-,9328,Exploring The Earth 探索地球及環境科學,2.00,- Dr. LI Kwan Kit Ronald - Dr. TAM Pui Yuk - Dr. ZHANG Li,65,65,LEC,-,E,Mo 02:30PM - 04:15PM,LSK_LT4,"10/26, 11/2, 11/9, 11/16, 11/23, 11/30",,,Dept of Earth & Environ Sci
2026-27 Term 1,2420,EESC,EESC2020-,7492,Climate System Dynamics 氣候系統動力學,3.00,- Dr. LI Kwan Kit Ronald - Professor TAI Pui Kuen Amos,110,35,LEC,-,E,Tu 01:30PM - 03:15PM,SC_L4,"9/8, 9/15, 9/22, 9/29, 10/6, 10/13, 10/20, 10/27, 11/3, 11/10, 11/17, 11/24, 12/1",,,Dept of Earth & Environ Sci
2026-27 Term 1,2420,EESC,EESC2020-,7492,Climate System Dynamics 氣候系統動力學,3.00,- Dr. LI Kwan Kit Ronald - Professor TAI Pui Kuen Amos,110,35,LEC,-,E,Th 01:30PM - 02:15PM,LSK_LT2,"9/10, 9/17, 9/24",,,Dept of Earth & Environ Sci
2026-27 Term 1,2420,EESC,EESC2020-,7492,Climate System Dynamics 氣候系統動力學,3.00,- Dr. LI Kwan Kit Ronald - Professor TAI Pui Kuen Amos,110,35,LEC,-,E,Th 01:30PM - 02:15PM,LSK_LT2,"10/8, 10/15, 10/22, 10/29, 11/5, 11/12, 11/19, 11/26, 12/3",,,Dept of Earth & Environ Sci
2026-27 Term 1,2420,EESC,EESC2020-,7492,Climate System Dynamics 氣候系統動力學,3.00,- Dr. LI Kwan Kit Ronald - Professor TAI Pui Kuen Amos,110,35,TUT,-T01,E,Th 02:30PM - 03:15PM,LSK_LT2,"9/10, 9/17, 9/24",,,Dept of Earth & Environ Sci
2026-27 Term 1,2420,EESC,EESC2020-,7492,Climate System Dynamics 氣候系統動力學,3.00,- Dr. LI Kwan Kit Ronald - Professor TAI Pui Kuen Amos,110,35,TUT,-T01,E,Th 02:30PM - 03:15PM,LSK_LT2,"10/8, 10/15, 10/22, 10/29, 11/5, 11/12, 11/19, 11/26, 12/3",,,Dept of Earth & Environ Sci
2026-27 Term 1,2420,EESC,EESC2160-,8730,Minerals and Natural Resources 礦物與天然資源,3.00,- Dr. TAM Pui Yuk - Dr. ZHANG Li,30,30,LEC,-,E,Mo 11:30AM - 01:15PM,SC_331,"9/7, 9/14, 9/21, 9/28, 10/5, 10/12",,,Dept of Earth & Environ Sci
2026-27 Term 1,2420,EESC,EESC2160-,8730,Minerals and Natural Resources 礦物與天然資源,3.00,- Dr. TAM Pui Yuk - Dr. ZHANG Li,30,30,LEC,-,E,Mo 11:30AM - 01:15PM,SC_331,"10/26, 11/2, 11/9, 11/16, 11/23, 11/30",,,Dept of Earth & Environ Sci
2026-27 Term 1,2420,EESC,EESC2160-,8730,Minerals and Natural Resources 礦物與天然資源,3.00,- Dr. TAM Pui Yuk - Dr. ZHANG Li,30,30,LEC,-,E,We 11:30AM - 12:15PM,SC_331,"9/9, 9/16, 9/23, 9/30, 10/7, 10/14, 10/21, 10/28, 11/4, 11/11, 11/18, 11/25, 12/2",,,Dept of Earth & Environ Sci
2026-27 Term 1,2420,EESC,EESC2160-,8730,Minerals and Natural Resources 礦物與天然資源,3.00,- Dr. TAM Pui Yuk - Dr. ZHANG Li,30,30,TUT,-T01,E,We 12:30PM - 01:15PM,SC_331,"9/9, 9/16, 9/23, 9/30, 10/7, 10/14, 10/21, 10/28, 11/4, 11/11, 11/18, 11/25, 12/2",,,Dept of Earth & Environ Sci
2026-27 Term 1,2420,EESC,EESC2515-,9594,Environmental Chemistry 環境化學,3.00,- Professor LEE Hung Kay,55,52,LEC,-,E,We 08:30AM - 11:15AM,LHC_101,"9/9, 9/16, 9/23, 9/30, 10/7, 10/14, 10/21, 10/28, 11/4, 11/11, 11/18, 11/25, 12/2",,,Dept of Earth & Environ Sci
2026-27 Term 1,2420,EESC,EESC2517-,9011,Environmental Chemistry Lab 環境化學實驗,2.00,- Dr. LO Chui Man - Professor LEE Hung Kay,24,20,LAB,-L01,E,Mo 02:30PM - 06:15PM,SC_257,"9/7, 9/14, 9/21, 9/28, 10/5, 10/12",,,Dept of Earth & Environ Sci
2026-27 Term 1,2420,EESC,EESC2517-,9011,Environmental Chemistry Lab 環境化學實驗,2.00,- Dr. LO Chui Man - Professor LEE Hung Kay,24,20,LAB,-L01,E,Mo 02:30PM - 06:15PM,SC_257,"10/26, 11/2, 11/9, 11/16, 11/23, 11/30",,,Dept of Earth & Environ Sci
2026-27 Term 1,2420,EESC,EESC2800-,9658,Environmental Engineering 環境工程導論,3.00,- Dr. AU-YEUNG Yee Man,100,74,LEC,-,E,Tu 03:30PM - 05:15PM,LHC_104,"9/8, 9/15, 9/22, 9/29, 10/6, 10/13, 10/20, 10/27, 11/3, 11/10, 11/17, 11/24, 12/1",,,Dept of Earth & Environ Sci
2026-27 Term 1,2420,EESC,EESC2800-,9658,Environmental Engineering 環境工程導論,3.00,- Dr. AU-YEUNG Yee Man,100,74,LEC,-,E,Th 03:30PM - 04:15PM,LSB_LT5,"9/10, 9/17, 9/24",,,Dept of Earth & Environ Sci
2026-27 Term 1,2420,EESC,EESC2800-,9658,Environmental Engineering 環境工程導論,3.00,- Dr. AU-YEUNG Yee Man,100,74,LEC,-,E,Th 03:30PM - 04:15PM,LSB_LT5,"10/8, 10/15, 10/22, 10/29, 11/5, 11/12, 11/19, 11/26, 12/3",,,Dept of Earth & Environ Sci
2026-27 Term 1,2420,EESC,EESC2800-,9658,Environmental Engineering 環境工程導論,3.00,- Dr. AU-YEUNG Yee Man,100,74,TUT,-T01,E,Th 04:30PM - 05:15PM,LSB_LT5,"9/10, 9/17, 9/24",,,Dept of Earth & Environ Sci
2026-27 Term 1,2420,EESC,EESC2800-,9658,Environmental Engineering 環境工程導論,3.00,- Dr. AU-YEUNG Yee Man,100,74,TUT,-T01,E,Th 04:30PM - 05:15PM,LSB_LT5,"10/8, 10/15, 10/22, 10/29, 11/5, 11/12, 11/19, 11/26, 12/3",,,Dept of Earth & Environ Sci
2026-27 Term 1,2420,EESC,EESC3120-,7494,Physics of the Earth 地球物理,3.00,- Professor YANG Hongfeng,40,40,LEC,-,E,Tu 03:30PM - 05:15PM,MMW_706,"9/8, 9/15, 9/22, 9/29, 10/6, 10/13, 10/20, 10/27, 11/3, 11/10, 11/17, 11/24, 12/1",,,Dept of Earth & Environ Sci
2026-27 Term 1,2420,EESC,EESC3120-,7494,Physics of the Earth 地球物理,3.00,- Professor YANG Hongfeng,40,40,LEC,-,E,Th 03:30PM - 04:15PM,HYS_501,"9/10, 9/17, 9/24",,,Dept of Earth & Environ Sci
2026-27 Term 1,2420,EESC,EESC3120-,7494,Physics of the Earth 地球物理,3.00,- Professor YANG Hongfeng,40,40,LEC,-,E,Th 03:30PM - 04:15PM,HYS_501,"10/8, 10/15, 10/22, 10/29, 11/5, 11/12, 11/19, 11/26, 12/3",,,Dept of Earth & Environ Sci
2026-27 Term 1,2420,EESC,EESC3120-,7494,Physics of the Earth 地球物理,3.00,- Professor YANG Hongfeng,40,40,TUT,-T01,E,Th 04:30PM - 05:15PM,HYS_501,"9/10, 9/17, 9/24",,,Dept of Earth & Environ Sci
2026-27 Term 1,2420,EESC,EESC3120-,7494,Physics of the Earth 地球物理,3.00,- Professor YANG Hongfeng,40,40,TUT,-T01,E,Th 04:30PM - 05:15PM,HYS_501,"10/8, 10/15, 10/22, 10/29, 11/5, 11/12, 11/19, 11/26, 12/3",,,Dept of Earth & Environ Sci
2026-27 Term 1,2420,EESC,EESC3130-,6458,Seismic Data Processing 地震數據處理,3.00,- Professor TAN Yen Joe,20,7,PRJ,-J01,E,TBA,NRR,07/09/2026 - 30/11/2026,Yes,Yes,Dept of Earth & Environ Sci
2026-27 Term 1,2420,EESC,EESC3200-,5294,Atmospheric Dynamics 大氣動力學,3.00,- Dr. LI Kwan Kit Ronald,40,40,LEC,-,E,Mo 10:30AM - 01:15PM,MMW_715,"9/7, 9/14, 9/21, 9/28, 10/5, 10/12",,,Dept of Earth & Environ Sci
2026-27 Term 1,2420,EESC,EESC3200-,5294,Atmospheric Dynamics 大氣動力學,3.00,- Dr. LI Kwan Kit Ronald,40,40,LEC,-,E,Mo 10:30AM - 01:15PM,MMW_715,"10/26, 11/2, 11/9, 11/16, 11/23, 11/30",,,Dept of Earth & Environ Sci
2026-27 Term 1,2420,EESC,EESC3320-,9678,Hydrogeology 水文地質學,3.00,- Professor TAN Yen Joe,50,50,LEC,-,E,We 02:30PM - 05:15PM,BMS_LT,"9/9, 9/16, 9/23, 9/30, 10/7, 10/14, 10/21, 10/28, 11/4, 11/11, 11/18, 11/25, 12/2",,,Dept of Earth & Environ Sci
2026-27 Term 1,2420,EESC,EESC3510-,7753,Environmental Microbiology 環境微生物學,3.00,- Dr. ZHANG Li,40,37,LEC,-,E,Tu 10:30AM - 01:15PM,ARC_G01,"9/8, 9/15, 9/22, 9/29, 10/6, 10/13, 10/20, 10/27, 11/3, 11/10, 11/17, 11/24, 12/1",,,Dept of Earth & Environ Sci
2026-27 Term 1,2420,EESC,EESC3530-,8254,Envir Microbio & Ecotoxico Lab 環境微生物學與生態毒理學實驗,2.00,- Dr. ZHANG Li - Professor CHOW Tat Shing - Professor DU Penghui,26,24,LAB,-L01,E,We 02:30PM - 05:15PM,SC_130A,"9/9, 9/16, 9/23, 9/30, 10/7, 10/14, 10/21, 10/28, 11/4, 11/11, 11/18, 11/25, 12/2",,,Dept of Earth & Environ Sci
2026-27 Term 1,2420,EESC,EESC3900-,6304,Internship 實習課程,3.00,- Dr. AU-YEUNG Yee Man - Dr. TAM Pui Yuk,20,17,PRA,-P01,E,TBA,NRR,07/09/2026 - 30/11/2026,Yes,Yes,Dept of Earth & Environ Sci
2026-27 Term 1,2420,EESC,EESC4120-,9065,Petrology 岩石學,3.00,- Dr. TAM Pui Yuk,30,30,LEC,-,E,Tu 09:30AM - 11:15AM,SC_331,"9/8, 9/15, 9/22, 9/29, 10/6, 10/13, 10/20, 10/27, 11/3, 11/10, 11/17, 11/24, 12/1",,,Dept of Earth & Environ Sci
2026-27 Term 1,2420,EESC,EESC4120-,9065,Petrology 岩石學,3.00,- Dr. TAM Pui Yuk,30,30,LEC,-,E,Th 09:30AM - 10:15AM,SC_331,"9/10, 9/17, 9/24",,,Dept of Earth & Environ Sci
2026-27 Term 1,2420,EESC,EESC4120-,9065,Petrology 岩石學,3.00,- Dr. TAM Pui Yuk,30,30,LEC,-,E,Th 09:30AM - 10:15AM,SC_331,"10/8, 10/15, 10/22, 10/29, 11/5, 11/12, 11/19, 11/26, 12/3",,,Dept of Earth & Environ Sci
2026-27 Term 1,2420,EESC,EESC4120-,9065,Petrology 岩石學,3.00,- Dr. TAM Pui Yuk,30,30,LAB,-L01,E,Th 10:30AM - 11:15AM,SC_331,"9/10, 9/17, 9/24",,,Dept of Earth & Environ Sci
2026-27 Term 1,2420,EESC,EESC4120-,9065,Petrology 岩石學,3.00,- Dr. TAM Pui Yuk,30,30,LAB,-L01,E,Th 10:30AM - 11:15AM,SC_331,"10/8, 10/15, 10/22, 10/29, 11/5, 11/12, 11/19, 11/26, 12/3",,,Dept of Earth & Environ Sci
2026-27 Term 1,2420,EESC,EESC4170-,5145,Geodynamics 地球動力學,3.00,- Professor ZHAN Yan,25,25,LEC,-,E,Tu 01:30PM - 03:15PM,SC_331,"9/8, 9/15, 9/22, 9/29, 10/6, 10/13, 10/20, 10/27, 11/3, 11/10, 11/17, 11/24, 12/1",,,Dept of Earth & Environ Sci
2026-27 Term 1,2420,EESC,EESC4170-,5145,Geodynamics 地球動力學,3.00,- Professor ZHAN Yan,25,25,LEC,-,E,Th 01:30PM - 02:15PM,SC_331,"9/10, 9/17, 9/24",,,Dept of Earth & Environ Sci
2026-27 Term 1,2420,EESC,EESC4170-,5145,Geodynamics 地球動力學,3.00,- Professor ZHAN Yan,25,25,LEC,-,E,Th 01:30PM - 02:15PM,SC_331,"10/8, 10/15, 10/22, 10/29, 11/5, 11/12, 11/19, 11/26, 12/3",,,Dept of Earth & Environ Sci
2026-27 Term 1,2420,EESC,EESC4170-,5145,Geodynamics 地球動力學,3.00,- Professor ZHAN Yan,25,25,TUT,-T01,E,Th 02:30PM - 03:15PM,SC_331,"9/10, 9/17, 9/24",,,Dept of Earth & Environ Sci
2026-27 Term 1,2420,EESC,EESC4170-,5145,Geodynamics 地球動力學,3.00,- Professor ZHAN Yan,25,25,TUT,-T01,E,Th 02:30PM - 03:15PM,SC_331,"10/8, 10/15, 10/22, 10/29, 11/5, 11/12, 11/19, 11/26, 12/3",,,Dept of Earth & Environ Sci
2026-27 Term 1,2420,EESC,EESC4240-,7749,Air Pollution Science 大氣污染科學與工程,3.00,- Professor CHAN Man Nin,45,45,LEC,-,E,Tu 02:30PM - 05:15PM,ERB_712,"9/8, 9/15, 9/22, 9/29, 10/6, 10/13, 10/20, 10/27, 11/3, 11/10, 11/17, 11/24, 12/1",,,Dept of Earth & Environ Sci
2026-27 Term 1,2420,EESC,EESC4310-,5132,Chemistry of Organic Matter 水生與陸源有機物質化學,3.00,- Professor CHOW Tat Shing,30,29,LEC,-,E,Th 10:30AM - 01:15PM,WMY_407,"9/10, 9/17, 9/24",,,Dept of Earth & Environ Sci
2026-27 Term 1,2420,EESC,EESC4310-,5132,Chemistry of Organic Matter 水生與陸源有機物質化學,3.00,- Professor CHOW Tat Shing,30,29,LEC,-,E,Th 10:30AM - 01:15PM,WMY_407,"10/8, 10/15, 10/22, 10/29, 11/5, 11/12, 11/19, 11/26, 12/3",,,Dept of Earth & Environ Sci
2026-27 Term 1,2420,EESC,EESC4340-,5851,Environ Impact Assessment 環境影響評估,3.00,- Dr. LAW Man Suet Michelle,25,20,LEC,-,E,Mo 09:30AM - 10:15AM,MMW_702,"9/7, 9/14, 9/21, 9/28, 10/5, 10/12",,,Dept of Earth & Environ Sci
2026-27 Term 1,2420,EESC,EESC4340-,5851,Environ Impact Assessment 環境影響評估,3.00,- Dr. LAW Man Suet Michelle,25,20,LEC,-,E,Mo 09:30AM - 10:15AM,MMW_702,"10/26, 11/2, 11/9, 11/16, 11/23, 11/30",,,Dept of Earth & Environ Sci
2026-27 Term 1,2420,EESC,EESC4340-,5851,Environ Impact Assessment 環境影響評估,3.00,- Dr. LAW Man Suet Michelle,25,20,LEC,-,E,Fr 08:30AM - 10:15AM,SC_LG23,"9/11, 9/18, 9/25, 10/2, 10/9, 10/16, 10/23, 10/30, 11/6, 11/13, 11/20, 11/27, 12/4",,,Dept of Earth & Environ Sci
2026-27 Term 1,2420,EESC,EESC4342-,5862,Environ Impact Assessment Lab 環境影響評估實驗,2.00,- Dr. LAW Man Suet Michelle,15,14,LAB,-L01,E,Tu 02:30PM - 06:15PM,MMW_704,"9/8, 9/15, 9/22, 9/29, 10/6, 10/13, 10/20, 10/27, 11/3, 11/10, 11/17, 11/24, 12/1",,,Dept of Earth & Environ Sci
2026-27 Term 1,2420,EESC,EESC4350-,8511,Environmental Health 環境衛生學：系統思維方法,3.00,- Professor Benoit THIBODEAU,30,29,LEC,-,E,Mo 10:30AM - 01:15PM,MMW_710,"9/7, 9/14, 9/21, 9/28, 10/5, 10/12",,,Dept of Earth & Environ Sci
2026-27 Term 1,2420,EESC,EESC4350-,8511,Environmental Health 環境衛生學：系統思維方法,3.00,- Professor Benoit THIBODEAU,30,29,LEC,-,E,Mo 10:30AM - 01:15PM,MMW_710,"10/26, 11/2, 11/9, 11/16, 11/23, 11/30",,,Dept of Earth & Environ Sci
2026-27 Term 1,2420,EESC,EESC4510-,8255,Statistical Data Analysis 地球與環境科學的統計方法與數據分析,3.00,- Dr. AU-YEUNG Yee Man - Dr. NG Tsin Hung,45,44,LEC,-,E,Mo 06:30PM - 09:15PM,ELB_LT4,"9/7, 9/14, 9/21, 9/28, 10/5, 10/12",,,Dept of Earth & Environ Sci
2026-27 Term 1,2420,EESC,EESC4510-,8255,Statistical Data Analysis 地球與環境科學的統計方法與數據分析,3.00,- Dr. AU-YEUNG Yee Man - Dr. NG Tsin Hung,45,44,LEC,-,E,Mo 06:30PM - 09:15PM,ELB_LT4,"10/26, 11/2, 11/9, 11/16, 11/23, 11/30",,,Dept of Earth & Environ Sci
2026-27 Term 1,2420,EESC,EESC4550-,9066,Practical Atmospheric Modeling 實用大氣模擬,3.00,- Professor ZHAI Shixian,14,14,LEC,-,E,Mo 01:30PM - 04:15PM,SC_329,"9/7, 9/14, 9/21, 9/28, 10/5, 10/12",,,Dept of Earth & Environ Sci
2026-27 Term 1,2420,EESC,EESC4550-,9066,Practical Atmospheric Modeling 實用大氣模擬,3.00,- Professor ZHAI Shixian,14,14,LEC,-,E,Mo 01:30PM - 04:15PM,SC_329,"10/26, 11/2, 11/9, 11/16, 11/23, 11/30",,,Dept of Earth & Environ Sci
2026-27 Term 1,2420,EESC,EESC4760-,5133,Science and ESG Analysis 環境、社會與治理分析中的科學應用,3.00,- Professor TAI Pui Kuen Amos,25,25,LEC,-,E,We 06:30PM - 09:15PM,WMY_505,"9/9, 9/16, 9/23, 9/30, 10/7, 10/14, 10/21, 10/28, 11/4, 11/11, 11/18, 11/25, 12/2",,,Dept of Earth & Environ Sci
2026-27 Term 1,2420,EESC,EESC4810-,6370,Senior Project I 畢業專題研究（一）,3.00,- Dr. AU-YEUNG Yee Man - Dr. LI Kwan Kit Ronald - Dr. TAM Pui Yuk - Dr. ZHANG Li - Professor Benoit THIBODEAU - Professor CHAN Man Nin - Professor CHOW Tat Shing - Professor LIU Lin - Professor TAI Pui Kuen Amos - Professor TAM Chi Yung Francis,60,41,PRJ,-J01,E,TBA,NRR,07/09/2026 - 30/11/2026,Yes,Yes,Dept of Earth & Environ Sci
2026-27 Term 1,2420,EESC,EESC4820-,9900,Senior Project II 畢業專題研究（二）,3.00,- Dr. AU-YEUNG Yee Man - Dr. LI Kwan Kit Ronald - Dr. NG Tsin Hung - Dr. TAM Pui Yuk - Dr. ZHANG Li - Professor Benoit THIBODEAU - Professor CHAN Man Nin - Professor CHOW Tat Shing - Professor LIU Lin - Professor TAI Pui Kuen Amos - Professor T,5,4,PRJ,-J01,E,TBA,NRR,07/09/2026 - 30/11/2026,Yes,Yes,Dept of Earth & Environ Sci
2026-27 Term 1,2420,ELED,ELED1010A,6036,Immersion Experience I 海外沉浸學習（一）,1.00,- Professor BAI Barry,40,40,FLD,AF01,E,TBA,NRR,07/09/2026 - 30/11/2026,,,English Stud & Eng Lang Edu PC
2026-27 Term 1,2420,ELED,ELED1020A,6035,Immersion Experience II 海外沉浸學習（二）,1.00,- Professor BAI Barry,40,40,FLD,AF01,E,TBA,NRR,07/09/2026 - 30/11/2026,,,English Stud & Eng Lang Edu PC
2026-27 Term 1,2420,ELED,ELED1030A,6033,Immersion Experience III 海外沉浸學習（三）,1.00,- Professor BAI Barry,40,40,FLD,AF01,E,TBA,NRR,07/09/2026 - 30/11/2026,,,English Stud & Eng Lang Edu PC
2026-27 Term 1,2420,ELED,ELED2810-,8361,Eng Lang Teach Theo & Method'y 英語教學的理論與方法,3.00,- Dr. SHIU Wing Hoi Cathy,25,10,LEC,-,E,Th 10:30AM - 01:15PM,HTB_107,"9/10, 9/17, 9/24",,Yes,English Stud & Eng Lang Edu PC
2026-27 Term 1,2420,ELED,ELED2810-,8361,Eng Lang Teach Theo & Method'y 英語教學的理論與方法,3.00,- Dr. SHIU Wing Hoi Cathy,25,10,LEC,-,E,Th 10:30AM - 01:15PM,HTB_107,"10/8, 10/15, 10/22, 10/29, 11/5, 11/12, 11/19, 11/26, 12/3",,Yes,English Stud & Eng Lang Edu PC
2026-27 Term 1,2420,ELED,ELED4730-,8362,English Lang Teaching Tech II 英語教學技巧（二）,3.00,- Dr. SHIU Wing Hoi Cathy,25,5,LEC,-,E,Tu 10:30AM - 01:15PM,HTB_107,"9/8, 9/15, 9/22, 9/29, 10/6, 10/13, 10/20, 10/27, 11/3, 11/10, 11/17, 11/24, 12/1",,Yes,English Stud & Eng Lang Edu PC
2026-27 Term 1,2420,ELED,ELED4850-,8363,Stu Sec Lang Learner & Classrm 外語教學研究,3.00,- Professor Scott Charles AUBREY,22,5,LEC,-,E,We 11:30AM - 02:15PM,HTB_G4,"9/9, 9/16, 9/23, 9/30, 10/7, 10/14, 10/21, 10/28, 11/4, 11/11, 11/18, 11/25, 12/2",,Yes,English Stud & Eng Lang Edu PC
2026-27 Term 1,2420,ELED,ELED4920-,8364,ELT Curriculum Theory & Design 英語教學之課程理論與設計,3.00,- Dr. CHOW Wai Kwan Alice,22,9,LEC,-,E,Tu 02:30PM - 05:15PM,HTB_G3,"9/8, 9/15, 9/22, 9/29, 10/6, 10/13, 10/20, 10/27",,Yes,English Stud & Eng Lang Edu PC
2026-27 Term 1,2420,ELED,ELED4920-,8364,ELT Curriculum Theory & Design 英語教學之課程理論與設計,3.00,- Dr. CHOW Wai Kwan Alice,22,9,LEC,-,E,Th 02:30PM - 05:15PM,HTB_G3,"9/10, 9/17, 9/24",,Yes,English Stud & Eng Lang Edu PC
2026-27 Term 1,2420,ELED,ELED4920-,8364,ELT Curriculum Theory & Design 英語教學之課程理論與設計,3.00,- Dr. CHOW Wai Kwan Alice,22,9,LEC,-,E,Th 02:30PM - 05:15PM,HTB_G3,"10/8, 10/15, 10/22, 10/29",,Yes,English Stud & Eng Lang Edu PC
2026-27 Term 1,2420,ELED,ELED4960-,8365,Teaching Eng Through Lang Arts 語言藝術與英語教學,2.00,- Ms. LO Cheuk Ling,40,40,LEC,-,E,Mo 12:30PM - 02:15PM,ELB_302,"9/7, 9/14, 9/21, 9/28, 10/5, 10/12",,,English Stud & Eng Lang Edu PC
2026-27 Term 1,2420,ELED,ELED4960-,8365,Teaching Eng Through Lang Arts 語言藝術與英語教學,2.00,- Ms. LO Cheuk Ling,40,40,LEC,-,E,Mo 12:30PM - 02:15PM,ELB_302,10/26,,,English Stud & Eng Lang Edu PC
2026-27 Term 1,2420,ELED,ELED4960-,8365,Teaching Eng Through Lang Arts 語言藝術與英語教學,2.00,- Ms. LO Cheuk Ling,40,40,LEC,-,E,Fr 09:30AM - 11:15AM,ELB_202,"9/11, 9/18, 9/25, 10/2, 10/9, 10/16, 10/23, 10/30",,,English Stud & Eng Lang Edu PC
2026-27 Term 1,2420,ELEG,ELEG2201-,5853,Digital CircuitsComputing Sys 數字電路及計算系統,3.00,- Mr. YIP Kim Fung,70,59,LEC,-,E,Tu 04:30PM - 06:15PM,LHC_103,"9/8, 9/15, 9/22, 9/29, 10/6, 10/13, 10/20, 10/27, 11/3, 11/10, 11/17, 11/24, 12/1",,,Dept of Electronic Engineering
2026-27 Term 1,2420,ELEG,ELEG2201-,5853,Digital CircuitsComputing Sys 數字電路及計算系統,3.00,- Mr. YIP Kim Fung,70,59,LEC,-,E,We 01:30PM - 02:15PM,LHC_103,"9/9, 9/16, 9/23, 9/30, 10/7, 10/14, 10/21, 10/28, 11/4, 11/11, 11/18, 11/25, 12/2",,,Dept of Electronic Engineering
2026-27 Term 1,2420,ELEG,ELEG2201-,5853,Digital CircuitsComputing Sys 數字電路及計算系統,3.00,- Mr. YIP Kim Fung,70,59,LAB,-L01,E,TBA,NRR,07/09/2026 - 30/11/2026,,,Dept of Electronic Engineering
2026-27 Term 1,2420,ELEG,ELEG2201-,5853,Digital CircuitsComputing Sys 數字電路及計算系統,3.00,- Mr. YIP Kim Fung,70,59,TUT,-T01,E,We 12:30PM - 01:15PM,LHC_103,"9/9, 9/16, 9/23, 9/30, 10/7, 10/14, 10/21, 10/28, 11/4, 11/11, 11/18, 11/25, 12/2",,,Dept of Electronic Engineering
2026-27 Term 1,2420,ELEG,ELEG2202A,5854,Electric Circuits 基礎電路,3.00,- Professor LOH Poh Chiang Andrew,140,140,LEC,A,E,Th 10:30AM - 11:15AM,SC_L1,"9/10, 9/17, 9/24",,,Dept of Electronic Engineering
2026-27 Term 1,2420,ELEG,ELEG2202A,5854,Electric Circuits 基礎電路,3.00,- Professor LOH Poh Chiang Andrew,140,140,LEC,A,E,Th 10:30AM - 11:15AM,SC_L1,"10/8, 10/15, 10/22, 10/29, 11/5, 11/12, 11/19, 11/26, 12/3",,,Dept of Electronic Engineering
2026-27 Term 1,2420,ELEG,ELEG2202A,5854,Electric Circuits 基礎電路,3.00,- Professor LOH Poh Chiang Andrew,140,140,LEC,A,E,Fr 09:30AM - 11:15AM,MMW_LT1,"9/11, 9/18, 9/25, 10/2, 10/9, 10/16, 10/23, 10/30, 11/6, 11/13, 11/20, 11/27, 12/4",,,Dept of Electronic Engineering
2026-27 Term 1,2420,ELEG,ELEG2202A,5854,Electric Circuits 基礎電路,3.00,- Professor LOH Poh Chiang Andrew,140,140,LAB,AL01,E,TBA,NRR,07/09/2026 - 30/11/2026,,,Dept of Electronic Engineering
2026-27 Term 1,2420,ELEG,ELEG2202A,5854,Electric Circuits 基礎電路,3.00,- Professor LOH Poh Chiang Andrew,50,50,TUT,AT01,E,Th 11:30AM - 12:15PM,MMW_702,"9/10, 9/17, 9/24",,,Dept of Electronic Engineering
2026-27 Term 1,2420,ELEG,ELEG2202A,5854,Electric Circuits 基礎電路,3.00,- Professor LOH Poh Chiang Andrew,50,50,TUT,AT01,E,Th 11:30AM - 12:15PM,MMW_702,"10/8, 10/15, 10/22, 10/29, 11/5, 11/12, 11/19, 11/26, 12/3",,,Dept of Electronic Engineering
2026-27 Term 1,2420,ELEG,ELEG2202A,5854,Electric Circuits 基礎電路,3.00,- Professor LOH Poh Chiang Andrew,50,50,TUT,AT02,E,Th 11:30AM - 12:15PM,LSK_308,"9/10, 9/17, 9/24",,,Dept of Electronic Engineering
2026-27 Term 1,2420,ELEG,ELEG2202A,5854,Electric Circuits 基礎電路,3.00,- Professor LOH Poh Chiang Andrew,50,50,TUT,AT02,E,Th 11:30AM - 12:15PM,LSK_308,"10/8, 10/15, 10/22, 10/29, 11/5, 11/12, 11/19, 11/26, 12/3",,,Dept of Electronic Engineering
2026-27 Term 1,2420,ELEG,ELEG2202A,5854,Electric Circuits 基礎電路,3.00,- Professor LOH Poh Chiang Andrew,50,50,TUT,AT03,E,Th 11:30AM - 12:15PM,LSK_201,"9/10, 9/17, 9/24",,,Dept of Electronic Engineering
2026-27 Term 1,2420,ELEG,ELEG2202A,5854,Electric Circuits 基礎電路,3.00,- Professor LOH Poh Chiang Andrew,50,50,TUT,AT03,E,Th 11:30AM - 12:15PM,LSK_201,"10/8, 10/15, 10/22, 10/29, 11/5, 11/12, 11/19, 11/26, 12/3",,,Dept of Electronic Engineering
2026-27 Term 1,2420,ELEG,ELEG2202A,5854,Electric Circuits 基礎電路,3.00,- Professor LOH Poh Chiang Andrew,30,30,TUT,AT04,E,TBA,NRR,07/09/2026 - 30/11/2026,,,Dept of Electronic Engineering
2026-27 Term 1,2420,ELEG,ELEG2310B,9357,Principles of Communication Sy 通信系統原理,3.00,- Ms. NGAN Lai Yin,80,79,LEC,B,E,Th 09:30AM - 10:15AM,MMW_LT2,"9/10, 9/17, 9/24",,,Dept of Electronic Engineering
2026-27 Term 1,2420,ELEG,ELEG2310B,9357,Principles of Communication Sy 通信系統原理,3.00,- Ms. NGAN Lai Yin,80,79,LEC,B,E,Th 09:30AM - 10:15AM,MMW_LT2,"10/8, 10/15, 10/22, 10/29, 11/5, 11/12, 11/19, 11/26, 12/3",,,Dept of Electronic Engineering
2026-27 Term 1,2420,ELEG,ELEG2310B,9357,Principles of Communication Sy 通信系統原理,3.00,- Ms. NGAN Lai Yin,80,79,LEC,B,E,Fr 09:30AM - 11:15AM,LHC_103,"9/11, 9/18, 9/25, 10/2, 10/9, 10/16, 10/23, 10/30, 11/6, 11/13, 11/20, 11/27, 12/4",,,Dept of Electronic Engineering
2026-27 Term 1,2420,ELEG,ELEG2310B,9357,Principles of Communication Sy 通信系統原理,3.00,- Ms. NGAN Lai Yin,30,30,TUT,BT01,E,Th 10:30AM - 11:15AM,LSB_C1,"9/10, 9/17, 9/24",,,Dept of Electronic Engineering
2026-27 Term 1,2420,ELEG,ELEG2310B,9357,Principles of Communication Sy 通信系統原理,3.00,- Ms. NGAN Lai Yin,30,30,TUT,BT01,E,Th 10:30AM - 11:15AM,LSB_C1,"10/8, 10/15, 10/22, 10/29, 11/5, 11/12, 11/19, 11/26, 12/3",,,Dept of Electronic Engineering
2026-27 Term 1,2420,ELEG,ELEG2310B,9357,Principles of Communication Sy 通信系統原理,3.00,- Ms. NGAN Lai Yin,30,29,TUT,BT02,E,Th 10:30AM - 11:15AM,MMW_704,"9/10, 9/17, 9/24",,,Dept of Electronic Engineering
2026-27 Term 1,2420,ELEG,ELEG2310B,9357,Principles of Communication Sy 通信系統原理,3.00,- Ms. NGAN Lai Yin,30,29,TUT,BT02,E,Th 10:30AM - 11:15AM,MMW_704,"10/8, 10/15, 10/22, 10/29, 11/5, 11/12, 11/19, 11/26, 12/3",,,Dept of Electronic Engineering
2026-27 Term 1,2420,ELEG,ELEG2310B,9357,Principles of Communication Sy 通信系統原理,3.00,- Ms. NGAN Lai Yin,20,20,TUT,BT03,E,Th 10:30AM - 11:15AM,ELB_206,"9/10, 9/17, 9/24",,,Dept of Electronic Engineering
2026-27 Term 1,2420,ELEG,ELEG2310B,9357,Principles of Communication Sy 通信系統原理,3.00,- Ms. NGAN Lai Yin,20,20,TUT,BT03,E,Th 10:30AM - 11:15AM,ELB_206,"10/8, 10/15, 10/22, 10/29, 11/5, 11/12, 11/19, 11/26, 12/3",,,Dept of Electronic Engineering
2026-27 Term 1,2420,ELEG,ELEG2310B,9357,Principles of Communication Sy 通信系統原理,3.00,- Ms. NGAN Lai Yin,30,30,TUT,BT04,E,TBA,NRR,07/09/2026 - 30/11/2026,,,Dept of Electronic Engineering
2026-27 Term 1,2420,ELEG,ELEG2700-,8665,Intro to Electronic Sys Design 電子系統設計導論,3.00,- Ms. NGAN Lai Yin,80,2,LEC,-,E,We 02:30PM - 03:15PM,SHB_210,"9/9, 9/16, 9/23, 9/30, 10/7, 10/14, 10/21, 10/28, 11/4, 11/11, 11/18, 11/25, 12/2",,Yes,Dept of Electronic Engineering
2026-27 Term 1,2420,ELEG,ELEG2700-,8665,Intro to Electronic Sys Design 電子系統設計導論,3.00,- Ms. NGAN Lai Yin,80,2,LAB,-L01,E,We 03:30PM - 06:15PM,SHB_210,"9/9, 9/16, 9/23, 9/30, 10/7, 10/14, 10/21, 10/28, 11/4, 11/11, 11/18, 11/25, 12/2",,Yes,Dept of Electronic Engineering
2026-27 Term 1,2420,ELEG,ELEG3207-,5673,Intro to Power Electronics 電力電子導論,3.00,- Dr. HAN Dongkun,60,24,LEC,-,E,We 04:30PM - 06:15PM,MMW_702,"9/9, 9/16, 9/23, 9/30, 10/7, 10/14, 10/21, 10/28, 11/4, 11/11, 11/18, 11/25, 12/2",,Yes,Dept of Electronic Engineering
2026-27 Term 1,2420,ELEG,ELEG3207-,5673,Intro to Power Electronics 電力電子導論,3.00,- Dr. HAN Dongkun,60,24,LEC,-,E,Th 05:30PM - 06:15PM,LHC_G04,"9/10, 9/17, 9/24",,Yes,Dept of Electronic Engineering
2026-27 Term 1,2420,ELEG,ELEG3207-,5673,Intro to Power Electronics 電力電子導論,3.00,- Dr. HAN Dongkun,60,24,LEC,-,E,Th 05:30PM - 06:15PM,LHC_G04,"10/8, 10/15, 10/22, 10/29, 11/5, 11/12, 11/19, 11/26, 12/3",,Yes,Dept of Electronic Engineering
2026-27 Term 1,2420,ELEG,ELEG3207-,5673,Intro to Power Electronics 電力電子導論,3.00,- Dr. HAN Dongkun,60,24,TUT,-T01,E,TBA,NRR,07/09/2026 - 30/11/2026,,Yes,Dept of Electronic Engineering
2026-27 Term 1,2420,ELEG,ELEG3213-,5559,Applied Electromagnetics 應用電磁場基礎,3.00,- Professor WU Ke Li,80,80,LEC,-,E,Mo 09:30AM - 11:15AM,LSB_LT2,"9/7, 9/14, 9/21, 9/28, 10/5, 10/12",,,Dept of Electronic Engineering
2026-27 Term 1,2420,ELEG,ELEG3213-,5559,Applied Electromagnetics 應用電磁場基礎,3.00,- Professor WU Ke Li,80,80,LEC,-,E,Mo 09:30AM - 11:15AM,LSB_LT2,"10/26, 11/2, 11/9, 11/16, 11/23, 11/30",,,Dept of Electronic Engineering
2026-27 Term 1,2420,ELEG,ELEG3213-,5559,Applied Electromagnetics 應用電磁場基礎,3.00,- Professor WU Ke Li,80,80,LEC,-,E,We 09:30AM - 10:15AM,SC_L1,"9/9, 9/16, 9/23, 9/30, 10/7, 10/14, 10/21, 10/28, 11/4, 11/11, 11/18, 11/25, 12/2",,,Dept of Electronic Engineering
2026-27 Term 1,2420,ELEG,ELEG3213-,5559,Applied Electromagnetics 應用電磁場基礎,3.00,- Professor WU Ke Li,80,80,LAB,-L01,E,TBA,NRR,07/09/2026 - 30/11/2026,,,Dept of Electronic Engineering
2026-27 Term 1,2420,ELEG,ELEG3213-,5559,Applied Electromagnetics 應用電磁場基礎,3.00,- Professor WU Ke Li,40,40,TUT,-T01,E,We 08:30AM - 09:15AM,LHC_106,"9/9, 9/16, 9/23, 9/30, 10/7, 10/14, 10/21, 10/28, 11/4, 11/11, 11/18, 11/25, 12/2",,,Dept of Electronic Engineering
2026-27 Term 1,2420,ELEG,ELEG3213-,5559,Applied Electromagnetics 應用電磁場基礎,3.00,- Professor WU Ke Li,40,40,TUT,-T02,E,We 08:30AM - 09:15AM,ERB_401,"9/9, 9/16, 9/23, 9/30, 10/7, 10/14, 10/21, 10/28, 11/4, 11/11, 11/18, 11/25, 12/2",,,Dept of Electronic Engineering
2026-27 Term 1,2420,ELEG,ELEG3213-,5559,Applied Electromagnetics 應用電磁場基礎,3.00,- Professor WU Ke Li,40,40,TUT,-T03,E,We 10:30AM - 11:15AM,SC_L5,"9/9, 9/16, 9/23, 9/30, 10/7, 10/14, 10/21, 10/28, 11/4, 11/11, 11/18, 11/25, 12/2",,,Dept of Electronic Engineering
2026-27 Term 1,2420,ELEG,ELEG3213-,5559,Applied Electromagnetics 應用電磁場基礎,3.00,- Professor WU Ke Li,40,40,TUT,-T04,E,We 10:30AM - 11:15AM,ERB_703,"9/9, 9/16, 9/23, 9/30, 10/7, 10/14, 10/21, 10/28, 11/4, 11/11, 11/18, 11/25, 12/2",,,Dept of Electronic Engineering
2026-27 Term 1,2420,ELEG,ELEG3213-,5559,Applied Electromagnetics 應用電磁場基礎,3.00,- Professor WU Ke Li,10,10,TUT,-T05,E,TBA,NRR,07/09/2026 - 30/11/2026,,,Dept of Electronic Engineering
2026-27 Term 1,2420,ELEG,ELEG3214-,5004,Ant.W Prop. for Wireless Com 無綫通訊中的天線與電波傳播,3.00,- Professor GAO Shichang,30,30,LEC,-,E,Mo 04:30PM - 06:15PM,ERB_712,"9/7, 9/14, 9/21, 9/28, 10/5, 10/12",,,Dept of Electronic Engineering
2026-27 Term 1,2420,ELEG,ELEG3214-,5004,Ant.W Prop. for Wireless Com 無綫通訊中的天線與電波傳播,3.00,- Professor GAO Shichang,30,30,LEC,-,E,Mo 04:30PM - 06:15PM,ERB_712,"10/26, 11/2, 11/9, 11/16, 11/23, 11/30",,,Dept of Electronic Engineering
2026-27 Term 1,2420,ELEG,ELEG3214-,5004,Ant.W Prop. for Wireless Com 無綫通訊中的天線與電波傳播,3.00,- Professor GAO Shichang,30,30,LEC,-,E,Tu 12:30PM - 01:15PM,ERB_713,"9/8, 9/15, 9/22, 9/29, 10/6, 10/13, 10/20, 10/27, 11/3, 11/10, 11/17, 11/24, 12/1",,,Dept of Electronic Engineering
2026-27 Term 1,2420,ELEG,ELEG3214-,5004,Ant.W Prop. for Wireless Com 無綫通訊中的天線與電波傳播,3.00,- Professor GAO Shichang,30,30,TUT,-T01,E,Tu 01:30PM - 02:15PM,ERB_713,"9/8, 9/15, 9/22, 9/29, 10/6, 10/13, 10/20, 10/27, 11/3, 11/10, 11/17, 11/24, 12/1",,,Dept of Electronic Engineering
2026-27 Term 1,2420,ELEG,ELEG3214-,5004,Ant.W Prop. for Wireless Com 無綫通訊中的天線與電波傳播,3.00,- Professor GAO Shichang,10,10,TUT,-T03,E,TBA,NRR,07/09/2026 - 30/11/2026,,,Dept of Electronic Engineering
2026-27 Term 1,2420,ELEG,ELEG3302-,5247,Fundamentals of Photonics 光子學基礎,3.00,- Professor SHU Ching Tat Chester,60,60,LEC,-,E,Mo 01:30PM - 02:15PM,NAH_11,"9/7, 9/14, 9/21, 9/28, 10/5, 10/12",,,Dept of Electronic Engineering
2026-27 Term 1,2420,ELEG,ELEG3302-,5247,Fundamentals of Photonics 光子學基礎,3.00,- Professor SHU Ching Tat Chester,60,60,LEC,-,E,Mo 01:30PM - 02:15PM,NAH_11,"10/26, 11/2, 11/9, 11/16, 11/23, 11/30",,,Dept of Electronic Engineering
2026-27 Term 1,2420,ELEG,ELEG3302-,5247,Fundamentals of Photonics 光子學基礎,3.00,- Professor SHU Ching Tat Chester,60,60,LEC,-,E,We 02:30PM - 04:15PM,NAH_11,"9/9, 9/16, 9/23, 9/30, 10/7, 10/14, 10/21, 10/28, 11/4, 11/11, 11/18, 11/25, 12/2",,,Dept of Electronic Engineering
2026-27 Term 1,2420,ELEG,ELEG3302-,5247,Fundamentals of Photonics 光子學基礎,3.00,- Professor SHU Ching Tat Chester,30,30,TUT,-T01,E,Mo 02:30PM - 03:15PM,NAH_11,"9/7, 9/14, 9/21, 9/28, 10/5, 10/12",,,Dept of Electronic Engineering
2026-27 Term 1,2420,ELEG,ELEG3302-,5247,Fundamentals of Photonics 光子學基礎,3.00,- Professor SHU Ching Tat Chester,30,30,TUT,-T01,E,Mo 02:30PM - 03:15PM,NAH_11,"10/26, 11/2, 11/9, 11/16, 11/23, 11/30",,,Dept of Electronic Engineering
2026-27 Term 1,2420,ELEG,ELEG3302-,5247,Fundamentals of Photonics 光子學基礎,3.00,- Professor SHU Ching Tat Chester,30,30,TUT,-T02,E,Mo 02:30PM - 03:15PM,LSB_LT4,"9/7, 9/14, 9/21, 9/28, 10/5, 10/12",,,Dept of Electronic Engineering
2026-27 Term 1,2420,ELEG,ELEG3302-,5247,Fundamentals of Photonics 光子學基礎,3.00,- Professor SHU Ching Tat Chester,30,30,TUT,-T02,E,Mo 02:30PM - 03:15PM,LSB_LT4,"10/26, 11/2, 11/9, 11/16, 11/23, 11/30",,,Dept of Electronic Engineering
2026-27 Term 1,2420,ELEG,ELEG3302-,5247,Fundamentals of Photonics 光子學基礎,3.00,- Professor SHU Ching Tat Chester,10,10,TUT,-T03,E,TBA,NRR,07/09/2026 - 30/11/2026,,,Dept of Electronic Engineering
2026-27 Term 1,2420,ELEG,ELEG3701-,9359,Embedded Systems Design 嵌入式系統設計,3.00,- Mr. YIP Kim Fung,60,60,LEC,-,E,Th 01:30PM - 03:15PM,MMW_707,"9/10, 9/17, 9/24",,,Dept of Electronic Engineering
2026-27 Term 1,2420,ELEG,ELEG3701-,9359,Embedded Systems Design 嵌入式系統設計,3.00,- Mr. YIP Kim Fung,60,60,LEC,-,E,Th 01:30PM - 03:15PM,MMW_707,"10/8, 10/15, 10/22, 10/29, 11/5, 11/12, 11/19, 11/26, 12/3",,,Dept of Electronic Engineering
2026-27 Term 1,2420,ELEG,ELEG3701-,9359,Embedded Systems Design 嵌入式系統設計,3.00,- Mr. YIP Kim Fung,60,60,LAB,-L01,E,Th 03:30PM - 05:15PM,SHB_231,"9/10, 9/17, 9/24",,,Dept of Electronic Engineering
2026-27 Term 1,2420,ELEG,ELEG3701-,9359,Embedded Systems Design 嵌入式系統設計,3.00,- Mr. YIP Kim Fung,60,60,LAB,-L01,E,Th 03:30PM - 05:15PM,SHB_231,"10/8, 10/15, 10/22, 10/29, 11/5, 11/12, 11/19, 11/26, 12/3",,,Dept of Electronic Engineering
2026-27 Term 1,2420,ELEG,ELEG3910-,8057,Undergrad Research in Elec Eng 電子工程本科研究,2.00,- Staff,10,10,TUT,-T01,E,TBA,NRR,07/09/2026 - 30/11/2026,Yes,Yes,Dept of Electronic Engineering
2026-27 Term 1,2420,ELEG,ELEG4215-,5725,Power Converter Circuits 電源轉換電路,3.00,- Professor LEUNG Ka Nang,60,58,LEC,-,E,Mo 12:30PM - 01:15PM,SC_LG23,"9/7, 9/14, 9/21, 9/28, 10/5, 10/12",,,Dept of Electronic Engineering
2026-27 Term 1,2420,ELEG,ELEG4215-,5725,Power Converter Circuits 電源轉換電路,3.00,- Professor LEUNG Ka Nang,60,58,LEC,-,E,Mo 12:30PM - 01:15PM,SC_LG23,"10/26, 11/2, 11/9, 11/16, 11/23, 11/30",,,Dept of Electronic Engineering
2026-27 Term 1,2420,ELEG,ELEG4215-,5725,Power Converter Circuits 電源轉換電路,3.00,- Professor LEUNG Ka Nang,60,58,LEC,-,E,We 12:30PM - 02:15PM,MMW_702,"9/9, 9/16, 9/23, 9/30, 10/7, 10/14, 10/21, 10/28, 11/4, 11/11, 11/18, 11/25, 12/2",,,Dept of Electronic Engineering
2026-27 Term 1,2420,ELEG,ELEG4215-,5725,Power Converter Circuits 電源轉換電路,3.00,- Professor LEUNG Ka Nang,30,28,TUT,-T01,E,Mo 01:30PM - 02:15PM,SC_LG23,"9/7, 9/14, 9/21, 9/28, 10/5, 10/12",,,Dept of Electronic Engineering
2026-27 Term 1,2420,ELEG,ELEG4215-,5725,Power Converter Circuits 電源轉換電路,3.00,- Professor LEUNG Ka Nang,30,28,TUT,-T01,E,Mo 01:30PM - 02:15PM,SC_LG23,"10/26, 11/2, 11/9, 11/16, 11/23, 11/30",,,Dept of Electronic Engineering
2026-27 Term 1,2420,ELEG,ELEG4215-,5725,Power Converter Circuits 電源轉換電路,3.00,- Professor LEUNG Ka Nang,30,30,TUT,-T02,E,Mo 01:30PM - 02:15PM,MMW_706,"9/7, 9/14, 9/21, 9/28, 10/5, 10/12",,,Dept of Electronic Engineering
2026-27 Term 1,2420,ELEG,ELEG4215-,5725,Power Converter Circuits 電源轉換電路,3.00,- Professor LEUNG Ka Nang,30,30,TUT,-T02,E,Mo 01:30PM - 02:15PM,MMW_706,"10/26, 11/2, 11/9, 11/16, 11/23, 11/30",,,Dept of Electronic Engineering
2026-27 Term 1,2420,ELEG,ELEG4215-,5725,Power Converter Circuits 電源轉換電路,3.00,- Professor LEUNG Ka Nang,10,10,TUT,-T03,E,TBA,NRR,07/09/2026 - 30/11/2026,,,Dept of Electronic Engineering
2026-27 Term 1,2420,ELEG,ELEG4313-,9511,Integrated Photonics 集成光子學：理論、設計與實踐,3.00,- Professor HUANG Chaoran,60,60,LEC,-,E,We 10:30AM - 11:15AM,MMW_703,"9/9, 9/16, 9/23, 9/30, 10/7, 10/14, 10/21, 10/28, 11/4, 11/11, 11/18, 11/25, 12/2",,,Dept of Electronic Engineering
2026-27 Term 1,2420,ELEG,ELEG4313-,9511,Integrated Photonics 集成光子學：理論、設計與實踐,3.00,- Professor HUANG Chaoran,60,60,LEC,-,E,Th 02:30PM - 04:15PM,SC_L5,"9/10, 9/17, 9/24",,,Dept of Electronic Engineering
2026-27 Term 1,2420,ELEG,ELEG4313-,9511,Integrated Photonics 集成光子學：理論、設計與實踐,3.00,- Professor HUANG Chaoran,60,60,LEC,-,E,Th 02:30PM - 04:15PM,SC_L5,"10/8, 10/15, 10/22, 10/29, 11/5, 11/12, 11/19, 11/26, 12/3",,,Dept of Electronic Engineering
2026-27 Term 1,2420,ELEG,ELEG4313-,9511,Integrated Photonics 集成光子學：理論、設計與實踐,3.00,- Professor HUANG Chaoran,60,60,LAB,-L01,E,TBA,NRR,07/09/2026 - 30/11/2026,,,Dept of Electronic Engineering
2026-27 Term 1,2420,ELEG,ELEG4313-,9511,Integrated Photonics 集成光子學：理論、設計與實踐,3.00,- Professor HUANG Chaoran,30,30,TUT,-T01,E,We 11:30AM - 12:15PM,MMW_710,"9/9, 9/16, 9/23, 9/30, 10/7, 10/14, 10/21, 10/28, 11/4, 11/11, 11/18, 11/25, 12/2",,,Dept of Electronic Engineering
2026-27 Term 1,2420,ELEG,ELEG4313-,9511,Integrated Photonics 集成光子學：理論、設計與實踐,3.00,- Professor HUANG Chaoran,30,30,TUT,-T02,E,We 11:30AM - 12:15PM,BMS_2,"9/9, 9/16, 9/23, 9/30, 10/7, 10/14, 10/21, 10/28, 11/4, 11/11, 11/18, 11/25, 12/2",,,Dept of Electronic Engineering
2026-27 Term 1,2420,ELEG,ELEG4313-,9511,Integrated Photonics 集成光子學：理論、設計與實踐,3.00,- Professor HUANG Chaoran,10,10,TUT,-T03,E,TBA,TBA,07/09/2026 - 30/11/2026,,,Dept of Electronic Engineering
2026-27 Term 1,2420,ELEG,ELEG4512-,9510,Digital Image Processing 數字圖像處理,3.00,- Professor YUAN Yixuan,60,60,LEC,-,E,Mo 10:30AM - 12:15PM,SC_LG23,"9/7, 9/14, 9/21, 9/28, 10/5, 10/12",,,Dept of Electronic Engineering
2026-27 Term 1,2420,ELEG,ELEG4512-,9510,Digital Image Processing 數字圖像處理,3.00,- Professor YUAN Yixuan,60,60,LEC,-,E,Mo 10:30AM - 12:15PM,SC_LG23,"10/26, 11/2, 11/9, 11/16, 11/23, 11/30",,,Dept of Electronic Engineering
2026-27 Term 1,2420,ELEG,ELEG4512-,9510,Digital Image Processing 數字圖像處理,3.00,- Professor YUAN Yixuan,60,60,LEC,-,E,Tu 01:30PM - 02:15PM,MMW_702,"9/8, 9/15, 9/22, 9/29, 10/6, 10/13, 10/20, 10/27, 11/3, 11/10, 11/17, 11/24, 12/1",,,Dept of Electronic Engineering
2026-27 Term 1,2420,ELEG,ELEG4512-,9510,Digital Image Processing 數字圖像處理,3.00,- Professor YUAN Yixuan,30,30,TUT,-T01,E,Tu 02:30PM - 03:15PM,MMW_715,"9/8, 9/15, 9/22, 9/29, 10/6, 10/13, 10/20, 10/27, 11/3, 11/10, 11/17, 11/24, 12/1",,,Dept of Electronic Engineering
2026-27 Term 1,2420,ELEG,ELEG4512-,9510,Digital Image Processing 數字圖像處理,3.00,- Professor YUAN Yixuan,30,30,TUT,-T02,E,Tu 02:30PM - 03:15PM,LSK_514,"9/8, 9/15, 9/22, 9/29, 10/6, 10/13, 10/20, 10/27, 11/3, 11/10, 11/17, 11/24, 12/1",,,Dept of Electronic Engineering
2026-27 Term 1,2420,ELEG,ELEG4512-,9510,Digital Image Processing 數字圖像處理,3.00,- Professor YUAN Yixuan,10,10,TUT,-T03,E,TBA,NRR,07/09/2026 - 30/11/2026,,,Dept of Electronic Engineering
2026-27 Term 1,2420,ELEG,ELEG4701-,8901,Intelligent Inter Robot Pract 智能交互機器人實踐,3.00,- Professor LAI Jiewen,28,27,LAB,-L01,E,Tu 02:30PM - 05:15PM,SHB_231,"9/8, 9/15, 9/22, 9/29, 10/6, 10/13, 10/20, 10/27, 11/3, 11/10, 11/17, 11/24, 12/1",,,Dept of Electronic Engineering
2026-27 Term 1,2420,ELEG,ELEG4701-,8901,Intelligent Inter Robot Pract 智能交互機器人實踐,3.00,- Professor LAI Jiewen,28,27,TUT,-T01,E,Tu 05:30PM - 06:15PM,SHB_231,"9/8, 9/15, 9/22, 9/29, 10/6, 10/13, 10/20, 10/27, 11/3, 11/10, 11/17, 11/24, 12/1",,,Dept of Electronic Engineering
2026-27 Term 1,2420,ELEG,ELEG4998AA,8624,Final Year Project I 畢業專題研究（一）,3.00,- Professor ZHAO Ni,10,9,PRJ,AAJ1,E,TBA,NRR,07/09/2026 - 30/11/2026,Yes,Yes,Dept of Electronic Engineering
2026-27 Term 1,2420,ELEG,ELEG4998BB,7881,Final Year Project I 畢業專題研究（一）,3.00,- Professor KONG Qiuqiang,10,7,PRJ,BBJ1,E,TBA,NRR,07/09/2026 - 30/11/2026,Yes,Yes,Dept of Electronic Engineering
2026-27 Term 1,2420,ELEG,ELEG4998BC,6608,Final Year Project I 畢業專題研究（一）,3.00,- Professor HU Guohua,10,9,PRJ,BCJ1,E,TBA,NRR,07/09/2026 - 30/11/2026,Yes,Yes,Dept of Electronic Engineering
2026-27 Term 1,2420,ELEG,ELEG4998BD,8058,Final Year Project I 畢業專題研究（一）,3.00,- Professor Thierry Albert Jean Louis BLU,10,7,PRJ,BDJ1,E,TBA,NRR,07/09/2026 - 30/11/2026,Yes,Yes,Dept of Electronic Engineering
2026-27 Term 1,2420,ELEG,ELEG4998BE,6058,Final Year Project I 畢業專題研究（一）,3.00,- Professor LEUNG Ka Nang,10,6,PRJ,BEJ1,E,TBA,NRR,07/09/2026 - 30/11/2026,Yes,Yes,Dept of Electronic Engineering
2026-27 Term 1,2420,ELEG,ELEG4998BF,6059,Final Year Project I 畢業專題研究（一）,3.00,- Professor LI Hongsheng,10,8,PRJ,BFJ1,E,TBA,NRR,07/09/2026 - 30/11/2026,Yes,Yes,Dept of Electronic Engineering
2026-27 Term 1,2420,ELEG,ELEG4998BG,7882,Final Year Project I 畢業專題研究（一）,3.00,- Professor LOH Poh Chiang Andrew,10,6,PRJ,BGJ1,E,TBA,NRR,07/09/2026 - 30/11/2026,Yes,Yes,Dept of Electronic Engineering
2026-27 Term 1,2420,ELEG,ELEG4998BH,6586,Final Year Project I 畢業專題研究（一）,3.00,- Professor MA Wing Kin,10,7,PRJ,BHJ1,E,TBA,NRR,07/09/2026 - 30/11/2026,Yes,Yes,Dept of Electronic Engineering
2026-27 Term 1,2420,ELEG,ELEG4998BI,6060,Final Year Project I 畢業專題研究（一）,3.00,- Professor REN Hongliang,10,8,PRJ,BIJ1,E,TBA,NRR,07/09/2026 - 30/11/2026,Yes,Yes,Dept of Electronic Engineering
2026-27 Term 1,2420,ELEG,ELEG4998BJ,6061,Final Year Project I 畢業專題研究（一）,3.00,- Professor PUN Kong Pang,10,6,PRJ,BJJ1,E,TBA,NRR,07/09/2026 - 30/11/2026,Yes,Yes,Dept of Electronic Engineering
2026-27 Term 1,2420,ELEG,ELEG4998BK,6359,Final Year Project I 畢業專題研究（一）,3.00,- Professor SHU Ching Tat Chester,10,7,PRJ,BKJ1,E,TBA,NRR,07/09/2026 - 30/11/2026,Yes,Yes,Dept of Electronic Engineering
2026-27 Term 1,2420,ELEG,ELEG4998BL,6062,Final Year Project I 畢業專題研究（一）,3.00,- Professor SUN Xiankai,10,9,PRJ,BLJ1,E,TBA,NRR,07/09/2026 - 30/11/2026,Yes,Yes,Dept of Electronic Engineering
2026-27 Term 1,2420,ELEG,ELEG4998BM,6459,Final Year Project I 畢業專題研究（一）,3.00,- Professor GAO Shichang,10,9,PRJ,BMJ1,E,TBA,NRR,07/09/2026 - 30/11/2026,Yes,Yes,Dept of Electronic Engineering
2026-27 Term 1,2420,ELEG,ELEG4998BN,6175,Final Year Project I 畢業專題研究（一）,3.00,- Professor WU Ke Li,10,8,PRJ,BNJ1,E,TBA,NRR,07/09/2026 - 30/11/2026,Yes,Yes,Dept of Electronic Engineering
2026-27 Term 1,2420,ELEG,ELEG4998BO,6043,Final Year Project I 畢業專題研究（一）,3.00,- Professor XU Jianbin,10,9,PRJ,BOJ1,E,TBA,NRR,07/09/2026 - 30/11/2026,Yes,Yes,Dept of Electronic Engineering
2026-27 Term 1,2420,ELEG,ELEG4998BP,6531,Final Year Project I 畢業專題研究（一）,3.00,- Professor LI Jizhou,10,7,PRJ,BPJ1,E,TBA,NRR,07/09/2026 - 30/11/2026,Yes,Yes,Dept of Electronic Engineering
2026-27 Term 1,2420,ELEG,ELEG4998BQ,6532,Final Year Project I 畢業專題研究（一）,3.00,- Professor Ady SUWARDI,10,8,PRJ,BQJ1,E,TBA,NRR,07/09/2026 - 30/11/2026,Yes,Yes,Dept of Electronic Engineering
2026-27 Term 1,2420,ELEG,ELEG4998BR,6112,Final Year Project I 畢業專題研究（一）,3.00,- Mr. YIP Kim Fung,10,8,PRJ,BRJ1,E,TBA,NRR,07/09/2026 - 30/11/2026,Yes,Yes,Dept of Electronic Engineering
2026-27 Term 1,2420,ELEG,ELEG4998BS,6462,Final Year Project I 畢業專題研究（一）,3.00,- Professor HUANG Chaoran,10,10,PRJ,BSJ1,E,TBA,NRR,07/09/2026 - 30/11/2026,Yes,Yes,Dept of Electronic Engineering
2026-27 Term 1,2420,ELEG,ELEG4998BT,6460,Final Year Project I 畢業專題研究（一）,3.00,- Professor LONG Yi,10,9,PRJ,BTJ1,E,TBA,NRR,07/09/2026 - 30/11/2026,Yes,Yes,Dept of Electronic Engineering
2026-27 Term 1,2420,ELEG,ELEG4998BU,6461,Final Year Project I 畢業專題研究（一）,3.00,- Professor YUAN Yixuan,10,6,PRJ,BUJ1,E,TBA,NRR,07/09/2026 - 30/11/2026,Yes,Yes,Dept of Electronic Engineering
2026-27 Term 1,2420,ELEG,ELEG4998BV,6301,Final Year Project I 畢業專題研究（一）,3.00,- Professor Martin STOLTERFOHT,10,8,PRJ,BVJ1,E,TBA,NRR,07/09/2026 - 30/11/2026,Yes,Yes,Dept of Electronic Engineering
2026-27 Term 1,2420,ELEG,ELEG4998BX,6275,Final Year Project I 畢業專題研究（一）,3.00,- Professor LAI Jiewen,10,8,PRJ,BXJ1,E,TBA,NRR,07/09/2026 - 30/11/2026,Yes,Yes,Dept of Electronic Engineering
2026-27 Term 1,2420,ELEG,ELEG4998CA,6533,Final Year Project I 畢業專題研究（一）,3.00,- Professor GAO Huxin,10,9,PRJ,CAJ1,E,TBA,NRR,07/09/2026 - 30/11/2026,Yes,Yes,Dept of Electronic Engineering
2026-27 Term 1,2420,ELEG,ELEG4998CB,8059,Final Year Project I 畢業專題研究（一）,3.00,- Professor WANG Yixiu,10,8,PRJ,CBJ1,E,TBA,NRR,07/09/2026 - 30/11/2026,Yes,Yes,Dept of Electronic Engineering
2026-27 Term 1,2420,ELEG,ELEG4998CC,8060,Final Year Project I 畢業專題研究（一）,3.00,- Professor XUE Ying,10,7,PRJ,CCJ1,E,TBA,NRR,07/09/2026 - 30/11/2026,Yes,Yes,Dept of Electronic Engineering
2026-27 Term 1,2420,ELEG,ELEG4998CD,8061,Final Year Project I 畢業專題研究（一）,3.00,- Professor CAI Yuting,10,10,PRJ,CDJ1,E,TBA,NRR,07/09/2026 - 30/11/2026,Yes,Yes,Dept of Electronic Engineering
2026-27 Term 1,2420,ELEG,ELEG4998CE,7824,Final Year Project I 畢業專題研究（一）,3.00,- Staff,10,10,PRJ,CEJ1,E,TBA,NRR,07/09/2026 - 30/11/2026,Yes,Yes,Dept of Electronic Engineering
2026-27 Term 1,2420,ELEG,ELEG4998CG,7822,Final Year Project I 畢業專題研究（一）,3.00,- Staff,10,10,PRJ,CGJ1,E,TBA,NRR,07/09/2026 - 30/11/2026,Yes,Yes,Dept of Electronic Engineering
2026-27 Term 1,2420,ELEG,ELEG4998CO,7823,Final Year Project I 畢業專題研究（一）,3.00,- Staff,10,10,PRJ,COJ1,E,TBA,NRR,07/09/2026 - 30/11/2026,Yes,Yes,Dept of Electronic Engineering
2026-27 Term 1,2420,ELEG,ELEG4999AA,6534,Final Year Project II 畢業專題研究（二）,3.00,- Professor PUN Kong Pang,10,8,PRJ,AAJ1,E,TBA,NRR,07/09/2026 - 30/11/2026,Yes,Yes,Dept of Electronic Engineering
2026-27 Term 1,2420,ELEG,ELEG4999BB,6291,Final Year Project II 畢業專題研究（二）,3.00,- Professor YUAN Yixuan,10,9,PRJ,BBJ1,E,TBA,NRR,07/09/2026 - 30/11/2026,Yes,Yes,Dept of Electronic Engineering
2026-27 Term 1,2420,ELEG,ELEG4999CC,8052,Final Year Project II 畢業專題研究（二）,3.00,- Professor MA Wing Kin,10,9,PRJ,CCJ1,E,TBA,NRR,07/09/2026 - 30/11/2026,Yes,Yes,Dept of Electronic Engineering
2026-27 Term 1,2420,ELEG,ELEG4999DD,8088,Final Year Project II 畢業專題研究（二）,3.00,- Staff,10,10,PRJ,DDJ1,E,TBA,NRR,07/09/2026 - 30/11/2026,Yes,Yes,Dept of Electronic Engineering
2026-27 Term 1,2420,ELEG,ELEG4999EE,8087,Final Year Project II 畢業專題研究（二）,3.00,- Staff,10,10,PRJ,EEJ1,E,TBA,NRR,07/09/2026 - 30/11/2026,Yes,Yes,Dept of Electronic Engineering
2026-27 Term 1,2420,ELEG,ELEG4999FF,8086,Final Year Project II 畢業專題研究（二）,3.00,- Staff,10,10,PRJ,FFJ1,E,TBA,NRR,07/09/2026 - 30/11/2026,Yes,Yes,Dept of Electronic Engineering
2026-27 Term 1,2420,ELEG,ELEG4999GG,7825,Final Year Project II 畢業專題研究（二）,3.00,- Staff,10,10,PRJ,GGJ1,E,TBA,NRR,07/09/2026 - 30/11/2026,Yes,Yes,Dept of Electronic Engineering
2026-27 Term 1,2420,ELEG,ELEG4999HH,7826,Final Year Project II 畢業專題研究（二）,3.00,- Staff,10,10,PRJ,HHJ1,E,TBA,NRR,07/09/2026 - 30/11/2026,Yes,Yes,Dept of Electronic Engineering
2026-27 Term 1,2420,ELEG,ELEG4999JJ,7827,Final Year Project II 畢業專題研究（二）,3.00,- Staff,10,10,PRJ,JJJ1,E,TBA,NRR,07/09/2026 - 30/11/2026,Yes,Yes,Dept of Electronic Engineering
2026-27 Term 1,2420,ESTR,ESTR1002-,5259,Problem Solving By Programming 程式設計與解難,3.00,- Professor FU Chi Wing,60,60,LEC,-,E,Mo 12:30PM - 02:15PM,LHC_104,"9/7, 9/14, 9/21, 9/28, 10/5, 10/12",Yes,Yes,Fac Office of Engineering
2026-27 Term 1,2420,ESTR,ESTR1002-,5259,Problem Solving By Programming 程式設計與解難,3.00,- Professor FU Chi Wing,60,60,LEC,-,E,Mo 12:30PM - 02:15PM,LHC_104,"10/26, 11/2, 11/9, 11/16, 11/23, 11/30",Yes,Yes,Fac Office of Engineering
2026-27 Term 1,2420,ESTR,ESTR1002-,5259,Problem Solving By Programming 程式設計與解難,3.00,- Professor FU Chi Wing,60,60,LEC,-,E,Th 03:30PM - 04:15PM,NAH_213,"9/10, 9/17, 9/24",Yes,Yes,Fac Office of Engineering
2026-27 Term 1,2420,ESTR,ESTR1002-,5259,Problem Solving By Programming 程式設計與解難,3.00,- Professor FU Chi Wing,60,60,LEC,-,E,Th 03:30PM - 04:15PM,NAH_213,"10/8, 10/15, 10/22, 10/29, 11/5, 11/12, 11/19, 11/26, 12/3",Yes,Yes,Fac Office of Engineering
2026-27 Term 1,2420,ESTR,ESTR1002-,5259,Problem Solving By Programming 程式設計與解難,3.00,- Professor FU Chi Wing,60,60,LAB,-L01,E,Th 04:30PM - 05:15PM,NAH_213,"9/10, 9/17, 9/24",Yes,Yes,Fac Office of Engineering
2026-27 Term 1,2420,ESTR,ESTR1002-,5259,Problem Solving By Programming 程式設計與解難,3.00,- Professor FU Chi Wing,60,60,LAB,-L01,E,Th 04:30PM - 05:15PM,NAH_213,"10/8, 10/15, 10/22, 10/29, 11/5, 11/12, 11/19, 11/26, 12/3",Yes,Yes,Fac Office of Engineering
2026-27 Term 1,2420,ESTR,ESTR1007-,6993,Single Variable Calculus 單元微積分及其工程應用,3.00,- Professor Chandrasekhar MADHAVAN NAIR,60,60,LEC,-,E,Mo 03:30PM - 05:15PM,LSK_210,"9/7, 9/14, 9/21, 9/28, 10/5, 10/12",Yes,Yes,Fac Office of Engineering
2026-27 Term 1,2420,ESTR,ESTR1007-,6993,Single Variable Calculus 單元微積分及其工程應用,3.00,- Professor Chandrasekhar MADHAVAN NAIR,60,60,LEC,-,E,Mo 03:30PM - 05:15PM,LSK_210,"10/26, 11/2, 11/9, 11/16, 11/23, 11/30",Yes,Yes,Fac Office of Engineering
2026-27 Term 1,2420,ESTR,ESTR1007-,6993,Single Variable Calculus 單元微積分及其工程應用,3.00,- Professor Chandrasekhar MADHAVAN NAIR,60,60,LEC,-,E,We 09:30AM - 10:15AM,ERB_803,"9/9, 9/16, 9/23, 9/30, 10/7, 10/14, 10/21, 10/28, 11/4, 11/11, 11/18, 11/25, 12/2",Yes,Yes,Fac Office of Engineering
2026-27 Term 1,2420,ESTR,ESTR1007-,6993,Single Variable Calculus 單元微積分及其工程應用,3.00,- Professor Chandrasekhar MADHAVAN NAIR,60,60,TUT,-T01,E,We 10:30AM - 12:15PM,ERB_803,"9/9, 9/16, 9/23, 9/30, 10/7, 10/14, 10/21, 10/28, 11/4, 11/11, 11/18, 11/25, 12/2",Yes,Yes,Fac Office of Engineering
2026-27 Term 1,2420,ESTR,ESTR2004-,5805,Discrete Math for Engineers 離散數學的工程應用,3.00,- Professor WAI Hoi To,50,50,LEC,-,E,Mo 09:30AM - 11:15AM,MMW_LT1,"9/7, 9/14, 9/21, 9/28, 10/5, 10/12",Yes,Yes,Fac Office of Engineering
2026-27 Term 1,2420,ESTR,ESTR2004-,5805,Discrete Math for Engineers 離散數學的工程應用,3.00,- Professor WAI Hoi To,50,50,LEC,-,E,Mo 09:30AM - 11:15AM,MMW_LT1,"10/26, 11/2, 11/9, 11/16, 11/23, 11/30",Yes,Yes,Fac Office of Engineering
2026-27 Term 1,2420,ESTR,ESTR2004-,5805,Discrete Math for Engineers 離散數學的工程應用,3.00,- Professor WAI Hoi To,50,50,LEC,-,E,We 10:30AM - 11:15AM,MMW_LT1,"9/9, 9/16, 9/23, 9/30, 10/7, 10/14, 10/21, 10/28, 11/4, 11/11, 11/18, 11/25, 12/2",Yes,Yes,Fac Office of Engineering
2026-27 Term 1,2420,ESTR,ESTR2004-,5805,Discrete Math for Engineers 離散數學的工程應用,3.00,- Professor WAI Hoi To,50,50,LEC,-,E,We 03:30PM - 04:15PM,LSB_LT2,"9/9, 9/16, 9/23, 9/30, 10/7, 10/14, 10/21, 10/28, 11/4, 11/11, 11/18, 11/25, 12/2",Yes,Yes,Fac Office of Engineering
2026-27 Term 1,2420,ESTR,ESTR2004-,5805,Discrete Math for Engineers 離散數學的工程應用,3.00,- Professor WAI Hoi To,50,50,TUT,-T01,E,We 11:30AM - 01:15PM,MMW_LT1,"9/9, 9/16, 9/23, 9/30, 10/7, 10/14, 10/21, 10/28, 11/4, 11/11, 11/18, 11/25, 12/2",Yes,Yes,Fac Office of Engineering
2026-27 Term 1,2420,ESTR,ESTR2014-,8193,Complex Variables for Engineer 複變量及其工程應用,2.00,- Professor Amin AMINZADEH GOHARI,20,20,LEC,-,E,Mo 12:30PM - 02:15PM,SC_L1,"9/7, 9/14, 9/21, 9/28, 10/5, 10/12",Yes,Yes,Fac Office of Engineering
2026-27 Term 1,2420,ESTR,ESTR2014-,8193,Complex Variables for Engineer 複變量及其工程應用,2.00,- Professor Amin AMINZADEH GOHARI,20,20,LEC,-,E,Mo 12:30PM - 02:15PM,SC_L1,"10/26, 11/2, 11/9, 11/16, 11/23, 11/30",Yes,Yes,Fac Office of Engineering
2026-27 Term 1,2420,ESTR,ESTR2014-,8193,Complex Variables for Engineer 複變量及其工程應用,2.00,- Professor Amin AMINZADEH GOHARI,20,20,LEC,-,E,We 09:30AM - 10:15AM,MMW_702,"9/9, 9/16, 9/23, 9/30, 10/7, 10/14, 10/21, 10/28, 11/4, 11/11, 11/18, 11/25, 12/2",Yes,Yes,Fac Office of Engineering
2026-27 Term 1,2420,ESTR,ESTR2014-,8193,Complex Variables for Engineer 複變量及其工程應用,2.00,- Professor Amin AMINZADEH GOHARI,20,20,TUT,-T01,E,Th 12:30PM - 02:15PM,ERB_LT,"9/10, 9/17, 9/24",Yes,Yes,Fac Office of Engineering
2026-27 Term 1,2420,ESTR,ESTR2014-,8193,Complex Variables for Engineer 複變量及其工程應用,2.00,- Professor Amin AMINZADEH GOHARI,20,20,TUT,-T01,E,Th 12:30PM - 02:15PM,ERB_LT,"10/8, 10/15, 10/22, 10/29, 11/5, 11/12, 11/19, 11/26, 12/3",Yes,Yes,Fac Office of Engineering
2026-27 Term 1,2420,ESTR,ESTR2018-,8194,Probability for Engineers 概率及其工程應用,2.00,- Professor Farzan FARNIA,50,50,LEC,-,E,Mo 04:30PM - 06:15PM,MMW_LT1,"9/7, 9/14, 9/21, 9/28, 10/5, 10/12",Yes,Yes,Fac Office of Engineering
2026-27 Term 1,2420,ESTR,ESTR2018-,8194,Probability for Engineers 概率及其工程應用,2.00,- Professor Farzan FARNIA,50,50,LEC,-,E,Mo 04:30PM - 06:15PM,MMW_LT1,"10/26, 11/2, 11/9, 11/16, 11/23, 11/30",Yes,Yes,Fac Office of Engineering
2026-27 Term 1,2420,ESTR,ESTR2018-,8194,Probability for Engineers 概率及其工程應用,2.00,- Professor Farzan FARNIA,50,50,LEC,-,E,We 06:30PM - 07:15PM,SC_L5,"9/9, 9/16, 9/23, 9/30, 10/7, 10/14, 10/21, 10/28, 11/4, 11/11, 11/18, 11/25, 12/2",Yes,Yes,Fac Office of Engineering
2026-27 Term 1,2420,ESTR,ESTR2018-,8194,Probability for Engineers 概率及其工程應用,2.00,- Professor Farzan FARNIA,50,50,TUT,-T01,E,Th 04:30PM - 06:15PM,LPN_LT,"9/10, 9/17, 9/24",Yes,Yes,Fac Office of Engineering
2026-27 Term 1,2420,ESTR,ESTR2018-,8194,Probability for Engineers 概率及其工程應用,2.00,- Professor Farzan FARNIA,50,50,TUT,-T01,E,Th 04:30PM - 06:15PM,LPN_LT,"10/8, 10/15, 10/22, 10/29, 11/5, 11/12, 11/19, 11/26, 12/3",Yes,Yes,Fac Office of Engineering
2026-27 Term 1,2420,ESTR,ESTR2100-,7747,Embedded System Design 嵌入式系統設計,3.00,- Professor XU Qiang,10,10,LEC,-,E,Mo 03:30PM - 04:15PM,LSB_LT4,"9/7, 9/14, 9/21, 9/28, 10/5, 10/12",Yes,Yes,Fac Office of Engineering
2026-27 Term 1,2420,ESTR,ESTR2100-,7747,Embedded System Design 嵌入式系統設計,3.00,- Professor XU Qiang,10,10,LEC,-,E,Mo 03:30PM - 04:15PM,LSB_LT4,"10/26, 11/2, 11/9, 11/16, 11/23, 11/30",Yes,Yes,Fac Office of Engineering
2026-27 Term 1,2420,ESTR,ESTR2100-,7747,Embedded System Design 嵌入式系統設計,3.00,- Professor XU Qiang,10,10,LEC,-,E,Tu 04:30PM - 06:15PM,ERB_404,"9/8, 9/15, 9/22, 9/29, 10/6, 10/13, 10/20, 10/27, 11/3, 11/10, 11/17, 11/24, 12/1",Yes,Yes,Fac Office of Engineering
2026-27 Term 1,2420,ESTR,ESTR2100-,7747,Embedded System Design 嵌入式系統設計,3.00,- Professor XU Qiang,10,10,LAB,-L01,E,Mo 02:30PM - 03:15PM,SHB_102,"9/7, 9/14, 9/21, 9/28, 10/5, 10/12",Yes,Yes,Fac Office of Engineering
2026-27 Term 1,2420,ESTR,ESTR2100-,7747,Embedded System Design 嵌入式系統設計,3.00,- Professor XU Qiang,10,10,LAB,-L01,E,Mo 02:30PM - 03:15PM,SHB_102,"10/26, 11/2, 11/9, 11/16, 11/23, 11/30",Yes,Yes,Fac Office of Engineering
2026-27 Term 1,2420,ESTR,ESTR2102B,5019,Data Structures 數據結構,3.00,- Dr. YIN Ho Fai Hoover,10,10,LEC,B,E,Tu 09:30AM - 11:15AM,MMW_LT1,"9/8, 9/15, 9/22, 9/29, 10/6, 10/13, 10/20, 10/27, 11/3, 11/10, 11/17, 11/24, 12/1",Yes,Yes,Fac Office of Engineering
2026-27 Term 1,2420,ESTR,ESTR2102B,5019,Data Structures 數據結構,3.00,- Dr. YIN Ho Fai Hoover,10,10,LEC,B,E,We 03:30PM - 04:15PM,ERB_1004,"9/9, 9/16, 9/23, 9/30, 10/7, 10/14, 10/21, 10/28, 11/4, 11/11, 11/18, 11/25, 12/2",Yes,Yes,Fac Office of Engineering
2026-27 Term 1,2420,ESTR,ESTR2102B,5019,Data Structures 數據結構,3.00,- Dr. YIN Ho Fai Hoover,10,10,TUT,BT01,E,We 04:30PM - 06:15PM,ERB_1004,"9/9, 9/16, 9/23, 9/30, 10/7, 10/14, 10/21, 10/28, 11/4, 11/11, 11/18, 11/25, 12/2",Yes,Yes,Fac Office of Engineering
2026-27 Term 1,2420,ESTR,ESTR2102B,5019,Data Structures 數據結構,3.00,- Dr. YIN Ho Fai Hoover,10,10,TUT,BT01,E,TBA,TBA,07/09/2026 - 30/11/2026,Yes,Yes,Fac Office of Engineering
2026-27 Term 1,2420,ESTR,ESTR2106-,9732,Building Web Applications 建設網上應用程式,3.00,- Dr. TSANG Siu Chung,20,20,LEC,-,E,We 04:30PM - 06:15PM,ERB_LT,"9/9, 9/16, 9/23, 9/30, 10/7, 10/14, 10/21, 10/28, 11/4, 11/11, 11/18, 11/25, 12/2",Yes,Yes,Fac Office of Engineering
2026-27 Term 1,2420,ESTR,ESTR2106-,9732,Building Web Applications 建設網上應用程式,3.00,- Dr. TSANG Siu Chung,20,20,LEC,-,E,Th 09:30AM - 10:15AM,ERB_LT,"9/10, 9/17, 9/24",Yes,Yes,Fac Office of Engineering
2026-27 Term 1,2420,ESTR,ESTR2106-,9732,Building Web Applications 建設網上應用程式,3.00,- Dr. TSANG Siu Chung,20,20,LEC,-,E,Th 09:30AM - 10:15AM,ERB_LT,"10/8, 10/15, 10/22, 10/29, 11/5, 11/12, 11/19, 11/26, 12/3",Yes,Yes,Fac Office of Engineering
2026-27 Term 1,2420,ESTR,ESTR2106-,9732,Building Web Applications 建設網上應用程式,3.00,- Dr. TSANG Siu Chung,20,20,LEC,-,E,Th 10:30AM - 11:15AM,ERB_LT,"9/10, 9/17, 9/24",Yes,Yes,Fac Office of Engineering
2026-27 Term 1,2420,ESTR,ESTR2106-,9732,Building Web Applications 建設網上應用程式,3.00,- Dr. TSANG Siu Chung,20,20,LEC,-,E,Th 10:30AM - 11:15AM,ERB_LT,"10/8, 10/15, 10/22, 10/29, 11/5, 11/12, 11/19, 11/26, 12/3",Yes,Yes,Fac Office of Engineering
2026-27 Term 1,2420,ESTR,ESTR2106-,9732,Building Web Applications 建設網上應用程式,3.00,- Dr. TSANG Siu Chung,10,10,TUT,-T01,E,We 09:30AM - 10:15AM,SHB_123,"9/9, 9/16, 9/23, 9/30, 10/7, 10/14, 10/21, 10/28, 11/4, 11/11, 11/18, 11/25, 12/2",Yes,Yes,Fac Office of Engineering
2026-27 Term 1,2420,ESTR,ESTR2106-,9732,Building Web Applications 建設網上應用程式,3.00,- Dr. TSANG Siu Chung,10,10,TUT,-T02,E,We 01:30PM - 02:15PM,SHB_123,"9/9, 9/16, 9/23, 9/30, 10/7, 10/14, 10/21, 10/28, 11/4, 11/11, 11/18, 11/25, 12/2",Yes,Yes,Fac Office of Engineering
2026-27 Term 1,2420,ESTR,ESTR2106-,9732,Building Web Applications 建設網上應用程式,3.00,- Dr. TSANG Siu Chung,10,10,TUT,-T03,E,We 02:30PM - 03:15PM,SHB_123,"9/9, 9/16, 9/23, 9/30, 10/7, 10/14, 10/21, 10/28, 11/4, 11/11, 11/18, 11/25, 12/2",Yes,Yes,Fac Office of Engineering
2026-27 Term 1,2420,ESTR,ESTR2106-,9732,Building Web Applications 建設網上應用程式,3.00,- Dr. TSANG Siu Chung,10,10,TUT,-T04,E,We 03:30PM - 04:15PM,SHB_123,"9/9, 9/16, 9/23, 9/30, 10/7, 10/14, 10/21, 10/28, 11/4, 11/11, 11/18, 11/25, 12/2",Yes,Yes,Fac Office of Engineering
2026-27 Term 1,2420,ESTR,ESTR2360-,5021,Fourier Analysis with Eng Appl 傅里葉分析及其工程應用,3.00,- Professor Chandrasekhar MADHAVAN NAIR,10,10,LEC,-,E,Tu 09:30AM - 11:15AM,ERB_804,"9/8, 9/15, 9/22, 9/29, 10/6, 10/13, 10/20, 10/27, 11/3, 11/10, 11/17, 11/24, 12/1",Yes,Yes,Fac Office of Engineering
2026-27 Term 1,2420,ESTR,ESTR2360-,5021,Fourier Analysis with Eng Appl 傅里葉分析及其工程應用,3.00,- Professor Chandrasekhar MADHAVAN NAIR,10,10,LEC,-,E,Fr 09:30AM - 11:15AM,MMW_704,"9/11, 9/18, 9/25, 10/2, 10/9, 10/16, 10/23, 10/30, 11/6, 11/13, 11/20, 11/27, 12/4",Yes,Yes,Fac Office of Engineering
2026-27 Term 1,2420,ESTR,ESTR2360-,5021,Fourier Analysis with Eng Appl 傅里葉分析及其工程應用,3.00,- Professor Chandrasekhar MADHAVAN NAIR,10,10,TUT,-T01,E,TBA,NRR,07/09/2026 - 30/11/2026,Yes,Yes,Fac Office of Engineering
2026-27 Term 1,2420,ESTR,ESTR2360-,5021,Fourier Analysis with Eng Appl 傅里葉分析及其工程應用,3.00,- Professor Chandrasekhar MADHAVAN NAIR,10,10,TUT,-T01,E,TBA,NRR,07/09/2026 - 30/11/2026,Yes,Yes,Fac Office of Engineering
2026-27 Term 1,2420,ESTR,ESTR3108-,7210,Fundamentals of AI 人工智能之基本原理,3.00,- Professor DOU Qi,30,30,LEC,-,E,Tu 02:30PM - 04:15PM,SC_L1,"9/8, 9/15, 9/22, 9/29, 10/6, 10/13, 10/20, 10/27, 11/3, 11/10, 11/17, 11/24, 12/1",Yes,Yes,Fac Office of Engineering
2026-27 Term 1,2420,ESTR,ESTR3108-,7210,Fundamentals of AI 人工智能之基本原理,3.00,- Professor DOU Qi,30,30,LEC,-,E,Th 11:30AM - 12:15PM,SC_L1,"9/10, 9/17, 9/24",Yes,Yes,Fac Office of Engineering
2026-27 Term 1,2420,ESTR,ESTR3108-,7210,Fundamentals of AI 人工智能之基本原理,3.00,- Professor DOU Qi,30,30,LEC,-,E,Th 11:30AM - 12:15PM,SC_L1,"10/8, 10/15, 10/22, 10/29, 11/5, 11/12, 11/19, 11/26, 12/3",Yes,Yes,Fac Office of Engineering
2026-27 Term 1,2420,ESTR,ESTR3108-,7210,Fundamentals of AI 人工智能之基本原理,3.00,- Professor DOU Qi,30,30,LEC,-,E,Th 12:30PM - 01:15PM,LSB_LT1,"9/10, 9/17, 9/24",Yes,Yes,Fac Office of Engineering
2026-27 Term 1,2420,ESTR,ESTR3108-,7210,Fundamentals of AI 人工智能之基本原理,3.00,- Professor DOU Qi,30,30,LEC,-,E,Th 12:30PM - 01:15PM,LSB_LT1,"10/8, 10/15, 10/22, 10/29, 11/5, 11/12, 11/19, 11/26, 12/3",Yes,Yes,Fac Office of Engineering
2026-27 Term 1,2420,ESTR,ESTR3108-,7210,Fundamentals of AI 人工智能之基本原理,3.00,- Professor DOU Qi,10,10,TUT,-T01,E,We 01:30PM - 02:15PM,SC_L5,"9/9, 9/16, 9/23, 9/30, 10/7, 10/14, 10/21, 10/28, 11/4, 11/11, 11/18, 11/25, 12/2",Yes,Yes,Fac Office of Engineering
2026-27 Term 1,2420,ESTR,ESTR3108-,7210,Fundamentals of AI 人工智能之基本原理,3.00,- Professor DOU Qi,10,10,TUT,-T02,E,We 05:30PM - 06:15PM,SC_L5,"9/9, 9/16, 9/23, 9/30, 10/7, 10/14, 10/21, 10/28, 11/4, 11/11, 11/18, 11/25, 12/2",Yes,Yes,Fac Office of Engineering
2026-27 Term 1,2420,ESTR,ESTR3108-,7210,Fundamentals of AI 人工智能之基本原理,3.00,- Professor DOU Qi,10,10,TUT,-T03,E,Th 09:30AM - 10:15AM,ERB_803,"9/10, 9/17, 9/24",Yes,Yes,Fac Office of Engineering
2026-27 Term 1,2420,ESTR,ESTR3108-,7210,Fundamentals of AI 人工智能之基本原理,3.00,- Professor DOU Qi,10,10,TUT,-T03,E,Th 09:30AM - 10:15AM,ERB_803,"10/8, 10/15, 10/22, 10/29, 11/5, 11/12, 11/19, 11/26, 12/3",Yes,Yes,Fac Office of Engineering
2026-27 Term 1,2420,ESTR,ESTR3108-,7210,Fundamentals of AI 人工智能之基本原理,3.00,- Professor DOU Qi,10,10,TUT,-T04,E,Th 10:30AM - 11:15AM,SC_L3,"9/10, 9/17, 9/24",Yes,Yes,Fac Office of Engineering
2026-27 Term 1,2420,ESTR,ESTR3108-,7210,Fundamentals of AI 人工智能之基本原理,3.00,- Professor DOU Qi,10,10,TUT,-T04,E,Th 10:30AM - 11:15AM,SC_L3,"10/8, 10/15, 10/22, 10/29, 11/5, 11/12, 11/19, 11/26, 12/3",Yes,Yes,Fac Office of Engineering
2026-27 Term 1,2420,ESTR,ESTR3114-,5876,Numerical Optimization 數值優化,3.00,- Professor Farzan FARNIA,20,20,LEC,-,E,Mo 10:30AM - 12:15PM,BMS_LT,"9/7, 9/14, 9/21, 9/28, 10/5, 10/12",Yes,Yes,Fac Office of Engineering
2026-27 Term 1,2420,ESTR,ESTR3114-,5876,Numerical Optimization 數值優化,3.00,- Professor Farzan FARNIA,20,20,LEC,-,E,Mo 10:30AM - 12:15PM,BMS_LT,"10/26, 11/2, 11/9, 11/16, 11/23, 11/30",Yes,Yes,Fac Office of Engineering
2026-27 Term 1,2420,ESTR,ESTR3114-,5876,Numerical Optimization 數值優化,3.00,- Professor Farzan FARNIA,20,20,LEC,-,E,We 04:30PM - 05:15PM,SC_L3,"9/9, 9/16, 9/23, 9/30, 10/7, 10/14, 10/21, 10/28, 11/4, 11/11, 11/18, 11/25, 12/2",Yes,Yes,Fac Office of Engineering
2026-27 Term 1,2420,ESTR,ESTR3114-,5876,Numerical Optimization 數值優化,3.00,- Professor Farzan FARNIA,20,20,LEC,-,E,We 05:30PM - 06:15PM,SC_L3,"9/9, 9/16, 9/23, 9/30, 10/7, 10/14, 10/21, 10/28, 11/4, 11/11, 11/18, 11/25, 12/2",Yes,Yes,Fac Office of Engineering
2026-27 Term 1,2420,ESTR,ESTR3114-,5876,Numerical Optimization 數值優化,3.00,- Professor Farzan FARNIA,20,20,TUT,-T01,E,We 03:30PM - 04:15PM,SC_L3,"9/9, 9/16, 9/23, 9/30, 10/7, 10/14, 10/21, 10/28, 11/4, 11/11, 11/18, 11/25, 12/2",Yes,Yes,Fac Office of Engineering
2026-27 Term 1,2420,ESTR,ESTR3310-,5022,Computer Networks 計算機網絡,3.00,- Professor LEE Yiu Bun,23,23,LEC,-,E,Tu 11:30AM - 01:15PM,YIA_LT6,"9/8, 9/15, 9/22, 9/29, 10/6, 10/13, 10/20, 10/27, 11/3, 11/10, 11/17, 11/24, 12/1",Yes,Yes,Fac Office of Engineering
2026-27 Term 1,2420,ESTR,ESTR3310-,5022,Computer Networks 計算機網絡,3.00,- Professor LEE Yiu Bun,23,23,LEC,-,E,We 11:30AM - 01:15PM,HTB_B6,"9/9, 9/16, 9/23, 9/30, 10/7, 10/14, 10/21, 10/28, 11/4, 11/11, 11/18, 11/25, 12/2",Yes,Yes,Fac Office of Engineering
2026-27 Term 1,2420,ESTR,ESTR3310-,5022,Computer Networks 計算機網絡,3.00,- Professor LEE Yiu Bun,23,23,TUT,-T01,E,TBA,TBA,07/09/2026 - 30/11/2026,Yes,Yes,Fac Office of Engineering
2026-27 Term 1,2420,ESTR,ESTR3310-,5022,Computer Networks 計算機網絡,3.00,- Professor LEE Yiu Bun,23,23,TUT,-T01,E,TBA,TBA,07/09/2026 - 30/11/2026,Yes,Yes,Fac Office of Engineering
2026-27 Term 1,2420,ESTR,ESTR4140-,7646,Foundation of Applied DL 應用深度學習基礎,3.00,- Professor LI Yu,10,10,LEC,-,E,We 11:30AM - 01:15PM,SC_L4,"9/9, 9/16, 9/23, 9/30, 10/7, 10/14, 10/21, 10/28, 11/4, 11/11, 11/18, 11/25, 12/2",Yes,Yes,Fac Office of Engineering
2026-27 Term 1,2420,ESTR,ESTR4140-,7646,Foundation of Applied DL 應用深度學習基礎,3.00,- Professor LI Yu,10,10,LEC,-,E,Th 03:30PM - 04:15PM,UCC_C3,"9/10, 9/17, 9/24",Yes,Yes,Fac Office of Engineering
2026-27 Term 1,2420,ESTR,ESTR4140-,7646,Foundation of Applied DL 應用深度學習基礎,3.00,- Professor LI Yu,10,10,LEC,-,E,Th 03:30PM - 04:15PM,UCC_C3,"10/8, 10/15, 10/22, 10/29, 11/5, 11/12, 11/19, 11/26, 12/3",Yes,Yes,Fac Office of Engineering
2026-27 Term 1,2420,ESTR,ESTR4140-,7646,Foundation of Applied DL 應用深度學習基礎,3.00,- Professor LI Yu,10,10,LEC,-,E,Th 04:30PM - 05:15PM,UCC_C3,"9/10, 9/17, 9/24",Yes,Yes,Fac Office of Engineering
2026-27 Term 1,2420,ESTR,ESTR4140-,7646,Foundation of Applied DL 應用深度學習基礎,3.00,- Professor LI Yu,10,10,LEC,-,E,Th 04:30PM - 05:15PM,UCC_C3,"10/8, 10/15, 10/22, 10/29, 11/5, 11/12, 11/19, 11/26, 12/3",Yes,Yes,Fac Office of Engineering
2026-27 Term 1,2420,ESTR,ESTR4140-,7646,Foundation of Applied DL 應用深度學習基礎,3.00,- Professor LI Yu,10,10,TUT,-T01,E,Th 05:30PM - 06:15PM,UCC_C3,"9/10, 9/17, 9/24",Yes,Yes,Fac Office of Engineering
2026-27 Term 1,2420,ESTR,ESTR4140-,7646,Foundation of Applied DL 應用深度學習基礎,3.00,- Professor LI Yu,10,10,TUT,-T01,E,Th 05:30PM - 06:15PM,UCC_C3,"10/8, 10/15, 10/22, 10/29, 11/5, 11/12, 11/19, 11/26, 12/3",Yes,Yes,Fac Office of Engineering
2026-27 Term 1,2420,ESTR,ESTR4998AB,7912,Graduation Thesis I 畢業專題研究（一）,3.00,- Professor LO Chi Lik Eric,32,32,PRJ,ABJ1,E,TBA,NRR,07/09/2026 - 30/11/2026,Yes,Yes,Fac Office of Engineering
2026-27 Term 1,2420,ESTR,ESTR4998AC,6614,Graduation Thesis I 畢業專題研究（一）,3.00,- Professor Farzan FARNIA,32,32,PRJ,ACJ1,E,TBA,NRR,07/09/2026 - 30/11/2026,Yes,Yes,Fac Office of Engineering
2026-27 Term 1,2420,ESTR,ESTR4998AD,6615,Graduation Thesis I 畢業專題研究（一）,3.00,- Professor CHENG James,32,32,PRJ,ADJ1,E,TBA,NRR,07/09/2026 - 30/11/2026,Yes,Yes,Fac Office of Engineering
2026-27 Term 1,2420,ESTR,ESTR4998AE,6616,Graduation Thesis I 畢業專題研究（一）,3.00,- Professor LI Yu,32,32,PRJ,AEJ1,E,TBA,NRR,07/09/2026 - 30/11/2026,Yes,Yes,Fac Office of Engineering
2026-27 Term 1,2420,ESTR,ESTR4998AF,6617,Graduation Thesis I 畢業專題研究（一）,3.00,- Professor LIANG Xiao,32,32,PRJ,AFJ1,E,TBA,NRR,07/09/2026 - 30/11/2026,Yes,Yes,Fac Office of Engineering
2026-27 Term 1,2420,ESTR,ESTR4998AG,6618,Graduation Thesis I 畢業專題研究（一）,3.00,- Professor LIU Shengchao,32,32,PRJ,AGJ1,E,TBA,NRR,07/09/2026 - 30/11/2026,Yes,Yes,Fac Office of Engineering
2026-27 Term 1,2420,ESTR,ESTR4998AH,6613,Graduation Thesis I 畢業專題研究（一）,3.00,- Professor LU Songtao,32,32,PRJ,AHJ1,E,TBA,NRR,07/09/2026 - 30/11/2026,Yes,Yes,Fac Office of Engineering
2026-27 Term 1,2420,ESTR,ESTR4998AI,6612,Graduation Thesis I 畢業專題研究（一）,3.00,- Professor LYU Rung Tsong Michael,32,32,PRJ,AIJ1,E,TBA,NRR,07/09/2026 - 30/11/2026,Yes,Yes,Fac Office of Engineering
2026-27 Term 1,2420,ESTR,ESTR4998AJ,7988,Graduation Thesis I 畢業專題研究（一）,3.00,- Professor XU Hong,32,32,PRJ,AJJ1,E,TBA,NRR,07/09/2026 - 30/11/2026,Yes,Yes,Fac Office of Engineering
2026-27 Term 1,2420,ESTR,ESTR4998BA,6166,Graduation Thesis I 畢業專題研究（一）,3.00,- Professor LI Jizhou,32,32,PRJ,BAJ1,E,TBA,NRR,07/09/2026 - 30/11/2026,Yes,Yes,Fac Office of Engineering
2026-27 Term 1,2420,ESTR,ESTR4998BB,7957,Graduation Thesis I 畢業專題研究（一）,3.00,- Professor REN Hongliang,5,5,PRJ,BBJ1,E,TBA,NRR,07/09/2026 - 30/11/2026,Yes,Yes,Fac Office of Engineering
2026-27 Term 1,2420,ESTR,ESTR4998CA,6451,Graduation Thesis I 畢業專題研究（一）,3.00,- Professor LIN Xiaojun,5,5,PRJ,CAJ1,E,TBA,NRR,07/09/2026 - 30/11/2026,Yes,Yes,Fac Office of Engineering
2026-27 Term 1,2420,ESTR,ESTR4998CB,8083,Graduation Thesis I 畢業專題研究（一）,3.00,- Professor XING Guoliang,5,5,PRJ,CBJ1,E,TBA,NRR,07/09/2026 - 30/11/2026,Yes,Yes,Fac Office of Engineering
2026-27 Term 1,2420,ESTR,ESTR4998CC,7831,Graduation Thesis I 畢業專題研究（一）,3.00,- Professor XUE Tianfan,30,30,PRJ,CCJ1,E,TBA,NRR,07/09/2026 - 30/11/2026,Yes,Yes,Fac Office of Engineering
2026-27 Term 1,2420,ESTR,ESTR4998CD,8621,Graduation Thesis I 畢業專題研究（一）,3.00,- Professor YAN Zhenyu,5,5,PRJ,CDJ1,E,TBA,NRR,07/09/2026 - 30/11/2026,Yes,Yes,Fac Office of Engineering
2026-27 Term 1,2420,ESTR,ESTR4998CE,8097,Graduation Thesis I 畢業專題研究（一）,3.00,- Professor YUE Xiangyu,5,5,PRJ,CEJ1,E,TBA,NRR,07/09/2026 - 30/11/2026,Yes,Yes,Fac Office of Engineering
2026-27 Term 1,2420,ESTR,ESTR4998DA,8098,Graduation Thesis I 畢業專題研究（一）,3.00,- Professor CHEN Chun,5,5,PRJ,DAJ1,E,TBA,NRR,07/09/2026 - 30/11/2026,Yes,Yes,Fac Office of Engineering
2026-27 Term 1,2420,ESTR,ESTR4998DB,8099,Graduation Thesis I 畢業專題研究（一）,3.00,- Professor LI Zhongyu,5,5,PRJ,DBJ1,E,TBA,NRR,07/09/2026 - 30/11/2026,Yes,Yes,Fac Office of Engineering
2026-27 Term 1,2420,ESTR,ESTR4998EA,6452,Graduation Thesis I 畢業專題研究（一）,3.00,- Professor AHN Dohyun,5,5,PRJ,EAJ1,E,TBA,NRR,07/09/2026 - 30/11/2026,Yes,Yes,Fac Office of Engineering
2026-27 Term 1,2420,FAAS,FAAS1100A,8833,Drawing Fundamentals 素描基礎,2.00,- Professor TAM Wai Ping,20,20,LEC,A,C,We 04:30PM - 06:15PM,NAA_310,"9/9, 9/16, 9/23, 9/30, 10/7, 10/14, 10/21, 10/28, 11/4, 11/11, 11/18, 11/25, 12/2",,,Dept of Fine Arts
2026-27 Term 1,2420,FAAS,FAAS1100A,8833,Drawing Fundamentals 素描基礎,2.00,- Professor TAM Wai Ping,20,20,EXR,AE01,C,We 02:30PM - 04:15PM,NAA_310,"9/9, 9/16, 9/23, 9/30, 10/7, 10/14, 10/21, 10/28, 11/4, 11/11, 11/18, 11/25, 12/2",,,Dept of Fine Arts
2026-27 Term 1,2420,FAAS,FAAS1100B,8832,Drawing Fundamentals 素描基礎,2.00,- Professor TAM Wai Ping,20,20,LEC,B,C,Th 11:30AM - 01:15PM,NAA_310,"9/10, 9/17, 9/24",,,Dept of Fine Arts
2026-27 Term 1,2420,FAAS,FAAS1100B,8832,Drawing Fundamentals 素描基礎,2.00,- Professor TAM Wai Ping,20,20,LEC,B,C,Th 11:30AM - 01:15PM,NAA_310,"10/8, 10/15, 10/22, 10/29, 11/5, 11/12, 11/19, 11/26, 12/3",,,Dept of Fine Arts
2026-27 Term 1,2420,FAAS,FAAS1100B,8832,Drawing Fundamentals 素描基礎,2.00,- Professor TAM Wai Ping,20,20,EXR,BE01,C,Th 09:30AM - 11:15AM,NAA_310,"9/10, 9/17, 9/24",,,Dept of Fine Arts
2026-27 Term 1,2420,FAAS,FAAS1100B,8832,Drawing Fundamentals 素描基礎,2.00,- Professor TAM Wai Ping,20,20,EXR,BE01,C,Th 09:30AM - 11:15AM,NAA_310,"10/8, 10/15, 10/22, 10/29, 11/5, 11/12, 11/19, 11/26, 12/3",,,Dept of Fine Arts
2026-27 Term 1,2420,FAAS,FAAS1110A,4762,Principles of Chi Calligraphy 書法基礎,2.00,- Staff,20,20,LEC,A,C,Th 11:30AM - 01:15PM,NAA_204,"9/10, 9/17, 9/24",,,Dept of Fine Arts
2026-27 Term 1,2420,FAAS,FAAS1110A,4762,Principles of Chi Calligraphy 書法基礎,2.00,- Staff,20,20,LEC,A,C,Th 11:30AM - 01:15PM,NAA_204,"10/8, 10/15, 10/22, 10/29, 11/5, 11/12, 11/19, 11/26, 12/3",,,Dept of Fine Arts
2026-27 Term 1,2420,FAAS,FAAS1110A,4762,Principles of Chi Calligraphy 書法基礎,2.00,- Staff,20,20,EXR,AE01,C,Th 09:30AM - 11:15AM,NAA_204,"9/10, 9/17, 9/24",,,Dept of Fine Arts
2026-27 Term 1,2420,FAAS,FAAS1110A,4762,Principles of Chi Calligraphy 書法基礎,2.00,- Staff,20,20,EXR,AE01,C,Th 09:30AM - 11:15AM,NAA_204,"10/8, 10/15, 10/22, 10/29, 11/5, 11/12, 11/19, 11/26, 12/3",,,Dept of Fine Arts
2026-27 Term 1,2420,FAAS,FAAS1110B,8835,Principles of Chi Calligraphy 書法基礎,2.00,- Mr. TSO Cheuk Yim,20,20,LEC,B,C,We 04:30PM - 06:15PM,NAA_204,"9/9, 9/16, 9/23, 9/30, 10/7, 10/14, 10/21, 10/28, 11/4, 11/11, 11/18, 11/25, 12/2",,,Dept of Fine Arts
2026-27 Term 1,2420,FAAS,FAAS1110B,8835,Principles of Chi Calligraphy 書法基礎,2.00,- Mr. TSO Cheuk Yim,20,20,EXR,BE01,C,We 02:30PM - 04:15PM,NAA_204,"9/9, 9/16, 9/23, 9/30, 10/7, 10/14, 10/21, 10/28, 11/4, 11/11, 11/18, 11/25, 12/2",,,Dept of Fine Arts
2026-27 Term 1,2420,FAAS,FAAS1130-,9882,Principles of Chi Painting 國畫基礎,2.00,- Miss CHEUNG Fan Fong,20,20,LEC,-,C,Mo 11:30AM - 01:15PM,NAA_207,"9/7, 9/14, 9/21, 9/28, 10/5, 10/12",,,Dept of Fine Arts
2026-27 Term 1,2420,FAAS,FAAS1130-,9882,Principles of Chi Painting 國畫基礎,2.00,- Miss CHEUNG Fan Fong,20,20,LEC,-,C,Mo 11:30AM - 01:15PM,NAA_207,"10/26, 11/2, 11/9, 11/16, 11/23, 11/30",,,Dept of Fine Arts
2026-27 Term 1,2420,FAAS,FAAS1130-,9882,Principles of Chi Painting 國畫基礎,2.00,- Miss CHEUNG Fan Fong,20,20,EXR,-E01,C,We 10:30AM - 12:15PM,NAA_207,"9/9, 9/16, 9/23, 9/30, 10/7, 10/14, 10/21, 10/28, 11/4, 11/11, 11/18, 11/25, 12/2",,,Dept of Fine Arts
2026-27 Term 1,2420,FAAS,FAAS1140-,4765,Fundamentals of 3D Forming 立體造型藝術基礎,2.00,- Miss CHU Cheuk Wai Margaret,15,15,LEC,-,C,Tu 11:30AM - 01:15PM,NAH_1,"9/8, 9/15, 9/22, 9/29, 10/6, 10/13, 10/20, 10/27, 11/3, 11/10, 11/17, 11/24, 12/1",,,Dept of Fine Arts
2026-27 Term 1,2420,FAAS,FAAS1140-,4765,Fundamentals of 3D Forming 立體造型藝術基礎,2.00,- Miss CHU Cheuk Wai Margaret,15,15,EXR,-E01,C,Tu 09:30AM - 11:15AM,NAH_1,"9/8, 9/15, 9/22, 9/29, 10/6, 10/13, 10/20, 10/27, 11/3, 11/10, 11/17, 11/24, 12/1",,,Dept of Fine Arts
2026-27 Term 1,2420,FAAS,FAAS1700-,9500,Artistic Trad in the West 西方藝術傳統,3.00,- Professor LI Yu Chieh,60,38,LEC,-,E,Mo 10:30AM - 12:15PM,NAH_213,"9/7, 9/14, 9/21, 9/28, 10/5, 10/12",,,Dept of Fine Arts
2026-27 Term 1,2420,FAAS,FAAS1700-,9500,Artistic Trad in the West 西方藝術傳統,3.00,- Professor LI Yu Chieh,60,38,LEC,-,E,Mo 10:30AM - 12:15PM,NAH_213,"10/26, 11/2, 11/9, 11/16, 11/23, 11/30",,,Dept of Fine Arts
2026-27 Term 1,2420,FAAS,FAAS1700-,9500,Artistic Trad in the West 西方藝術傳統,3.00,- Professor LI Yu Chieh,60,38,TUT,-T01,E,Mo 12:30PM - 01:15PM,NAH_213,"9/7, 9/14, 9/21, 9/28, 10/5, 10/12",,,Dept of Fine Arts
2026-27 Term 1,2420,FAAS,FAAS1700-,9500,Artistic Trad in the West 西方藝術傳統,3.00,- Professor LI Yu Chieh,60,38,TUT,-T01,E,Mo 12:30PM - 01:15PM,NAH_213,"10/26, 11/2, 11/9, 11/16, 11/23, 11/30",,,Dept of Fine Arts
2026-27 Term 1,2420,FAAS,FAAS1900-,4767,Introduction to Art History 藝術史入門,3.00,- Professor HO Ka Yi,70,70,LEC,-,P,Mo 02:30PM - 04:15PM,NAH_213,"9/7, 9/14, 9/21, 9/28, 10/5, 10/12",,,Dept of Fine Arts
2026-27 Term 1,2420,FAAS,FAAS1900-,4767,Introduction to Art History 藝術史入門,3.00,- Professor HO Ka Yi,70,70,LEC,-,P,Mo 02:30PM - 04:15PM,NAH_213,"10/26, 11/2, 11/9, 11/16, 11/23, 11/30",,,Dept of Fine Arts
2026-27 Term 1,2420,FAAS,FAAS1900-,4767,Introduction to Art History 藝術史入門,3.00,- Professor HO Ka Yi,70,70,TUT,-T01,P,We 12:30PM - 01:15PM,NAH_114,"9/9, 9/16, 9/23, 9/30, 10/7, 10/14, 10/21, 10/28, 11/4, 11/11, 11/18, 11/25, 12/2",,,Dept of Fine Arts
2026-27 Term 1,2420,FAAS,FAAS2101-,5114,Reading Chinese Painting 閱讀中國繪畫,3.00,- Professor HO Ka Yi,40,40,LEC,-,P,Tu 02:30PM - 04:15PM,UCC_C5,"9/8, 9/15, 9/22, 9/29, 10/6, 10/13, 10/20, 10/27, 11/3, 11/10, 11/17, 11/24, 12/1",,,Dept of Fine Arts
2026-27 Term 1,2420,FAAS,FAAS2101-,5114,Reading Chinese Painting 閱讀中國繪畫,3.00,- Professor HO Ka Yi,40,40,TUT,-T01,P,Tu 04:30PM - 05:15PM,UCC_C5,"9/8, 9/15, 9/22, 9/29, 10/6, 10/13, 10/20, 10/27, 11/3, 11/10, 11/17, 11/24, 12/1",,,Dept of Fine Arts
2026-27 Term 1,2420,FAAS,FAAS2206-,8847,Becoming a Comics Director 成為漫畫導演,3.00,- Miss SO Man Yee,20,20,LEC,-,C,We 02:30PM - 04:15PM,NAA_207,"9/9, 9/16, 9/23, 9/30, 10/7, 10/14, 10/21, 10/28, 11/4, 11/11, 11/18, 11/25, 12/2",,,Dept of Fine Arts
2026-27 Term 1,2420,FAAS,FAAS2206-,8847,Becoming a Comics Director 成為漫畫導演,3.00,- Miss SO Man Yee,20,20,EXR,-E01,C,We 04:30PM - 05:15PM,NAA_207,"9/9, 9/16, 9/23, 9/30, 10/7, 10/14, 10/21, 10/28, 11/4, 11/11, 11/18, 11/25, 12/2",,,Dept of Fine Arts
2026-27 Term 1,2420,FAAS,FAAS2206-,8847,Becoming a Comics Director 成為漫畫導演,3.00,- Miss SO Man Yee,20,20,WKS,-W01,C,We 05:30PM - 06:15PM,NAA_207,"9/9, 9/16, 9/23, 9/30, 10/7, 10/14, 10/21, 10/28, 11/4, 11/11, 11/18, 11/25, 12/2",,,Dept of Fine Arts
2026-27 Term 1,2420,FAAS,FAAS2208-,8654,Basic Photography 攝影藝術,3.00,- Mr SO Hing Keung,18,18,LEC,-,C,Mo 10:30AM - 12:15PM,NAA_301,"9/7, 9/14, 9/21, 9/28, 10/5, 10/12",,,Dept of Fine Arts
2026-27 Term 1,2420,FAAS,FAAS2208-,8654,Basic Photography 攝影藝術,3.00,- Mr SO Hing Keung,18,18,LEC,-,C,Mo 10:30AM - 12:15PM,NAA_301,"10/26, 11/2, 11/9, 11/16, 11/23, 11/30",,,Dept of Fine Arts
2026-27 Term 1,2420,FAAS,FAAS2208-,8654,Basic Photography 攝影藝術,3.00,- Mr SO Hing Keung,18,18,EXR,-E01,C,Mo 12:30PM - 02:15PM,NAA_301,"9/7, 9/14, 9/21, 9/28, 10/5, 10/12",,,Dept of Fine Arts
2026-27 Term 1,2420,FAAS,FAAS2208-,8654,Basic Photography 攝影藝術,3.00,- Mr SO Hing Keung,18,18,EXR,-E01,C,Mo 12:30PM - 02:15PM,NAA_301,"10/26, 11/2, 11/9, 11/16, 11/23, 11/30",,,Dept of Fine Arts
2026-27 Term 1,2420,FAAS,FAAS2211-,8980,Western Painting I 西畫 (一),3.00,- Professor TAM Wai Ping,18,18,LEC,-,C,Tu 04:30PM - 06:15PM,NAA_309,"9/8, 9/15, 9/22, 9/29, 10/6, 10/13, 10/20, 10/27, 11/3, 11/10, 11/17, 11/24, 12/1",,,Dept of Fine Arts
2026-27 Term 1,2420,FAAS,FAAS2211-,8980,Western Painting I 西畫 (一),3.00,- Professor TAM Wai Ping,18,18,EXR,-E01,C,Tu 02:30PM - 04:15PM,NAA_309,"9/8, 9/15, 9/22, 9/29, 10/6, 10/13, 10/20, 10/27, 11/3, 11/10, 11/17, 11/24, 12/1",,,Dept of Fine Arts
2026-27 Term 1,2420,FAAS,FAAS2217-,9000,Mixed Media 混合媒介,3.00,- Miss LAM Laam Jaffa,20,20,LEC,-,C,Th 04:30PM - 06:15PM,NAA_303,"9/10, 9/17, 9/24",,,Dept of Fine Arts
2026-27 Term 1,2420,FAAS,FAAS2217-,9000,Mixed Media 混合媒介,3.00,- Miss LAM Laam Jaffa,20,20,LEC,-,C,Th 04:30PM - 06:15PM,NAA_303,"10/8, 10/15, 10/22, 10/29, 11/5, 11/12, 11/19, 11/26, 12/3",,,Dept of Fine Arts
2026-27 Term 1,2420,FAAS,FAAS2217-,9000,Mixed Media 混合媒介,3.00,- Miss LAM Laam Jaffa,20,20,EXR,-E01,C,Th 02:30PM - 04:15PM,NAA_303,"9/10, 9/17, 9/24",,,Dept of Fine Arts
2026-27 Term 1,2420,FAAS,FAAS2217-,9000,Mixed Media 混合媒介,3.00,- Miss LAM Laam Jaffa,20,20,EXR,-E01,C,Th 02:30PM - 04:15PM,NAA_303,"10/8, 10/15, 10/22, 10/29, 11/5, 11/12, 11/19, 11/26, 12/3",,,Dept of Fine Arts
2026-27 Term 1,2420,FAAS,FAAS2218-,8846,"Art, Archive and Technology 藝術、檔案與科技",3.00,- Professor YIM Sui Fong,9,9,LEC,-,E,Mo 04:30PM - 06:15PM,NAA_219,"9/7, 9/14, 9/21, 9/28, 10/5, 10/12",,,Dept of Fine Arts
2026-27 Term 1,2420,FAAS,FAAS2218-,8846,"Art, Archive and Technology 藝術、檔案與科技",3.00,- Professor YIM Sui Fong,9,9,LEC,-,E,Mo 04:30PM - 06:15PM,NAA_219,"10/26, 11/2, 11/9, 11/16, 11/23, 11/30",,,Dept of Fine Arts
2026-27 Term 1,2420,FAAS,FAAS2218-,8846,"Art, Archive and Technology 藝術、檔案與科技",3.00,- Professor YIM Sui Fong,9,9,EXR,-E01,E,Mo 02:30PM - 04:15PM,NAA_219,"9/7, 9/14, 9/21, 9/28, 10/5, 10/12",,,Dept of Fine Arts
2026-27 Term 1,2420,FAAS,FAAS2218-,8846,"Art, Archive and Technology 藝術、檔案與科技",3.00,- Professor YIM Sui Fong,9,9,EXR,-E01,E,Mo 02:30PM - 04:15PM,NAA_219,"10/26, 11/2, 11/9, 11/16, 11/23, 11/30",,,Dept of Fine Arts
2026-27 Term 1,2420,FAAS,FAAS3111-,8842,Chi Ceramic Tech: Theo & Pract 中國陶瓷工藝──理論與實踐,3.00,- Miss WONG Lai Ching - Professor WAN Chui Ki,12,12,LEC,-,C,Tu 02:30PM - 04:15PM,NAH_2,"9/8, 9/15, 9/22, 9/29, 10/6, 10/13, 10/20, 10/27, 11/3, 11/10, 11/17, 11/24, 12/1",,,Dept of Fine Arts
2026-27 Term 1,2420,FAAS,FAAS3111-,8842,Chi Ceramic Tech: Theo & Pract 中國陶瓷工藝──理論與實踐,3.00,- Miss WONG Lai Ching - Professor WAN Chui Ki,12,12,TUT,-T01,C,Tu 04:30PM - 05:15PM,NAH_2,"9/8, 9/15, 9/22, 9/29, 10/6, 10/13, 10/20, 10/27, 11/3, 11/10, 11/17, 11/24, 12/1",,,Dept of Fine Arts
2026-27 Term 1,2420,FAAS,FAAS3112-,4768,Ritual Bronzes of Ancient Chi 吉金──中國古代青銅禮器,3.00,- Staff,50,50,LEC,-,P,Tu 10:30AM - 12:15PM,UCC_201,"9/8, 9/15, 9/22, 9/29, 10/6, 10/13, 10/20, 10/27, 11/3, 11/10, 11/17, 11/24, 12/1",,,Dept of Fine Arts
2026-27 Term 1,2420,FAAS,FAAS3112-,4768,Ritual Bronzes of Ancient Chi 吉金──中國古代青銅禮器,3.00,- Staff,50,50,TUT,-T01,P,Tu 12:30PM - 01:15PM,UCC_201,"9/8, 9/15, 9/22, 9/29, 10/6, 10/13, 10/20, 10/27, 11/3, 11/10, 11/17, 11/24, 12/1",,,Dept of Fine Arts
2026-27 Term 1,2420,FAAS,FAAS3202-,8728,Printmaking 版畫藝術,3.00,- Mr CHUNG Tai Fu,15,15,LEC,-,C,Th 11:30AM - 01:15PM,NAA_312,"9/10, 9/17, 9/24",,,Dept of Fine Arts
2026-27 Term 1,2420,FAAS,FAAS3202-,8728,Printmaking 版畫藝術,3.00,- Mr CHUNG Tai Fu,15,15,LEC,-,C,Th 11:30AM - 01:15PM,NAA_312,"10/8, 10/15, 10/22, 10/29, 11/5, 11/12, 11/19, 11/26, 12/3",,,Dept of Fine Arts
2026-27 Term 1,2420,FAAS,FAAS3202-,8728,Printmaking 版畫藝術,3.00,- Mr CHUNG Tai Fu,15,15,EXR,-E01,C,Th 09:30AM - 11:15AM,NAA_312,"9/10, 9/17, 9/24",,,Dept of Fine Arts
2026-27 Term 1,2420,FAAS,FAAS3202-,8728,Printmaking 版畫藝術,3.00,- Mr CHUNG Tai Fu,15,15,EXR,-E01,C,Th 09:30AM - 11:15AM,NAA_312,"10/8, 10/15, 10/22, 10/29, 11/5, 11/12, 11/19, 11/26, 12/3",,,Dept of Fine Arts
2026-27 Term 1,2420,FAAS,FAAS3206-,8747,Sculpting Moulding and Casting 塑形、模製與鑄造,3.00,- Mr MOK Yat San,12,12,LEC,-,C,We 09:30AM - 11:15AM,NAH_1,"9/9, 9/16, 9/23, 9/30, 10/7, 10/14, 10/21, 10/28, 11/4, 11/11, 11/18, 11/25, 12/2",,,Dept of Fine Arts
2026-27 Term 1,2420,FAAS,FAAS3206-,8747,Sculpting Moulding and Casting 塑形、模製與鑄造,3.00,- Mr MOK Yat San,12,12,EXR,-E01,C,We 11:30AM - 01:15PM,NAH_1,"9/9, 9/16, 9/23, 9/30, 10/7, 10/14, 10/21, 10/28, 11/4, 11/11, 11/18, 11/25, 12/2",,,Dept of Fine Arts
2026-27 Term 1,2420,FAAS,FAAS3221-,8898,Figure Sketching 人物寫生,3.00,- Professor ZHOU Jin,20,20,EXR,-E01,P,Tu 10:30AM - 12:15PM,NAA_303,"9/8, 9/15, 9/22, 9/29, 10/6, 10/13, 10/20, 10/27, 11/3, 11/10, 11/17, 11/24, 12/1",,,Dept of Fine Arts
2026-27 Term 1,2420,FAAS,FAAS3221-,8898,Figure Sketching 人物寫生,3.00,- Professor ZHOU Jin,20,20,LEC,-,P,Tu 12:30PM - 02:15PM,NAA_303,"9/8, 9/15, 9/22, 9/29, 10/6, 10/13, 10/20, 10/27, 11/3, 11/10, 11/17, 11/24, 12/1",,,Dept of Fine Arts
2026-27 Term 1,2420,FAAS,FAAS3223-,8929,Calligraphy in Ancient Scripts 古文字書法,3.00,- Professor TAO Shuhui,20,20,LEC,-,P,We 11:30AM - 01:15PM,NAA_204,"9/9, 9/16, 9/23, 9/30, 10/7, 10/14, 10/21, 10/28, 11/4, 11/11, 11/18, 11/25, 12/2",,,Dept of Fine Arts
2026-27 Term 1,2420,FAAS,FAAS3223-,8929,Calligraphy in Ancient Scripts 古文字書法,3.00,- Professor TAO Shuhui,20,20,EXR,-E01,P,We 09:30AM - 11:15AM,NAA_204,"9/9, 9/16, 9/23, 9/30, 10/7, 10/14, 10/21, 10/28, 11/4, 11/11, 11/18, 11/25, 12/2",,,Dept of Fine Arts
2026-27 Term 1,2420,FAAS,FAAS3224-,8722,Chinese Delineative Painting 中國工筆畫,3.00,- Professor TONG Kam Tang,20,20,LEC,-,C,Th 04:30PM - 06:15PM,NAA_204,"9/10, 9/17, 9/24",,,Dept of Fine Arts
2026-27 Term 1,2420,FAAS,FAAS3224-,8722,Chinese Delineative Painting 中國工筆畫,3.00,- Professor TONG Kam Tang,20,20,LEC,-,C,Th 04:30PM - 06:15PM,NAA_204,"10/8, 10/15, 10/22, 10/29, 11/5, 11/12, 11/19, 11/26, 12/3",,,Dept of Fine Arts
2026-27 Term 1,2420,FAAS,FAAS3224-,8722,Chinese Delineative Painting 中國工筆畫,3.00,- Professor TONG Kam Tang,20,20,EXR,-E01,C,Th 02:30PM - 04:15PM,NAA_204,"9/10, 9/17, 9/24",,,Dept of Fine Arts
2026-27 Term 1,2420,FAAS,FAAS3224-,8722,Chinese Delineative Painting 中國工筆畫,3.00,- Professor TONG Kam Tang,20,20,EXR,-E01,C,Th 02:30PM - 04:15PM,NAA_204,"10/8, 10/15, 10/22, 10/29, 11/5, 11/12, 11/19, 11/26, 12/3",,,Dept of Fine Arts
2026-27 Term 1,2420,FAAS,FAAS4101-,6402,Summer Internship 暑期實習,3.00,- Dr. WONG Wai Yin - Mr. LEUNG Ho Yin Harry,20,5,SEM,-S01,C,TBA,NRR,07/09/2026 - 30/11/2026,Yes,Yes,Dept of Fine Arts
2026-27 Term 1,2420,FAAS,FAAS4101-,6402,Summer Internship 暑期實習,3.00,- Dr. WONG Wai Yin - Mr. LEUNG Ho Yin Harry,20,5,WKS,-W01,C,TBA,NRR,07/09/2026 - 30/11/2026,Yes,Yes,Dept of Fine Arts
2026-27 Term 1,2420,FAAS,FAAS4180A,8166,Thesis Research I 畢業論文（一）,3.00,- Professor HO Ka Yi,20,20,LEC,A,C&E,TBA,NRR,07/09/2026 - 30/11/2026,,,Dept of Fine Arts
2026-27 Term 1,2420,FAAS,FAAS4180B,6463,Thesis Research I 畢業論文（一）,3.00,- Professor LI Yu Chieh,20,20,LEC,B,E,TBA,NRR,07/09/2026 - 30/11/2026,,,Dept of Fine Arts
2026-27 Term 1,2420,FAAS,FAAS4180C,8009,Thesis Research I 畢業論文（一）,3.00,- Professor WAN Chui Ki,20,20,LEC,C,C&E,TBA,NRR,07/09/2026 - 30/11/2026,,,Dept of Fine Arts
2026-27 Term 1,2420,FAAS,FAAS4180D,8607,Thesis Research I 畢業論文（一）,3.00,- Staff,20,20,LEC,D,P&E,TBA,NRR,07/09/2026 - 30/11/2026,,,Dept of Fine Arts
2026-27 Term 1,2420,FAAS,FAAS4201-,9229,Art As Profession 藝術專業專修,3.00,- Dr. WONG Wai Yin,30,30,LEC,-,E,Th 11:30AM - 01:15PM,UCC_201,"9/10, 9/17, 9/24",,,Dept of Fine Arts
2026-27 Term 1,2420,FAAS,FAAS4201-,9229,Art As Profession 藝術專業專修,3.00,- Dr. WONG Wai Yin,30,30,LEC,-,E,Th 11:30AM - 01:15PM,UCC_201,"10/8, 10/15, 10/22, 10/29, 11/5, 11/12, 11/19, 11/26, 12/3",,,Dept of Fine Arts
2026-27 Term 1,2420,FAAS,FAAS4201-,9229,Art As Profession 藝術專業專修,3.00,- Dr. WONG Wai Yin,30,30,TUT,-T01,E,Th 01:30PM - 02:15PM,UCC_201,"9/10, 9/17, 9/24",,,Dept of Fine Arts
2026-27 Term 1,2420,FAAS,FAAS4201-,9229,Art As Profession 藝術專業專修,3.00,- Dr. WONG Wai Yin,30,30,TUT,-T01,E,Th 01:30PM - 02:15PM,UCC_201,"10/8, 10/15, 10/22, 10/29, 11/5, 11/12, 11/19, 11/26, 12/3",,,Dept of Fine Arts
2026-27 Term 1,2420,FAAS,FAAS4212-,9044,Creative Workshop III 創作研討（三）,3.00,- Professor TAO Shuhui - Professor ZHOU Jin,20,20,LEC,-,P,Mo 04:30PM - 06:15PM,NAA_207,"9/7, 9/14, 9/21, 9/28, 10/5, 10/12",,,Dept of Fine Arts
2026-27 Term 1,2420,FAAS,FAAS4212-,9044,Creative Workshop III 創作研討（三）,3.00,- Professor TAO Shuhui - Professor ZHOU Jin,20,20,LEC,-,P,Mo 04:30PM - 06:15PM,NAA_207,"10/26, 11/2, 11/9, 11/16, 11/23, 11/30",,,Dept of Fine Arts
2026-27 Term 1,2420,FAAS,FAAS4212-,9044,Creative Workshop III 創作研討（三）,3.00,- Professor TAO Shuhui - Professor ZHOU Jin,20,20,EXR,-E01,P,Mo 02:30PM - 04:15PM,NAA_207,"9/7, 9/14, 9/21, 9/28, 10/5, 10/12",,,Dept of Fine Arts
2026-27 Term 1,2420,FAAS,FAAS4212-,9044,Creative Workshop III 創作研討（三）,3.00,- Professor TAO Shuhui - Professor ZHOU Jin,20,20,EXR,-E01,P,Mo 02:30PM - 04:15PM,NAA_207,"10/26, 11/2, 11/9, 11/16, 11/23, 11/30",,,Dept of Fine Arts
2026-27 Term 1,2420,FAAS,FAAS4214-,8945,Modern Ink Painting 現代水墨,3.00,- Mr. NG Kwun Lun Tony,20,20,LEC,-,C,Mo 12:30PM - 02:15PM,NAA_204,"9/7, 9/14, 9/21, 9/28, 10/5, 10/12",,,Dept of Fine Arts
2026-27 Term 1,2420,FAAS,FAAS4214-,8945,Modern Ink Painting 現代水墨,3.00,- Mr. NG Kwun Lun Tony,20,20,LEC,-,C,Mo 12:30PM - 02:15PM,NAA_204,"10/26, 11/2, 11/9, 11/16, 11/23, 11/30",,,Dept of Fine Arts
2026-27 Term 1,2420,FAAS,FAAS4214-,8945,Modern Ink Painting 現代水墨,3.00,- Mr. NG Kwun Lun Tony,20,20,EXR,-E01,C,Mo 10:30AM - 12:15PM,NAA_204,"9/7, 9/14, 9/21, 9/28, 10/5, 10/12",,,Dept of Fine Arts
2026-27 Term 1,2420,FAAS,FAAS4214-,8945,Modern Ink Painting 現代水墨,3.00,- Mr. NG Kwun Lun Tony,20,20,EXR,-E01,C,Mo 10:30AM - 12:15PM,NAA_204,"10/26, 11/2, 11/9, 11/16, 11/23, 11/30",,,Dept of Fine Arts
2026-27 Term 1,2420,FAAS,FAAS4280A,8167,Graduation Workshop I 畢業創作 （一）,3.00,- Professor TAM Wai Ping,20,20,LEC,A,C&E,TBA,NRR,07/09/2026 - 30/11/2026,,,Dept of Fine Arts
2026-27 Term 1,2420,FAAS,FAAS4280B,7877,Graduation Workshop I 畢業創作 （一）,3.00,- Professor TAO Shuhui,20,20,LEC,B,P,TBA,NRR,07/09/2026 - 30/11/2026,,,Dept of Fine Arts
2026-27 Term 1,2420,FAAS,FAAS4280C,6164,Graduation Workshop I 畢業創作 （一）,3.00,- Professor YIM Sui Fong,20,20,LEC,C,C&E,TBA,NRR,07/09/2026 - 30/11/2026,,,Dept of Fine Arts
2026-27 Term 1,2420,FAAS,FAAS4280D,6235,Graduation Workshop I 畢業創作 （一）,3.00,- Professor ZHOU Jin,20,20,LEC,D,P,TBA,NRR,07/09/2026 - 30/11/2026,,,Dept of Fine Arts
2026-27 Term 1,2420,FAAS,FAAS4280E,6565,Graduation Workshop I 畢業創作 （一）,3.00,- Professor TAM Wai Ping - Professor YIM Sui Fong,20,20,LEC,E,C&E,TBA,NRR,07/09/2026 - 30/11/2026,,,Dept of Fine Arts
2026-27 Term 1,2420,FAAS,FAAS4280F,6456,Graduation Workshop I 畢業創作 （一）,3.00,- Professor TAO Shuhui - Professor ZHOU Jin,20,20,LEC,F,P,TBA,NRR,07/09/2026 - 30/11/2026,,,Dept of Fine Arts
2026-27 Term 1,2420,FINA,FINA2010A,7480,Financial Management 財務管理,3.00,- Professor YAO Chen,80,47,LEC,A,E,Mo 02:30PM - 05:15PM,ELB_405,"9/7, 9/14, 9/21, 9/28, 10/5, 10/12",,,Dept of Finance
2026-27 Term 1,2420,FINA,FINA2010A,7480,Financial Management 財務管理,3.00,- Professor YAO Chen,80,47,LEC,A,E,Mo 02:30PM - 05:15PM,ELB_405,"10/26, 11/2, 11/9, 11/16, 11/23, 11/30",,,Dept of Finance
2026-27 Term 1,2420,FINA,FINA2010B,7293,Financial Management 財務管理,3.00,- Dr. YUNG Hei Ming,80,31,LEC,B,E,Th 09:30AM - 12:15PM,LSB_C3,"9/10, 9/17, 9/24",,,Dept of Finance
2026-27 Term 1,2420,FINA,FINA2010B,7293,Financial Management 財務管理,3.00,- Dr. YUNG Hei Ming,80,31,LEC,B,E,Th 09:30AM - 12:15PM,LSB_C3,"10/8, 10/15, 10/22, 10/29, 11/5, 11/12, 11/19, 11/26, 12/3",,,Dept of Finance
2026-27 Term 1,2420,FINA,FINA2010C,9725,Financial Management 財務管理,3.00,- Professor YAO Chen,80,71,LEC,C,E,Mo 09:30AM - 12:15PM,ELB_405,"9/7, 9/14, 9/21, 9/28, 10/5, 10/12",,,Dept of Finance
2026-27 Term 1,2420,FINA,FINA2010C,9725,Financial Management 財務管理,3.00,- Professor YAO Chen,80,71,LEC,C,E,Mo 09:30AM - 12:15PM,ELB_405,"10/26, 11/2, 11/9, 11/16, 11/23, 11/30",,,Dept of Finance
2026-27 Term 1,2420,FINA,FINA2220A,5541,Quant Methods for Act Ana I 精算分析之基礎計量方法（一）,3.00,- Professor NG Cheuk Yin Andrew,60,9,LEC,A,E,Mo 02:30PM - 04:15PM,ELB_303,"9/7, 9/14, 9/21, 9/28, 10/5, 10/12",,,Dept of Finance
2026-27 Term 1,2420,FINA,FINA2220A,5541,Quant Methods for Act Ana I 精算分析之基礎計量方法（一）,3.00,- Professor NG Cheuk Yin Andrew,60,9,LEC,A,E,Mo 02:30PM - 04:15PM,ELB_303,"10/26, 11/2, 11/9, 11/16, 11/23, 11/30",,,Dept of Finance
2026-27 Term 1,2420,FINA,FINA2220A,5541,Quant Methods for Act Ana I 精算分析之基礎計量方法（一）,3.00,- Professor NG Cheuk Yin Andrew,60,9,LEC,A,E,We 02:30PM - 04:15PM,ELB_307,"9/9, 9/16, 9/23, 9/30, 10/7, 10/14, 10/21, 10/28, 11/4, 11/11, 11/18, 11/25, 12/2",,,Dept of Finance
2026-27 Term 1,2420,FINA,FINA2310A,7188,Fundamentals of Business FIN 金融財務基礎,3.00,- Dr. YUNG Hei Ming,80,80,LEC,A,E,Tu 02:30PM - 05:15PM,CYT_LT1B,"9/8, 9/15, 9/22, 9/29, 10/6, 10/13, 10/20, 10/27, 11/3, 11/10, 11/17, 11/24, 12/1",,,Dept of Finance
2026-27 Term 1,2420,FINA,FINA3010A,9758,Financial Markets 金融市場,3.00,- Professor JEUNG Jinoug,70,70,LEC,A,E,We 02:30PM - 05:15PM,HYS_G05,"9/9, 9/16, 9/23, 9/30, 10/7, 10/14, 10/21, 10/28, 11/4, 11/11, 11/18, 11/25, 12/2",,,Dept of Finance
2026-27 Term 1,2420,FINA,FINA3010B,5551,Financial Markets 金融市場,3.00,- Professor JEUNG Jinoug,70,70,LEC,B,E,We 09:30AM - 12:15PM,CYT_LT1A,"9/9, 9/16, 9/23, 9/30, 10/7, 10/14, 10/21, 10/28, 11/4, 11/11, 11/18, 11/25, 12/2",,,Dept of Finance
2026-27 Term 1,2420,FINA,FINA3010C,5543,Financial Markets 金融市場,3.00,- Professor JEUNG Jinoug,70,70,LEC,C,E,Th 09:30AM - 12:15PM,CYT_209B,"9/10, 9/17, 9/24",,,Dept of Finance
2026-27 Term 1,2420,FINA,FINA3010C,5543,Financial Markets 金融市場,3.00,- Professor JEUNG Jinoug,70,70,LEC,C,E,Th 09:30AM - 12:15PM,CYT_209B,"10/8, 10/15, 10/22, 10/29, 11/5, 11/12, 11/19, 11/26, 12/3",,,Dept of Finance
2026-27 Term 1,2420,FINA,FINA3020A,7169,International Finance 國際金融,3.00,- Professor ZHANG Henry Haorui,70,70,LEC,A,E,Mo 02:30PM - 05:15PM,LSB_C2,"9/7, 9/14, 9/21, 9/28, 10/5, 10/12",,,Dept of Finance
2026-27 Term 1,2420,FINA,FINA3020A,7169,International Finance 國際金融,3.00,- Professor ZHANG Henry Haorui,70,70,LEC,A,E,Mo 02:30PM - 05:15PM,LSB_C2,"10/26, 11/2, 11/9, 11/16, 11/23, 11/30",,,Dept of Finance
2026-27 Term 1,2420,FINA,FINA3020B,5542,International Finance 國際金融,3.00,- Professor ZHANG Henry Haorui,70,50,LEC,B,E,Tu 09:30AM - 12:15PM,ELB_LT4,"9/8, 9/15, 9/22, 9/29, 10/6, 10/13, 10/20, 10/27, 11/3, 11/10, 11/17, 11/24, 12/1",,,Dept of Finance
2026-27 Term 1,2420,FINA,FINA3020C,7170,International Finance 國際金融,3.00,- Professor ZHANG Henry Haorui,70,70,LEC,C,E,Mo 09:30AM - 12:15PM,UCC_C5,"9/7, 9/14, 9/21, 9/28, 10/5, 10/12",,,Dept of Finance
2026-27 Term 1,2420,FINA,FINA3020C,7170,International Finance 國際金融,3.00,- Professor ZHANG Henry Haorui,70,70,LEC,C,E,Mo 09:30AM - 12:15PM,UCC_C5,"10/26, 11/2, 11/9, 11/16, 11/23, 11/30",,,Dept of Finance
2026-27 Term 1,2420,FINA,FINA3070A,7467,Corp Fin:Theory & Practice 公司財務：理論與實務,3.00,- Professor ZHENG Keling,70,70,LEC,A,E,Tu 02:30PM - 05:15PM,CYT_209B,"9/8, 9/15, 9/22, 9/29, 10/6, 10/13, 10/20, 10/27, 11/3, 11/10, 11/17, 11/24, 12/1",,,Dept of Finance
2026-27 Term 1,2420,FINA,FINA3070B,9595,Corp Fin:Theory & Practice 公司財務：理論與實務,3.00,- Professor ZHENG Keling,70,70,LEC,B,E,Mo 09:30AM - 12:15PM,SB_LT2,"9/7, 9/14, 9/21, 9/28, 10/5, 10/12",,,Dept of Finance
2026-27 Term 1,2420,FINA,FINA3070B,9595,Corp Fin:Theory & Practice 公司財務：理論與實務,3.00,- Professor ZHENG Keling,70,70,LEC,B,E,Mo 09:30AM - 12:15PM,SB_LT2,"10/26, 11/2, 11/9, 11/16, 11/23, 11/30",,,Dept of Finance
2026-27 Term 1,2420,FINA,FINA3070C,9610,Corp Fin:Theory & Practice 公司財務：理論與實務,3.00,- Professor ZHENG Keling,70,70,LEC,C,E,Tu 09:30AM - 12:15PM,CYT_LT1A,"9/8, 9/15, 9/22, 9/29, 10/6, 10/13, 10/20, 10/27, 11/3, 11/10, 11/17, 11/24, 12/1",,,Dept of Finance
2026-27 Term 1,2420,FINA,FINA3080A,5544,Investment Ana & Portfolio Mgt 投資分析與組合管理,3.00,- Professor YING Chao,70,36,LEC,A,E,Tu 02:30PM - 05:15PM,WMY_408,"9/8, 9/15, 9/22, 9/29, 10/6, 10/13, 10/20, 10/27, 11/3, 11/10, 11/17, 11/24, 12/1",,,Dept of Finance
2026-27 Term 1,2420,FINA,FINA3080B,5545,Investment Ana & Portfolio Mgt 投資分析與組合管理,3.00,- Professor YING Chao,60,60,LEC,B,E,Tu 09:30AM - 12:15PM,CYT_209B,"9/8, 9/15, 9/22, 9/29, 10/6, 10/13, 10/20, 10/27, 11/3, 11/10, 11/17, 11/24, 12/1",,,Dept of Finance
2026-27 Term 1,2420,FINA,FINA3080C,7306,Investment Ana & Portfolio Mgt 投資分析與組合管理,3.00,- Professor WU Xian,70,70,LEC,C,E,Th 02:30PM - 05:15PM,CYT_209B,"9/10, 9/17, 9/24",,,Dept of Finance
2026-27 Term 1,2420,FINA,FINA3080C,7306,Investment Ana & Portfolio Mgt 投資分析與組合管理,3.00,- Professor WU Xian,70,70,LEC,C,E,Th 02:30PM - 05:15PM,CYT_209B,"10/8, 10/15, 10/22, 10/29, 11/5, 11/12, 11/19, 11/26, 12/3",,,Dept of Finance
2026-27 Term 1,2420,FINA,FINA3080D,9310,Investment Ana & Portfolio Mgt 投資分析與組合管理,3.00,- Professor WU Xian,70,70,LEC,D,E,We 02:30PM - 05:15PM,CYT_209B,"9/9, 9/16, 9/23, 9/30, 10/7, 10/14, 10/21, 10/28, 11/4, 11/11, 11/18, 11/25, 12/2",,,Dept of Finance
2026-27 Term 1,2420,FINA,FINA3080E,9311,Investment Ana & Portfolio Mgt 投資分析與組合管理,3.00,- Professor WU Xian,70,70,LEC,E,E,We 09:30AM - 12:15PM,CKB_109,"9/9, 9/16, 9/23, 9/30, 10/7, 10/14, 10/21, 10/28, 11/4, 11/11, 11/18, 11/25, 12/2",,,Dept of Finance
2026-27 Term 1,2420,FINA,FINA3210A,7307,Risk Management and Insurance 風險管理與保險,3.00,- Dr. LEE Wing Yan,70,14,LEC,A,E,Tu 02:30PM - 05:15PM,ELB_405,"9/8, 9/15, 9/22, 9/29, 10/6, 10/13, 10/20, 10/27, 11/3, 11/10, 11/17, 11/24, 12/1",,,Dept of Finance
2026-27 Term 1,2420,FINA,FINA3210B,9735,Risk Management and Insurance 風險管理與保險,3.00,- Dr. YUNG Hei Ming,70,70,LEC,B,E,We 02:30PM - 05:15PM,ARC_G01,"9/9, 9/16, 9/23, 9/30, 10/7, 10/14, 10/21, 10/28, 11/4, 11/11, 11/18, 11/25, 12/2",,,Dept of Finance
2026-27 Term 1,2420,FINA,FINA3222A,8483,Basic Short-term Act Math 基本短期保險數學,3.00,- Professor NG Cheuk Yin Andrew,60,6,LEC,A,E,Mo 04:30PM - 06:15PM,ELB_303,"9/7, 9/14, 9/21, 9/28, 10/5, 10/12",,,Dept of Finance
2026-27 Term 1,2420,FINA,FINA3222A,8483,Basic Short-term Act Math 基本短期保險數學,3.00,- Professor NG Cheuk Yin Andrew,60,6,LEC,A,E,Mo 04:30PM - 06:15PM,ELB_303,"10/26, 11/2, 11/9, 11/16, 11/23, 11/30",,,Dept of Finance
2026-27 Term 1,2420,FINA,FINA3222A,8483,Basic Short-term Act Math 基本短期保險數學,3.00,- Professor NG Cheuk Yin Andrew,60,6,LEC,A,E,We 10:30AM - 12:15PM,ELB_403,"9/9, 9/16, 9/23, 9/30, 10/7, 10/14, 10/21, 10/28, 11/4, 11/11, 11/18, 11/25, 12/2",,,Dept of Finance
2026-27 Term 1,2420,FINA,FINA3240A,9830,Corp Property & Liability Insu 公司財產與責任保險,3.00,- Professor YEH Jia Hsing,60,14,LEC,A,E,We 02:30PM - 04:15PM,ELB_302,"9/9, 9/16, 9/23, 9/30, 10/7, 10/14, 10/21, 10/28, 11/4, 11/11, 11/18, 11/25, 12/2",,,Dept of Finance
2026-27 Term 1,2420,FINA,FINA3240A,9830,Corp Property & Liability Insu 公司財產與責任保險,3.00,- Professor YEH Jia Hsing,60,14,LEC,A,E,Fr 09:30AM - 11:15AM,ELB_302,"9/11, 9/18, 9/25, 10/2, 10/9, 10/16, 10/23, 10/30, 11/6, 11/13, 11/20, 11/27, 12/4",,,Dept of Finance
2026-27 Term 1,2420,FINA,FINA3290A,5799,Linear Models for Actuaries 線性模型在精算學的應用,3.00,- Dr. LEE Wing Yan,60,11,LEC,A,E,Mo 02:30PM - 04:15PM,WMY_506,"9/7, 9/14, 9/21, 9/28, 10/5, 10/12",,,Dept of Finance
2026-27 Term 1,2420,FINA,FINA3290A,5799,Linear Models for Actuaries 線性模型在精算學的應用,3.00,- Dr. LEE Wing Yan,60,11,LEC,A,E,Mo 02:30PM - 04:15PM,WMY_506,"10/26, 11/2, 11/9, 11/16, 11/23, 11/30",,,Dept of Finance
2026-27 Term 1,2420,FINA,FINA3290A,5799,Linear Models for Actuaries 線性模型在精算學的應用,3.00,- Dr. LEE Wing Yan,60,11,LEC,A,E,Th 12:30PM - 02:15PM,ELB_307,"9/10, 9/17, 9/24",,,Dept of Finance
2026-27 Term 1,2420,FINA,FINA3290A,5799,Linear Models for Actuaries 線性模型在精算學的應用,3.00,- Dr. LEE Wing Yan,60,11,LEC,A,E,Th 12:30PM - 02:15PM,ELB_307,"10/8, 10/15, 10/22, 10/29, 11/5, 11/12, 11/19, 11/26, 12/3",,,Dept of Finance
2026-27 Term 1,2420,FINA,FINA3350A,8513,Foreign Exchange MKT Practices 外匯市場實務,1.00,- Mr. TSANG Tak Sang,60,60,LEC,A,E,Sa 09:30AM - 12:15PM,ELB_307,9/19,,,Dept of Finance
2026-27 Term 1,2420,FINA,FINA3350A,8513,Foreign Exchange MKT Practices 外匯市場實務,1.00,- Mr. TSANG Tak Sang,60,60,LEC,A,E,Sa 09:30AM - 12:15PM,ELB_307,"10/3, 10/10",,,Dept of Finance
2026-27 Term 1,2420,FINA,FINA3350A,8513,Foreign Exchange MKT Practices 外匯市場實務,1.00,- Mr. TSANG Tak Sang,60,60,LEC,A,E,Sa 09:30AM - 12:15PM,ELB_307,"10/24, 10/31",,,Dept of Finance
2026-27 Term 1,2420,FINA,FINA3360A,8502,Der War Pro & Arb Trad Concept 衍生權證、自營交易及套利策略,1.00,- Mr. LI Siu Pan Vincent,60,60,LEC,A,E,Tu 06:30PM - 09:15PM,ELB_302,"9/15, 9/22, 9/29, 10/6, 10/13",,,Dept of Finance
2026-27 Term 1,2420,FINA,FINA3370A,9016,Intro to Bloomberg & Reuters 彭博及路透終端機應用,1.00,- Dr. MOK Ka Ming,20,20,LEC,A,E,Tu 09:30AM - 12:15PM,CYT_409,"9/8, 9/15, 9/22, 9/29, 10/6",,,Dept of Finance
2026-27 Term 1,2420,FINA,FINA3370B,9017,Intro to Bloomberg & Reuters 彭博及路透終端機應用,1.00,- Dr. MOK Ka Ming,20,20,LEC,B,E,Tu 02:30PM - 05:15PM,CYT_409,"9/8, 9/15, 9/22, 9/29, 10/6",,,Dept of Finance
2026-27 Term 1,2420,FINA,FINA3399A,7620,Current Issues in Finance 當前金融專題,1.00,- Mr. HONG En,60,60,LEC,A,E,Th 09:30AM - 12:15PM,CYT_201,"9/17, 9/24",,,Dept of Finance
2026-27 Term 1,2420,FINA,FINA3399A,7620,Current Issues in Finance 當前金融專題,1.00,- Mr. HONG En,60,60,LEC,A,E,Th 09:30AM - 12:15PM,CYT_201,"10/8, 10/15",,,Dept of Finance
2026-27 Term 1,2420,FINA,FINA3399A,7620,Current Issues in Finance 當前金融專題,1.00,- Mr. HONG En,60,60,LEC,A,E,Th 09:30AM - 12:15PM,CYT_201,11/5,,,Dept of Finance
2026-27 Term 1,2420,FINA,FINA3399B,8500,Current Issues in Finance 當前金融專題,1.00,- Mr. FOK Ho Wah,60,60,LEC,B,E,Fr 06:30PM - 09:15PM,WMY_303,"9/18, 9/25, 10/2, 10/9, 10/16",,,Dept of Finance
2026-27 Term 1,2420,FINA,FINA4030A,8485,Selected Topics in Finance 金融專題,3.00,- Dr. LAM Full Yet Eric Campbell,65,65,LEC,A,E,Th 02:30PM - 05:15PM,HYS_G04,"9/10, 9/17, 9/24",,,Dept of Finance
2026-27 Term 1,2420,FINA,FINA4030A,8485,Selected Topics in Finance 金融專題,3.00,- Dr. LAM Full Yet Eric Campbell,65,65,LEC,A,E,Th 02:30PM - 05:15PM,HYS_G04,"10/8, 10/15, 10/22, 10/29, 11/5, 11/12, 11/19, 11/26, 12/3",,,Dept of Finance
2026-27 Term 1,2420,FINA,FINA4050A,8457,Mergers & Acquisitions 合併與收購,3.00,- Professor CHEW Seen Meng,50,50,LEC,A,E,Mo 02:30PM - 05:15PM,YIA_403,"9/7, 9/14, 9/21, 9/28, 10/5, 10/12",,,Dept of Finance
2026-27 Term 1,2420,FINA,FINA4050A,8457,Mergers & Acquisitions 合併與收購,3.00,- Professor CHEW Seen Meng,50,50,LEC,A,E,Mo 02:30PM - 05:15PM,YIA_403,"10/26, 11/2, 11/9, 11/16, 11/23, 11/30",,,Dept of Finance
2026-27 Term 1,2420,FINA,FINA4110A,8480,Options and Futures 期權與期貨,3.00,- Dr. MOK Ka Ming,65,65,LEC,A,E,Th 09:30AM - 12:15PM,HYS_G05,"9/10, 9/17, 9/24",,,Dept of Finance
2026-27 Term 1,2420,FINA,FINA4110A,8480,Options and Futures 期權與期貨,3.00,- Dr. MOK Ka Ming,65,65,LEC,A,E,Th 09:30AM - 12:15PM,HYS_G05,"10/8, 10/15, 10/22, 10/29, 11/5, 11/12, 11/19, 11/26, 12/3",,,Dept of Finance
2026-27 Term 1,2420,FINA,FINA4110B,8458,Options and Futures 期權與期貨,3.00,- Dr. MOK Ka Ming,65,65,LEC,B,E,Th 02:30PM - 05:15PM,WMY_508,"9/10, 9/17, 9/24",,,Dept of Finance
2026-27 Term 1,2420,FINA,FINA4110B,8458,Options and Futures 期權與期貨,3.00,- Dr. MOK Ka Ming,65,65,LEC,B,E,Th 02:30PM - 05:15PM,WMY_508,"10/8, 10/15, 10/22, 10/29, 11/5, 11/12, 11/19, 11/26, 12/3",,,Dept of Finance
2026-27 Term 1,2420,FINA,FINA4150A,8672,Quan Methods for Fin'l Deriva 金融衍生工具的數量方法,3.00,- Professor LAW Ka Fai,65,65,LEC,A,E,Sa 09:30AM - 12:15PM,ELB_401,"9/12, 9/19",,,Dept of Finance
2026-27 Term 1,2420,FINA,FINA4150A,8672,Quan Methods for Fin'l Deriva 金融衍生工具的數量方法,3.00,- Professor LAW Ka Fai,65,65,LEC,A,E,Sa 09:30AM - 12:15PM,ELB_401,"10/3, 10/10, 10/17, 10/24, 10/31, 11/7, 11/14, 11/21, 11/28, 12/5",,,Dept of Finance
2026-27 Term 1,2420,FINA,FINA4215A,9002,Intro to Act Com Using Prophet 精算軟件Prophet導論,1.00,- Professor NG Cheuk Yin Andrew,30,0,LEC,A,E,Th 02:30PM - 05:15PM,CYT_611,"9/10, 9/17, 9/24",Yes,Yes,Dept of Finance
2026-27 Term 1,2420,FINA,FINA4215A,9002,Intro to Act Com Using Prophet 精算軟件Prophet導論,1.00,- Professor NG Cheuk Yin Andrew,30,0,LEC,A,E,Th 02:30PM - 05:15PM,CYT_611,"10/8, 10/15, 10/22, 10/29, 11/5, 11/12, 11/19, 11/26, 12/3",Yes,Yes,Dept of Finance
2026-27 Term 1,2420,FINA,FINA4320A,8464,China Equity Securities Market 中國權益證券市場,1.00,- Mr. LAU Kwan Ho,60,60,LEC,A,E,Mo 06:30PM - 09:15PM,ELB_308,"9/14, 9/21, 9/28, 10/5, 10/12",,,Dept of Finance
2026-27 Term 1,2420,FINA,FINA4340A,8460,Structured Product: Fund & Ana 結構性産品：基礎與分析,1.00,- Mr. CHAN Chun Hin,60,60,LEC,A,E,We 06:30PM - 09:15PM,SB_UG06,"10/14, 10/21, 10/28, 11/4, 11/11",,,Dept of Finance
2026-27 Term 1,2420,FINA,FINA4370A,9611,Derivatives Trad: Ana & Strate 衍生商品交易：分析與策略,3.00,- Dr. LAM Full Yet Eric Campbell,65,65,LEC,A,E,Mo 02:30PM - 05:15PM,YIA_503,"9/7, 9/14, 9/21, 9/28, 10/5, 10/12",,,Dept of Finance
2026-27 Term 1,2420,FINA,FINA4370A,9611,Derivatives Trad: Ana & Strate 衍生商品交易：分析與策略,3.00,- Dr. LAM Full Yet Eric Campbell,65,65,LEC,A,E,Mo 02:30PM - 05:15PM,YIA_503,"10/26, 11/2, 11/9, 11/16, 11/23, 11/30",,,Dept of Finance
2026-27 Term 1,2420,FINA,FINA4420A,5787,Fin'l Mkts from a Mac Perspect 宏觀角度的金融市場,3.00,- Professor CHEW Seen Meng,45,45,LEC,A,E,Tu 09:30AM - 12:15PM,CKB_UG04,"9/8, 9/15, 9/22, 9/29, 10/6, 10/13, 10/20, 10/27, 11/3, 11/10, 11/17, 11/24, 12/1",,,Dept of Finance
2026-27 Term 1,2420,FINA,FINA4430A,9733,Computerized Trading & Big Dat 計算機化交易和大數據,3.00,- Professor YAO Chen,55,55,LEC,A,E,Tu 02:30PM - 05:15PM,WMY_407,"9/8, 9/15, 9/22, 9/29, 10/6, 10/13, 10/20, 10/27, 11/3, 11/10, 11/17, 11/24, 12/1",,,Dept of Finance
2026-27 Term 1,2420,FNSC,FNSC2001-,5102,Intro to Food Sci & Tech 食品科學及技術概論,2.00,- Dr. Erika KWEK - Professor CHEUNG Chi Keung Peter - Professor CHUNG Hau Yin,150,113,LEC,-,E,We 10:30AM - 12:15PM,SC_L1,"9/9, 9/16, 9/23, 9/30, 10/7, 10/14, 10/21, 10/28, 11/4, 11/11, 11/18, 11/25, 12/2",,,Food & Nutritional Sci PC
2026-27 Term 1,2420,FNSC,FNSC3001A,8639,Food Science Laboratory I 食品科學實驗（一）,2.00,- Dr. Erika KWEK - Professor CHEUNG Chi Keung Peter,14,1,LAB,AL01,E,Mo 02:30PM - 06:15PM,SC_392,"9/7, 9/14, 9/21, 9/28, 10/5, 10/12",,,Food & Nutritional Sci PC
2026-27 Term 1,2420,FNSC,FNSC3001A,8639,Food Science Laboratory I 食品科學實驗（一）,2.00,- Dr. Erika KWEK - Professor CHEUNG Chi Keung Peter,14,1,LAB,AL01,E,Mo 02:30PM - 06:15PM,SC_392,"10/26, 11/2, 11/9, 11/16, 11/23, 11/30",,,Food & Nutritional Sci PC
2026-27 Term 1,2420,FNSC,FNSC3001B,8886,Food Science Laboratory I 食品科學實驗（一）,2.00,- Dr. Erika KWEK - Professor CHEUNG Chi Keung Peter,14,0,LAB,BL01,E,Tu 02:30PM - 06:15PM,SC_392,"9/8, 9/15, 9/22, 9/29, 10/6, 10/13, 10/20, 10/27, 11/3, 11/10, 11/17, 11/24, 12/1",,,Food & Nutritional Sci PC
2026-27 Term 1,2420,FNSC,FNSC3001C,8896,Food Science Laboratory I 食品科學實驗（一）,2.00,- Dr. Erika KWEK - Professor CHEUNG Chi Keung Peter,14,6,LAB,CL01,E,Mo 02:30PM - 06:15PM,SC_394,"9/7, 9/14, 9/21, 9/28, 10/5, 10/12",,,Food & Nutritional Sci PC
2026-27 Term 1,2420,FNSC,FNSC3001C,8896,Food Science Laboratory I 食品科學實驗（一）,2.00,- Dr. Erika KWEK - Professor CHEUNG Chi Keung Peter,14,6,LAB,CL01,E,Mo 02:30PM - 06:15PM,SC_394,"10/26, 11/2, 11/9, 11/16, 11/23, 11/30",,,Food & Nutritional Sci PC
2026-27 Term 1,2420,FNSC,FNSC3001D,8895,Food Science Laboratory I 食品科學實驗（一）,2.00,- Dr. Erika KWEK - Professor CHEUNG Chi Keung Peter,14,1,LAB,DL01,E,Tu 02:30PM - 06:15PM,SC_394,"9/8, 9/15, 9/22, 9/29, 10/6, 10/13, 10/20, 10/27, 11/3, 11/10, 11/17, 11/24, 12/1",,,Food & Nutritional Sci PC
2026-27 Term 1,2420,FNSC,FNSC3002D,8885,Nutritional Science Lab I 營養科學實驗（一）,2.00,- Dr. WONG Tsz Yan,30,29,LAB,DL01,E,Mo 02:30PM - 06:15PM,SC_190,"9/7, 9/14, 9/21, 9/28, 10/5, 10/12",,,Food & Nutritional Sci PC
2026-27 Term 1,2420,FNSC,FNSC3002D,8885,Nutritional Science Lab I 營養科學實驗（一）,2.00,- Dr. WONG Tsz Yan,30,29,LAB,DL01,E,Mo 02:30PM - 06:15PM,SC_190,"10/26, 11/2, 11/9, 11/16, 11/23, 11/30",,,Food & Nutritional Sci PC
2026-27 Term 1,2420,FNSC,FNSC3030-,5103,Nutritional Biochemistry 營養生物化學,3.00,- Professor CHOW Hei Man,150,104,LEC,-,E,Fr 08:30AM - 11:15AM,LSB_LT6,"9/11, 9/18, 9/25, 10/2, 10/9, 10/16, 10/23, 10/30, 11/6, 11/13, 11/20, 11/27, 12/4",,,Food & Nutritional Sci PC
2026-27 Term 1,2420,FNSC,FNSC3110-,9712,Food Chemistry & Analysis 食品化學及分析,3.00,- Professor CHEUNG Chi Keung Peter - Professor LI Cheng,150,89,LEC,-,E,Tu 10:30AM - 01:15PM,BMS_G18,"9/8, 9/15, 9/22, 9/29, 10/6, 10/13, 10/20, 10/27, 11/3, 11/10, 11/17, 11/24, 12/1",,,Food & Nutritional Sci PC
2026-27 Term 1,2420,FNSC,FNSC4001-,8643,Food Science Laboratory II 食品科學實驗（二）,2.00,- Dr. WONG Tsz Yan,15,6,LAB,-L01,E,We 02:30PM - 06:15PM,SC_394,"9/9, 9/16, 9/23, 9/30, 10/7, 10/14, 10/21, 10/28, 11/4, 11/11, 11/18, 11/25, 12/2",,,Food & Nutritional Sci PC
2026-27 Term 1,2420,FNSC,FNSC4002-,9372,Nutritional Science Lab II 營養科學實驗（二）,2.00,- Ms. YIP Pui Sze,40,35,LAB,-L01,E,Mo 02:30PM - 06:15PM,MMW_706,"9/7, 9/14, 9/21, 9/28, 10/5, 10/12",,,Food & Nutritional Sci PC
2026-27 Term 1,2420,FNSC,FNSC4002-,9372,Nutritional Science Lab II 營養科學實驗（二）,2.00,- Ms. YIP Pui Sze,40,35,LAB,-L01,E,Mo 02:30PM - 06:15PM,MMW_706,"10/26, 11/2, 11/9, 11/16, 11/23, 11/30",,,Food & Nutritional Sci PC
2026-27 Term 1,2420,FNSC,FNSC4101-,9136,Human Physi for Nut Studies I 人類生理學（營養學專科）（一）,3.00,- Dr. CHOY Siu Wah - Professor WONG Wing Tak Jack,100,72,LEC,-,E,We 08:30AM - 11:15AM,MMW_LT2,"9/9, 9/16, 9/23, 9/30, 10/7, 10/14, 10/21, 10/28, 11/4, 11/11, 11/18, 11/25, 12/2",,,Food & Nutritional Sci PC
2026-27 Term 1,2420,FNSC,FNSC4110-,9204,Food Technology 食品技術學,3.00,- Dr. Erika KWEK - Professor CHEUNG Chi Keung Peter - Professor CHUNG Hau Yin - Professor LI Cheng,120,115,LEC,-,E,Fr 08:30AM - 11:15AM,MMW_LT2,"9/11, 9/18, 9/25, 10/2, 10/9, 10/16, 10/23, 10/30, 11/6, 11/13, 11/20, 11/27, 12/4",,,Food & Nutritional Sci PC
2026-27 Term 1,2420,FNSC,FNSC4120-,7308,Community Nutrition 社區營養學,3.00,- Ms. SIN Man Ching - Ms. YIP Pui Sze,120,106,LEC,-,E,Mo 08:30AM - 11:15AM,LSK_LT7,"9/7, 9/14, 9/21, 9/28, 10/5, 10/12",,,Food & Nutritional Sci PC
2026-27 Term 1,2420,FNSC,FNSC4120-,7308,Community Nutrition 社區營養學,3.00,- Ms. SIN Man Ching - Ms. YIP Pui Sze,120,106,LEC,-,E,Mo 08:30AM - 11:15AM,LSK_LT7,"10/26, 11/2, 11/9, 11/16, 11/23, 11/30",,,Food & Nutritional Sci PC
2026-27 Term 1,2420,FNSC,FNSC4150-,7309,Intro to Med Nutr Therapy 食療學概論,3.00,- Dr. LI Yuk Man - Ms. SIN Man Ching - Professor TSANG Suk Ying,120,115,LEC,-,E,Th 08:30AM - 11:15AM,YIA_LT6,"9/10, 9/17, 9/24",,,Food & Nutritional Sci PC
2026-27 Term 1,2420,FNSC,FNSC4150-,7309,Intro to Med Nutr Therapy 食療學概論,3.00,- Dr. LI Yuk Man - Ms. SIN Man Ching - Professor TSANG Suk Ying,120,115,LEC,-,E,Th 08:30AM - 11:15AM,YIA_LT6,"10/8, 10/15, 10/22, 10/29, 11/5, 11/12, 11/19, 11/26, 12/3",,,Food & Nutritional Sci PC
2026-27 Term 1,2420,FNSC,FNSC4902-,7836,Senior Experimental Proj II 實驗專題討論（二）,2.00,- Professor CHAN Ting Fung Philos,80,80,PRJ,-J01,E,TBA,NRR,07/09/2026 - 30/11/2026,Yes,Yes,Food & Nutritional Sci PC
2026-27 Term 1,2420,FNSC,FNSC4906-,5104,Internship 專題實習,2.00,- Ms. SIN Man Ching,100,54,PRJ,-J01,E,TBA,NRR,07/09/2026 - 30/11/2026,Yes,Yes,Food & Nutritional Sci PC
2026-27 Term 1,2420,FTEC,FTEC3002-,5055,Intro to Fin Infrastructures 金融基建概論,3.00,- Professor CHAN Chun Kwong,70,18,LEC,-,E,Mo 09:30AM - 10:15AM,ERB_803,"9/7, 9/14, 9/21, 9/28, 10/5, 10/12",Yes,Yes,Dept of Sys Engg & Engg Mgt
2026-27 Term 1,2420,FTEC,FTEC3002-,5055,Intro to Fin Infrastructures 金融基建概論,3.00,- Professor CHAN Chun Kwong,70,18,LEC,-,E,Mo 09:30AM - 10:15AM,ERB_803,"10/26, 11/2, 11/9, 11/16, 11/23, 11/30",Yes,Yes,Dept of Sys Engg & Engg Mgt
2026-27 Term 1,2420,FTEC,FTEC3002-,5055,Intro to Fin Infrastructures 金融基建概論,3.00,- Professor CHAN Chun Kwong,70,18,LEC,-,E,Tu 09:30AM - 11:15AM,LHC_G04,"9/8, 9/15, 9/22, 9/29, 10/6, 10/13, 10/20, 10/27, 11/3, 11/10, 11/17, 11/24, 12/1",Yes,Yes,Dept of Sys Engg & Engg Mgt
2026-27 Term 1,2420,FTEC,FTEC3002-,5055,Intro to Fin Infrastructures 金融基建概論,3.00,- Professor CHAN Chun Kwong,70,18,TUT,-T01,E,TBA,TBA,07/09/2026 - 30/11/2026,Yes,Yes,Dept of Sys Engg & Engg Mgt
2026-27 Term 1,2420,FTEC,FTEC4002-,5311,Behavioral Analytics 定量行為分析,3.00,- Professor JIA Yanwei,54,54,LEC,-,E,Tu 01:30PM - 02:15PM,LHC_106,"9/8, 9/15, 9/22, 9/29, 10/6, 10/13, 10/20, 10/27, 11/3, 11/10, 11/17, 11/24, 12/1",,,Dept of Sys Engg & Engg Mgt
2026-27 Term 1,2420,FTEC,FTEC4002-,5311,Behavioral Analytics 定量行為分析,3.00,- Professor JIA Yanwei,54,54,LEC,-,E,We 11:30AM - 01:15PM,ERB_602,"9/9, 9/16, 9/23, 9/30, 10/7, 10/14, 10/21, 10/28, 11/4, 11/11, 11/18, 11/25, 12/2",,,Dept of Sys Engg & Engg Mgt
2026-27 Term 1,2420,FTEC,FTEC4002-,5311,Behavioral Analytics 定量行為分析,3.00,- Professor JIA Yanwei,54,54,TUT,-T01,E,TBA,TBA,07/09/2026 - 30/11/2026,,,Dept of Sys Engg & Engg Mgt
2026-27 Term 1,2420,FTEC,FTEC4003-,8248,Data Mining for FinTech 面向金融科技的數據挖掘,3.00,- Professor WANG Sibo,55,55,LEC,-,E,Tu 05:30PM - 06:15PM,LHC_106,"9/8, 9/15, 9/22, 9/29, 10/6, 10/13, 10/20, 10/27, 11/3, 11/10, 11/17, 11/24, 12/1",,,Dept of Sys Engg & Engg Mgt
2026-27 Term 1,2420,FTEC,FTEC4003-,8248,Data Mining for FinTech 面向金融科技的數據挖掘,3.00,- Professor WANG Sibo,55,55,LEC,-,E,We 04:30PM - 06:15PM,ERB_803,"9/9, 9/16, 9/23, 9/30, 10/7, 10/14, 10/21, 10/28, 11/4, 11/11, 11/18, 11/25, 12/2",,,Dept of Sys Engg & Engg Mgt
2026-27 Term 1,2420,FTEC,FTEC4003-,8248,Data Mining for FinTech 面向金融科技的數據挖掘,3.00,- Professor WANG Sibo,55,55,TUT,-T01,E,TBA,TBA,07/09/2026 - 30/11/2026,,,Dept of Sys Engg & Engg Mgt
2026-27 Term 1,2420,FTEC,FTEC4998A,6087,Final Year Project I 畢業專題研究（一）,3.00,- Professor CHENG Hong,3,0,PRJ,AJ01,E,TBA,NRR,07/09/2026 - 30/11/2026,Yes,Yes,Dept of Sys Engg & Engg Mgt
2026-27 Term 1,2420,FTEC,FTEC4998B,6091,Final Year Project I 畢業專題研究（一）,3.00,- Professor HE Xuedong,3,0,PRJ,BJ01,E,TBA,NRR,07/09/2026 - 30/11/2026,Yes,Yes,Dept of Sys Engg & Engg Mgt
2026-27 Term 1,2420,FTEC,FTEC4998C,6092,Final Year Project I 畢業專題研究（一）,3.00,- Professor GAO Xuefeng,3,1,PRJ,CJ01,E,TBA,NRR,07/09/2026 - 30/11/2026,Yes,Yes,Dept of Sys Engg & Engg Mgt
2026-27 Term 1,2420,FTEC,FTEC4998D,6093,Final Year Project I 畢業專題研究（一）,3.00,- Professor HE Xuedong,3,0,PRJ,DJ01,E,TBA,NRR,07/09/2026 - 30/11/2026,Yes,Yes,Dept of Sys Engg & Engg Mgt
2026-27 Term 1,2420,FTEC,FTEC4998E,6081,Final Year Project I 畢業專題研究（一）,3.00,- Professor YANG Chen,3,0,PRJ,EJ01,E,TBA,NRR,07/09/2026 - 30/11/2026,Yes,Yes,Dept of Sys Engg & Engg Mgt
2026-27 Term 1,2420,FTEC,FTEC4998F,6080,Final Year Project I 畢業專題研究（一）,3.00,- Professor YANG Chen,3,0,PRJ,FJ01,E,TBA,NRR,07/09/2026 - 30/11/2026,Yes,Yes,Dept of Sys Engg & Engg Mgt
2026-27 Term 1,2420,FTEC,FTEC4998G,6088,Final Year Project I 畢業專題研究（一）,3.00,- Professor LAM Wai,3,1,PRJ,GJ01,E,TBA,NRR,07/09/2026 - 30/11/2026,Yes,Yes,Dept of Sys Engg & Engg Mgt
2026-27 Term 1,2420,FTEC,FTEC4998H,6089,Final Year Project I 畢業專題研究（一）,3.00,- Professor HE Xuedong,3,1,PRJ,HJ01,E,TBA,NRR,07/09/2026 - 30/11/2026,Yes,Yes,Dept of Sys Engg & Engg Mgt
2026-27 Term 1,2420,FTEC,FTEC4998I,6082,Final Year Project I 畢業專題研究（一）,3.00,- Professor YANG Chen,3,0,PRJ,IJ01,E,TBA,NRR,07/09/2026 - 30/11/2026,Yes,Yes,Dept of Sys Engg & Engg Mgt
2026-27 Term 1,2420,FTEC,FTEC4998J,6083,Final Year Project I 畢業專題研究（一）,3.00,- Professor LI Lingfei,3,0,PRJ,JJ01,E,TBA,NRR,07/09/2026 - 30/11/2026,Yes,Yes,Dept of Sys Engg & Engg Mgt
2026-27 Term 1,2420,FTEC,FTEC4998K,6090,Final Year Project I 畢業專題研究（一）,3.00,- Professor WAI Hoi To,3,1,PRJ,KJ01,E,TBA,NRR,07/09/2026 - 30/11/2026,Yes,Yes,Dept of Sys Engg & Engg Mgt
2026-27 Term 1,2420,FTEC,FTEC4998L,6094,Final Year Project I 畢業專題研究（一）,3.00,- Professor WAI Hoi To,3,1,PRJ,LJ01,E,TBA,NRR,07/09/2026 - 30/11/2026,Yes,Yes,Dept of Sys Engg & Engg Mgt
2026-27 Term 1,2420,FTEC,FTEC4998M,6095,Final Year Project I 畢業專題研究（一）,3.00,- Professor WANG Sibo,3,1,PRJ,MJ01,E,TBA,NRR,07/09/2026 - 30/11/2026,Yes,Yes,Dept of Sys Engg & Engg Mgt
2026-27 Term 1,2420,FTEC,FTEC4998N,6096,Final Year Project I 畢業專題研究（一）,3.00,- Professor NGUYEN Viet Anh,3,2,PRJ,NJ01,E,TBA,NRR,07/09/2026 - 30/11/2026,Yes,Yes,Dept of Sys Engg & Engg Mgt
2026-27 Term 1,2420,FTEC,FTEC4998O,6129,Final Year Project I 畢業專題研究（一）,3.00,- Professor HE Xuedong,3,1,PRJ,OJ01,E,TBA,NRR,07/09/2026 - 30/11/2026,Yes,Yes,Dept of Sys Engg & Engg Mgt
2026-27 Term 1,2420,FTEC,FTEC4998P,6130,Final Year Project I 畢業專題研究（一）,3.00,- Professor CHEN Nan,3,1,PRJ,PJ01,E,TBA,NRR,07/09/2026 - 30/11/2026,Yes,Yes,Dept of Sys Engg & Engg Mgt
2026-27 Term 1,2420,FTEC,FTEC4998Q,6347,Final Year Project I 畢業專題研究（一）,3.00,- Professor AHN Dohyun,3,2,PRJ,QJ01,E,TBA,NRR,07/09/2026 - 30/11/2026,Yes,Yes,Dept of Sys Engg & Engg Mgt
2026-27 Term 1,2420,FTEC,FTEC4998R,6057,Final Year Project I 畢業專題研究（一）,3.00,- Professor WU Xixin,3,2,PRJ,RJ01,E,TBA,NRR,07/09/2026 - 30/11/2026,Yes,Yes,Dept of Sys Engg & Engg Mgt
2026-27 Term 1,2420,FTEC,FTEC4998S,6260,Final Year Project I 畢業專題研究（一）,3.00,- Professor WANG Sibo,3,1,PRJ,SJ01,E,TBA,NRR,07/09/2026 - 30/11/2026,Yes,Yes,Dept of Sys Engg & Engg Mgt
2026-27 Term 1,2420,FTEC,FTEC4998T,6279,Final Year Project I 畢業專題研究（一）,3.00,- Professor XU Huifu,3,2,PRJ,TJ01,E,TBA,NRR,07/09/2026 - 30/11/2026,Yes,Yes,Dept of Sys Engg & Engg Mgt
2026-27 Term 1,2420,FTEC,FTEC4998U,6280,Final Year Project I 畢業專題研究（一）,3.00,- Professor XU Huifu,3,2,PRJ,UJ01,E,TBA,NRR,07/09/2026 - 30/11/2026,Yes,Yes,Dept of Sys Engg & Engg Mgt
2026-27 Term 1,2420,FTEC,FTEC4998V,5056,Final Year Project I 畢業專題研究（一）,3.00,- Professor JIA Yanwei,3,1,PRJ,VJ01,E,TBA,NRR,07/09/2026 - 30/11/2026,Yes,Yes,Dept of Sys Engg & Engg Mgt
2026-27 Term 1,2420,FTEC,FTEC4998W,8104,Final Year Project I 畢業專題研究（一）,3.00,- Professor LIU Xunying,3,1,PRJ,WJ01,E,TBA,NRR,07/09/2026 - 30/11/2026,Yes,Yes,Dept of Sys Engg & Engg Mgt
2026-27 Term 1,2420,GDRS,GDRS1001-,8305,Intro to Gender Studies 思考性別：性別研究導論,3.00,- Professor SUEN Yiu Tung,50,50,LEC,-,E,Th 02:30PM - 04:15PM,HYS_G05,"9/10, 9/17, 9/24",,,Gender Studies Pgm Comm
2026-27 Term 1,2420,GDRS,GDRS1001-,8305,Intro to Gender Studies 思考性別：性別研究導論,3.00,- Professor SUEN Yiu Tung,50,50,LEC,-,E,Th 02:30PM - 04:15PM,HYS_G05,"10/8, 10/15, 10/22, 10/29, 11/5, 11/12, 11/19, 11/26, 12/3",,,Gender Studies Pgm Comm
2026-27 Term 1,2420,GDRS,GDRS1001-,8305,Intro to Gender Studies 思考性別：性別研究導論,3.00,- Professor SUEN Yiu Tung,50,50,TUT,-T01,E,Th 04:30PM - 05:15PM,HYS_G05,"9/10, 9/17, 9/24",,,Gender Studies Pgm Comm
2026-27 Term 1,2420,GDRS,GDRS1001-,8305,Intro to Gender Studies 思考性別：性別研究導論,3.00,- Professor SUEN Yiu Tung,50,50,TUT,-T01,E,Th 04:30PM - 05:15PM,HYS_G05,"10/8, 10/15, 10/22, 10/29, 11/5, 11/12, 11/19, 11/26, 12/3",,,Gender Studies Pgm Comm
2026-27 Term 1,2420,GDRS,GDRS2010-,5955,Quantitative Research Methods 性別研究的定量研究法,3.00,- Professor SONG Jing,25,25,LEC,-,E,Mo 02:30PM - 04:15PM,HYS_G06,"9/7, 9/14, 9/21, 9/28, 10/5, 10/12",,Yes,Gender Studies Pgm Comm
2026-27 Term 1,2420,GDRS,GDRS2010-,5955,Quantitative Research Methods 性別研究的定量研究法,3.00,- Professor SONG Jing,25,25,LEC,-,E,Mo 02:30PM - 04:15PM,HYS_G06,"10/26, 11/2, 11/9, 11/16, 11/23, 11/30",,Yes,Gender Studies Pgm Comm
2026-27 Term 1,2420,GDRS,GDRS2010-,5955,Quantitative Research Methods 性別研究的定量研究法,3.00,- Professor SONG Jing,25,25,TUT,-T01,E,Fr 10:30AM - 11:15AM,HCA_103,"9/11, 9/18, 9/25, 10/2, 10/9, 10/16, 10/23, 10/30, 11/6, 11/13, 11/20, 11/27, 12/4",,Yes,Gender Studies Pgm Comm
2026-27 Term 1,2420,GDRS,GDRS3002-,6777,GDRS: Special Topic II 性別研究專題（二）,3.00,- Dr. LEE Chi Shing,15,15,LEC,-,C,We 02:30PM - 04:15PM,ELB_308,"9/9, 9/16, 9/23, 9/30, 10/7, 10/14, 10/21, 10/28, 11/4, 11/11, 11/18, 11/25, 12/2",,,Gender Studies Pgm Comm
2026-27 Term 1,2420,GDRS,GDRS3002-,6777,GDRS: Special Topic II 性別研究專題（二）,3.00,- Dr. LEE Chi Shing,15,15,TUT,-T01,C,We 04:30PM - 05:15PM,ELB_308,"9/9, 9/16, 9/23, 9/30, 10/7, 10/14, 10/21, 10/28, 11/4, 11/11, 11/18, 11/25, 12/2",,,Gender Studies Pgm Comm
2026-27 Term 1,2420,GDRS,GDRS3009-,8307,Family and Society 家庭與社會,3.00,- Professor TAM Siu Mi Maria,35,35,LEC,-,E,Tu 02:30PM - 04:15PM,WMY_507,"9/8, 9/15, 9/22, 9/29, 10/6, 10/13, 10/20, 10/27, 11/3, 11/10, 11/17, 11/24, 12/1",,,Gender Studies Pgm Comm
2026-27 Term 1,2420,GDRS,GDRS3009-,8307,Family and Society 家庭與社會,3.00,- Professor TAM Siu Mi Maria,35,35,TUT,-T01,E,Tu 04:30PM - 05:15PM,WMY_507,"9/8, 9/15, 9/22, 9/29, 10/6, 10/13, 10/20, 10/27, 11/3, 11/10, 11/17, 11/24, 12/1",,,Gender Studies Pgm Comm
2026-27 Term 1,2420,GDRS,GDRS3017-,5561,Advancing DEI in Org 推動組織中的多元、平等和共融,3.00,- Miss CHICK Ben Yue,37,37,LEC,-,E,Mo 10:30AM - 12:15PM,HYS_G01,"9/7, 9/14, 9/21, 9/28, 10/5, 10/12",,,Gender Studies Pgm Comm
2026-27 Term 1,2420,GDRS,GDRS3017-,5561,Advancing DEI in Org 推動組織中的多元、平等和共融,3.00,- Miss CHICK Ben Yue,37,37,LEC,-,E,Mo 10:30AM - 12:15PM,HYS_G01,"10/26, 11/2, 11/9, 11/16, 11/23, 11/30",,,Gender Studies Pgm Comm
2026-27 Term 1,2420,GDRS,GDRS3017-,5561,Advancing DEI in Org 推動組織中的多元、平等和共融,3.00,- Miss CHICK Ben Yue,37,37,TUT,-T01,E,Mo 12:30PM - 01:15PM,HYS_G01,"9/7, 9/14, 9/21, 9/28, 10/5, 10/12",,,Gender Studies Pgm Comm
2026-27 Term 1,2420,GDRS,GDRS3017-,5561,Advancing DEI in Org 推動組織中的多元、平等和共融,3.00,- Miss CHICK Ben Yue,37,37,TUT,-T01,E,Mo 12:30PM - 01:15PM,HYS_G01,"10/26, 11/2, 11/9, 11/16, 11/23, 11/30",,,Gender Studies Pgm Comm
2026-27 Term 1,2420,GDRS,GDRS3214-,8309,Media Representations 少數族群在香港的媒體呈現,3.00,- Dr. LEE Chi Shing,35,35,LEC,-,E,Th 10:30AM - 12:15PM,ELB_308,"9/10, 9/17, 9/24",,,Gender Studies Pgm Comm
2026-27 Term 1,2420,GDRS,GDRS3214-,8309,Media Representations 少數族群在香港的媒體呈現,3.00,- Dr. LEE Chi Shing,35,35,LEC,-,E,Th 10:30AM - 12:15PM,ELB_308,"10/8, 10/15, 10/22, 10/29, 11/5, 11/12, 11/19, 11/26, 12/3",,,Gender Studies Pgm Comm
2026-27 Term 1,2420,GDRS,GDRS3214-,8309,Media Representations 少數族群在香港的媒體呈現,3.00,- Dr. LEE Chi Shing,35,35,DIS,-D01,E,Th 12:30PM - 01:15PM,ELB_308,"9/10, 9/17, 9/24",,,Gender Studies Pgm Comm
2026-27 Term 1,2420,GDRS,GDRS3214-,8309,Media Representations 少數族群在香港的媒體呈現,3.00,- Dr. LEE Chi Shing,35,35,DIS,-D01,E,Th 12:30PM - 01:15PM,ELB_308,"10/8, 10/15, 10/22, 10/29, 11/5, 11/12, 11/19, 11/26, 12/3",,,Gender Studies Pgm Comm
2026-27 Term 1,2420,GDRS,GDRS3999-,9676,Talking Across Differences 跨越差異,3.00,- Dr. CHO Man Kit,50,50,LEC,-,C,We 10:30AM - 12:15PM,FYB_UG01,"9/9, 9/16, 9/23, 9/30, 10/7, 10/14, 10/21, 10/28, 11/4, 11/11, 11/18, 11/25, 12/2",,,Gender Studies Pgm Comm
2026-27 Term 1,2420,GDRS,GDRS3999-,9676,Talking Across Differences 跨越差異,3.00,- Dr. CHO Man Kit,50,50,TUT,-T01,C,We 12:30PM - 01:15PM,FYB_UG01,"9/9, 9/16, 9/23, 9/30, 10/7, 10/14, 10/21, 10/28, 11/4, 11/11, 11/18, 11/25, 12/2",,,Gender Studies Pgm Comm
2026-27 Term 1,2420,GDRS,GDRS4005-,6171,Thesis I 論文研討（一）,0.00,- Professor WONG Wang Ivy,30,30,IND,-I01,E,TBA,NRR,07/09/2026 - 30/11/2026,Yes,Yes,Gender Studies Pgm Comm
2026-27 Term 1,2420,GDRS,GDRS4007-,8327,"Gen,SexualityRace in Politica 政治中的性別與種族",3.00,- Dr. LEE Chi Shing,35,35,LEC,-,E,Tu 10:30AM - 12:15PM,WMY_406,"9/8, 9/15, 9/22, 9/29, 10/6, 10/13, 10/20, 10/27, 11/3, 11/10, 11/17, 11/24, 12/1",,,Gender Studies Pgm Comm
2026-27 Term 1,2420,GDRS,GDRS4007-,8327,"Gen,SexualityRace in Politica 政治中的性別與種族",3.00,- Dr. LEE Chi Shing,35,35,TUT,-T01,E,Tu 12:30PM - 01:15PM,WMY_406,"9/8, 9/15, 9/22, 9/29, 10/6, 10/13, 10/20, 10/27, 11/3, 11/10, 11/17, 11/24, 12/1",,,Gender Studies Pgm Comm
2026-27 Term 1,2420,GDRS,GDRS4009-,8330,Internship 實習課程,3.00,- Dr. WONG Yuk Ying,30,15,OTH,-O01,E,TBA,NRR,07/09/2026 - 30/11/2026,Yes,Yes,Gender Studies Pgm Comm
2026-27 Term 1,2420,GDRS,GDRS4009-,8330,Internship 實習課程,3.00,- Dr. WONG Yuk Ying,30,15,WKS,-W01,E,Th 02:30PM - 05:15PM,ELB_306,"9/17, 9/24",Yes,Yes,Gender Studies Pgm Comm
2026-27 Term 1,2420,GDRS,GDRS4009-,8330,Internship 實習課程,3.00,- Dr. WONG Yuk Ying,30,15,WKS,-W01,E,Th 02:30PM - 05:15PM,ELB_306,"10/8, 10/15, 10/22",Yes,Yes,Gender Studies Pgm Comm
2026-27 Term 1,2420,GECW,GECW1000-,7218,Non-formal Learning I 非形式學習（一）,0.00,- Professor CHEUNG Chi Kwan Vincent,100,100,WKS,-W01,C&E&P,Tu 06:30PM - 08:15PM,NRR,"9/8, 9/15, 9/22, 9/29, 10/6, 10/13, 10/20, 10/27, 11/3, 11/10, 11/17, 11/24, 12/1",Yes,Yes,CW Chu College
2026-27 Term 1,2420,GECW,GECW1000-,7218,Non-formal Learning I 非形式學習（一）,0.00,- Professor CHEUNG Chi Kwan Vincent,100,100,WKS,-W01,C&E&P,We 06:30PM - 08:15PM,NRR,"9/9, 9/16, 9/23, 9/30, 10/7, 10/14, 10/21, 10/28, 11/4, 11/11, 11/18, 11/25, 12/2",Yes,Yes,CW Chu College
2026-27 Term 1,2420,GECW,GECW1000-,7218,Non-formal Learning I 非形式學習（一）,0.00,- Professor CHEUNG Chi Kwan Vincent,100,100,WKS,-W01,C&E&P,Th 06:30PM - 08:15PM,NRR,"9/10, 9/17, 9/24",Yes,Yes,CW Chu College
2026-27 Term 1,2420,GECW,GECW1000-,7218,Non-formal Learning I 非形式學習（一）,0.00,- Professor CHEUNG Chi Kwan Vincent,100,100,WKS,-W01,C&E&P,Th 06:30PM - 08:15PM,NRR,"10/8, 10/15, 10/22, 10/29, 11/5, 11/12, 11/19, 11/26, 12/3",Yes,Yes,CW Chu College
2026-27 Term 1,2420,GECW,GECW1000-,7218,Non-formal Learning I 非形式學習（一）,0.00,- Professor CHEUNG Chi Kwan Vincent,100,100,WKS,-W01,C&E&P,Fr 11:30AM - 01:15PM,LSK_LT1,"9/11, 9/18, 9/25, 10/2",Yes,Yes,CW Chu College
2026-27 Term 1,2420,GECW,GECW1010-,7144,University and Society 大學與社會,3.00,- Dr. HUANG Yu - Dr. LIU Yanchen - Miss FUNG Sue Man - Mr. Michael Lane TESSMER - Professor Kenneth YOUNG - Professor Stephen John HALL,100,100,LEC,-,C&E&P,Fr 02:30PM - 05:15PM,LSK_LT1,"9/11, 9/18, 9/25",Yes,Yes,CW Chu College
2026-27 Term 1,2420,GECW,GECW1010-,7144,University and Society 大學與社會,3.00,- Dr. HUANG Yu - Dr. LIU Yanchen - Miss FUNG Sue Man - Mr. Michael Lane TESSMER - Professor Kenneth YOUNG - Professor Stephen John HALL,100,100,LEC,-,C&E&P,Fr 02:30PM - 05:15PM,LSK_LT1,"10/9, 10/16, 10/23",Yes,Yes,CW Chu College
2026-27 Term 1,2420,GECW,GECW1010-,7144,University and Society 大學與社會,3.00,- Dr. HUANG Yu - Dr. LIU Yanchen - Miss FUNG Sue Man - Mr. Michael Lane TESSMER - Professor Kenneth YOUNG - Professor Stephen John HALL,100,100,LEC,-,C&E&P,Fr 02:30PM - 05:15PM,LSK_LT1,"11/6, 11/13, 11/20, 11/27",Yes,Yes,CW Chu College
2026-27 Term 1,2420,GECW,GECW1010-,7144,University and Society 大學與社會,3.00,- Dr. HUANG Yu - Dr. LIU Yanchen - Miss FUNG Sue Man - Mr. Michael Lane TESSMER - Professor Kenneth YOUNG - Professor Stephen John HALL,18,18,TUT,-T01,C&E&P,Fr 02:30PM - 05:15PM,LSK_203,10/2,Yes,Yes,CW Chu College
2026-27 Term 1,2420,GECW,GECW1010-,7144,University and Society 大學與社會,3.00,- Dr. HUANG Yu - Dr. LIU Yanchen - Miss FUNG Sue Man - Mr. Michael Lane TESSMER - Professor Kenneth YOUNG - Professor Stephen John HALL,18,18,TUT,-T01,C&E&P,Fr 02:30PM - 05:15PM,LSK_203,10/30,Yes,Yes,CW Chu College
2026-27 Term 1,2420,GECW,GECW1010-,7144,University and Society 大學與社會,3.00,- Dr. HUANG Yu - Dr. LIU Yanchen - Miss FUNG Sue Man - Mr. Michael Lane TESSMER - Professor Kenneth YOUNG - Professor Stephen John HALL,18,18,TUT,-T01,C&E&P,Fr 02:30PM - 05:15PM,LSK_203,12/4,Yes,Yes,CW Chu College
2026-27 Term 1,2420,GECW,GECW1010-,7144,University and Society 大學與社會,3.00,- Dr. HUANG Yu - Dr. LIU Yanchen - Miss FUNG Sue Man - Mr. Michael Lane TESSMER - Professor Kenneth YOUNG - Professor Stephen John HALL,18,18,TUT,-T02,C&E&P,Fr 02:30PM - 05:15PM,LSK_212,10/2,Yes,Yes,CW Chu College
2026-27 Term 1,2420,GECW,GECW1010-,7144,University and Society 大學與社會,3.00,- Dr. HUANG Yu - Dr. LIU Yanchen - Miss FUNG Sue Man - Mr. Michael Lane TESSMER - Professor Kenneth YOUNG - Professor Stephen John HALL,18,18,TUT,-T02,C&E&P,Fr 02:30PM - 05:15PM,LSK_212,10/30,Yes,Yes,CW Chu College
2026-27 Term 1,2420,GECW,GECW1010-,7144,University and Society 大學與社會,3.00,- Dr. HUANG Yu - Dr. LIU Yanchen - Miss FUNG Sue Man - Mr. Michael Lane TESSMER - Professor Kenneth YOUNG - Professor Stephen John HALL,18,18,TUT,-T02,C&E&P,Fr 02:30PM - 05:15PM,LSK_212,12/4,Yes,Yes,CW Chu College
2026-27 Term 1,2420,GECW,GECW1010-,7144,University and Society 大學與社會,3.00,- Dr. HUANG Yu - Dr. LIU Yanchen - Miss FUNG Sue Man - Mr. Michael Lane TESSMER - Professor Kenneth YOUNG - Professor Stephen John HALL,18,18,TUT,-T03,C&E&P,Fr 02:30PM - 05:15PM,LSK_204,10/2,Yes,Yes,CW Chu College
2026-27 Term 1,2420,GECW,GECW1010-,7144,University and Society 大學與社會,3.00,- Dr. HUANG Yu - Dr. LIU Yanchen - Miss FUNG Sue Man - Mr. Michael Lane TESSMER - Professor Kenneth YOUNG - Professor Stephen John HALL,18,18,TUT,-T03,C&E&P,Fr 02:30PM - 05:15PM,LSK_204,10/30,Yes,Yes,CW Chu College
2026-27 Term 1,2420,GECW,GECW1010-,7144,University and Society 大學與社會,3.00,- Dr. HUANG Yu - Dr. LIU Yanchen - Miss FUNG Sue Man - Mr. Michael Lane TESSMER - Professor Kenneth YOUNG - Professor Stephen John HALL,18,18,TUT,-T03,C&E&P,Fr 02:30PM - 05:15PM,LSK_204,12/4,Yes,Yes,CW Chu College
2026-27 Term 1,2420,GECW,GECW1010-,7144,University and Society 大學與社會,3.00,- Dr. HUANG Yu - Dr. LIU Yanchen - Miss FUNG Sue Man - Mr. Michael Lane TESSMER - Professor Kenneth YOUNG - Professor Stephen John HALL,18,18,TUT,-T04,C&E&P,Fr 02:30PM - 05:15PM,LSK_206,10/2,Yes,Yes,CW Chu College
2026-27 Term 1,2420,GECW,GECW1010-,7144,University and Society 大學與社會,3.00,- Dr. HUANG Yu - Dr. LIU Yanchen - Miss FUNG Sue Man - Mr. Michael Lane TESSMER - Professor Kenneth YOUNG - Professor Stephen John HALL,18,18,TUT,-T04,C&E&P,Fr 02:30PM - 05:15PM,LSK_206,10/30,Yes,Yes,CW Chu College
2026-27 Term 1,2420,GECW,GECW1010-,7144,University and Society 大學與社會,3.00,- Dr. HUANG Yu - Dr. LIU Yanchen - Miss FUNG Sue Man - Mr. Michael Lane TESSMER - Professor Kenneth YOUNG - Professor Stephen John HALL,18,18,TUT,-T04,C&E&P,Fr 02:30PM - 05:15PM,LSK_206,12/4,Yes,Yes,CW Chu College
2026-27 Term 1,2420,GECW,GECW1010-,7144,University and Society 大學與社會,3.00,- Dr. HUANG Yu - Dr. LIU Yanchen - Miss FUNG Sue Man - Mr. Michael Lane TESSMER - Professor Kenneth YOUNG - Professor Stephen John HALL,18,18,TUT,-T05,C&E&P,Fr 02:30PM - 05:15PM,LSK_202,10/2,Yes,Yes,CW Chu College
2026-27 Term 1,2420,GECW,GECW1010-,7144,University and Society 大學與社會,3.00,- Dr. HUANG Yu - Dr. LIU Yanchen - Miss FUNG Sue Man - Mr. Michael Lane TESSMER - Professor Kenneth YOUNG - Professor Stephen John HALL,18,18,TUT,-T05,C&E&P,Fr 02:30PM - 05:15PM,LSK_202,10/30,Yes,Yes,CW Chu College
2026-27 Term 1,2420,GECW,GECW1010-,7144,University and Society 大學與社會,3.00,- Dr. HUANG Yu - Dr. LIU Yanchen - Miss FUNG Sue Man - Mr. Michael Lane TESSMER - Professor Kenneth YOUNG - Professor Stephen John HALL,18,18,TUT,-T05,C&E&P,Fr 02:30PM - 05:15PM,LSK_202,12/4,Yes,Yes,CW Chu College
2026-27 Term 1,2420,GECW,GECW1010-,7144,University and Society 大學與社會,3.00,- Dr. HUANG Yu - Dr. LIU Yanchen - Miss FUNG Sue Man - Mr. Michael Lane TESSMER - Professor Kenneth YOUNG - Professor Stephen John HALL,18,18,TUT,-T06,C&E&P,Fr 02:30PM - 05:15PM,LSK_210,10/2,Yes,Yes,CW Chu College
2026-27 Term 1,2420,GECW,GECW1010-,7144,University and Society 大學與社會,3.00,- Dr. HUANG Yu - Dr. LIU Yanchen - Miss FUNG Sue Man - Mr. Michael Lane TESSMER - Professor Kenneth YOUNG - Professor Stephen John HALL,18,18,TUT,-T06,C&E&P,Fr 02:30PM - 05:15PM,LSK_210,10/30,Yes,Yes,CW Chu College
2026-27 Term 1,2420,GECW,GECW1010-,7144,University and Society 大學與社會,3.00,- Dr. HUANG Yu - Dr. LIU Yanchen - Miss FUNG Sue Man - Mr. Michael Lane TESSMER - Professor Kenneth YOUNG - Professor Stephen John HALL,18,18,TUT,-T06,C&E&P,Fr 02:30PM - 05:15PM,LSK_210,12/4,Yes,Yes,CW Chu College
2026-27 Term 1,2420,GECW,GECW2000-,6547,Non-formal Learning II 非形式學習（二）,0.00,- Professor CHEUNG Chi Kwan Vincent,90,20,WKS,-W01,C&E&P,TBA,NRR,07/09/2026 - 30/11/2026,Yes,Yes,CW Chu College
2026-27 Term 1,2420,GECW,GECW2000-,6547,Non-formal Learning II 非形式學習（二）,0.00,- Professor CHEUNG Chi Kwan Vincent,90,20,WKS,-W01,C&E&P,TBA,NRR,07/09/2026 - 30/11/2026,Yes,Yes,CW Chu College
2026-27 Term 1,2420,GECW,GECW2000-,6547,Non-formal Learning II 非形式學習（二）,0.00,- Professor CHEUNG Chi Kwan Vincent,90,20,WKS,-W01,C&E&P,TBA,NRR,07/09/2026 - 30/11/2026,Yes,Yes,CW Chu College
2026-27 Term 1,2420,GECW,GECW3000-,6180,Non-formal Learning III 非形式學習（三）,0.00,- Professor CHEUNG Chi Kwan Vincent,90,25,WKS,-W01,C&E&P,TBA,NRR,07/09/2026 - 30/11/2026,Yes,Yes,CW Chu College
2026-27 Term 1,2420,GECW,GECW3000-,6180,Non-formal Learning III 非形式學習（三）,0.00,- Professor CHEUNG Chi Kwan Vincent,90,25,WKS,-W01,C&E&P,TBA,NRR,07/09/2026 - 30/11/2026,Yes,Yes,CW Chu College
2026-27 Term 1,2420,GECW,GECW3000-,6180,Non-formal Learning III 非形式學習（三）,0.00,- Professor CHEUNG Chi Kwan Vincent,90,25,WKS,-W01,C&E&P,TBA,NRR,07/09/2026 - 30/11/2026,Yes,Yes,CW Chu College
2026-27 Term 1,2420,GECW,GECW4000-,6181,Non-formal Learning IV 非形式學習（四）,0.00,- Professor CHEUNG Chi Kwan Vincent,90,27,WKS,-W01,C&E&P,TBA,NRR,07/09/2026 - 30/11/2026,Yes,Yes,CW Chu College
2026-27 Term 1,2420,GECW,GECW4000-,6181,Non-formal Learning IV 非形式學習（四）,0.00,- Professor CHEUNG Chi Kwan Vincent,90,27,WKS,-W01,C&E&P,TBA,NRR,07/09/2026 - 30/11/2026,Yes,Yes,CW Chu College
2026-27 Term 1,2420,GECW,GECW4000-,6181,Non-formal Learning IV 非形式學習（四）,0.00,- Professor CHEUNG Chi Kwan Vincent,90,27,WKS,-W01,C&E&P,TBA,NRR,07/09/2026 - 30/11/2026,Yes,Yes,CW Chu College
2026-27 Term 1,2420,GECW,GECW4021A,7669,College Project 專題討論,3.00,- Professor Kenneth YOUNG,25,24,TUT,AT01,C&E&P,TBA,TBA,26/10/2026 - 09/11/2026,Yes,Yes,CW Chu College
2026-27 Term 1,2420,GECW,GECW4021B,7670,College Project 專題討論,3.00,- Dr. CHEUNG Ho Yan Yannie - Professor Kenneth YOUNG,25,22,TUT,BT01,C&E&P,TBA,TBA,26/10/2026 - 09/11/2026,Yes,Yes,CW Chu College
2026-27 Term 1,2420,GECW,GECW4022A,7671,College Project (Service) 專題討論（服務學習）,3.00,- Professor Kenneth YOUNG - Professor WONG Suk Ying Veronica,25,21,TUT,AT01,C&E&P,TBA,TBA,07/09/2026 - 30/11/2026,Yes,Yes,CW Chu College
2026-27 Term 1,2420,GECW,GECW4022B,7672,College Project (Service) 專題討論（服務學習）,3.00,- Dr. CHOI Sze Hang - Professor Kenneth YOUNG,25,23,TUT,BT01,C&E&P,TBA,TBA,07/09/2026 - 30/11/2026,Yes,Yes,CW Chu College
2026-27 Term 1,2420,GECW,GECW4022C,7673,College Project (Service) 專題討論（服務學習）,3.00,- Professor CHEUNG Chi Kwan Vincent - Professor Kenneth YOUNG,25,13,TUT,CT01,C&E&P,TBA,TBA,07/09/2026 - 30/11/2026,Yes,Yes,CW Chu College
2026-27 Term 1,2420,GECW,GECW4022D,7674,College Project (Service) 專題討論（服務學習）,3.00,- Professor KO Ho - Professor Kenneth YOUNG,25,21,TUT,DT01,C&E&P,TBA,TBA,07/09/2026 - 30/11/2026,Yes,Yes,CW Chu College
2026-27 Term 1,2420,GECW,GECW4022E,7675,College Project (Service) 專題討論（服務學習）,3.00,- Professor FUNG Hoi Lam Helene - Professor Kenneth YOUNG - Professor ZHAO Jingjing,25,19,TUT,ET01,C&E&P,TBA,TBA,07/09/2026 - 30/11/2026,Yes,Yes,CW Chu College
2026-27 Term 1,2420,GECW,GECW4022F,7705,College Project (Service) 專題討論（服務學習）,3.00,- Dr. HUANG Yu - Professor Kenneth YOUNG,25,17,TUT,FT01,C&E&P,TBA,TBA,07/09/2026 - 30/11/2026,Yes,Yes,CW Chu College
2026-27 Term 1,2420,GECW,GECW4022G,7706,College Project (Service) 專題討論（服務學習）,3.00,- Professor CHAIR Sek Ying - Professor Kenneth YOUNG,25,20,TUT,GT01,C&E&P,TBA,TBA,07/09/2026 - 30/11/2026,Yes,Yes,CW Chu College
2026-27 Term 1,2420,GECW,GECW4022H,7707,College Project (Service) 專題討論（服務學習）,3.00,- Professor Kenneth YOUNG - Professor TSUI Tsz Ki Martin,25,22,TUT,HT01,C&E&P,TBA,TBA,07/09/2026 - 30/11/2026,Yes,Yes,CW Chu College
2026-27 Term 1,2420,GECW,GECW4022I,7708,College Project (Service) 專題討論（服務學習）,3.00,- Professor GU Shen - Professor Kenneth YOUNG,25,17,TUT,IT01,C&E&P,TBA,TBA,07/09/2026 - 30/11/2026,Yes,Yes,CW Chu College
2026-27 Term 1,2420,GECW,GECW4022J,7709,College Project (Service) 專題討論（服務學習）,3.00,- Dr. LAI Yu Hang - Professor Kenneth YOUNG,25,21,TUT,JT01,C&E&P,TBA,TBA,07/09/2026 - 30/11/2026,Yes,Yes,CW Chu College
2026-27 Term 1,2420,GECW,GECW4030-,8090,Service 服務,0.00,- Professor CHEUNG Chi Kwan Vincent,30,30,PRJ,-J01,C&E&P,TBA,NRR,07/09/2026 - 30/11/2026,Yes,Yes,CW Chu College
2026-27 Term 1,2420,GEMC,GEMC1001-,9835,Current Dilemmas and Histories 當前的困境及其歷史,3.00,- Professor Ann Louise HUSS,75,75,LEC,-,E,Fr 02:30PM - 04:15PM,WMY_507,"9/11, 9/18, 9/25, 10/2, 10/9, 10/16, 10/23, 10/30, 11/6, 11/13, 11/20, 11/27, 12/4",Yes,Yes,Morningside College
2026-27 Term 1,2420,GEMC,GEMC1001-,9835,Current Dilemmas and Histories 當前的困境及其歷史,3.00,- Professor Ann Louise HUSS,13,13,TUT,-T01,E,Fr 11:30AM - 01:15PM,MCO_S1,"9/11, 9/18, 9/25, 10/2, 10/9, 10/16, 10/23, 10/30, 11/6, 11/13, 11/20, 11/27, 12/4",Yes,Yes,Morningside College
2026-27 Term 1,2420,GEMC,GEMC1001-,9835,Current Dilemmas and Histories 當前的困境及其歷史,3.00,- Professor Ann Louise HUSS,13,13,TUT,-T02,E,Fr 11:30AM - 01:15PM,MCO_S2,"9/11, 9/18, 9/25, 10/2, 10/9, 10/16, 10/23, 10/30, 11/6, 11/13, 11/20, 11/27, 12/4",Yes,Yes,Morningside College
2026-27 Term 1,2420,GEMC,GEMC1001-,9835,Current Dilemmas and Histories 當前的困境及其歷史,3.00,- Professor Ann Louise HUSS,13,13,TUT,-T03,E,Fr 11:30AM - 01:15PM,MCO_S3,"9/11, 9/18, 9/25, 10/2, 10/9, 10/16, 10/23, 10/30, 11/6, 11/13, 11/20, 11/27, 12/4",Yes,Yes,Morningside College
2026-27 Term 1,2420,GEMC,GEMC1001-,9835,Current Dilemmas and Histories 當前的困境及其歷史,3.00,- Professor Ann Louise HUSS,13,13,TUT,-T04,E,Fr 12:30PM - 02:15PM,MCO_S1,"9/11, 9/18, 9/25, 10/2, 10/9, 10/16, 10/23, 10/30, 11/6, 11/13, 11/20, 11/27, 12/4",Yes,Yes,Morningside College
2026-27 Term 1,2420,GEMC,GEMC1001-,9835,Current Dilemmas and Histories 當前的困境及其歷史,3.00,- Professor Ann Louise HUSS,13,13,TUT,-T05,E,Fr 12:30PM - 02:15PM,MCO_S2,"9/11, 9/18, 9/25, 10/2, 10/9, 10/16, 10/23, 10/30, 11/6, 11/13, 11/20, 11/27, 12/4",Yes,Yes,Morningside College
2026-27 Term 1,2420,GEMC,GEMC1001-,9835,Current Dilemmas and Histories 當前的困境及其歷史,3.00,- Professor Ann Louise HUSS,13,13,TUT,-T06,E,Fr 12:30PM - 02:15PM,MCO_S3,"9/11, 9/18, 9/25, 10/2, 10/9, 10/16, 10/23, 10/30, 11/6, 11/13, 11/20, 11/27, 12/4",Yes,Yes,Morningside College
2026-27 Term 1,2420,GEMC,GEMC1001-,9835,Current Dilemmas and Histories 當前的困境及其歷史,3.00,- Professor Ann Louise HUSS,75,75,WBL,-X01,E,TBA,NRR,07/09/2026 - 30/11/2026,Yes,Yes,Morningside College
2026-27 Term 1,2420,GEMC,GEMC3001-,6474,Service Learning 服務學習,3.00,- Professor Ann Louise HUSS,25,25,FLD,-F01,E,TBA,NRR,07/09/2026 - 30/11/2026,Yes,Yes,Morningside College
2026-27 Term 1,2420,GEMC,GEMC3001-,6474,Service Learning 服務學習,3.00,- Professor Ann Louise HUSS,10,10,TUT,-T01,E,TBA,NRR,07/09/2026 - 30/11/2026,Yes,Yes,Morningside College
2026-27 Term 1,2420,GEMC,GEMC3001-,6474,Service Learning 服務學習,3.00,- Professor Ann Louise HUSS,10,10,TUT,-T02,E,TBA,NRR,07/09/2026 - 30/11/2026,Yes,Yes,Morningside College
2026-27 Term 1,2420,GEMC,GEMC3001-,6474,Service Learning 服務學習,3.00,- Professor Ann Louise HUSS,10,10,TUT,-T03,E,TBA,NRR,07/09/2026 - 30/11/2026,Yes,Yes,Morningside College
2026-27 Term 1,2420,GENA,GENA1000-,8862,College Biweekly Assembly 書院雙週會,0.00,- Staff,1438,0,ASB,-A01,C&E&P,Fr 11:30AM - 01:15PM,RRS,"9/11, 9/18, 9/25, 10/2, 10/9, 10/16, 10/23, 10/30, 11/6, 11/13, 11/20, 11/27, 12/4",Yes,Yes,New Asia College
2026-27 Term 1,2420,GENA,GENA1000A,8984,College Biweekly Assembly 書院雙週會,0.00,- Staff,2000,2000,ASB,AA01,C&E&P,Fr 11:30AM - 01:15PM,RRS,"9/11, 9/18, 9/25, 10/2, 10/9, 10/16, 10/23, 10/30, 11/6, 11/13, 11/20, 11/27, 12/4",Yes,Yes,New Asia College
2026-27 Term 1,2420,GENA,GENA1112-,8883,Aspects of General Education 通識教育導論,1.00,- Professor TSE Wai Kit Wicky,1100,1073,LEC,-,C&E,Fr 03:30PM - 05:15PM,RRS,"9/11, 9/18, 9/25, 10/2, 10/9, 10/16, 10/23, 10/30, 11/6, 11/13, 11/20, 11/27, 12/4",Yes,Yes,New Asia College
2026-27 Term 1,2420,GENA,GENA1114B,8606,Service Learning - Chinese Cul 服務學習: 中國文化在社區的傳,3.00,- Mr. WAN Tsz Ki,35,35,FLD,BF01,C,TBA,TBA,07/09/2026 - 30/11/2026,,,New Asia College
2026-27 Term 1,2420,GENA,GENA1114B,8606,Service Learning - Chinese Cul 服務學習: 中國文化在社區的傳,3.00,- Mr. WAN Tsz Ki,35,35,LEC,B,C,Th 02:30PM - 05:15PM,ELB_202,"9/10, 9/17, 9/24",,,New Asia College
2026-27 Term 1,2420,GENA,GENA1114B,8606,Service Learning - Chinese Cul 服務學習: 中國文化在社區的傳,3.00,- Mr. WAN Tsz Ki,35,35,LEC,B,C,Th 02:30PM - 05:15PM,ELB_202,"10/8, 10/15, 10/22, 10/29, 11/5, 11/12, 11/19, 11/26, 12/3",,,New Asia College
2026-27 Term 1,2420,GENA,GENA1115A,6047,Service Learning – Make a Diff 服務學習: 改變社區由我做起,3.00,- Staff,35,35,FLD,AF01,C,TBA,TBA,07/09/2026 - 30/11/2026,,,New Asia College
2026-27 Term 1,2420,GENA,GENA1115A,6047,Service Learning – Make a Diff 服務學習: 改變社區由我做起,3.00,- Staff,35,35,LEC,A,C,Tu 02:30PM - 05:15PM,WMY_306,"9/8, 9/15, 9/22, 9/29, 10/6, 10/13, 10/20, 10/27, 11/3, 11/10, 11/17, 11/24, 12/1",,,New Asia College
2026-27 Term 1,2420,GENA,GENA1115B,6048,Service Learning – Make a Diff 服務學習: 改變社區由我做起,3.00,- Staff,35,35,FLD,BF01,E,TBA,TBA,07/09/2026 - 30/11/2026,,,New Asia College
2026-27 Term 1,2420,GENA,GENA1115B,6048,Service Learning – Make a Diff 服務學習: 改變社區由我做起,3.00,- Staff,35,35,LEC,B,E,Sa 10:30AM - 01:15PM,WMY_301,"9/12, 9/19",,,New Asia College
2026-27 Term 1,2420,GENA,GENA1115B,6048,Service Learning – Make a Diff 服務學習: 改變社區由我做起,3.00,- Staff,35,35,LEC,B,E,Sa 10:30AM - 01:15PM,WMY_301,"10/3, 10/10, 10/17, 10/24, 10/31, 11/7, 11/14, 11/21, 11/28, 12/5",,,New Asia College
2026-27 Term 1,2420,GENA,GENA1115C,8031,Service Learning – Make a Diff 服務學習: 改變社區由我做起,3.00,- Staff,35,35,FLD,CF01,E,TBA,TBA,07/09/2026 - 30/11/2026,,,New Asia College
2026-27 Term 1,2420,GENA,GENA1115C,8031,Service Learning – Make a Diff 服務學習: 改變社區由我做起,3.00,- Staff,35,35,LEC,C,E,Tu 02:30PM - 05:15PM,ELB_308,"9/8, 9/15, 9/22, 9/29, 10/6, 10/13, 10/20, 10/27, 11/3, 11/10, 11/17, 11/24, 12/1",,,New Asia College
2026-27 Term 1,2420,GENA,GENA1116A,6270,Service Learning – Creating a 服務學習：多元共融，齊創新天,3.00,- Staff,35,35,FLD,AF01,C,TBA,TBA,07/09/2026 - 30/11/2026,,,New Asia College
2026-27 Term 1,2420,GENA,GENA1116A,6270,Service Learning – Creating a 服務學習：多元共融，齊創新天,3.00,- Staff,35,35,LEC,A,C,Mo 10:30AM - 01:15PM,UCA_103,"9/7, 9/14, 9/21, 9/28, 10/5, 10/12",,,New Asia College
2026-27 Term 1,2420,GENA,GENA1116A,6270,Service Learning – Creating a 服務學習：多元共融，齊創新天,3.00,- Staff,35,35,LEC,A,C,Mo 10:30AM - 01:15PM,UCA_103,"10/26, 11/2, 11/9, 11/16, 11/23, 11/30",,,New Asia College
2026-27 Term 1,2420,GENA,GENA1116B,6300,Service Learning – Creating a 服務學習：多元共融，齊創新天,3.00,- Staff,35,35,FLD,BF01,E,TBA,TBA,07/09/2026 - 30/11/2026,,,New Asia College
2026-27 Term 1,2420,GENA,GENA1116B,6300,Service Learning – Creating a 服務學習：多元共融，齊創新天,3.00,- Staff,35,35,LEC,B,E,Th 03:30PM - 06:15PM,UCA_103,"9/10, 9/17, 9/24",,,New Asia College
2026-27 Term 1,2420,GENA,GENA1116B,6300,Service Learning – Creating a 服務學習：多元共融，齊創新天,3.00,- Staff,35,35,LEC,B,E,Th 03:30PM - 06:15PM,UCA_103,"10/8, 10/15, 10/22, 10/29, 11/5, 11/12, 11/19, 11/26, 12/3",,,New Asia College
2026-27 Term 1,2420,GENA,GENA1116C,6368,Service Learning – Creating a 服務學習：多元共融，齊創新天,3.00,- Staff,35,35,FLD,CF01,C,TBA,TBA,07/09/2026 - 30/11/2026,,,New Asia College
2026-27 Term 1,2420,GENA,GENA1116C,6368,Service Learning – Creating a 服務學習：多元共融，齊創新天,3.00,- Staff,35,35,LEC,C,C,Mo 02:30PM - 05:15PM,FYB_UG01,"9/7, 9/14, 9/21, 9/28, 10/5, 10/12",,,New Asia College
2026-27 Term 1,2420,GENA,GENA1116C,6368,Service Learning – Creating a 服務學習：多元共融，齊創新天,3.00,- Staff,35,35,LEC,C,C,Mo 02:30PM - 05:15PM,FYB_UG01,"10/26, 11/2, 11/9, 11/16, 11/23, 11/30",,,New Asia College
2026-27 Term 1,2420,GENA,GENA1116H,6046,Service Learning – Creating a 服務學習：多元共融，齊創新天,3.00,- Staff,35,35,FLD,HF01,C,TBA,TBA,07/09/2026 - 30/11/2026,,,New Asia College
2026-27 Term 1,2420,GENA,GENA1116H,6046,Service Learning – Creating a 服務學習：多元共融，齊創新天,3.00,- Staff,35,35,LEC,H,C,Th 10:30AM - 01:15PM,CKB_109,"9/10, 9/17, 9/24",,,New Asia College
2026-27 Term 1,2420,GENA,GENA1116H,6046,Service Learning – Creating a 服務學習：多元共融，齊創新天,3.00,- Staff,35,35,LEC,H,C,Th 10:30AM - 01:15PM,CKB_109,"10/8, 10/15, 10/22, 10/29, 11/5, 11/12, 11/19, 11/26, 12/3",,,New Asia College
2026-27 Term 1,2420,GENA,GENA1116Q,8417,Service Learning – Creating a 服務學習：多元共融，齊創新天,3.00,- Staff,35,35,FLD,QF01,C,TBA,TBA,07/09/2026 - 30/11/2026,,,New Asia College
2026-27 Term 1,2420,GENA,GENA1116Q,8417,Service Learning – Creating a 服務學習：多元共融，齊創新天,3.00,- Staff,35,35,LEC,Q,C,Tu 02:30PM - 05:15PM,CKB_122,"9/8, 9/15, 9/22, 9/29, 10/6, 10/13, 10/20, 10/27, 11/3, 11/10, 11/17, 11/24, 12/1",,,New Asia College
2026-27 Term 1,2420,GENA,GENA2112-,7028,Characteristics of W Culture 西方文化的特質,2.00,- Professor CHEUNG Hok Ming Frederick,45,44,LEC,-,C,Fr 03:30PM - 05:15PM,NAH_213,"9/11, 9/18, 9/25, 10/2, 10/9, 10/16, 10/23, 10/30, 11/6, 11/13, 11/20, 11/27, 12/4",,,New Asia College
2026-27 Term 1,2420,GENA,GENA2122-,7029,Issues in American CultureHis 美國文化與歷史,2.00,- Miss Arantxa Alexandra GALVAN,38,36,LEC,-,E,We 10:30AM - 12:15PM,UCC_201,"9/9, 9/16, 9/23, 9/30, 10/7, 10/14, 10/21, 10/28, 11/4, 11/11, 11/18, 11/25, 12/2",,,New Asia College
2026-27 Term 1,2420,GENA,GENA2142A,5005,Appreciation of Literature 文學欣賞,2.00,- Dr. CHING Chung Shan,50,49,LEC,A,C,Mo 02:30PM - 04:15PM,WMY_402,"9/7, 9/14, 9/21, 9/28, 10/5, 10/12",,,New Asia College
2026-27 Term 1,2420,GENA,GENA2142A,5005,Appreciation of Literature 文學欣賞,2.00,- Dr. CHING Chung Shan,50,49,LEC,A,C,Mo 02:30PM - 04:15PM,WMY_402,"10/26, 11/2, 11/9, 11/16, 11/23, 11/30",,,New Asia College
2026-27 Term 1,2420,GENA,GENA2212-,7712,Debates in Human Values 辯析人類價值觀,2.00,- Professor Manynooch FAMING,45,45,LEC,-,E,We 10:30AM - 12:15PM,NAH_114,"9/9, 9/16, 9/23, 9/30, 10/7, 10/14, 10/21, 10/28, 11/4, 11/11, 11/18, 11/25, 12/2",,,New Asia College
2026-27 Term 1,2420,GENA,GENA2232A,8253,Founders' Ideals and NA Spirit 新亞精神與新亞先賢的文化教育理,2.00,- Mr. CHAN Pak Ka,50,48,LEC,A,C,Fr 09:30AM - 11:15AM,UCA_104,"9/11, 9/18, 9/25, 10/2, 10/9, 10/16, 10/23, 10/30, 11/6, 11/13, 11/20, 11/27, 12/4",,,New Asia College
2026-27 Term 1,2420,GENA,GENA2262-,9414,Appreciation of Chinese Art 中國藝術欣賞,2.00,- Staff,55,54,LEC,-,P,Fr 02:30PM - 04:15PM,NAH_12,"9/11, 9/18, 9/25, 10/2, 10/9, 10/16, 10/23, 10/30, 11/6, 11/13, 11/20, 11/27, 12/4",,,New Asia College
2026-27 Term 1,2420,GENA,GENA2322-,5453,General History of China 中國通史,2.00,- Dr. LUI Wing Sing,120,117,LEC,-,C,Fr 09:30AM - 11:15AM,ELB_LT1,"9/11, 9/18, 9/25, 10/2, 10/9, 10/16, 10/23, 10/30, 11/6, 11/13, 11/20, 11/27, 12/4",,,New Asia College
2026-27 Term 1,2420,GENA,GENA2342-,9144,Appreciation of Music Cultures 中西音樂文化欣賞,2.00,- Professor CHIU Wai Yee Lulu,55,51,LEC,-,C,Fr 01:30PM - 03:15PM,ARC_G04,"9/11, 9/18, 9/25, 10/2, 10/9, 10/16, 10/23, 10/30, 11/6, 11/13, 11/20, 11/27, 12/4",,,New Asia College
2026-27 Term 1,2420,GENA,GENA2362-,5866,Intangible Heritage in HK 香港的非物質文化遺產,3.00,- Professor CHEUNG Chin Hung Sidney,25,25,LEC,-,C,We 12:30PM - 02:15PM,UCC_C3,"9/9, 9/16, 9/23, 9/30, 10/7, 10/14, 10/21, 10/28, 11/4, 11/11, 11/18, 11/25, 12/2",,,Dept of Anthropology
2026-27 Term 1,2420,GENA,GENA2362-,5866,Intangible Heritage in HK 香港的非物質文化遺產,3.00,- Professor CHEUNG Chin Hung Sidney,12,12,TUT,-T01,C,We 02:30PM - 03:15PM,UCC_110,"9/9, 9/16, 9/23, 9/30, 10/7, 10/14, 10/21, 10/28, 11/4, 11/11, 11/18, 11/25, 12/2",,,Dept of Anthropology
2026-27 Term 1,2420,GENA,GENA2362-,5866,Intangible Heritage in HK 香港的非物質文化遺產,3.00,- Professor CHEUNG Chin Hung Sidney,13,13,TUT,-T02,C,TBA,NRR,07/09/2026 - 30/11/2026,,,Dept of Anthropology
2026-27 Term 1,2420,GERM,GERM1000A,5931,German I 德語（一）,3.00,- Ms. Annette Josefa Maria FROMEL,28,28,CLW,AC01,G&E,Tu 02:30PM - 05:15PM,YIA_404,"9/8, 9/15, 9/22, 9/29, 10/6, 10/13, 10/20, 10/27, 11/3, 11/10, 11/17, 11/24, 12/1",,,Dept of Linguistics & Mod Lang
2026-27 Term 1,2420,GERM,GERM1000B,7304,German I 德語（一）,3.00,- Ms. Annette Josefa Maria FROMEL,28,27,CLW,BC01,G&E,We 10:30AM - 01:15PM,WMY_403,"9/9, 9/16, 9/23, 9/30, 10/7, 10/14, 10/21, 10/28, 11/4, 11/11, 11/18, 11/25, 12/2",,,Dept of Linguistics & Mod Lang
2026-27 Term 1,2420,GERM,GERM1000C,7231,German I 德語（一）,3.00,- Ms. Annette Josefa Maria FROMEL,28,28,CLW,CC01,G&E,We 02:30PM - 05:15PM,HYS_G06,"9/9, 9/16, 9/23, 9/30, 10/7, 10/14, 10/21, 10/28, 11/4, 11/11, 11/18, 11/25, 12/2",,,Dept of Linguistics & Mod Lang
2026-27 Term 1,2420,GERM,GERM1000D,9716,German I 德語（一）,3.00,- Mr. Alexander Markus KLING,28,28,CLW,DC01,G&E,Th 09:30AM - 12:15PM,LSK_515,"9/10, 9/17, 9/24",,,Dept of Linguistics & Mod Lang
2026-27 Term 1,2420,GERM,GERM1000D,9716,German I 德語（一）,3.00,- Mr. Alexander Markus KLING,28,28,CLW,DC01,G&E,Th 09:30AM - 12:15PM,LSK_515,"10/8, 10/15, 10/22, 10/29, 11/5, 11/12, 11/19, 11/26, 12/3",,,Dept of Linguistics & Mod Lang
2026-27 Term 1,2420,GERM,GERM1000E,5855,German I 德語（一）,3.00,- Mr. Bernd ESCH,28,28,CLW,EC01,G&E,Th 02:30PM - 05:15PM,LSK_306,"9/10, 9/17, 9/24",,,Dept of Linguistics & Mod Lang
2026-27 Term 1,2420,GERM,GERM1000E,5855,German I 德語（一）,3.00,- Mr. Bernd ESCH,28,28,CLW,EC01,G&E,Th 02:30PM - 05:15PM,LSK_306,"10/8, 10/15, 10/22, 10/29, 11/5, 11/12, 11/19, 11/26, 12/3",,,Dept of Linguistics & Mod Lang
2026-27 Term 1,2420,GERM,GERM1000F,9728,German I 德語（一）,3.00,- Mr. Bernd ESCH,28,28,CLW,FC01,G&E,Fr 08:30AM - 11:15AM,WMY_404,"9/11, 9/18, 9/25, 10/2, 10/9, 10/16, 10/23, 10/30, 11/6, 11/13, 11/20, 11/27, 12/4",,,Dept of Linguistics & Mod Lang
2026-27 Term 1,2420,GERM,GERM1001-,6073,First Step in German 德語入門,1.00,- Staff,150,150,LEC,-,G&E,TBA,NRR,07/09/2026 - 30/11/2026,Yes,Yes,Dept of Linguistics & Mod Lang
2026-27 Term 1,2420,GERM,GERM2000A,5700,German II 德語（二）,3.00,- Mr. Bernd ESCH,28,28,CLW,AC01,G&E,Tu 02:30PM - 05:15PM,LHC_101,"9/8, 9/15, 9/22, 9/29, 10/6, 10/13, 10/20, 10/27, 11/3, 11/10, 11/17, 11/24, 12/1",,,Dept of Linguistics & Mod Lang
2026-27 Term 1,2420,GERM,GERM2001A,5654,German III 德語（三）,3.00,- Ms. Annette Josefa Maria FROMEL,28,27,CLW,AC01,G&E,Fr 08:30AM - 11:15AM,ELB_306,"9/11, 9/18, 9/25, 10/2, 10/9, 10/16, 10/23, 10/30, 11/6, 11/13, 11/20, 11/27, 12/4",,,Dept of Linguistics & Mod Lang
2026-27 Term 1,2420,GERM,GERM2020-,7436,Sounds of German 德語語音入門,3.00,- Mr. Bernd ESCH,28,28,CLW,-C01,G&E,Tu 09:30AM - 12:15PM,YIA_410,"9/8, 9/15, 9/22, 9/29, 10/6, 10/13, 10/20, 10/27, 11/3, 11/10, 11/17, 11/24, 12/1",,,Dept of Linguistics & Mod Lang
2026-27 Term 1,2420,GERM,GERM2200-,4831,German Cinema 德國電影,3.00,- Mr. Alexander Markus KLING,28,28,CLW,-C01,G&E,Th 02:30PM - 05:15PM,WMY_304,"9/10, 9/17, 9/24",,,Dept of Linguistics & Mod Lang
2026-27 Term 1,2420,GERM,GERM2200-,4831,German Cinema 德國電影,3.00,- Mr. Alexander Markus KLING,28,28,CLW,-C01,G&E,Th 02:30PM - 05:15PM,WMY_304,"10/8, 10/15, 10/22, 10/29, 11/5, 11/12, 11/19, 11/26, 12/3",,,Dept of Linguistics & Mod Lang
2026-27 Term 1,2420,GERM,GERM3001A,7477,German V 德語（五）,3.00,- Mr. Alexander Markus KLING,28,28,CLW,AC01,G&E,Fr 08:30AM - 11:15AM,YIA_408,"9/11, 9/18, 9/25, 10/2, 10/9, 10/16, 10/23, 10/30, 11/6, 11/13, 11/20, 11/27, 12/4",,,Dept of Linguistics & Mod Lang
2026-27 Term 1,2420,GESC,GESC1000-,8635,College Assembly 書院聚會,0.00,- Staff,1400,0,ASB,-A01,C&E,Fr 11:30AM - 01:15PM,TBA,"9/11, 9/18, 9/25, 10/2, 10/9, 10/16, 10/23, 10/30, 11/6, 11/13, 11/20, 11/27, 12/4",Yes,Yes,Shaw College
2026-27 Term 1,2420,GESC,GESC1000A,8781,College Assembly 書院聚會,0.00,- Staff,2000,2000,ASB,AA01,C&E,Fr 11:30AM - 01:15PM,TBA,"9/11, 9/18, 9/25, 10/2, 10/9, 10/16, 10/23, 10/30, 11/6, 11/13, 11/20, 11/27, 12/4",Yes,Yes,Shaw College
2026-27 Term 1,2420,GESC,GESC1130-,9697,University and Society 大學與社會,3.00,- Dr. LAU Siu Lun,70,70,LEC,-,C,Fr 02:30PM - 05:15PM,YIA_405,"9/11, 9/18, 9/25, 10/2, 10/9, 10/16, 10/23, 10/30, 11/6, 11/13, 11/20, 11/27, 12/4",,,Shaw College
2026-27 Term 1,2420,GESC,GESC1160-,7478,Environmental Problems in HK 香港環境問題,3.00,- Professor TSANG Ling Ming,90,90,LEC,-,C&E,Fr 03:30PM - 06:15PM,SC_L4,"9/11, 9/18, 9/25, 10/2, 10/9, 10/16, 10/23, 10/30, 11/6, 11/13, 11/20, 11/27, 12/4",,,Shaw College
2026-27 Term 1,2420,GESC,GESC1230AA,8644,Caring Heart Service Learning 懷仁服務學習,3.00,- Dr. AU Yi Man - Mr. CHAN Ying Kwok Kelvin - Ms. TAM Man Ching,30,24,PRJ,AAJ1,E,Fr 02:30PM - 05:15PM,NRR,"9/11, 9/18, 9/25, 10/2, 10/9, 10/16, 10/23, 10/30, 11/6, 11/13, 11/20, 11/27, 12/4",Yes,,Shaw College
2026-27 Term 1,2420,GESC,GESC1230BA,7070,Caring Heart Service Learning 懷仁服務學習,3.00,- Miss HSU Ka Lam - Mr. MA Kin Wai,25,25,PRJ,BAJ1,C&E,Fr 02:30PM - 05:15PM,ARC_G03,"9/11, 9/18, 9/25, 10/2, 10/9, 10/16, 10/23, 10/30, 11/6, 11/13, 11/20, 11/27, 12/4",,,Shaw College
2026-27 Term 1,2420,GESC,GESC1230CA,5972,Caring Heart Service Learning 懷仁服務學習,3.00,- Mr. LAM Ting Hin,30,30,PRJ,CAJ1,C,Th 02:30PM - 05:15PM,LSK_212,"9/10, 9/17, 9/24",,,Shaw College
2026-27 Term 1,2420,GESC,GESC1230CA,5972,Caring Heart Service Learning 懷仁服務學習,3.00,- Mr. LAM Ting Hin,30,30,PRJ,CAJ1,C,Th 02:30PM - 05:15PM,LSK_212,"10/8, 10/15, 10/22, 10/29, 11/5, 11/12, 11/19, 11/26, 12/3",,,Shaw College
2026-27 Term 1,2420,GESC,GESC1230CB,5968,Caring Heart Service Learning 懷仁服務學習,3.00,- Mr. LAM Ting Hin,30,30,PRJ,CBJ1,C,Fr 02:30PM - 05:15PM,LSK_514,"9/11, 9/18, 9/25, 10/2, 10/9, 10/16, 10/23, 10/30, 11/6, 11/13, 11/20, 11/27, 12/4",,,Shaw College
2026-27 Term 1,2420,GESC,GESC1230DA,7810,Caring Heart Service Learning 懷仁服務學習,3.00,- Dr. HO Sai Hau - Ms. LI Ching Man,30,30,PRJ,DAJ1,C&E,Mo 03:30PM - 06:15PM,ELB_202,"9/7, 9/14, 9/21, 9/28, 10/5, 10/12",,,Shaw College
2026-27 Term 1,2420,GESC,GESC1230DA,7810,Caring Heart Service Learning 懷仁服務學習,3.00,- Dr. HO Sai Hau - Ms. LI Ching Man,30,30,PRJ,DAJ1,C&E,Mo 03:30PM - 06:15PM,ELB_202,"10/26, 11/2, 11/9, 11/16, 11/23, 11/30",,,Shaw College
2026-27 Term 1,2420,GESC,GESC1230EA,8689,Caring Heart Service Learning 懷仁服務學習,3.00,- Miss TANG Chi Shan,30,30,PRJ,EAJ1,C&E,Fr 02:30PM - 05:15PM,NRR,"9/11, 9/18, 9/25, 10/2, 10/9, 10/16, 10/23, 10/30, 11/6, 11/13, 11/20, 11/27, 12/4",,,Shaw College
2026-27 Term 1,2420,GESC,GESC1230FA,5956,Caring Heart Service Learning 懷仁服務學習,3.00,- Ms. MA Wai Man Anita,30,30,PRJ,FAJ1,C&E,Fr 02:30PM - 05:15PM,ARC_211,"9/11, 9/18, 9/25, 10/2, 10/9, 10/16, 10/23, 10/30, 11/6, 11/13, 11/20, 11/27, 12/4",,,Shaw College
2026-27 Term 1,2420,GESC,GESC1230GA,7793,Caring Heart Service Learning 懷仁服務學習,3.00,- Staff,30,30,PRJ,GAJ1,C&E,Fr 02:30PM - 05:15PM,YIA_503,"9/11, 9/18, 9/25, 10/2, 10/9, 10/16, 10/23, 10/30, 11/6, 11/13, 11/20, 11/27, 12/4",,,Shaw College
2026-27 Term 1,2420,GESC,GESC1230HA,7019,Caring Heart Service Learning 懷仁服務學習,3.00,- Dr. CHAN Ka Ming,30,30,PRJ,HAJ1,C&E,Tu 03:30PM - 06:15PM,WMY_304,"9/8, 9/15, 9/22, 9/29, 10/6, 10/13, 10/20, 10/27, 11/3, 11/10, 11/17, 11/24, 12/1",,,Shaw College
2026-27 Term 1,2420,GESC,GESC1230KA,5973,Caring Heart Service Learning 懷仁服務學習,3.00,- Ms. CHAU Wing Sze,30,30,PRJ,KAJ1,C&E,Fr 02:30PM - 05:15PM,WMY_506,"9/11, 9/18, 9/25, 10/2, 10/9, 10/16, 10/23, 10/30, 11/6, 11/13, 11/20, 11/27, 12/4",,,Shaw College
2026-27 Term 1,2420,GESC,GESC1230MA,6964,Caring Heart Service Learning 懷仁服務學習,3.00,- Ms. CHUNG Ho Yan - Ms. LAI Siu Yuk,30,29,PRJ,MAJ1,C&E,Tu 06:30PM - 09:15PM,CYT_203,"9/8, 9/15, 9/22, 9/29, 10/6, 10/13, 10/20, 10/27, 11/3, 11/10, 11/17, 11/24, 12/1",,,Shaw College
2026-27 Term 1,2420,GESC,GESC1230PA,7216,Caring Heart Service Learning 懷仁服務學習,3.00,- Ms. CHAN Man Hei,30,30,PRJ,PAJ1,C&E,Tu 02:30PM - 05:15PM,NRR,"9/8, 9/15, 9/22, 9/29, 10/6, 10/13, 10/20, 10/27, 11/3, 11/10, 11/17, 11/24, 12/1",,,Shaw College
2026-27 Term 1,2420,GESC,GESC1230QA,4980,Caring Heart Service Learning 懷仁服務學習,3.00,- Ms. CHAU Wing Sze,30,30,PRJ,QAJ1,C&E,Th 02:30PM - 05:15PM,ARC_211,"9/10, 9/17, 9/24",,,Shaw College
2026-27 Term 1,2420,GESC,GESC1230QA,4980,Caring Heart Service Learning 懷仁服務學習,3.00,- Ms. CHAU Wing Sze,30,30,PRJ,QAJ1,C&E,Th 02:30PM - 05:15PM,ARC_211,"10/8, 10/15, 10/22, 10/29, 11/5, 11/12, 11/19, 11/26, 12/3",,,Shaw College
2026-27 Term 1,2420,GESC,GESC1230RA,7021,Caring Heart Service Learning 懷仁服務學習,3.00,- Dr CHEUNG Pui Kei Eleanor,30,30,PRJ,RAJ1,C&E,Fr 02:30PM - 05:15PM,WMY_304,"9/11, 9/18, 9/25, 10/2, 10/9, 10/16, 10/23, 10/30, 11/6, 11/13, 11/20, 11/27, 12/4",,,Shaw College
2026-27 Term 1,2420,GESC,GESC1230TA,7020,Caring Heart Service Learning 懷仁服務學習,3.00,- Dr. GAO Xin,30,7,PRJ,TAJ1,P,Fr 03:30PM - 06:15PM,WMY_301,"9/11, 9/18, 9/25, 10/2, 10/9, 10/16, 10/23, 10/30, 11/6, 11/13, 11/20, 11/27, 12/4",Yes,,Shaw College
2026-27 Term 1,2420,GESC,GESC1240-,8498,Buddhism As Lived 生活中的佛教：身、心與現代課題,3.00,- Dr TONG Sau Lin,40,40,LEC,-,P&C,Th 01:30PM - 04:15PM,UCA_104,"9/10, 9/17, 9/24",,,Shaw College
2026-27 Term 1,2420,GESC,GESC1240-,8498,Buddhism As Lived 生活中的佛教：身、心與現代課題,3.00,- Dr TONG Sau Lin,40,40,LEC,-,P&C,Th 01:30PM - 04:15PM,UCA_104,"10/8, 10/15, 10/22, 10/29, 11/5, 11/12, 11/19, 11/26, 12/3",,,Shaw College
2026-27 Term 1,2420,GESC,GESC1250-,9565,Startup Exploration 創業探索,3.00,- Professor LAM Hiu Fung,40,40,LEC,-,C&E,Fr 02:30PM - 05:15PM,ELB_206,"9/11, 9/18, 9/25, 10/2, 10/9, 10/16, 10/23, 10/30, 11/6, 11/13, 11/20, 11/27, 12/4",,,Shaw College
2026-27 Term 1,2420,GESC,GESC1260-,5847,The Hong Kong Story 香港故事,3.00,- Dr. LEE King Wa,80,79,LEC,-,E,Fr 03:30PM - 05:15PM,YIA_LT8,"9/11, 9/18, 9/25, 10/2, 10/9, 10/16, 10/23, 10/30, 11/6, 11/13, 11/20, 11/27, 12/4",,,Shaw College
2026-27 Term 1,2420,GESC,GESC1260-,5847,The Hong Kong Story 香港故事,3.00,- Dr. LEE King Wa,80,79,WBL,-X01,E,TBA,NRR,07/09/2026 - 30/11/2026,,,Shaw College
2026-27 Term 1,2420,GESC,GESC2010-,8218,"Film Gen:Love, Death & Laughs 電影類型：愛情、死亡及笑話",3.00,- Mr TSUI Hong Chee Clarence,30,30,LEC,-,E,Th 10:30AM - 01:15PM,NAH_115,"9/10, 9/17, 9/24",,,Sch of Journalism and Comm
2026-27 Term 1,2420,GESC,GESC2010-,8218,"Film Gen:Love, Death & Laughs 電影類型：愛情、死亡及笑話",3.00,- Mr TSUI Hong Chee Clarence,30,30,LEC,-,E,Th 10:30AM - 01:15PM,NAH_115,"10/8, 10/15, 10/22, 10/29, 11/5, 11/12, 11/19, 11/26, 12/3",,,Sch of Journalism and Comm
2026-27 Term 1,2420,GESC,GESC2131-,7217,Comprehending the City 現代城市剖析,3.00,- Professor JIN Ting,60,60,LEC,-,C&E,Fr 01:30PM - 04:15PM,CKB_109,"9/11, 9/18, 9/25, 10/2, 10/9, 10/16, 10/23, 10/30, 11/6, 11/13, 11/20, 11/27, 12/4",,,Shaw College
2026-27 Term 1,2420,GESC,GESC2150-,9807,Reconstr'n of HK His & Soc Dev 香港歷史的重構與社會發展,3.00,- Dr. CHEN Wenyan,60,60,LEC,-,C,Fr 02:30PM - 04:15PM,BMS_LT,"9/11, 9/18, 9/25, 10/2, 10/9, 10/16, 10/23, 10/30, 11/6, 11/13, 11/20, 11/27, 12/4",,,Shaw College
2026-27 Term 1,2420,GESC,GESC2150-,9807,Reconstr'n of HK His & Soc Dev 香港歷史的重構與社會發展,3.00,- Dr. CHEN Wenyan,60,60,TUT,-T01,C,Fr 04:30PM - 05:15PM,BMS_LT,"9/11, 9/18, 9/25, 10/2, 10/9, 10/16, 10/23, 10/30, 11/6, 11/13, 11/20, 11/27, 12/4",,,Shaw College
2026-27 Term 1,2420,GESC,GESC2390-,7339,Genethics 基因倫理學,3.00,- Dr. LO Fai Hang - Dr. NGAI Hung Kui,50,50,LEC,-,E,Mo 01:30PM - 04:15PM,UCA_312,"9/7, 9/14, 9/21, 9/28, 10/5, 10/12",,,Shaw College
2026-27 Term 1,2420,GESC,GESC2390-,7339,Genethics 基因倫理學,3.00,- Dr. LO Fai Hang - Dr. NGAI Hung Kui,50,50,LEC,-,E,Mo 01:30PM - 04:15PM,UCA_312,"10/26, 11/2, 11/9, 11/16, 11/23, 11/30",,,Shaw College
2026-27 Term 1,2420,GESH,GESH1000-,6188,College Symposium 書院聚會,0.00,- Staff,700,315,ASB,-A01,C&E&P,TBA,NRR,07/09/2026 - 30/11/2026,Yes,Yes,S.H. Ho College
2026-27 Term 1,2420,GESH,GESH1010-,5009,Orientation and Outreach 明新達人－善衡書院啟導課程,3.00,- Staff,180,179,WKS,-W01,C&E&P,Fr 02:30PM - 05:15PM,TBA,"9/11, 9/18, 9/25, 10/2, 10/9, 10/16, 10/23, 10/30, 11/6, 11/13, 11/20, 11/27, 12/4",Yes,Yes,S.H. Ho College
2026-27 Term 1,2420,GESH,GESH1010A,7483,Orientation and Outreach 明新達人－善衡書院啟導課程,3.00,- Dr. Lipika Alok CHATTERJEE - Professor WONG Kam Bo,40,40,WKS,AW01,E,Fr 02:30PM - 05:15PM,WMY_403,"9/11, 9/18, 9/25, 10/2, 10/9, 10/16, 10/23, 10/30, 11/6, 11/13, 11/20, 11/27, 12/4",Yes,Yes,S.H. Ho College
2026-27 Term 1,2420,GESH,GESH1010B,7319,Orientation and Outreach 明新達人－善衡書院啟導課程,3.00,- Miss NG Ho In - Professor CHENG Hong - Professor LAU Kit Ling,40,40,WKS,BW01,P,Fr 02:30PM - 05:15PM,WMY_408,"9/11, 9/18, 9/25, 10/2, 10/9, 10/16, 10/23, 10/30, 11/6, 11/13, 11/20, 11/27, 12/4",Yes,Yes,S.H. Ho College
2026-27 Term 1,2420,GESH,GESH1010C,5007,Orientation and Outreach 明新達人－善衡書院啟導課程,3.00,- Dr. YUEN Chi Lok - Miss NGAI Yuet Ling - Mr. WU Tat Cheung Clement,40,40,WKS,CW01,C,Fr 02:30PM - 05:15PM,WMY_402,"9/11, 9/18, 9/25, 10/2, 10/9, 10/16, 10/23, 10/30, 11/6, 11/13, 11/20, 11/27, 12/4",Yes,Yes,S.H. Ho College
2026-27 Term 1,2420,GESH,GESH1010D,5008,Orientation and Outreach 明新達人－善衡書院啟導課程,3.00,- Dr. CHEUNG Sin Ting Juanita - Dr. LAM Yiu Man - Professor LUK Sau Ha,40,40,WKS,DW01,C,Fr 02:30PM - 05:15PM,WMY_505,"9/11, 9/18, 9/25, 10/2, 10/9, 10/16, 10/23, 10/30, 11/6, 11/13, 11/20, 11/27, 12/4",Yes,Yes,S.H. Ho College
2026-27 Term 1,2420,GESH,GESH1010E,7490,Orientation and Outreach 明新達人－善衡書院啟導課程,3.00,- Miss CHU Fung Ling - Professor LAU Kwok Chi,40,40,WKS,EW01,C,Fr 02:30PM - 05:15PM,WMY_508,"9/11, 9/18, 9/25, 10/2, 10/9, 10/16, 10/23, 10/30, 11/6, 11/13, 11/20, 11/27, 12/4",Yes,Yes,S.H. Ho College
2026-27 Term 1,2420,GESH,GESH2011-,7491,S-L:Bringing Knowledge to Life 服務學習課程—明理致用,1.00,- Dr SHIK Wai Yan Angela,150,111,LEC,-,C&E&P,Fr 02:30PM - 04:15PM,ELB_LT1,"9/11, 9/18, 9/25, 10/2, 10/9, 10/16, 10/23, 10/30, 11/6, 11/13, 11/20, 11/27, 12/4",,,S.H. Ho College
2026-27 Term 1,2420,GESH,GESH2012-,7007,S-L:Action towards Personhood 服務學習課程—踐行立人,2.00,- Dr SHIK Wai Yan Angela,50,22,PRJ,-J01,C&E&P,Fr 04:30PM - 06:15PM,YIA_505,"9/11, 9/18, 9/25, 10/2, 10/9, 10/16, 10/23, 10/30, 11/6, 11/13, 11/20, 11/27, 12/4",Yes,Yes,S.H. Ho College
2026-27 Term 1,2420,GEUC,GEUC1000-,8636,College Assembly 書院聚會,0.00,- Professor LEE Hung Kay,1400,0,ASB,-A01,C&E,Fr 11:30AM - 01:15PM,TBA,"9/11, 9/18, 9/25, 10/2, 10/9, 10/16, 10/23, 10/30, 11/6, 11/13, 11/20, 11/27, 12/4",Yes,Yes,United College
2026-27 Term 1,2420,GEUC,GEUC1000A,8780,College Assembly 書院聚會,0.00,- Professor LEE Hung Kay,1400,1400,ASB,AA01,C&E,Fr 11:30AM - 01:15PM,TBA,"9/11, 9/18, 9/25, 10/2, 10/9, 10/16, 10/23, 10/30, 11/6, 11/13, 11/20, 11/27, 12/4",Yes,Yes,United College
2026-27 Term 1,2420,GEUC,GEUC1111-,8637,University Life & Learning 大學生活與學習,1.00,- Professor LEE Hung Kay,1000,966,LEC,-,E,Fr 01:30PM - 03:15PM,NRR,"9/11, 9/18, 9/25, 10/2, 10/9, 10/16, 10/23, 10/30, 11/6, 11/13, 11/20, 11/27, 12/4",Yes,Yes,United College
2026-27 Term 1,2420,GEUC,GEUC2017-,8685,Bacchus:Exploring Grape Wine 巴格斯：萄葡酒之旅,1.00,- Mr LUK Yiu Man Raymond,35,12,LEC,-,C#E,Tu 04:30PM - 06:15PM,NRR,"9/22, 9/29, 10/6, 10/13, 10/20, 10/27, 11/3, 11/10, 11/17, 11/24, 12/1",Yes,Yes,United College
2026-27 Term 1,2420,GEUC,GEUC2019-,7101,Design Thinking 創新設計思維方法,1.00,- Miss HO Wing Chee Beatrice,50,12,LEC,-,E,Th 06:30PM - 09:15PM,LSK_514,9/24,Yes,Yes,United College
2026-27 Term 1,2420,GEUC,GEUC2019-,7101,Design Thinking 創新設計思維方法,1.00,- Miss HO Wing Chee Beatrice,50,12,LEC,-,E,Th 06:30PM - 09:15PM,LSK_514,"10/8, 10/15, 10/22, 10/29, 11/5, 11/12, 11/19, 11/26, 12/3",Yes,Yes,United College
2026-27 Term 1,2420,GEUC,GEUC2211A,5771,Social Service in action: PR 社會服務實踐：參與及反思,2.00,- Ms. KWAN Ting Yan,50,44,FLD,AF01,C,Mo 06:30PM - 09:15PM,UCA_104,"9/21, 9/28, 10/5, 10/12",,,United College
2026-27 Term 1,2420,GEUC,GEUC2211A,5771,Social Service in action: PR 社會服務實踐：參與及反思,2.00,- Ms. KWAN Ting Yan,50,44,FLD,AF01,C,Mo 06:30PM - 09:15PM,UCA_104,"10/26, 11/2, 11/9, 11/16, 11/23, 11/30",,,United College
2026-27 Term 1,2420,GEUC,GEUC2211B,5772,Social Service in action: PR 社會服務實踐：參與及反思,2.00,- Miss CHEUNG Wan Ying,50,49,FLD,BF01,C,Tu 06:30PM - 09:15PM,UCA_104,"9/22, 9/29, 10/6, 10/13, 10/20, 10/27, 11/3, 11/10, 11/17, 11/24, 12/1",,,United College
2026-27 Term 1,2420,GEUC,GEUC2211C,5769,Social Service in action: PR 社會服務實踐：參與及反思,2.00,- Dr CHOY Bing Kong,50,50,FLD,CF01,E,We 06:30PM - 09:15PM,UCA_104,"9/23, 9/30, 10/7, 10/14, 10/21, 10/28, 11/4, 11/11, 11/18, 11/25, 12/2",,,United College
2026-27 Term 1,2420,GEUC,GEUC2211D,4739,Social Service in action: PR 社會服務實踐：參與及反思,2.00,- Ms. KWAN Ting Yan,50,50,FLD,DF01,C,Th 06:30PM - 09:15PM,UCA_104,9/24,,,United College
2026-27 Term 1,2420,GEUC,GEUC2211D,4739,Social Service in action: PR 社會服務實踐：參與及反思,2.00,- Ms. KWAN Ting Yan,50,50,FLD,DF01,C,Th 06:30PM - 09:15PM,UCA_104,"10/8, 10/15, 10/22, 10/29, 11/5, 11/12, 11/19, 11/26, 12/3",,,United College
2026-27 Term 1,2420,GEUC,GEUC2212A,7003,Public Affairs in action: PR 公共事務實踐: 參與及反思,2.00,- Professor TAM Kam Lan Annie,50,50,FLD,AF01,C,Mo 03:30PM - 06:15PM,NRR,"9/21, 9/28, 10/5, 10/12",,,United College
2026-27 Term 1,2420,GEUC,GEUC2212A,7003,Public Affairs in action: PR 公共事務實踐: 參與及反思,2.00,- Professor TAM Kam Lan Annie,50,50,FLD,AF01,C,Mo 03:30PM - 06:15PM,NRR,"10/26, 11/2, 11/9, 11/16, 11/23, 11/30",,,United College
2026-27 Term 1,2420,GEUC,GEUC2212B,7004,Public Affairs in action: PR 公共事務實踐: 參與及反思,2.00,- Professor TAM Kam Lan Annie,50,50,FLD,BF01,E,We 06:30PM - 09:15PM,UCC_C4,"9/23, 9/30, 10/7, 10/14, 10/21, 10/28, 11/4, 11/11, 11/18, 11/25, 12/2",,,United College
2026-27 Term 1,2420,GEUC,GEUC2213-,7005,Social Innovation 社會創新：社會創業與服務,2.00,- Miss CHAN Shuk Kwan,50,50,FLD,-F01,C,Fr 03:30PM - 06:15PM,UCC_C3,"9/25, 10/2, 10/9, 10/16, 10/23, 10/30, 11/6, 11/13, 11/20, 11/27, 12/4",,,United College
2026-27 Term 1,2420,GEUC,GEUC2214-,7006,Leadership in Practice 實踐領導才：服務,2.00,- Staff,32,32,FLD,-F01,C,Th 06:30PM - 09:15PM,UCC_C5,"10/15, 10/22, 10/29, 11/5, 11/12, 11/19, 11/26, 12/3",,,United College
2026-27 Term 1,2420,GEUC,GEUC4011A,7727,Senior Seminar 專題討論,3.00,- Dr. LEUNG Tak Wah,24,4,PRJ,AJ01,C#E,Fr 03:30PM - 06:15PM,UCC_110,"9/11, 9/18, 9/25, 10/2, 10/9, 10/16, 10/23, 10/30, 11/6, 11/13, 11/20, 11/27, 12/4",Yes,Yes,United College
2026-27 Term 1,2420,GEUC,GEUC4011AA,7138,Senior Seminar 專題討論,3.00,- Professor YAO Zhihua,24,4,PRJ,AAJ1,C#E,Fr 03:30PM - 06:15PM,UCC_208,"9/11, 9/18, 9/25, 10/2, 10/9, 10/16, 10/23, 10/30, 11/6, 11/13, 11/20, 11/27, 12/4",Yes,Yes,United College
2026-27 Term 1,2420,GEUC,GEUC4011AB,7139,Senior Seminar 專題討論,3.00,- Professor YEUNG Chun Yiu,24,4,PRJ,ABJ1,C#E,Fr 03:30PM - 06:15PM,UCC_206,"9/11, 9/18, 9/25, 10/2, 10/9, 10/16, 10/23, 10/30, 11/6, 11/13, 11/20, 11/27, 12/4",Yes,Yes,United College
2026-27 Term 1,2420,GEUC,GEUC4011AC,7014,Senior Seminar 專題討論,3.00,- Professor ZHAO Jingjing,24,4,PRJ,ACJ1,C#E,Fr 03:30PM - 06:15PM,ELB_205,"9/11, 9/18, 9/25, 10/2, 10/9, 10/16, 10/23, 10/30, 11/6, 11/13, 11/20, 11/27, 12/4",Yes,Yes,United College
2026-27 Term 1,2420,GEUC,GEUC4011B,7255,Senior Seminar 專題討論,3.00,- Professor CHAN Chun Ho,24,0,PRJ,BJ01,C#E,Fr 03:30PM - 06:15PM,UCC_207,"9/11, 9/18, 9/25, 10/2, 10/9, 10/16, 10/23, 10/30, 11/6, 11/13, 11/20, 11/27, 12/4",Yes,Yes,United College
2026-27 Term 1,2420,GEUC,GEUC4011C,5830,Senior Seminar 專題討論,3.00,- Professor CHAN Kai Fung,24,0,PRJ,CJ01,C#E,Fr 03:30PM - 06:15PM,ERB_408,"9/11, 9/18, 9/25, 10/2, 10/9, 10/16, 10/23, 10/30, 11/6, 11/13, 11/20, 11/27, 12/4",Yes,Yes,United College
2026-27 Term 1,2420,GEUC,GEUC4011D,7256,Senior Seminar 專題討論,3.00,- Professor CHEN Jun,24,5,PRJ,DJ01,C#E,Fr 03:30PM - 06:15PM,YIA_507,"9/11, 9/18, 9/25, 10/2, 10/9, 10/16, 10/23, 10/30, 11/6, 11/13, 11/20, 11/27, 12/4",Yes,Yes,United College
2026-27 Term 1,2420,GEUC,GEUC4011E,7257,Senior Seminar 專題討論,3.00,- Dr. CHEUNG Yin Chu,24,4,PRJ,EJ01,C#E,Fr 03:30PM - 06:15PM,CKB_706B,"9/11, 9/18, 9/25, 10/2, 10/9, 10/16, 10/23, 10/30, 11/6, 11/13, 11/20, 11/27, 12/4",Yes,Yes,United College
2026-27 Term 1,2420,GEUC,GEUC4011F,7015,Senior Seminar 專題討論,3.00,- Professor CHOW Hei Man,24,4,PRJ,FJ01,C#E,Fr 03:30PM - 06:15PM,MMW_703,"9/11, 9/18, 9/25, 10/2, 10/9, 10/16, 10/23, 10/30, 11/6, 11/13, 11/20, 11/27, 12/4",Yes,Yes,United College
2026-27 Term 1,2420,GEUC,GEUC4011G,5828,Senior Seminar 專題討論,3.00,- Professor GAO Xiangyu,24,4,PRJ,GJ01,C#E,Fr 03:30PM - 06:15PM,WMY_302,"9/11, 9/18, 9/25, 10/2, 10/9, 10/16, 10/23, 10/30, 11/6, 11/13, 11/20, 11/27, 12/4",Yes,Yes,United College
2026-27 Term 1,2420,GEUC,GEUC4011H,7258,Senior Seminar 專題討論,3.00,- Professor Adam Jasper SMITH,24,4,PRJ,HJ01,E,Fr 03:30PM - 06:15PM,YIA_508,"9/11, 9/18, 9/25, 10/2, 10/9, 10/16, 10/23, 10/30, 11/6, 11/13, 11/20, 11/27, 12/4",Yes,Yes,United College
2026-27 Term 1,2420,GEUC,GEUC4011I,5829,Senior Seminar 專題討論,3.00,- Dr. IP Tak Sang,24,4,PRJ,IJ01,C#E,Fr 03:30PM - 06:15PM,YIA_409,"9/11, 9/18, 9/25, 10/2, 10/9, 10/16, 10/23, 10/30, 11/6, 11/13, 11/20, 11/27, 12/4",Yes,Yes,United College
2026-27 Term 1,2420,GEUC,GEUC4011J,7770,Senior Seminar 專題討論,3.00,- Dr. JIANG Yuli,24,4,PRJ,JJ01,C#E,Fr 03:30PM - 06:15PM,ERB_407,"9/11, 9/18, 9/25, 10/2, 10/9, 10/16, 10/23, 10/30, 11/6, 11/13, 11/20, 11/27, 12/4",Yes,Yes,United College
2026-27 Term 1,2420,GEUC,GEUC4011K,7259,Senior Seminar 專題討論,3.00,- Dr. KWAN Cheuk Kin,24,4,PRJ,KJ01,C#E,Fr 03:30PM - 06:15PM,WMY_503,"9/11, 9/18, 9/25, 10/2, 10/9, 10/16, 10/23, 10/30, 11/6, 11/13, 11/20, 11/27, 12/4",Yes,Yes,United College
2026-27 Term 1,2420,GEUC,GEUC4011L,7017,Senior Seminar 專題討論,3.00,- Dr. LI Chun Che,24,0,PRJ,LJ01,C#E,Fr 03:30PM - 06:15PM,ERB_713,"9/11, 9/18, 9/25, 10/2, 10/9, 10/16, 10/23, 10/30, 11/6, 11/13, 11/20, 11/27, 12/4",Yes,Yes,United College
2026-27 Term 1,2420,GEUC,GEUC4011M,5831,Senior Seminar 專題討論,3.00,- Professor LOK Tat Ming,24,4,PRJ,MJ01,C#E,Fr 03:30PM - 06:15PM,ERB_402,"9/11, 9/18, 9/25, 10/2, 10/9, 10/16, 10/23, 10/30, 11/6, 11/13, 11/20, 11/27, 12/4",Yes,Yes,United College
2026-27 Term 1,2420,GEUC,GEUC4011N,7771,Senior Seminar 專題討論,3.00,- Dr. MOK Tik Lun,24,5,PRJ,NJ01,C#E,Fr 03:30PM - 06:15PM,HYS_G01,"9/11, 9/18, 9/25, 10/2, 10/9, 10/16, 10/23, 10/30, 11/6, 11/13, 11/20, 11/27, 12/4",Yes,Yes,United College
2026-27 Term 1,2420,GEUC,GEUC4011O,7260,Senior Seminar 專題討論,3.00,- Professor SHAO Baihao,24,4,PRJ,OJ01,C#E,Fr 03:30PM - 06:15PM,BMS_1,"9/11, 9/18, 9/25, 10/2, 10/9, 10/16, 10/23, 10/30, 11/6, 11/13, 11/20, 11/27, 12/4",Yes,Yes,United College
2026-27 Term 1,2420,GEUC,GEUC4011P,7497,Senior Seminar 專題討論,3.00,- Professor SHEN Jianfa,24,4,PRJ,PJ01,C#E,Fr 03:30PM - 06:15PM,CKB_706C,"9/11, 9/18, 9/25, 10/2, 10/9, 10/16, 10/23, 10/30, 11/6, 11/13, 11/20, 11/27, 12/4",Yes,Yes,United College
2026-27 Term 1,2420,GEUC,GEUC4011Q,7261,Senior Seminar 專題討論,3.00,- Professor SHI Weilei,24,4,PRJ,QJ01,P#E,Fr 03:30PM - 06:15PM,WMY_501,"9/11, 9/18, 9/25, 10/2, 10/9, 10/16, 10/23, 10/30, 11/6, 11/13, 11/20, 11/27, 12/4",Yes,Yes,United College
2026-27 Term 1,2420,GEUC,GEUC4011R,7016,Senior Seminar 專題討論,3.00,- Ms. NG I Ling - Professor TAM Wai Lun,24,4,PRJ,RJ01,C#E,Fr 03:30PM - 06:15PM,LSK_208,"9/11, 9/18, 9/25, 10/2, 10/9, 10/16, 10/23, 10/30, 11/6, 11/13, 11/20, 11/27, 12/4",Yes,Yes,United College
2026-27 Term 1,2420,GEUC,GEUC4011S,5832,Senior Seminar 專題討論,3.00,- Professor TANG Wing Ki,24,4,PRJ,SJ01,C#E,Fr 03:30PM - 06:15PM,FYB_603,"9/11, 9/18, 9/25, 10/2, 10/9, 10/16, 10/23, 10/30, 11/6, 11/13, 11/20, 11/27, 12/4",Yes,Yes,United College
2026-27 Term 1,2420,GEUC,GEUC4011T,7262,Senior Seminar 專題討論,3.00,- Professor TO Kin Wah,24,4,PRJ,TJ01,C#E,Fr 03:30PM - 06:15PM,YIA_406,"9/11, 9/18, 9/25, 10/2, 10/9, 10/16, 10/23, 10/30, 11/6, 11/13, 11/20, 11/27, 12/4",Yes,Yes,United College
2026-27 Term 1,2420,GEUC,GEUC4011U,7263,Senior Seminar 專題討論,3.00,- Professor TONG Man,24,0,PRJ,UJ01,C#E,Fr 03:30PM - 06:15PM,WMY_306,"9/11, 9/18, 9/25, 10/2, 10/9, 10/16, 10/23, 10/30, 11/6, 11/13, 11/20, 11/27, 12/4",Yes,Yes,United College
2026-27 Term 1,2420,GEUC,GEUC4011V,7264,Senior Seminar 專題討論,3.00,- Dr. WONG Tat Wing,24,4,PRJ,VJ01,C,Fr 03:30PM - 06:15PM,MMW_702,"9/11, 9/18, 9/25, 10/2, 10/9, 10/16, 10/23, 10/30, 11/6, 11/13, 11/20, 11/27, 12/4",Yes,Yes,United College
2026-27 Term 1,2420,GEUC,GEUC4011W,4740,Senior Seminar 專題討論,3.00,- Professor WU Xixin,24,4,PRJ,WJ01,C,Fr 03:30PM - 06:15PM,LSK_408,"9/11, 9/18, 9/25, 10/2, 10/9, 10/16, 10/23, 10/30, 11/6, 11/13, 11/20, 11/27, 12/4",Yes,Yes,United College
2026-27 Term 1,2420,GEUC,GEUC4011X,4741,Senior Seminar 專題討論,3.00,- Professor XUE Haoran,24,4,PRJ,XJ01,P#E,Fr 03:30PM - 06:15PM,LSK_404,"9/11, 9/18, 9/25, 10/2, 10/9, 10/16, 10/23, 10/30, 11/6, 11/13, 11/20, 11/27, 12/4",Yes,Yes,United College
2026-27 Term 1,2420,GEUC,GEUC4011Y,7265,Senior Seminar 專題討論,3.00,- Professor XUE Ying,24,4,PRJ,YJ01,C#E,Fr 03:30PM - 06:15PM,ERB_404,"9/11, 9/18, 9/25, 10/2, 10/9, 10/16, 10/23, 10/30, 11/6, 11/13, 11/20, 11/27, 12/4",Yes,Yes,United College
2026-27 Term 1,2420,GEUC,GEUC4011Z,7018,Senior Seminar 專題討論,3.00,- Professor YANG Tian,24,4,PRJ,ZJ01,C#E,Fr 03:30PM - 06:15PM,NAH_11,"9/11, 9/18, 9/25, 10/2, 10/9, 10/16, 10/23, 10/30, 11/6, 11/13, 11/20, 11/27, 12/4",Yes,Yes,United College
2026-27 Term 1,2420,GEUC,GEUC4012-,4742,Social Enterprise & Innovation 社會企業與創新：實習,3.00,- Dr. TSE Sze Hei,30,0,PRA,-P01,C,Fr 06:30PM - 09:15PM,YIA_405,"9/11, 9/18, 9/25, 10/2, 10/9, 10/16, 10/23, 10/30, 11/6, 11/13, 11/20, 11/27, 12/4",Yes,Yes,United College
2026-27 Term 1,2420,GEWS,GEWS1000-,9416,College Assembly/High Table 書院週會／高桌晚宴,0.00,- Professor LIU Yan,400,0,ASB,-A01,C#E,Fr 11:30AM - 01:15PM,LSK_LT6,"9/11, 9/18, 9/25, 10/2, 10/9, 10/16, 10/23, 10/30, 11/6, 11/13, 11/20, 11/27, 12/4",Yes,Yes,Lee Woo Sing College
2026-27 Term 1,2420,GEWS,GEWS1011-,5850,College Induction Course 新生啟導科目,3.00,- Professor LIU Yan,350,348,LEC,-,C,Fr 02:30PM - 05:15PM,LSK_LT5,9/11,Yes,Yes,Lee Woo Sing College
2026-27 Term 1,2420,GEWS,GEWS1011-,5850,College Induction Course 新生啟導科目,3.00,- Professor LIU Yan,350,348,LEC,-,C,Fr 02:30PM - 05:15PM,YIA_LT1,9/18,Yes,Yes,Lee Woo Sing College
2026-27 Term 1,2420,GEWS,GEWS1011-,5850,College Induction Course 新生啟導科目,3.00,- Professor LIU Yan,35,34,TUT,-T01,C,Fr 02:30PM - 05:15PM,ERB_712,"9/25, 10/2, 10/9, 10/16, 10/23, 10/30, 11/6, 11/13, 11/20, 11/27, 12/4",Yes,Yes,Lee Woo Sing College
2026-27 Term 1,2420,GEWS,GEWS1011-,5850,College Induction Course 新生啟導科目,3.00,- Professor LIU Yan,35,34,TUT,-T02,C,Fr 02:30PM - 05:15PM,ERB_804,"9/25, 10/2, 10/9, 10/16, 10/23, 10/30, 11/6, 11/13, 11/20, 11/27, 12/4",Yes,Yes,Lee Woo Sing College
2026-27 Term 1,2420,GEWS,GEWS1011-,5850,College Induction Course 新生啟導科目,3.00,- Professor LIU Yan,35,35,TUT,-T03,C,Fr 02:30PM - 05:15PM,LSK_304,"9/25, 10/2, 10/9, 10/16, 10/23, 10/30, 11/6, 11/13, 11/20, 11/27, 12/4",Yes,Yes,Lee Woo Sing College
2026-27 Term 1,2420,GEWS,GEWS1011-,5850,College Induction Course 新生啟導科目,3.00,- Professor LIU Yan,35,35,TUT,-T04,C,Fr 02:30PM - 05:15PM,LSK_515,"9/25, 10/2, 10/9, 10/16, 10/23, 10/30, 11/6, 11/13, 11/20, 11/27, 12/4",Yes,Yes,Lee Woo Sing College
2026-27 Term 1,2420,GEWS,GEWS1011-,5850,College Induction Course 新生啟導科目,3.00,- Professor LIU Yan,35,35,TUT,-T05,C,Fr 02:30PM - 05:15PM,ERB_703,"9/25, 10/2, 10/9, 10/16, 10/23, 10/30, 11/6, 11/13, 11/20, 11/27, 12/4",Yes,Yes,Lee Woo Sing College
2026-27 Term 1,2420,GEWS,GEWS1011-,5850,College Induction Course 新生啟導科目,3.00,- Professor LIU Yan,35,35,TUT,-T06,C,Fr 02:30PM - 05:15PM,LSK_201,"9/25, 10/2, 10/9, 10/16, 10/23, 10/30, 11/6, 11/13, 11/20, 11/27, 12/4",Yes,Yes,Lee Woo Sing College
2026-27 Term 1,2420,GEWS,GEWS1011-,5850,College Induction Course 新生啟導科目,3.00,- Professor LIU Yan,35,35,TUT,-T07,C,Fr 02:30PM - 05:15PM,LSK_306,"9/25, 10/2, 10/9, 10/16, 10/23, 10/30, 11/6, 11/13, 11/20, 11/27, 12/4",Yes,Yes,Lee Woo Sing College
2026-27 Term 1,2420,GEWS,GEWS1011-,5850,College Induction Course 新生啟導科目,3.00,- Professor LIU Yan,35,35,TUT,-T08,C,Fr 02:30PM - 05:15PM,ERB_706,"9/25, 10/2, 10/9, 10/16, 10/23, 10/30, 11/6, 11/13, 11/20, 11/27, 12/4",Yes,Yes,Lee Woo Sing College
2026-27 Term 1,2420,GEWS,GEWS1011-,5850,College Induction Course 新生啟導科目,3.00,- Professor LIU Yan,35,35,TUT,-T09,C,Fr 02:30PM - 05:15PM,ERB_405,"9/25, 10/2, 10/9, 10/16, 10/23, 10/30, 11/6, 11/13, 11/20, 11/27, 12/4",Yes,Yes,Lee Woo Sing College
2026-27 Term 1,2420,GEWS,GEWS1011-,5850,College Induction Course 新生啟導科目,3.00,- Professor LIU Yan,35,35,TUT,-T10,C,Fr 02:30PM - 05:15PM,ERB_803,"9/25, 10/2, 10/9, 10/16, 10/23, 10/30, 11/6, 11/13, 11/20, 11/27, 12/4",Yes,Yes,Lee Woo Sing College
2026-27 Term 1,2420,GEWS,GEWS1012-,4999,"Exploration of Self, UNIV & HK 發掘自我、大學及當地文化",3.00,- Professor ZHOU Jingying,70,70,LEC,-,E,Fr 02:30PM - 05:15PM,LSK_LT4,9/11,Yes,Yes,Lee Woo Sing College
2026-27 Term 1,2420,GEWS,GEWS1012-,4999,"Exploration of Self, UNIV & HK 發掘自我、大學及當地文化",3.00,- Professor ZHOU Jingying,70,70,LEC,-,E,Fr 02:30PM - 05:15PM,YIA_LT3,9/18,Yes,Yes,Lee Woo Sing College
2026-27 Term 1,2420,GEWS,GEWS1012-,4999,"Exploration of Self, UNIV & HK 發掘自我、大學及當地文化",3.00,- Professor ZHOU Jingying,35,35,TUT,-T01,E,Fr 02:30PM - 05:15PM,LHC_101,"9/25, 10/2, 10/9, 10/16, 10/23, 10/30, 11/6, 11/13, 11/20, 11/27, 12/4",Yes,Yes,Lee Woo Sing College
2026-27 Term 1,2420,GEWS,GEWS1012-,4999,"Exploration of Self, UNIV & HK 發掘自我、大學及當地文化",3.00,- Professor ZHOU Jingying,35,35,TUT,-T02,E,Fr 02:30PM - 05:15PM,LHC_G06,"9/25, 10/2, 10/9, 10/16, 10/23, 10/30, 11/6, 11/13, 11/20, 11/27, 12/4",Yes,Yes,Lee Woo Sing College
2026-27 Term 1,2420,GEWS,GEWS2011-,8866,The Art of Leadership 領導藝術,3.00,- Staff,40,40,LEC,-,C,Fr 02:30PM - 05:15PM,WS1_LG301,"9/11, 9/18, 9/25, 10/2, 10/9, 10/16, 10/23, 10/30, 11/6, 11/13, 11/20, 11/27, 12/4",,,Lee Woo Sing College
2026-27 Term 1,2420,GEWS,GEWS2041-,8893,Future of Food 糧食的未來,3.00,- Staff,20,20,LEC,-,C,We 02:30PM - 05:15PM,WS1_205,"9/9, 9/16, 9/23, 9/30, 10/7, 10/14, 10/21, 10/28, 11/4, 11/11, 11/18, 11/25, 12/2",,,Lee Woo Sing College
2026-27 Term 1,2420,GEWS,GEWS2111-,9761,History from Words 從文本看歷史,3.00,- Staff,30,30,LEC,-,C,Fr 02:30PM - 05:15PM,WMY_504,"9/11, 9/18, 9/25, 10/2, 10/9, 10/16, 10/23, 10/30, 11/6, 11/13, 11/20, 11/27, 12/4",,,Lee Woo Sing College
2026-27 Term 1,2420,GEWS,GEWS2151-,9680,Emotional Wellness Promotion 與情緒同行：理論及實踐,3.00,- Dr. LEUNG Ying Ying,60,60,TUT,-T01,C&E,Th 02:30PM - 05:15PM,MMW_703,"9/10, 9/17, 9/24",,,Lee Woo Sing College
2026-27 Term 1,2420,GEWS,GEWS2151-,9680,Emotional Wellness Promotion 與情緒同行：理論及實踐,3.00,- Dr. LEUNG Ying Ying,60,60,TUT,-T01,C&E,Th 02:30PM - 05:15PM,MMW_703,"10/8, 10/15, 10/22, 10/29, 11/5, 11/12, 11/19, 11/26, 12/3",,,Lee Woo Sing College
2026-27 Term 1,2420,GEYS,GEYS1000-,5797,College Assembly/ Forum 書院聚會／書院論壇,0.00,- Staff,1300,433,ASB,-A01,C&E,Fr 11:30AM - 01:15PM,LSK_LT5,"9/11, 9/18, 9/25, 10/2, 10/9, 10/16, 10/23, 10/30, 11/6, 11/13, 11/20, 11/27, 12/4",Yes,Yes,Wu Yee Sun College
2026-27 Term 1,2420,GEYS,GEYS1010-,5732,Creative Social Responsibility 創新社會責任及持續發展,3.00,- Dr. LEUNG Po Kin - Professor LEE Albert - Professor LEE LAI Annisa - Professor POON Ming Kay,150,150,LEC,-,C&E,Fr 03:30PM - 06:15PM,SC_L1,"9/11, 9/18, 9/25, 10/2, 10/9, 10/16, 10/23, 10/30, 11/6, 11/13, 11/20, 11/27, 12/4",,,Wu Yee Sun College
2026-27 Term 1,2420,GEYS,GEYS4010A,7790,College Senior Seminar 專題討論,3.00,- Dr. WONG Kwong Cheong,65,16,SEM,AS01,C&E,Fr 03:30PM - 06:15PM,LSB_LT2,"9/11, 9/18, 9/25, 10/2, 10/9, 10/16, 10/23, 10/30, 11/6, 11/13, 11/20, 11/27, 12/4",Yes,Yes,Wu Yee Sun College
2026-27 Term 1,2420,GEYS,GEYS4010B,7789,College Senior Seminar 專題討論,3.00,- Professor FAN Kin Keung,65,22,SEM,BS01,C&E,Fr 03:30PM - 06:15PM,LHC_104,"9/11, 9/18, 9/25, 10/2, 10/9, 10/16, 10/23, 10/30, 11/6, 11/13, 11/20, 11/27, 12/4",Yes,Yes,Wu Yee Sun College
2026-27 Term 1,2420,GEYS,GEYS4010C,5717,College Senior Seminar 專題討論,3.00,- Dr. LAM Lai Ling,65,22,SEM,CS01,C&E,Fr 03:30PM - 06:15PM,SC_L5,"9/11, 9/18, 9/25, 10/2, 10/9, 10/16, 10/23, 10/30, 11/6, 11/13, 11/20, 11/27, 12/4",Yes,Yes,Wu Yee Sun College
2026-27 Term 1,2420,GEYS,GEYS4010D,5736,College Senior Seminar 專題討論,3.00,- Professor Hugh Alun Lloyd THOMAS,65,42,SEM,DS01,E,Fr 03:30PM - 06:15PM,KKB_101,"9/11, 9/18, 9/25, 10/2, 10/9, 10/16, 10/23, 10/30, 11/6, 11/13, 11/20, 11/27, 12/4",Yes,Yes,Wu Yee Sun College
2026-27 Term 1,2420,GEYS,GEYS4010E,5594,College Senior Seminar 專題討論,3.00,- Professor LEUNG Tse Fong Terry,65,55,SEM,ES01,C&E,Fr 03:30PM - 06:15PM,MMW_710,"9/11, 9/18, 9/25, 10/2, 10/9, 10/16, 10/23, 10/30, 11/6, 11/13, 11/20, 11/27, 12/4",Yes,Yes,Wu Yee Sun College
2026-27 Term 1,2420,GEYS,GEYS4010F,10063,College Senior Seminar 專題討論,3.00,- Staff,45,45,SEM,FS01,C&E,Fr 03:30PM - 06:15PM,LSB_LT5,"9/11, 9/18, 9/25, 10/2, 10/9, 10/16, 10/23, 10/30, 11/6, 11/13, 11/20, 11/27, 12/4",Yes,Yes,Wu Yee Sun College
2026-27 Term 1,2420,GEYS,GEYS4011A,10064,Community Engagement 實踐社會責任：服務學習,3.00,- Staff,45,0,PRJ,AJ01,C&E,Fr 03:30PM - 06:15PM,MMW_705,"9/11, 9/18, 9/25, 10/2, 10/9, 10/16, 10/23, 10/30, 11/6, 11/13, 11/20, 11/27, 12/4",Yes,Yes,Wu Yee Sun College
2026-27 Term 1,2420,GEYS,GEYS4011B,10065,Community Engagement 實踐社會責任：服務學習,3.00,- Staff,45,0,PRJ,BJ01,C&E,Fr 03:30PM - 06:15PM,LDS_214,"9/11, 9/18, 9/25, 10/2, 10/9, 10/16, 10/23, 10/30, 11/6, 11/13, 11/20, 11/27, 12/4",Yes,Yes,Wu Yee Sun College
2026-27 Term 1,2420,GLEF,GLEF3010-,7750,International Monetary Systems 國際貨幣制度,3.00,- Dr. MOK Kai Chung,50,10,LEC,-,E,Tu 10:30AM - 01:15PM,CYT_202,"9/8, 9/15, 9/22, 9/29, 10/6, 10/13, 10/20, 10/27, 11/3, 11/10, 11/17, 11/24, 12/1",,,Global Economics & Finance PC
2026-27 Term 1,2420,GLEF,GLEF3030-,9422,Global Financial Markets 環球金融市場,3.00,- Dr. KOT Hung Wan,51,19,LEC,-,E,Th 02:30PM - 05:15PM,FYB_UG02,"9/10, 9/17, 9/24",,,Global Economics & Finance PC
2026-27 Term 1,2420,GLEF,GLEF3030-,9422,Global Financial Markets 環球金融市場,3.00,- Dr. KOT Hung Wan,51,19,LEC,-,E,Th 02:30PM - 05:15PM,FYB_UG02,"10/8, 10/15, 10/22, 10/29, 11/5, 11/12, 11/19, 11/26, 12/3",,,Global Economics & Finance PC
2026-27 Term 1,2420,GLEF,GLEF4020-,9877,Banking & Financial Regulation 國際金融與銀行監管,3.00,- Dr. HO Cheuk Yin,40,40,LEC,-,E,Tu 01:30PM - 04:15PM,HYS_501,"9/8, 9/15, 9/22, 9/29, 10/6, 10/13, 10/20, 10/27, 11/3, 11/10, 11/17, 11/24, 12/1",,,Global Economics & Finance PC
2026-27 Term 1,2420,GLEF,GLEF4090-,6363,Research Project 環球經濟金融學之研究課題,3.00,- Professor Mark HUP,15,2,PRJ,-J01,E,TBA,NRR,07/09/2026 - 30/11/2026,Yes,Yes,Global Economics & Finance PC
2026-27 Term 1,2420,GLSD,GLSD1001A,5807,Theo. Perspectives on Glob. 全球化的理論視角,3.00,- Dr. HORIUCHI Toru - Dr. HUNG Wing Lok - Professor CHEUNG Ho Ming - Professor LEE Fung,30,28,LEC,A,E,Th 10:30AM - 01:15PM,WMY_504,"9/10, 9/17, 9/24",,Yes,Global Studies Pgm Comm
2026-27 Term 1,2420,GLSD,GLSD1001A,5807,Theo. Perspectives on Glob. 全球化的理論視角,3.00,- Dr. HORIUCHI Toru - Dr. HUNG Wing Lok - Professor CHEUNG Ho Ming - Professor LEE Fung,30,28,LEC,A,E,Th 10:30AM - 01:15PM,WMY_504,"10/8, 10/15, 10/22, 10/29, 11/5, 11/12, 11/19, 11/26, 12/3",,Yes,Global Studies Pgm Comm
2026-27 Term 1,2420,GLSD,GLSD2001-,5593,Research Methods for GS 全球研究的研究方法,3.00,- Dr. CHEUNG Ho Yan Yannie,45,25,LEC,-,E,Mo 02:30PM - 05:15PM,UCC_201,"9/7, 9/14, 9/21, 9/28, 10/5, 10/12",,,Global Studies Pgm Comm
2026-27 Term 1,2420,GLSD,GLSD2001-,5593,Research Methods for GS 全球研究的研究方法,3.00,- Dr. CHEUNG Ho Yan Yannie,45,25,LEC,-,E,Mo 02:30PM - 05:15PM,UCC_201,"10/26, 11/2, 11/9, 11/16, 11/23, 11/30",,,Global Studies Pgm Comm
2026-27 Term 1,2420,GLSD,GLSD2101-,5686,Global Communication 全球傳播,3.00,- Mr. POON Chi Hang Aries,50,50,LEC,-,E,Mo 10:30AM - 01:15PM,UCC_C4,"9/7, 9/14, 9/21, 9/28, 10/5, 10/12",,,Global Studies Pgm Comm
2026-27 Term 1,2420,GLSD,GLSD2101-,5686,Global Communication 全球傳播,3.00,- Mr. POON Chi Hang Aries,50,50,LEC,-,E,Mo 10:30AM - 01:15PM,UCC_C4,"10/26, 11/2, 11/9, 11/16, 11/23, 11/30",,,Global Studies Pgm Comm
2026-27 Term 1,2420,GLSD,GLSD2501-,7125,World Economic Order 世界經濟秩序,3.00,- Dr. Efstratios POURZITAKIS,30,30,LEC,-,E,Tu 02:30PM - 05:15PM,NAH_114,"9/8, 9/15, 9/22, 9/29, 10/6, 10/13, 10/20, 10/27, 11/3, 11/10, 11/17, 11/24, 12/1",,,Global Studies Pgm Comm
2026-27 Term 1,2420,GLSD,GLSD3404-,7485,Japan and Global Pol. Econ. 日本與全球政治經濟,3.00,- Dr. HORIUCHI Toru,45,45,LEC,-,E,Tu 02:30PM - 05:15PM,NAH_12,"9/8, 9/15, 9/22, 9/29, 10/6, 10/13, 10/20, 10/27, 11/3, 11/10, 11/17, 11/24, 12/1",,,Global Studies Pgm Comm
2026-27 Term 1,2420,GLSD,GLSD3411-,8562,Special Topic in Sus & Env 可持續發展和環境專題,3.00,- Dr. Maria Del Mar FRANCESCH HUIDOBRO,30,30,LEC,-,E,We 02:30PM - 05:15PM,UCC_207,"9/9, 9/16, 9/23, 9/30, 10/7, 10/14, 10/21, 10/28, 11/4, 11/11, 11/18, 11/25, 12/2",,,Global Studies Pgm Comm
2026-27 Term 1,2420,GLSD,GLSD3511-,8468,Special Topic in Global Econ 全球經濟專題,3.00,- Dr. HUNG Wing Lok,30,30,LEC,-,E,We 10:30AM - 01:15PM,UCC_208,"9/9, 9/16, 9/23, 9/30, 10/7, 10/14, 10/21, 10/28, 11/4, 11/11, 11/18, 11/25, 12/2",,,Global Studies Pgm Comm
2026-27 Term 1,2420,GLSD,GLSD3601-,7905,Internship 實習,3.00,- Dr. CHEUNG Ho Yan Yannie,30,11,PRA,-P01,C&E,TBA,NRR,07/09/2026 - 30/11/2026,Yes,Yes,Global Studies Pgm Comm
2026-27 Term 1,2420,GLSD,GLSD4001-,6360,GS Capstone Thesis I 全球研究畢業論文（一）,3.00,- Dr. CHEUNG Ho Yan Yannie - Dr. HORIUCHI Toru - Dr. HUNG Wing Lok - Professor LEE Fung - Professor WONG Seanon Si Lon,30,30,TMC,-M01,E,TBA,NRR,07/09/2026 - 30/11/2026,Yes,Yes,Global Studies Pgm Comm
2026-27 Term 1,2420,GLSD,GLSD4002-,6421,GS Capstone Thesis II 全球研究畢業論文（二）,3.00,- Dr. CHEUNG Ho Yan Yannie - Dr. HORIUCHI Toru - Dr. HUNG Wing Lok - Professor LEE Fung,30,30,TMC,-M01,C&E,TBA,NRR,07/09/2026 - 30/11/2026,Yes,Yes,Global Studies Pgm Comm
2026-27 Term 1,2420,GLSD,GLSD4003-,6420,GS Capstone Project I 全球研究畢業報告（一）,3.00,- Dr. CHEUNG Ho Yan Yannie - Dr. HORIUCHI Toru - Dr. HUNG Wing Lok - Professor LEE Fung,30,30,PRJ,-J01,C&E,TBA,NRR,07/09/2026 - 30/11/2026,Yes,Yes,Global Studies Pgm Comm
2026-27 Term 1,2420,GLSD,GLSD4004-,6446,GS Capstone Project II 全球研究畢業報告（二）,3.00,- Dr. CHEUNG Ho Yan Yannie - Dr. HORIUCHI Toru - Dr. HUNG Wing Lok - Professor LEE Fung,30,30,PRJ,-J01,C&E,TBA,NRR,07/09/2026 - 30/11/2026,Yes,Yes,Global Studies Pgm Comm
2026-27 Term 1,2420,GPAD,GPAD1000-,6682,Learning GPA 認識政政,3.00,- Dr. LEE Ka Kiu,30,30,LEC,-,C&E,We 10:30AM - 01:15PM,UCC_C4,"9/9, 9/16, 9/23, 9/30, 10/7, 10/14, 10/21, 10/28, 11/4, 11/11, 11/18, 11/25, 12/2",,,Government & Public Admin PC
2026-27 Term 1,2420,GPAD,GPAD1015-,8547,Politics and Mass Media 政治與大眾傳媒,3.00,- Dr. KWAN Chung Yin,55,55,LEC,-,C&E,We 02:30PM - 05:15PM,UCA_104,"9/9, 9/16, 9/23, 9/30, 10/7, 10/14, 10/21, 10/28, 11/4, 11/11, 11/18, 11/25, 12/2",,,Government & Public Admin PC
2026-27 Term 1,2420,GPAD,GPAD1020B,6684,Fundamentals of Government 政治學初基,3.00,- Dr. LI Ho Fai,60,60,LEC,B,E,Th 02:30PM - 05:15PM,LSB_C2,"9/10, 9/17, 9/24",,,Government & Public Admin PC
2026-27 Term 1,2420,GPAD,GPAD1020B,6684,Fundamentals of Government 政治學初基,3.00,- Dr. LI Ho Fai,60,60,LEC,B,E,Th 02:30PM - 05:15PM,LSB_C2,"10/8, 10/15, 10/22, 10/29, 11/5, 11/12, 11/19, 11/26, 12/3",,,Government & Public Admin PC
2026-27 Term 1,2420,GPAD,GPAD1050B,5264,Government of Hong Kong 香港政府,3.00,- Dr. LI Ho Fai,70,70,LEC,B,E,Tu 10:30AM - 01:15PM,UCC_C1,"9/8, 9/15, 9/22, 9/29, 10/6, 10/13, 10/20, 10/27, 11/3, 11/10, 11/17, 11/24, 12/1",,,Government & Public Admin PC
2026-27 Term 1,2420,GPAD,GPAD2020-,6686,Politics of Culture 文化政治學,3.00,- Dr. LEE Ka Kiu,50,50,LEC,-,C&E,Tu 03:30PM - 06:15PM,UCC_111,"9/8, 9/15, 9/22, 9/29, 10/6, 10/13, 10/20, 10/27, 11/3, 11/10, 11/17, 11/24, 12/1",,,Government & Public Admin PC
2026-27 Term 1,2420,GPAD,GPAD2130-,9707,Intro Comparative Politics 比較政治入門,3.00,- Dr. LI Qin,84,84,LEC,-,E,We 03:30PM - 06:15PM,NAH_115,"9/9, 9/16, 9/23, 9/30, 10/7, 10/14, 10/21, 10/28, 11/4, 11/11, 11/18, 11/25, 12/2",,,Government & Public Admin PC
2026-27 Term 1,2420,GPAD,GPAD2345-,5758,International Politics 國際政治,3.00,- Professor WONG Seanon Si Lon,70,70,LEC,-,E,We 09:30AM - 12:15PM,LSK_LT3,"9/9, 9/16, 9/23, 9/30, 10/7, 10/14, 10/21, 10/28, 11/4, 11/11, 11/18, 11/25, 12/2",,,Government & Public Admin PC
2026-27 Term 1,2420,GPAD,GPAD2370-,6688,Taiwan Studies 台灣研究,3.00,- Dr. KWAN Chung Yin,60,60,LEC,-,E,Tu 10:30AM - 12:15PM,UCC_C5,"9/8, 9/15, 9/22, 9/29, 10/6, 10/13, 10/20, 10/27, 11/3, 11/10, 11/17, 11/24, 12/1",,,Government & Public Admin PC
2026-27 Term 1,2420,GPAD,GPAD2370-,6688,Taiwan Studies 台灣研究,3.00,- Dr. KWAN Chung Yin,30,30,TUT,-T01,E,Th 11:30AM - 01:15PM,NAH_12,9/24,,,Government & Public Admin PC
2026-27 Term 1,2420,GPAD,GPAD2370-,6688,Taiwan Studies 台灣研究,3.00,- Dr. KWAN Chung Yin,30,30,TUT,-T01,E,Th 11:30AM - 01:15PM,NAH_12,"10/8, 10/15, 10/22, 10/29",,,Government & Public Admin PC
2026-27 Term 1,2420,GPAD,GPAD2370-,6688,Taiwan Studies 台灣研究,3.00,- Dr. KWAN Chung Yin,30,30,TUT,-T01,E,Th 11:30AM - 01:15PM,NAH_12,"11/12, 11/19, 11/26",,,Government & Public Admin PC
2026-27 Term 1,2420,GPAD,GPAD2370-,6688,Taiwan Studies 台灣研究,3.00,- Dr. KWAN Chung Yin,30,30,TUT,-T02,E,Th 02:30PM - 04:15PM,UCC_114,9/24,,,Government & Public Admin PC
2026-27 Term 1,2420,GPAD,GPAD2370-,6688,Taiwan Studies 台灣研究,3.00,- Dr. KWAN Chung Yin,30,30,TUT,-T02,E,Th 02:30PM - 04:15PM,UCC_114,"10/8, 10/15, 10/22, 10/29",,,Government & Public Admin PC
2026-27 Term 1,2420,GPAD,GPAD2370-,6688,Taiwan Studies 台灣研究,3.00,- Dr. KWAN Chung Yin,30,30,TUT,-T02,E,Th 02:30PM - 04:15PM,UCC_114,"11/12, 11/19, 11/26",,,Government & Public Admin PC
2026-27 Term 1,2420,GPAD,GPAD3070-,7162,Contem Pol Philosophy 當代政治哲學,3.00,- Professor CHOW Po Chung,60,60,LEC,-,C&E,We 02:30PM - 04:15PM,UCC_C4,"9/9, 9/16, 9/23, 9/30, 10/7, 10/14, 10/21, 10/28, 11/4, 11/11, 11/18, 11/25, 12/2",,,Government & Public Admin PC
2026-27 Term 1,2420,GPAD,GPAD3070-,7162,Contem Pol Philosophy 當代政治哲學,3.00,- Professor CHOW Po Chung,20,20,TUT,-T01,C&E,Mo 12:30PM - 02:15PM,UCC_102,"9/21, 9/28, 10/5, 10/12",,,Government & Public Admin PC
2026-27 Term 1,2420,GPAD,GPAD3070-,7162,Contem Pol Philosophy 當代政治哲學,3.00,- Professor CHOW Po Chung,20,20,TUT,-T01,C&E,Mo 12:30PM - 02:15PM,UCC_102,"10/26, 11/2, 11/9, 11/16, 11/23, 11/30",,,Government & Public Admin PC
2026-27 Term 1,2420,GPAD,GPAD3070-,7162,Contem Pol Philosophy 當代政治哲學,3.00,- Professor CHOW Po Chung,20,20,TUT,-T02,C&E,Th 01:30PM - 03:15PM,UCC_105,9/24,,,Government & Public Admin PC
2026-27 Term 1,2420,GPAD,GPAD3070-,7162,Contem Pol Philosophy 當代政治哲學,3.00,- Professor CHOW Po Chung,20,20,TUT,-T02,C&E,Th 01:30PM - 03:15PM,UCC_105,"10/8, 10/15, 10/22, 10/29, 11/5, 11/12, 11/19, 11/26, 12/3",,,Government & Public Admin PC
2026-27 Term 1,2420,GPAD,GPAD3070-,7162,Contem Pol Philosophy 當代政治哲學,3.00,- Professor CHOW Po Chung,20,20,TUT,-T03,C&E,Th 03:30PM - 05:15PM,UCC_105,9/24,,,Government & Public Admin PC
2026-27 Term 1,2420,GPAD,GPAD3070-,7162,Contem Pol Philosophy 當代政治哲學,3.00,- Professor CHOW Po Chung,20,20,TUT,-T03,C&E,Th 03:30PM - 05:15PM,UCC_105,"10/8, 10/15, 10/22, 10/29, 11/5, 11/12, 11/19, 11/26, 12/3",,,Government & Public Admin PC
2026-27 Term 1,2420,GPAD,GPAD3160-,7163,Governance of European Union 歐盟管治,3.00,- Dr. James Floyd DOWNES,40,40,LEC,-,E,Tu 03:30PM - 06:15PM,NAH_213,"9/8, 9/15, 9/22, 9/29, 10/6, 10/13, 10/20, 10/27, 11/3, 11/10, 11/17, 11/24, 12/1",,,Government & Public Admin PC
2026-27 Term 1,2420,GPAD,GPAD3451-,6687,Int'l Political Economy 國際政治經濟學,3.00,- Staff,45,45,LEC,-,E,Mo 03:30PM - 06:15PM,WMY_406,"9/7, 9/14, 9/21, 9/28, 10/5, 10/12",,,Government & Public Admin PC
2026-27 Term 1,2420,GPAD,GPAD3451-,6687,Int'l Political Economy 國際政治經濟學,3.00,- Staff,45,45,LEC,-,E,Mo 03:30PM - 06:15PM,WMY_406,"10/26, 11/2, 11/9, 11/16, 11/23, 11/30",,,Government & Public Admin PC
2026-27 Term 1,2420,GPAD,GPAD4077-,9469,Seminar in Political Theory 政治理論研討,3.00,- Professor William James Clark SMITH,35,35,LEC,-,E,We 10:30AM - 01:15PM,UCC_114,"9/9, 9/16, 9/23, 9/30, 10/7, 10/14, 10/21, 10/28, 11/4, 11/11, 11/18, 11/25, 12/2",,,Government & Public Admin PC
2026-27 Term 1,2420,GPAD,GPAD4335-,7164,Modern Chinese Pol Thought 現代中國政治思潮,3.00,- Professor CHOW Po Chung,30,30,LEC,-,C&E,Tu 02:30PM - 05:15PM,UCC_201,"9/8, 9/15, 9/22, 9/29, 10/6, 10/13, 10/20, 10/27, 11/3, 11/10, 11/17, 11/24, 12/1",,,Government & Public Admin PC
2026-27 Term 1,2420,GPAD,GPAD4601-,6222,Independent Studies I 自學研習（一）,3.00,- Staff,20,20,IND,-I01,C&E&P,TBA,NRR,07/09/2026 - 30/11/2026,Yes,,Government & Public Admin PC
2026-27 Term 1,2420,GPAD,GPAD4602-,8069,Independent Studies II 自學研習（二）,3.00,- Staff,20,20,IND,-I01,C&E&P,TBA,NRR,07/09/2026 - 30/11/2026,Yes,,Government & Public Admin PC
2026-27 Term 1,2420,GPAD,GPAD4701-,6529,Graduation Thesis I 畢業論文（一）,0.00,- Staff,20,20,IND,-I01,C&E&P,TBA,NRR,07/09/2026 - 30/11/2026,Yes,,Government & Public Admin PC
2026-27 Term 1,2420,GPAD,GPAD4702-,6025,Graduation Thesis II 畢業論文（二）,6.00,- Staff,20,20,IND,-I01,C&E&P,TBA,NRR,07/09/2026 - 30/11/2026,Yes,,Government & Public Admin PC
2026-27 Term 1,2420,GPAD,GPAD4801-,6566,Professional Practicum I 專業實習（一）,3.00,- Professor CHAN Chee Hon,30,11,PRA,-P01,C#E,TBA,NRR,07/09/2026 - 30/11/2026,Yes,Yes,Government & Public Admin PC
2026-27 Term 1,2420,GPAD,GPAD4802-,5106,Professional Practicum II 專業實習（二）,3.00,- Professor CHAN Chee Hon,30,28,PRA,-P01,C#E,TBA,NRR,07/09/2026 - 30/11/2026,Yes,Yes,Government & Public Admin PC
2026-27 Term 1,2420,GRMD,GRMD1003-,9729,Understand China thr Cul Land 文化景觀 探識中國,2.00,- Professor XU Jiang,80,80,LEC,-,C,Tu 10:30AM - 12:15PM,HTB_B6,"9/8, 9/15, 9/22, 9/29, 10/6, 10/13, 10/20, 10/27, 11/3, 11/10, 11/17, 11/24, 12/1",,,Dept of Geo & Resource Mgt
2026-27 Term 1,2420,GRMD,GRMD1301-,9048,Greater Bay Area 透視粵港澳大灣區,3.00,- Professor LEE Wai Ying Joanna - Professor YEUNG Wai Chung Henry,70,70,LEC,-,C,Tu 02:30PM - 05:15PM,ELB_LT2,"9/8, 9/15, 9/22, 9/29, 10/6, 10/13, 10/20, 10/27, 11/3, 11/10, 11/17, 11/24, 12/1",,,Dept of Geo & Resource Mgt
2026-27 Term 1,2420,GRMD,GRMD1302-,7362,"People, Space and Place 人‧空間‧地方",3.00,- Professor LEE Fung,80,80,LEC,-,E,Tu 12:30PM - 02:15PM,YIA_LT8,"9/8, 9/15, 9/22, 9/29, 10/6, 10/13, 10/20, 10/27, 11/3, 11/10, 11/17, 11/24, 12/1",,,Dept of Geo & Resource Mgt
2026-27 Term 1,2420,GRMD,GRMD1302-,7362,"People, Space and Place 人‧空間‧地方",3.00,- Professor LEE Fung,80,80,TUT,-T01,E,TBA,TBA,07/09/2026 - 30/11/2026,,,Dept of Geo & Resource Mgt
2026-27 Term 1,2420,GRMD,GRMD1403-,9661,"Resources, Society and Environ 資源、社會與環境",3.00,- Dr. WONG Kwan Kit - Professor CHAN Chung Shing - Professor LEE Fung,75,64,LEC,-,E,We 04:30PM - 06:15PM,ARC_G03,"9/9, 9/16, 9/23, 9/30, 10/7, 10/14, 10/21, 10/28, 11/4, 11/11, 11/18, 11/25, 12/2",,Yes,Dept of Geo & Resource Mgt
2026-27 Term 1,2420,GRMD,GRMD1403-,9661,"Resources, Society and Environ 資源、社會與環境",3.00,- Dr. WONG Kwan Kit - Professor CHAN Chung Shing - Professor LEE Fung,75,64,TUT,-T01,E,TBA,TBA,07/09/2026 - 30/11/2026,,Yes,Dept of Geo & Resource Mgt
2026-27 Term 1,2420,GRMD,GRMD2001-,7955,Non-local Field Studies I 境外考察（一）,1.00,- Professor JIN Ting - Professor LU Xingcheng - Professor MA Peifeng - Professor ZHENG Qiming,80,79,FLD,-F01,E,TBA,NRR,07/09/2026 - 30/11/2026,Yes,Yes,Dept of Geo & Resource Mgt
2026-27 Term 1,2420,GRMD,GRMD2102-,7479,Fundamental Stat for Geog 地理學統計初階,3.00,- Professor KAN Zihan,100,97,LEC,-,E,Th 10:30AM - 12:15PM,CK_TSE,"9/10, 9/17, 9/24",,,Dept of Geo & Resource Mgt
2026-27 Term 1,2420,GRMD,GRMD2102-,7479,Fundamental Stat for Geog 地理學統計初階,3.00,- Professor KAN Zihan,100,97,LEC,-,E,Th 10:30AM - 12:15PM,CK_TSE,"10/8, 10/15, 10/22, 10/29, 11/5, 11/12, 11/19, 11/26, 12/3",,,Dept of Geo & Resource Mgt
2026-27 Term 1,2420,GRMD,GRMD2102-,7479,Fundamental Stat for Geog 地理學統計初階,3.00,- Professor KAN Zihan,100,97,TUT,-T01,E,TBA,TBA,07/09/2026 - 30/11/2026,,,Dept of Geo & Resource Mgt
2026-27 Term 1,2420,GRMD,GRMD2105-,7310,Introduction to GIS 地理信息系統導論,3.00,- Professor ZHENG Qiming,120,117,LEC,-,E,Mo 04:30PM - 06:15PM,ELB_LT3,"9/7, 9/14, 9/21, 9/28, 10/5, 10/12",,,Dept of Geo & Resource Mgt
2026-27 Term 1,2420,GRMD,GRMD2105-,7310,Introduction to GIS 地理信息系統導論,3.00,- Professor ZHENG Qiming,120,117,LEC,-,E,Mo 04:30PM - 06:15PM,ELB_LT3,"10/26, 11/2, 11/9, 11/16, 11/23, 11/30",,,Dept of Geo & Resource Mgt
2026-27 Term 1,2420,GRMD,GRMD2105-,7310,Introduction to GIS 地理信息系統導論,3.00,- Professor ZHENG Qiming,120,117,LAB,-L01,E,TBA,TBA,07/09/2026 - 30/11/2026,,,Dept of Geo & Resource Mgt
2026-27 Term 1,2420,GRMD,GRMD2106-,5211,Introduction to Satellite Desi 衛星設計與應用導論,3.00,- Professor MA Peifeng,83,83,LEC,-,E,Th 08:30AM - 10:15AM,FYB_LT4,"9/10, 9/17, 9/24",,,Dept of Geo & Resource Mgt
2026-27 Term 1,2420,GRMD,GRMD2106-,5211,Introduction to Satellite Desi 衛星設計與應用導論,3.00,- Professor MA Peifeng,83,83,LEC,-,E,Th 08:30AM - 10:15AM,FYB_LT4,"10/8, 10/15, 10/22, 10/29, 11/5, 11/12, 11/19, 11/26, 12/3",,,Dept of Geo & Resource Mgt
2026-27 Term 1,2420,GRMD,GRMD2106-,5211,Introduction to Satellite Desi 衛星設計與應用導論,3.00,- Professor MA Peifeng,83,83,TUT,-T01,E,TBA,TBA,07/09/2026 - 30/11/2026,,,Dept of Geo & Resource Mgt
2026-27 Term 1,2420,GRMD,GRMD2209-,8545,Physical Geology 自然地質學,3.00,- Dr. NG Kit Ying,60,60,LEC,-,E,We 02:30PM - 04:15PM,WMY_306,"9/9, 9/16, 9/23, 9/30, 10/7, 10/14, 10/21, 10/28, 11/4, 11/11, 11/18, 11/25, 12/2",,,Dept of Geo & Resource Mgt
2026-27 Term 1,2420,GRMD,GRMD2209-,8545,Physical Geology 自然地質學,3.00,- Dr. NG Kit Ying,60,60,FLD,-F01,E,TBA,TBA,07/09/2026 - 30/11/2026,,,Dept of Geo & Resource Mgt
2026-27 Term 1,2420,GRMD,GRMD2221-,8215,Weather and Climate 天氣與氣候,3.00,- Professor Muhammad SAJJAD,80,80,LEC,-,E,Th 10:30AM - 12:15PM,FYB_LT4,"9/10, 9/17, 9/24",,,Dept of Geo & Resource Mgt
2026-27 Term 1,2420,GRMD,GRMD2221-,8215,Weather and Climate 天氣與氣候,3.00,- Professor Muhammad SAJJAD,80,80,LEC,-,E,Th 10:30AM - 12:15PM,FYB_LT4,"10/8, 10/15, 10/22, 10/29, 11/5, 11/12, 11/19, 11/26, 12/3",,,Dept of Geo & Resource Mgt
2026-27 Term 1,2420,GRMD,GRMD2221-,8215,Weather and Climate 天氣與氣候,3.00,- Professor Muhammad SAJJAD,80,80,PRA,-P01,E,TBA,TBA,07/09/2026 - 30/11/2026,,,Dept of Geo & Resource Mgt
2026-27 Term 1,2420,GRMD,GRMD2292-,9795,Understanding Ecotourism 生態旅遊探索,2.00,- Professor CHAN Chung Shing,30,30,LEC,-,C,Tu 10:30AM - 12:15PM,CYT_209A,"9/8, 9/15, 9/22, 9/29, 10/6, 10/13, 10/20, 10/27, 11/3, 11/10, 11/17, 11/24, 12/1",,,Dept of Geo & Resource Mgt
2026-27 Term 1,2420,GRMD,GRMD2303-,9089,Urban Geography 城市地理學,3.00,- Professor Jack Laurie HARRIS,55,55,LEC,-,E,Tu 10:30AM - 12:15PM,YIA_403,"9/8, 9/15, 9/22, 9/29, 10/6, 10/13, 10/20, 10/27, 11/3, 11/10, 11/17, 11/24, 12/1",,,Dept of Geo & Resource Mgt
2026-27 Term 1,2420,GRMD,GRMD2303-,9089,Urban Geography 城市地理學,3.00,- Professor Jack Laurie HARRIS,55,55,TUT,-T01,E,TBA,TBA,07/09/2026 - 30/11/2026,,,Dept of Geo & Resource Mgt
2026-27 Term 1,2420,GRMD,GRMD2401-,5484,Sustainable Development 可持續發展,3.00,- Professor Jack Laurie HARRIS - Professor LU Xingcheng,40,40,LEC,-,E,Mo 04:30PM - 06:15PM,CKB_UG04,"9/7, 9/14, 9/21, 9/28, 10/5, 10/12",,,Dept of Geo & Resource Mgt
2026-27 Term 1,2420,GRMD,GRMD2401-,5484,Sustainable Development 可持續發展,3.00,- Professor Jack Laurie HARRIS - Professor LU Xingcheng,40,40,LEC,-,E,Mo 04:30PM - 06:15PM,CKB_UG04,"10/26, 11/2, 11/9, 11/16, 11/23, 11/30",,,Dept of Geo & Resource Mgt
2026-27 Term 1,2420,GRMD,GRMD2401-,5484,Sustainable Development 可持續發展,3.00,- Professor Jack Laurie HARRIS - Professor LU Xingcheng,40,40,TUT,-T01,E,TBA,TBA,07/09/2026 - 30/11/2026,,,Dept of Geo & Resource Mgt
2026-27 Term 1,2420,GRMD,GRMD3001-,8037,Non-local Studies II 境外考察（二）,1.00,- Professor JIN Ting - Professor LU Xingcheng - Professor MA Peifeng - Professor ZHENG Qiming,80,79,FLD,-F01,E,TBA,NRR,07/09/2026 - 30/11/2026,Yes,Yes,Dept of Geo & Resource Mgt
2026-27 Term 1,2420,GRMD,GRMD3203-,9118,Urban Environmental Problems 城市環境問題,3.00,- Professor LU Xingcheng,46,46,LEC,-,E,We 08:30AM - 10:15AM,CKB_UG03,"9/9, 9/16, 9/23, 9/30, 10/7, 10/14, 10/21, 10/28, 11/4, 11/11, 11/18, 11/25, 12/2",,,Dept of Geo & Resource Mgt
2026-27 Term 1,2420,GRMD,GRMD3203-,9118,Urban Environmental Problems 城市環境問題,3.00,- Professor LU Xingcheng,46,46,LAB,-L01,E,TBA,TBA,07/09/2026 - 30/11/2026,,,Dept of Geo & Resource Mgt
2026-27 Term 1,2420,GRMD,GRMD3209-,5382,Soil Science 土壤學,3.00,- Professor LAI Yuk Fo,32,32,LEC,-,E,Th 10:30AM - 12:15PM,CKB_108,"9/10, 9/17, 9/24",,,Dept of Geo & Resource Mgt
2026-27 Term 1,2420,GRMD,GRMD3209-,5382,Soil Science 土壤學,3.00,- Professor LAI Yuk Fo,32,32,LEC,-,E,Th 10:30AM - 12:15PM,CKB_108,"10/8, 10/15, 10/22, 10/29, 11/5, 11/12, 11/19, 11/26, 12/3",,,Dept of Geo & Resource Mgt
2026-27 Term 1,2420,GRMD,GRMD3209-,5382,Soil Science 土壤學,3.00,- Professor LAI Yuk Fo,32,32,FLD,-F01,E,TBA,TBA,07/09/2026 - 30/11/2026,,,Dept of Geo & Resource Mgt
2026-27 Term 1,2420,GRMD,GRMD3209-,5382,Soil Science 土壤學,3.00,- Professor LAI Yuk Fo,32,32,LAB,-L01,E,TBA,TBA,07/09/2026 - 30/11/2026,,,Dept of Geo & Resource Mgt
2026-27 Term 1,2420,GRMD,GRMD3231-,5098,Best EIA Practices in the Digi 數字時代的最佳環境影響評估作業實踐,3.00,- Professor LAM Kin Che,40,40,LEC,-,E,Tu 02:30PM - 04:15PM,WMY_303,"9/8, 9/15, 9/22, 9/29, 10/6, 10/13, 10/20, 10/27, 11/3, 11/10, 11/17, 11/24, 12/1",,,Dept of Geo & Resource Mgt
2026-27 Term 1,2420,GRMD,GRMD3231-,5098,Best EIA Practices in the Digi 數字時代的最佳環境影響評估作業實踐,3.00,- Professor LAM Kin Che,40,40,FLD,-F01,E,TBA,TBA,07/09/2026 - 30/11/2026,,,Dept of Geo & Resource Mgt
2026-27 Term 1,2420,GRMD,GRMD3231-,5098,Best EIA Practices in the Digi 數字時代的最佳環境影響評估作業實踐,3.00,- Professor LAM Kin Che,40,40,TUT,-T01,E,Tu 04:30PM - 05:15PM,WMY_303,"9/8, 9/15, 9/22, 9/29, 10/6, 10/13, 10/20, 10/27, 11/3, 11/10, 11/17, 11/24, 12/1",,,Dept of Geo & Resource Mgt
2026-27 Term 1,2420,GRMD,GRMD3302-,8247,Population and Migration 人口與遷移,3.00,- Professor SHEN Jianfa,70,70,LEC,-,E,We 04:30PM - 06:15PM,YIA_LT4,"9/9, 9/16, 9/23, 9/30, 10/7, 10/14, 10/21, 10/28, 11/4, 11/11, 11/18, 11/25, 12/2",,,Dept of Geo & Resource Mgt
2026-27 Term 1,2420,GRMD,GRMD3302-,8247,Population and Migration 人口與遷移,3.00,- Professor SHEN Jianfa,70,70,TUT,-T01,E,TBA,TBA,07/09/2026 - 30/11/2026,,,Dept of Geo & Resource Mgt
2026-27 Term 1,2420,GRMD,GRMD3323-,7311,Urban and Regional Planning 城市與區域規劃,3.00,- Professor LEE Wai Ying Joanna,58,55,LEC,-,E,Mo 02:30PM - 04:15PM,ELB_206,"9/7, 9/14, 9/21, 9/28, 10/5, 10/12",,,Dept of Geo & Resource Mgt
2026-27 Term 1,2420,GRMD,GRMD3323-,7311,Urban and Regional Planning 城市與區域規劃,3.00,- Professor LEE Wai Ying Joanna,58,55,LEC,-,E,Mo 02:30PM - 04:15PM,ELB_206,"10/26, 11/2, 11/9, 11/16, 11/23, 11/30",,,Dept of Geo & Resource Mgt
2026-27 Term 1,2420,GRMD,GRMD3323-,7311,Urban and Regional Planning 城市與區域規劃,3.00,- Professor LEE Wai Ying Joanna,58,55,TUT,-T01,E,TBA,TBA,07/09/2026 - 30/11/2026,,,Dept of Geo & Resource Mgt
2026-27 Term 1,2420,GRMD,GRMD3401-,8261,Energy Resources for Carbon Ne 碳中和時代的能源資源,3.00,- Professor XU Yuan,40,40,LEC,-,E,Fr 08:30AM - 10:15AM,SB_239,"9/11, 9/18, 9/25, 10/2, 10/9, 10/16, 10/23, 10/30, 11/6, 11/13, 11/20, 11/27, 12/4",,,Dept of Geo & Resource Mgt
2026-27 Term 1,2420,GRMD,GRMD3401-,8261,Energy Resources for Carbon Ne 碳中和時代的能源資源,3.00,- Professor XU Yuan,40,40,TUT,-T01,E,Fr 10:30AM - 11:15AM,SB_239,"9/11, 9/18, 9/25, 10/2, 10/9, 10/16, 10/23, 10/30, 11/6, 11/13, 11/20, 11/27, 12/4",,,Dept of Geo & Resource Mgt
2026-27 Term 1,2420,GRMD,GRMD4001-,4979,Final Year Thesis I 畢業論文（一）,3.00,- Dr. NG Kit Ying - Dr. WONG Kwan Kit - Professor CHAN Chung Shing - Professor JIN Ting - Professor Jack Laurie HARRIS - Professor KWAN Mei Po - Professor LAI Yuk Fo - Professor LAM Siu Ngan - Professor LEE Fung - Professor LEE Wai Ying Joanna,80,79,PRJ,-J01,C&E,TBA,NRR,07/09/2026 - 30/11/2026,,,Dept of Geo & Resource Mgt
2026-27 Term 1,2420,GRMD,GRMD4002-,4981,Final Year Thesis II 畢業論文（二）,3.00,- Dr. NG Kit Ying - Dr. WONG Kwan Kit - Professor CHAN Chung Shing - Professor JIN Ting - Professor Jack Laurie HARRIS - Professor KWAN Mei Po - Professor LAI Yuk Fo - Professor LAM Siu Ngan - Professor LEE Fung - Professor LEE Wai Ying Joanna,80,77,PRJ,-J01,C&E,TBA,NRR,07/09/2026 - 30/11/2026,Yes,Yes,Dept of Geo & Resource Mgt
2026-27 Term 1,2420,GRMD,GRMD4003-,4990,Special Topics in GRM I 地理與資源管理專題研習（一）,3.00,- Staff,30,30,LEC,-,E,Mo 09:30AM - 11:15AM,CKB_222,"9/7, 9/14, 9/21, 9/28, 10/5, 10/12",,,Dept of Geo & Resource Mgt
2026-27 Term 1,2420,GRMD,GRMD4003-,4990,Special Topics in GRM I 地理與資源管理專題研習（一）,3.00,- Staff,30,30,LEC,-,E,Mo 09:30AM - 11:15AM,CKB_222,"10/26, 11/2, 11/9, 11/16, 11/23, 11/30",,,Dept of Geo & Resource Mgt
2026-27 Term 1,2420,GRMD,GRMD4003-,4990,Special Topics in GRM I 地理與資源管理專題研習（一）,3.00,- Staff,30,30,TUT,-T01,E,TBA,TBA,07/09/2026 - 30/11/2026,,,Dept of Geo & Resource Mgt
2026-27 Term 1,2420,GRMD,GRMD4202-,8611,Hydrology and Water Resources 水文與水資源,3.00,- Professor LI Jianfeng,65,65,LEC,-,E,Mo 09:30AM - 11:15AM,ELB_203,"9/7, 9/14, 9/21, 9/28, 10/5, 10/12",,,Dept of Geo & Resource Mgt
2026-27 Term 1,2420,GRMD,GRMD4202-,8611,Hydrology and Water Resources 水文與水資源,3.00,- Professor LI Jianfeng,65,65,LEC,-,E,Mo 09:30AM - 11:15AM,ELB_203,"10/26, 11/2, 11/9, 11/16, 11/23, 11/30",,,Dept of Geo & Resource Mgt
2026-27 Term 1,2420,GRMD,GRMD4202-,8611,Hydrology and Water Resources 水文與水資源,3.00,- Professor LI Jianfeng,65,65,PRA,-P01,E,TBA,TBA,07/09/2026 - 30/11/2026,,,Dept of Geo & Resource Mgt
2026-27 Term 1,2420,GRMD,GRMD4503-,8546,Smart City Policies & Gov 智慧城市政策與治理,3.00,- Professor CHUNG King Lam Calvin - Professor LU Xingcheng - Professor ZHENG Qiming,60,60,LEC,-,E,We 02:30PM - 04:15PM,SB_UG06,"9/9, 9/16, 9/23, 9/30, 10/7, 10/14, 10/21, 10/28, 11/4, 11/11, 11/18, 11/25, 12/2",,,Dept of Geo & Resource Mgt
2026-27 Term 1,2420,GRMD,GRMD4503-,8546,Smart City Policies & Gov 智慧城市政策與治理,3.00,- Professor CHUNG King Lam Calvin - Professor LU Xingcheng - Professor ZHENG Qiming,60,60,TUT,-T01,E,TBA,TBA,07/09/2026 - 30/11/2026,,,Dept of Geo & Resource Mgt
2026-27 Term 1,2420,GRON,GRON3112-,5659,Basic Care in Gerontology 老年學的基礎照顧,3.00,- Mr. CHIU Cheuk Pong,33,33,LEC,-,E,Tu 03:30PM - 05:15PM,BMS_2,"9/8, 9/15, 9/22, 9/29, 10/6, 10/13, 10/20, 10/27, 11/3, 11/10, 11/17, 11/24, 12/1",,,JC Sch of Pub Health Prim Care
2026-27 Term 1,2420,GRON,GRON3112-,5659,Basic Care in Gerontology 老年學的基礎照顧,3.00,- Mr. CHIU Cheuk Pong,17,17,LAB,-L01,E,We 01:30PM - 03:15PM,TBA,"9/9, 9/16, 9/23, 9/30, 10/7, 10/14, 10/21, 10/28, 11/4, 11/11, 11/18, 11/25, 12/2",,,JC Sch of Pub Health Prim Care
2026-27 Term 1,2420,GRON,GRON3112-,5659,Basic Care in Gerontology 老年學的基礎照顧,3.00,- Mr. CHIU Cheuk Pong,17,17,LAB,-L02,E,We 03:30PM - 05:15PM,TBA,"9/9, 9/16, 9/23, 9/30, 10/7, 10/14, 10/21, 10/28, 11/4, 11/11, 11/18, 11/25, 12/2",,,JC Sch of Pub Health Prim Care
2026-27 Term 1,2420,GRON,GRON3114-,5811,Psychology in Ageing 老齡心理學︰理論與應用,3.00,- Miss LAI Hoi Ki,33,33,LEC,-,E,Th 02:30PM - 05:15PM,BMS_1,"9/10, 9/17, 9/24",,,JC Sch of Pub Health Prim Care
2026-27 Term 1,2420,GRON,GRON3114-,5811,Psychology in Ageing 老齡心理學︰理論與應用,3.00,- Miss LAI Hoi Ki,33,33,LEC,-,E,Th 02:30PM - 05:15PM,BMS_1,"10/8, 10/15, 10/22, 10/29, 11/5, 11/12, 11/19, 11/26, 12/3",,,JC Sch of Pub Health Prim Care
2026-27 Term 1,2420,GRON,GRON3211-,5660,Chronic Disease Mgmt 慢性疾病管理,3.00,- Mr. CHIU Cheuk Pong,66,66,LEC,-,E,Mo 02:30PM - 05:15PM,MMW_710,"9/7, 9/14, 9/21, 9/28, 10/5, 10/12",,,JC Sch of Pub Health Prim Care
2026-27 Term 1,2420,GRON,GRON3211-,5660,Chronic Disease Mgmt 慢性疾病管理,3.00,- Mr. CHIU Cheuk Pong,66,66,LEC,-,E,Mo 02:30PM - 05:15PM,MMW_710,"10/26, 11/2, 11/9, 11/16, 11/23, 11/30",,,JC Sch of Pub Health Prim Care
2026-27 Term 1,2420,GRON,GRON4312-,6457,Gerontological Practicum 老年學實習,8.00,- Miss LAI Hoi Ki,33,5,PRA,-P01,E,TBA,NRR,07/09/2026 - 30/11/2026,Yes,Yes,JC Sch of Pub Health Prim Care
2026-27 Term 1,2420,HIST,HIST1000A,9165,History for Today 通古今之變,3.00,- Professor PUK Wing Kin,100,100,LEC,A,C,Th 08:30AM - 10:15AM,YIA_LT7,"9/10, 9/17, 9/24",,,Dept of History
2026-27 Term 1,2420,HIST,HIST1000A,9165,History for Today 通古今之變,3.00,- Professor PUK Wing Kin,100,100,LEC,A,C,Th 08:30AM - 10:15AM,YIA_LT7,"10/8, 10/15, 10/22, 10/29, 11/5, 11/12, 11/19, 11/26, 12/3",,,Dept of History
2026-27 Term 1,2420,HIST,HIST1000A,9165,History for Today 通古今之變,3.00,- Professor PUK Wing Kin,100,100,TUT,AT01,C,TBA,NRR,07/09/2026 - 30/11/2026,,,Dept of History
2026-27 Term 1,2420,HIST,HIST1001A,5444,Trad & Transform in Chi Hist 中國歷史之傳統與變革,3.00,- Professor CHEUNG Hiu Yu,100,100,LEC,A,C,Mo 02:30PM - 04:15PM,LSK_LT3,"9/7, 9/14, 9/21, 9/28, 10/5, 10/12",,,Dept of History
2026-27 Term 1,2420,HIST,HIST1001A,5444,Trad & Transform in Chi Hist 中國歷史之傳統與變革,3.00,- Professor CHEUNG Hiu Yu,100,100,LEC,A,C,Mo 02:30PM - 04:15PM,LSK_LT3,"10/26, 11/2, 11/9, 11/16, 11/23, 11/30",,,Dept of History
2026-27 Term 1,2420,HIST,HIST1001A,5444,Trad & Transform in Chi Hist 中國歷史之傳統與變革,3.00,- Professor CHEUNG Hiu Yu,100,100,TUT,AT01,C,Mo 04:30PM - 05:15PM,LSK_LT3,"9/7, 9/14, 9/21, 9/28, 10/5, 10/12",,,Dept of History
2026-27 Term 1,2420,HIST,HIST1001A,5444,Trad & Transform in Chi Hist 中國歷史之傳統與變革,3.00,- Professor CHEUNG Hiu Yu,100,100,TUT,AT01,C,Mo 04:30PM - 05:15PM,LSK_LT3,"10/26, 11/2, 11/9, 11/16, 11/23, 11/30",,,Dept of History
2026-27 Term 1,2420,HIST,HIST1001B,7488,Trad & Transform in Chi Hist 中國歷史之傳統與變革,3.00,- Dr. WOO Tze Yan Jessie,100,100,LEC,B,E,Th 10:30AM - 12:15PM,SWH_1,"9/10, 9/17, 9/24",,,Dept of History
2026-27 Term 1,2420,HIST,HIST1001B,7488,Trad & Transform in Chi Hist 中國歷史之傳統與變革,3.00,- Dr. WOO Tze Yan Jessie,100,100,LEC,B,E,Th 10:30AM - 12:15PM,SWH_1,"10/8, 10/15, 10/22, 10/29, 11/5, 11/12, 11/19, 11/26, 12/3",,,Dept of History
2026-27 Term 1,2420,HIST,HIST1001B,7488,Trad & Transform in Chi Hist 中國歷史之傳統與變革,3.00,- Dr. WOO Tze Yan Jessie,100,100,TUT,BT01,E,Th 12:30PM - 01:15PM,SWH_1,"9/10, 9/17, 9/24",,,Dept of History
2026-27 Term 1,2420,HIST,HIST1001B,7488,Trad & Transform in Chi Hist 中國歷史之傳統與變革,3.00,- Dr. WOO Tze Yan Jessie,100,100,TUT,BT01,E,Th 12:30PM - 01:15PM,SWH_1,"10/8, 10/15, 10/22, 10/29, 11/5, 11/12, 11/19, 11/26, 12/3",,,Dept of History
2026-27 Term 1,2420,HIST,HIST1700-,4853,Int to Pub His:TheoryPractice 公眾史學導論：理論與實踐,3.00,- Dr. FOK Yeung Yeung,100,100,LEC,-,C,We 04:30PM - 06:15PM,YIA_LT6,"9/9, 9/16, 9/23, 9/30, 10/7, 10/14, 10/21, 10/28, 11/4, 11/11, 11/18, 11/25, 12/2",,,Dept of History
2026-27 Term 1,2420,HIST,HIST1700-,4853,Int to Pub His:TheoryPractice 公眾史學導論：理論與實踐,3.00,- Dr. FOK Yeung Yeung,100,100,DIS,-D01,C,TBA,NRR,07/09/2026 - 30/11/2026,,,Dept of History
2026-27 Term 1,2420,HIST,HIST1700-,4853,Int to Pub His:TheoryPractice 公眾史學導論：理論與實踐,3.00,- Dr. FOK Yeung Yeung,100,100,TUT,-T01,C,We 03:30PM - 04:15PM,YIA_LT6,"9/9, 9/16, 9/23, 9/30, 10/7, 10/14, 10/21, 10/28, 11/4, 11/11, 11/18, 11/25, 12/2",,,Dept of History
2026-27 Term 1,2420,HIST,HIST2007-,4936,Int to World His: Modern Era 現代世界通史,3.00,- Professor Noah Charles SHUSTERMAN,50,50,LEC,-,E,We 10:30AM - 12:15PM,YIA_402,"9/9, 9/16, 9/23, 9/30, 10/7, 10/14, 10/21, 10/28, 11/4, 11/11, 11/18, 11/25, 12/2",,,Dept of History
2026-27 Term 1,2420,HIST,HIST2007-,4936,Int to World His: Modern Era 現代世界通史,3.00,- Professor Noah Charles SHUSTERMAN,50,50,TUT,-T01,E,TBA,NRR,07/09/2026 - 30/11/2026,,,Dept of History
2026-27 Term 1,2420,HIST,HIST2102-,9436,Transformat'n in Tang-Song Chi 唐宋之變革,3.00,- Dr. SIU Kam Wah,50,50,LEC,-,C,We 10:30AM - 12:15PM,LSK_304,"9/9, 9/16, 9/23, 9/30, 10/7, 10/14, 10/21, 10/28, 11/4, 11/11, 11/18, 11/25, 12/2",,,Dept of History
2026-27 Term 1,2420,HIST,HIST2102-,9436,Transformat'n in Tang-Song Chi 唐宋之變革,3.00,- Dr. SIU Kam Wah,25,25,TUT,-T01,C,We 09:30AM - 10:15AM,LSK_304,"9/9, 9/16, 9/23, 9/30, 10/7, 10/14, 10/21, 10/28, 11/4, 11/11, 11/18, 11/25, 12/2",,,Dept of History
2026-27 Term 1,2420,HIST,HIST2102-,9436,Transformat'n in Tang-Song Chi 唐宋之變革,3.00,- Dr. SIU Kam Wah,25,25,TUT,-T02,C,We 12:30PM - 01:15PM,LSK_304,"9/9, 9/16, 9/23, 9/30, 10/7, 10/14, 10/21, 10/28, 11/4, 11/11, 11/18, 11/25, 12/2",,,Dept of History
2026-27 Term 1,2420,HIST,HIST2110-,4856,Walking Chinese History 走過中國歷史的古與今,3.00,- Dr. WOO Tze Yan Jessie,50,50,LEC,-,E,Tu 10:30AM - 12:15PM,LSK_302,"9/8, 9/15, 9/22, 9/29, 10/6, 10/13, 10/20, 10/27, 11/3, 11/10, 11/17, 11/24, 12/1",,,Dept of History
2026-27 Term 1,2420,HIST,HIST2110-,4856,Walking Chinese History 走過中國歷史的古與今,3.00,- Dr. WOO Tze Yan Jessie,50,50,FLD,-F01,E,TBA,TBA,07/09/2026 - 30/11/2026,,,Dept of History
2026-27 Term 1,2420,HIST,HIST2140-,4899,State & Soc in Ancient China 中國古代之國家與社會,3.00,- Professor LAM Weng Cheong,50,50,LEC,-,C,Mo 04:30PM - 06:15PM,WMY_301,"9/7, 9/14, 9/21, 9/28, 10/5, 10/12",,,Dept of History
2026-27 Term 1,2420,HIST,HIST2140-,4899,State & Soc in Ancient China 中國古代之國家與社會,3.00,- Professor LAM Weng Cheong,50,50,LEC,-,C,Mo 04:30PM - 06:15PM,WMY_301,"10/26, 11/2, 11/9, 11/16, 11/23, 11/30",,,Dept of History
2026-27 Term 1,2420,HIST,HIST2140-,4899,State & Soc in Ancient China 中國古代之國家與社會,3.00,- Professor LAM Weng Cheong,50,50,TUT,-T01,C,TBA,NRR,07/09/2026 - 30/11/2026,,,Dept of History
2026-27 Term 1,2420,HIST,HIST2220-,5312,Rev & Mod in 20th-Cent China 二十世紀中國之革命與現代化,3.00,- Professor TSUI Kai Hin Brian,50,50,LEC,-,E,We 04:30PM - 06:15PM,LSK_208,"9/9, 9/16, 9/23, 9/30, 10/7, 10/14, 10/21, 10/28, 11/4, 11/11, 11/18, 11/25, 12/2",,,Dept of History
2026-27 Term 1,2420,HIST,HIST2220-,5312,Rev & Mod in 20th-Cent China 二十世紀中國之革命與現代化,3.00,- Professor TSUI Kai Hin Brian,50,50,TUT,-T01,E,TBA,NRR,07/09/2026 - 30/11/2026,,,Dept of History
2026-27 Term 1,2420,HIST,HIST2320-,4938,Hist of the Byzantine Empire Hist of the Byzantine Empire,3.00,- Professor James Deas David Jack MORTON,50,50,LEC,-,E,Tu 02:30PM - 04:15PM,LSK_304,"9/8, 9/15, 9/22, 9/29, 10/6, 10/13, 10/20, 10/27, 11/3, 11/10, 11/17, 11/24, 12/1",,,Dept of History
2026-27 Term 1,2420,HIST,HIST2320-,4938,Hist of the Byzantine Empire Hist of the Byzantine Empire,3.00,- Professor James Deas David Jack MORTON,50,50,TUT,-T01,E,TBA,NRR,07/09/2026 - 30/11/2026,,,Dept of History
2026-27 Term 1,2420,HIST,HIST2500-,4911,History of Hong Kong 香港史,3.00,- Professor LUK Chi Hung,50,50,LEC,-,C,We 02:30PM - 04:15PM,LPN_LT,"9/9, 9/16, 9/23, 9/30, 10/7, 10/14, 10/21, 10/28, 11/4, 11/11, 11/18, 11/25, 12/2",,,Dept of History
2026-27 Term 1,2420,HIST,HIST2500-,4911,History of Hong Kong 香港史,3.00,- Professor LUK Chi Hung,50,50,TUT,-T01,C,TBA,NRR,07/09/2026 - 30/11/2026,,,Dept of History
2026-27 Term 1,2420,HIST,HIST2501GL,4909,HK History in the Field 田野中的香港史,3.00,- Professor LUK Chi Hung,50,49,LEC,GL,E,Th 12:30PM - 02:15PM,LSB_C2,"9/10, 9/17, 9/24",,,Dept of History
2026-27 Term 1,2420,HIST,HIST2501GL,4909,HK History in the Field 田野中的香港史,3.00,- Professor LUK Chi Hung,50,49,LEC,GL,E,Th 12:30PM - 02:15PM,LSB_C2,"10/8, 10/15, 10/22, 10/29, 11/5, 11/12, 11/19, 11/26, 12/3",,,Dept of History
2026-27 Term 1,2420,HIST,HIST2501GL,4909,HK History in the Field 田野中的香港史,3.00,- Professor LUK Chi Hung,50,49,FLD,GLF1,E,TBA,NRR,07/09/2026 - 30/11/2026,,,Dept of History
2026-27 Term 1,2420,HIST,HIST3103-,4851,Daily Life in Han China 漢代生活史,3.00,- Professor TSE Wai Kit Wicky,50,50,LEC,-,C,Tu 02:30PM - 04:15PM,LSK_210,"9/8, 9/15, 9/22, 9/29, 10/6, 10/13, 10/20, 10/27, 11/3, 11/10, 11/17, 11/24, 12/1",,,Dept of History
2026-27 Term 1,2420,HIST,HIST3103-,4851,Daily Life in Han China 漢代生活史,3.00,- Professor TSE Wai Kit Wicky,50,50,TUT,-T01,C,TBA,NRR,07/09/2026 - 30/11/2026,,,Dept of History
2026-27 Term 1,2420,HIST,HIST3327-,4902,"Europe, WWII & Holocaust 二戰與猶太人大屠殺",3.00,- Professor Noah Charles SHUSTERMAN,50,50,LEC,-,E,Th 02:30PM - 04:15PM,LSK_208,"9/10, 9/17, 9/24",,,Dept of History
2026-27 Term 1,2420,HIST,HIST3327-,4902,"Europe, WWII & Holocaust 二戰與猶太人大屠殺",3.00,- Professor Noah Charles SHUSTERMAN,50,50,LEC,-,E,Th 02:30PM - 04:15PM,LSK_208,"10/8, 10/15, 10/22, 10/29, 11/5, 11/12, 11/19, 11/26, 12/3",,,Dept of History
2026-27 Term 1,2420,HIST,HIST3327-,4902,"Europe, WWII & Holocaust 二戰與猶太人大屠殺",3.00,- Professor Noah Charles SHUSTERMAN,50,50,TUT,-T01,E,TBA,TBA,07/09/2026 - 30/11/2026,,,Dept of History
2026-27 Term 1,2420,HIST,HIST3375-,4904,Philippines & Trans Pacific Philippines & Trans Pacific,3.00,- Professor Ian Brandon MORLEY,50,50,LEC,-,E,Mo 04:30PM - 06:15PM,LSK_308,"9/7, 9/14, 9/21, 9/28, 10/5, 10/12",,,Dept of History
2026-27 Term 1,2420,HIST,HIST3375-,4904,Philippines & Trans Pacific Philippines & Trans Pacific,3.00,- Professor Ian Brandon MORLEY,50,50,LEC,-,E,Mo 04:30PM - 06:15PM,LSK_308,"10/26, 11/2, 11/9, 11/16, 11/23, 11/30",,,Dept of History
2026-27 Term 1,2420,HIST,HIST3375-,4904,Philippines & Trans Pacific Philippines & Trans Pacific,3.00,- Professor Ian Brandon MORLEY,50,50,TUT,-T01,E,TBA,TBA,07/09/2026 - 30/11/2026,,,Dept of History
2026-27 Term 1,2420,HIST,HIST3376-,5074,Modern E-Asian PoliCult Hist 近現代東亞政治及文化史,3.00,- Professor TSUI Kai Hin Brian,50,50,LEC,-,P,Th 04:30PM - 06:15PM,LSK_208,"9/10, 9/17, 9/24",,,Dept of History
2026-27 Term 1,2420,HIST,HIST3376-,5074,Modern E-Asian PoliCult Hist 近現代東亞政治及文化史,3.00,- Professor TSUI Kai Hin Brian,50,50,LEC,-,P,Th 04:30PM - 06:15PM,LSK_208,"10/8, 10/15, 10/22, 10/29, 11/5, 11/12, 11/19, 11/26, 12/3",,,Dept of History
2026-27 Term 1,2420,HIST,HIST3376-,5074,Modern E-Asian PoliCult Hist 近現代東亞政治及文化史,3.00,- Professor TSUI Kai Hin Brian,50,50,TUT,-T01,P,TBA,NRR,07/09/2026 - 30/11/2026,,,Dept of History
2026-27 Term 1,2420,HIST,HIST3404-,5378,Hist Literature & Documents 史學名著與典籍,3.00,- Professor CHEUNG Hiu Yu,50,50,LEC,-,C,We 04:30PM - 06:15PM,LSK_210,"9/9, 9/16, 9/23, 9/30, 10/7, 10/14, 10/21, 10/28, 11/4, 11/11, 11/18, 11/25, 12/2",,,Dept of History
2026-27 Term 1,2420,HIST,HIST3404-,5378,Hist Literature & Documents 史學名著與典籍,3.00,- Professor CHEUNG Hiu Yu,50,50,TUT,-T01,C,TBA,NRR,07/09/2026 - 30/11/2026,,,Dept of History
2026-27 Term 1,2420,HIST,HIST3505-,4913,Land Law in N.T. 新界土地法律和習俗,3.00,- Professor CHEUNG Sui Wai,50,50,LEC,-,C,We 02:30PM - 04:15PM,LHC_G04,"9/9, 9/16, 9/23, 9/30, 10/7, 10/14, 10/21, 10/28, 11/4, 11/11, 11/18, 11/25, 12/2",,,Dept of History
2026-27 Term 1,2420,HIST,HIST3505-,4913,Land Law in N.T. 新界土地法律和習俗,3.00,- Professor CHEUNG Sui Wai,50,50,TUT,-T01,C,TBA,NRR,07/09/2026 - 30/11/2026,,,Dept of History
2026-27 Term 1,2420,HIST,HIST4261-,5379,1000 Yrs of Huizhou 800-1800CE 徽州一千年（公元800-1800年）,3.00,- Professor PUK Wing Kin,50,50,LEC,-,C,We 08:30AM - 10:15AM,LSK_302,"9/9, 9/16, 9/23, 9/30, 10/7, 10/14, 10/21, 10/28, 11/4, 11/11, 11/18, 11/25, 12/2",,,Dept of History
2026-27 Term 1,2420,HIST,HIST4261-,5379,1000 Yrs of Huizhou 800-1800CE 徽州一千年（公元800-1800年）,3.00,- Professor PUK Wing Kin,50,50,TUT,-T01,C,TBA,NRR,07/09/2026 - 30/11/2026,,,Dept of History
2026-27 Term 1,2420,HIST,HIST4392-,4934,The Making of the Middle East 中東的歷史進程,3.00,- Professor James Deas David Jack MORTON,50,50,LEC,-,E,Mo 02:30PM - 04:15PM,WMY_304,"9/7, 9/14, 9/21, 9/28, 10/5, 10/12",,,Dept of History
2026-27 Term 1,2420,HIST,HIST4392-,4934,The Making of the Middle East 中東的歷史進程,3.00,- Professor James Deas David Jack MORTON,50,50,LEC,-,E,Mo 02:30PM - 04:15PM,WMY_304,"10/26, 11/2, 11/9, 11/16, 11/23, 11/30",,,Dept of History
2026-27 Term 1,2420,HIST,HIST4392-,4934,The Making of the Middle East 中東的歷史進程,3.00,- Professor James Deas David Jack MORTON,50,50,TUT,-T01,E,TBA,NRR,07/09/2026 - 30/11/2026,,,Dept of History
2026-27 Term 1,2420,HIST,HIST4702RS,4900,Digital History 數位歷史學,3.00,- Dr. SHIH Yu Cheng,50,49,LEC,RS,E,Th 10:30AM - 12:15PM,LSK_210,"9/10, 9/17, 9/24",,,Dept of History
2026-27 Term 1,2420,HIST,HIST4702RS,4900,Digital History 數位歷史學,3.00,- Dr. SHIH Yu Cheng,50,49,LEC,RS,E,Th 10:30AM - 12:15PM,LSK_210,"10/8, 10/15, 10/22, 10/29, 11/5, 11/12, 11/19, 11/26, 12/3",,,Dept of History
2026-27 Term 1,2420,HIST,HIST4702RS,4900,Digital History 數位歷史學,3.00,- Dr. SHIH Yu Cheng,50,49,TUT,RST1,E,TBA,NRR,07/09/2026 - 30/11/2026,,,Dept of History
2026-27 Term 1,2420,HIST,HIST4704-,4906,"Women, Soc & Pol in Mod China 近代中國的女性、政治與社會",3.00,- Dr. WANG Yiqiao,50,50,LEC,-,C,Mo 10:30AM - 12:15PM,LSK_302,"9/7, 9/14, 9/21, 9/28, 10/5, 10/12",,,Dept of History
2026-27 Term 1,2420,HIST,HIST4704-,4906,"Women, Soc & Pol in Mod China 近代中國的女性、政治與社會",3.00,- Dr. WANG Yiqiao,50,50,LEC,-,C,Mo 10:30AM - 12:15PM,LSK_302,"10/26, 11/2, 11/9, 11/16, 11/23, 11/30",,,Dept of History
2026-27 Term 1,2420,HIST,HIST4704-,4906,"Women, Soc & Pol in Mod China 近代中國的女性、政治與社會",3.00,- Dr. WANG Yiqiao,50,50,DIS,-D01,C,TBA,TBA,07/09/2026 - 30/11/2026,,,Dept of History
2026-27 Term 1,2420,HIST,HIST4704-,4906,"Women, Soc & Pol in Mod China 近代中國的女性、政治與社會",3.00,- Dr. WANG Yiqiao,50,50,TUT,-T01,C,TBA,TBA,07/09/2026 - 30/11/2026,,,Dept of History
2026-27 Term 1,2420,HIST,HIST4811BT,8130,Graduation Thesis Guidance 畢業論文指導,1.00,- Professor TSUI Kai Hin Brian,8,3,TMC,BTM1,C&E,TBA,NRR,07/09/2026 - 30/11/2026,Yes,Yes,Dept of History
2026-27 Term 1,2420,HIST,HIST4811GL,6272,Graduation Thesis Guidance 畢業論文指導,1.00,- Professor LUK Chi Hung,8,2,TMC,GLM1,C&E,TBA,NRR,07/09/2026 - 30/11/2026,Yes,Yes,Dept of History
2026-27 Term 1,2420,HIST,HIST4811HE,6274,Graduation Thesis Guidance 畢業論文指導,1.00,- Professor HE Xi,8,3,TMC,HEM1,C&E,TBA,NRR,07/09/2026 - 30/11/2026,Yes,Yes,Dept of History
2026-27 Term 1,2420,HIST,HIST4811HY,6516,Graduation Thesis Guidance 畢業論文指導,1.00,- Professor CHEUNG Hiu Yu,8,5,TMC,HYM1,C&E,TBA,NRR,07/09/2026 - 30/11/2026,Yes,Yes,Dept of History
2026-27 Term 1,2420,HIST,HIST4811IM,6271,Graduation Thesis Guidance 畢業論文指導,1.00,- Professor Ian Brandon MORLEY,8,7,TMC,IMM1,E,TBA,NRR,07/09/2026 - 30/11/2026,Yes,Yes,Dept of History
2026-27 Term 1,2420,HIST,HIST4811JM,6515,Graduation Thesis Guidance 畢業論文指導,1.00,- Professor James Deas David Jack MORTON,8,6,TMC,JMM1,E,TBA,NRR,07/09/2026 - 30/11/2026,Yes,Yes,Dept of History
2026-27 Term 1,2420,HIST,HIST4811JW,6298,Graduation Thesis Guidance 畢業論文指導,1.00,- Dr. WOO Tze Yan Jessie,8,5,TMC,JWM1,C&E,TBA,NRR,07/09/2026 - 30/11/2026,Yes,Yes,Dept of History
2026-27 Term 1,2420,HIST,HIST4811KW,6276,Graduation Thesis Guidance 畢業論文指導,1.00,- Dr. SIU Kam Wah,8,2,TMC,KWM1,C&E,TBA,NRR,07/09/2026 - 30/11/2026,Yes,Yes,Dept of History
2026-27 Term 1,2420,HIST,HIST4811NS,6518,Graduation Thesis Guidance 畢業論文指導,1.00,- Professor Noah Charles SHUSTERMAN,8,7,TMC,NSM1,E,TBA,NRR,07/09/2026 - 30/11/2026,Yes,Yes,Dept of History
2026-27 Term 1,2420,HIST,HIST4811SM,6517,Graduation Thesis Guidance 畢業論文指導,1.00,- Professor Stuart Michael MCMANUS,8,8,TMC,SMM1,E,TBA,NRR,07/09/2026 - 30/11/2026,Yes,Yes,Dept of History
2026-27 Term 1,2420,HIST,HIST4811SW,6273,Graduation Thesis Guidance 畢業論文指導,1.00,- Professor CHEUNG Sui Wai,8,8,TMC,SWM1,C&E,TBA,NRR,07/09/2026 - 30/11/2026,Yes,Yes,Dept of History
2026-27 Term 1,2420,HIST,HIST4811WC,6513,Graduation Thesis Guidance 畢業論文指導,1.00,- Professor LAM Weng Cheong,8,4,TMC,WCM1,C&E,TBA,NRR,07/09/2026 - 30/11/2026,Yes,Yes,Dept of History
2026-27 Term 1,2420,HIST,HIST4811WK,6277,Graduation Thesis Guidance 畢業論文指導,1.00,- Professor PUK Wing Kin,8,2,TMC,WKM1,C&E,TBA,NRR,07/09/2026 - 30/11/2026,Yes,Yes,Dept of History
2026-27 Term 1,2420,HIST,HIST4811WT,6296,Graduation Thesis Guidance 畢業論文指導,1.00,- Professor TSE Wai Kit Wicky,8,3,TMC,WTM1,C&E,TBA,NRR,07/09/2026 - 30/11/2026,Yes,Yes,Dept of History
2026-27 Term 1,2420,HIST,HIST4811WY,6297,Graduation Thesis Guidance 畢業論文指導,1.00,- Dr. CHEN Wenyan,8,2,TMC,WYM1,C&E,TBA,NRR,07/09/2026 - 30/11/2026,Yes,Yes,Dept of History
2026-27 Term 1,2420,HIST,HIST4811YQ,8064,Graduation Thesis Guidance 畢業論文指導,1.00,- Dr. WANG Yiqiao,8,6,TMC,YQM1,C&E,TBA,NRR,07/09/2026 - 30/11/2026,Yes,Yes,Dept of History
2026-27 Term 1,2420,HIST,HIST4811YY,6514,Graduation Thesis Guidance 畢業論文指導,1.00,- Dr. FOK Yeung Yeung,8,2,TMC,YYM1,C&E,TBA,NRR,07/09/2026 - 30/11/2026,Yes,Yes,Dept of History
2026-27 Term 1,2420,HIST,HIST4812IM,8066,Graduation Thesis 畢業論文,5.00,- Professor Ian Brandon MORLEY,8,8,TMC,IMM1,E,TBA,NRR,07/09/2026 - 30/11/2026,Yes,Yes,Dept of History
2026-27 Term 1,2420,HIST,HIST4812JW,8068,Graduation Thesis 畢業論文,5.00,- Dr. WOO Tze Yan Jessie,8,7,TMC,JWM1,C&E,TBA,NRR,07/09/2026 - 30/11/2026,Yes,Yes,Dept of History
2026-27 Term 1,2420,HIST,HIST4812NS,8067,Graduation Thesis 畢業論文,5.00,- Professor Noah Charles SHUSTERMAN,8,7,TMC,NSM1,E,TBA,NRR,07/09/2026 - 30/11/2026,Yes,Yes,Dept of History
2026-27 Term 1,2420,HIST,HIST4812SW,8063,Graduation Thesis 畢業論文,5.00,- Professor CHEUNG Sui Wai,8,6,TMC,SWM1,C&E,TBA,NRR,07/09/2026 - 30/11/2026,Yes,Yes,Dept of History
2026-27 Term 1,2420,HIST,HIST4812WY,8065,Graduation Thesis 畢業論文,5.00,- Dr. CHEN Wenyan,8,8,TMC,WYM1,C&E,TBA,NRR,07/09/2026 - 30/11/2026,Yes,Yes,Dept of History
2026-27 Term 1,2420,HKSL,HKSL1000A,7341,Hong Kong Sign Language I 香港手語（一）,3.00,- Miss YU On Lam Anita,28,28,CLW,AC01,SL,Tu 10:30AM - 01:15PM,LSK_301,"9/8, 9/15, 9/22, 9/29, 10/6, 10/13, 10/20, 10/27, 11/3, 11/10, 11/17, 11/24, 12/1",,,Dept of Linguistics & Mod Lang
2026-27 Term 1,2420,HKSL,HKSL1000B,7409,Hong Kong Sign Language I 香港手語（一）,3.00,- Mr. SUNG Leung Sing,28,28,CLW,BC01,SL,Tu 02:30PM - 05:15PM,LSK_201,"9/8, 9/15, 9/22, 9/29, 10/6, 10/13, 10/20, 10/27, 11/3, 11/10, 11/17, 11/24, 12/1",,,Dept of Linguistics & Mod Lang
2026-27 Term 1,2420,HKSL,HKSL1000C,5706,Hong Kong Sign Language I 香港手語（一）,3.00,- Miss YU On Lam Anita,28,28,CLW,CC01,SL,Th 10:30AM - 01:15PM,ERB_712,"9/10, 9/17, 9/24",,,Dept of Linguistics & Mod Lang
2026-27 Term 1,2420,HKSL,HKSL1000C,5706,Hong Kong Sign Language I 香港手語（一）,3.00,- Miss YU On Lam Anita,28,28,CLW,CC01,SL,Th 10:30AM - 01:15PM,ERB_712,"10/8, 10/15, 10/22, 10/29, 11/5, 11/12, 11/19, 11/26, 12/3",,,Dept of Linguistics & Mod Lang
2026-27 Term 1,2420,HKSL,HKSL1000D,7229,Hong Kong Sign Language I 香港手語（一）,3.00,- Mr. CHU Kwan Ngai Kenny,28,28,CLW,DC01,SL,Tu 10:30AM - 01:15PM,CKB_UG03,"9/8, 9/15, 9/22, 9/29, 10/6, 10/13, 10/20, 10/27, 11/3, 11/10, 11/17, 11/24, 12/1",,,Dept of Linguistics & Mod Lang
2026-27 Term 1,2420,HKSL,HKSL1000E,5218,Hong Kong Sign Language I 香港手語（一）,3.00,- Miss YU Wai Lam Brenda,28,26,CLW,EC01,SL,We 02:30PM - 05:15PM,LHC_106,"9/9, 9/16, 9/23, 9/30, 10/7, 10/14, 10/21, 10/28, 11/4, 11/11, 11/18, 11/25, 12/2",,,Dept of Linguistics & Mod Lang
2026-27 Term 1,2420,HKSL,HKSL1000F,7277,Hong Kong Sign Language I 香港手語（一）,3.00,- Mr. CHU Kwan Ngai Kenny,24,23,CLW,FC01,SL,Tu 02:30PM - 05:15PM,YIA_402,"9/8, 9/15, 9/22, 9/29, 10/6, 10/13, 10/20, 10/27, 11/3, 11/10, 11/17, 11/24, 12/1",,,Dept of Linguistics & Mod Lang
2026-27 Term 1,2420,HKSL,HKSL1000G,5775,Hong Kong Sign Language I 香港手語（一）,3.00,- Miss YU Wai Lam Brenda,28,27,CLW,GC01,SL,We 10:30AM - 01:15PM,YIA_403,"9/9, 9/16, 9/23, 9/30, 10/7, 10/14, 10/21, 10/28, 11/4, 11/11, 11/18, 11/25, 12/2",,,Dept of Linguistics & Mod Lang
2026-27 Term 1,2420,HKSL,HKSL1000H,5664,Hong Kong Sign Language I 香港手語（一）,3.00,- Mr. SUNG Leung Sing,28,28,CLW,HC01,SL,Th 10:30AM - 01:15PM,ERB_703,"9/10, 9/17, 9/24",,,Dept of Linguistics & Mod Lang
2026-27 Term 1,2420,HKSL,HKSL1000H,5664,Hong Kong Sign Language I 香港手語（一）,3.00,- Mr. SUNG Leung Sing,28,28,CLW,HC01,SL,Th 10:30AM - 01:15PM,ERB_703,"10/8, 10/15, 10/22, 10/29, 11/5, 11/12, 11/19, 11/26, 12/3",,,Dept of Linguistics & Mod Lang
2026-27 Term 1,2420,HKSL,HKSL1000I,5663,Hong Kong Sign Language I 香港手語（一）,3.00,- Mr. CHU Kwan Ngai Kenny,28,27,CLW,IC01,SL,We 10:30AM - 01:15PM,ERB_712,"9/9, 9/16, 9/23, 9/30, 10/7, 10/14, 10/21, 10/28, 11/4, 11/11, 11/18, 11/25, 12/2",,,Dept of Linguistics & Mod Lang
2026-27 Term 1,2420,HKSL,HKSL1000J,5627,Hong Kong Sign Language I 香港手語（一）,3.00,- Mr. SUNG Leung Sing,28,28,CLW,JC01,SL,Tu 10:30AM - 01:15PM,ERB_712,"9/8, 9/15, 9/22, 9/29, 10/6, 10/13, 10/20, 10/27, 11/3, 11/10, 11/17, 11/24, 12/1",,,Dept of Linguistics & Mod Lang
2026-27 Term 1,2420,HKSL,HKSL1000K,5628,Hong Kong Sign Language I 香港手語（一）,3.00,- Mr. CHU Kwan Ngai Kenny,28,28,CLW,KC01,SL,We 02:30PM - 05:15PM,LSK_201,"9/9, 9/16, 9/23, 9/30, 10/7, 10/14, 10/21, 10/28, 11/4, 11/11, 11/18, 11/25, 12/2",,,Dept of Linguistics & Mod Lang
2026-27 Term 1,2420,HKSL,HKSL1001-,6074,Hong Kong Sign Language Taster 香港手語入門,1.00,- Staff,150,150,LEC,-,SL,TBA,NRR,07/09/2026 - 30/11/2026,Yes,Yes,Dept of Linguistics & Mod Lang
2026-27 Term 1,2420,HKSL,HKSL1003-,4857,HKSL I & II 香港手語（一）及（二）,6.00,- Miss YU On Lam Anita,28,28,CLW,-C01,SL,Tu 02:30PM - 05:15PM,CKB_UG03,"9/8, 9/15, 9/22, 9/29, 10/6, 10/13, 10/20, 10/27, 11/3, 11/10, 11/17, 11/24, 12/1",,,Dept of Linguistics & Mod Lang
2026-27 Term 1,2420,HKSL,HKSL1003-,4857,HKSL I & II 香港手語（一）及（二）,6.00,- Miss YU On Lam Anita,28,28,CLW,-C01,SL,Th 02:30PM - 05:15PM,LHC_101,"9/10, 9/17, 9/24",,,Dept of Linguistics & Mod Lang
2026-27 Term 1,2420,HKSL,HKSL1003-,4857,HKSL I & II 香港手語（一）及（二）,6.00,- Miss YU On Lam Anita,28,28,CLW,-C01,SL,Th 02:30PM - 05:15PM,LHC_101,"10/8, 10/15, 10/22, 10/29, 11/5, 11/12, 11/19, 11/26, 12/3",,,Dept of Linguistics & Mod Lang
2026-27 Term 1,2420,HKSL,HKSL2001-,7181,Hong Kong Sign Language III 香港手語（三）,3.00,- Mr. SUNG Leung Sing,26,24,CLW,-C01,SL,Th 02:30PM - 05:15PM,UCC_206,"9/10, 9/17, 9/24",,,Dept of Linguistics & Mod Lang
2026-27 Term 1,2420,HKSL,HKSL2001-,7181,Hong Kong Sign Language III 香港手語（三）,3.00,- Mr. SUNG Leung Sing,26,24,CLW,-C01,SL,Th 02:30PM - 05:15PM,UCC_206,"10/8, 10/15, 10/22, 10/29, 11/5, 11/12, 11/19, 11/26, 12/3",,,Dept of Linguistics & Mod Lang
2026-27 Term 1,2420,HKSL,HKSL3001A,5597,Hong Kong Sign Language V 香港手語（五）,3.00,- Miss YU Wai Lam Brenda,28,27,CLW,AC01,SL,Tu 10:30AM - 01:15PM,LHC_106,"9/8, 9/15, 9/22, 9/29, 10/6, 10/13, 10/20, 10/27, 11/3, 11/10, 11/17, 11/24, 12/1",,,Dept of Linguistics & Mod Lang
2026-27 Term 1,2420,HKSL,HKSL3001B,4858,Hong Kong Sign Language V 香港手語（五）,3.00,- Miss YU Wai Lam Brenda,26,8,CLW,BC01,SL,Tu 02:30PM - 05:15PM,SB_239,"9/8, 9/15, 9/22, 9/29, 10/6, 10/13, 10/20, 10/27, 11/3, 11/10, 11/17, 11/24, 12/1",,,Dept of Linguistics & Mod Lang
2026-27 Term 1,2420,HTMG,HTMG1010A,9523,Mgnt of Hosp & Real Estat Bus 酒店房地產企業管理,3.00,- Professor GONG Yaqi,38,37,LEC,A,E,Tu 02:30PM - 05:15PM,WMY_502,"9/8, 9/15, 9/22, 9/29, 10/6, 10/13, 10/20, 10/27, 11/3, 11/10, 11/17, 11/24, 12/1",Yes,Yes,Sch of Hotel & Tourism Mgt
2026-27 Term 1,2420,HTMG,HTMG1010B,9660,Mgnt of Hosp & Real Estat Bus 酒店房地產企業管理,3.00,- Professor GONG Yaqi,35,35,LEC,B,E,Th 09:30AM - 12:15PM,CYT_203,"9/10, 9/17, 9/24",Yes,Yes,Sch of Hotel & Tourism Mgt
2026-27 Term 1,2420,HTMG,HTMG1010B,9660,Mgnt of Hosp & Real Estat Bus 酒店房地產企業管理,3.00,- Professor GONG Yaqi,35,35,LEC,B,E,Th 09:30AM - 12:15PM,CYT_203,"10/8, 10/15, 10/22, 10/29, 11/5, 11/12, 11/19, 11/26, 12/3",Yes,Yes,Sch of Hotel & Tourism Mgt
2026-27 Term 1,2420,HTMG,HTMG1091-,5898,Distinguished Speaker S I 行業領袖演講系列（一）,0.00,- Staff,55,54,LEC,-,E,Fr 09:30AM - 11:15AM,LSK_LT7,"9/11, 9/18",Yes,Yes,Sch of Hotel & Tourism Mgt
2026-27 Term 1,2420,HTMG,HTMG1091-,5898,Distinguished Speaker S I 行業領袖演講系列（一）,0.00,- Staff,55,54,LEC,-,E,Fr 09:30AM - 11:15AM,CYT_LT1A,"9/25, 10/2",Yes,Yes,Sch of Hotel & Tourism Mgt
2026-27 Term 1,2420,HTMG,HTMG1091-,5898,Distinguished Speaker S I 行業領袖演講系列（一）,0.00,- Staff,55,54,LEC,-,E,Fr 09:30AM - 11:15AM,LSK_LT7,"10/9, 10/16, 10/23, 10/30, 11/6, 11/13",Yes,Yes,Sch of Hotel & Tourism Mgt
2026-27 Term 1,2420,HTMG,HTMG1091-,5898,Distinguished Speaker S I 行業領袖演講系列（一）,0.00,- Staff,55,54,LEC,-,E,Fr 09:30AM - 11:15AM,CYT_LT1A,11/20,Yes,Yes,Sch of Hotel & Tourism Mgt
2026-27 Term 1,2420,HTMG,HTMG1091-,5898,Distinguished Speaker S I 行業領袖演講系列（一）,0.00,- Staff,55,54,LEC,-,E,Fr 09:30AM - 11:15AM,LSK_LT7,"11/27, 12/4",Yes,Yes,Sch of Hotel & Tourism Mgt
2026-27 Term 1,2420,HTMG,HTMG1092A,5899,Distinguished Speaker S II 行業領袖演講系列（二）,1.00,- Staff,10,10,LEC,A,E,Fr 09:30AM - 11:15AM,LSK_LT7,"9/11, 9/18",Yes,Yes,Sch of Hotel & Tourism Mgt
2026-27 Term 1,2420,HTMG,HTMG1092A,5899,Distinguished Speaker S II 行業領袖演講系列（二）,1.00,- Staff,10,10,LEC,A,E,Fr 09:30AM - 11:15AM,CYT_LT1A,"9/25, 10/2",Yes,Yes,Sch of Hotel & Tourism Mgt
2026-27 Term 1,2420,HTMG,HTMG1092A,5899,Distinguished Speaker S II 行業領袖演講系列（二）,1.00,- Staff,10,10,LEC,A,E,Fr 09:30AM - 11:15AM,LSK_LT7,"10/9, 10/16, 10/23, 10/30, 11/6, 11/13",Yes,Yes,Sch of Hotel & Tourism Mgt
2026-27 Term 1,2420,HTMG,HTMG1092A,5899,Distinguished Speaker S II 行業領袖演講系列（二）,1.00,- Staff,10,10,LEC,A,E,Fr 09:30AM - 11:15AM,CYT_LT1A,11/20,Yes,Yes,Sch of Hotel & Tourism Mgt
2026-27 Term 1,2420,HTMG,HTMG1092A,5899,Distinguished Speaker S II 行業領袖演講系列（二）,1.00,- Staff,10,10,LEC,A,E,Fr 09:30AM - 11:15AM,LSK_LT7,"11/27, 12/4",Yes,Yes,Sch of Hotel & Tourism Mgt
2026-27 Term 1,2420,HTMG,HTMG2000A,4832,International Experience 國際經驗,1.00,- Dr. TIAN Jie Jenny,50,43,OTH,AO01,E,TBA,NRR,07/09/2026 - 30/11/2026,Yes,Yes,Sch of Hotel & Tourism Mgt
2026-27 Term 1,2420,HTMG,HTMG2070A,8667,Food and Beverage Management 餐務管理,3.00,- Dr. CHEUNG Pui Gentiana,30,7,LEC,A,E,We 02:30PM - 05:15PM,CYT_504,"9/9, 9/16, 9/23, 9/30, 10/7, 10/14, 10/21, 10/28, 11/4, 11/11, 11/18, 11/25, 12/2",Yes,Yes,Sch of Hotel & Tourism Mgt
2026-27 Term 1,2420,HTMG,HTMG2091-,5900,Distinguished Speaker S III 行業領袖演講系列（三）,0.00,- Staff,55,5,LEC,-,E,Fr 09:30AM - 11:15AM,LSK_LT7,"9/11, 9/18",Yes,Yes,Sch of Hotel & Tourism Mgt
2026-27 Term 1,2420,HTMG,HTMG2091-,5900,Distinguished Speaker S III 行業領袖演講系列（三）,0.00,- Staff,55,5,LEC,-,E,Fr 09:30AM - 11:15AM,CYT_LT1A,"9/25, 10/2",Yes,Yes,Sch of Hotel & Tourism Mgt
2026-27 Term 1,2420,HTMG,HTMG2091-,5900,Distinguished Speaker S III 行業領袖演講系列（三）,0.00,- Staff,55,5,LEC,-,E,Fr 09:30AM - 11:15AM,LSK_LT7,"10/9, 10/16, 10/23, 10/30, 11/6, 11/13",Yes,Yes,Sch of Hotel & Tourism Mgt
2026-27 Term 1,2420,HTMG,HTMG2091-,5900,Distinguished Speaker S III 行業領袖演講系列（三）,0.00,- Staff,55,5,LEC,-,E,Fr 09:30AM - 11:15AM,CYT_LT1A,11/20,Yes,Yes,Sch of Hotel & Tourism Mgt
2026-27 Term 1,2420,HTMG,HTMG2091-,5900,Distinguished Speaker S III 行業領袖演講系列（三）,0.00,- Staff,55,5,LEC,-,E,Fr 09:30AM - 11:15AM,LSK_LT7,"11/27, 12/4",Yes,Yes,Sch of Hotel & Tourism Mgt
2026-27 Term 1,2420,HTMG,HTMG2092A,5907,Distinguished Speaker S IV 行業領袖演講系列（四）,1.00,- Staff,10,10,LEC,A,E,Fr 09:30AM - 11:15AM,LSK_LT7,"9/11, 9/18",Yes,Yes,Sch of Hotel & Tourism Mgt
2026-27 Term 1,2420,HTMG,HTMG2092A,5907,Distinguished Speaker S IV 行業領袖演講系列（四）,1.00,- Staff,10,10,LEC,A,E,Fr 09:30AM - 11:15AM,CYT_LT1A,"9/25, 10/2",Yes,Yes,Sch of Hotel & Tourism Mgt
2026-27 Term 1,2420,HTMG,HTMG2092A,5907,Distinguished Speaker S IV 行業領袖演講系列（四）,1.00,- Staff,10,10,LEC,A,E,Fr 09:30AM - 11:15AM,LSK_LT7,"10/9, 10/16, 10/23, 10/30, 11/6, 11/13",Yes,Yes,Sch of Hotel & Tourism Mgt
2026-27 Term 1,2420,HTMG,HTMG2092A,5907,Distinguished Speaker S IV 行業領袖演講系列（四）,1.00,- Staff,10,10,LEC,A,E,Fr 09:30AM - 11:15AM,CYT_LT1A,11/20,Yes,Yes,Sch of Hotel & Tourism Mgt
2026-27 Term 1,2420,HTMG,HTMG2092A,5907,Distinguished Speaker S IV 行業領袖演講系列（四）,1.00,- Staff,10,10,LEC,A,E,Fr 09:30AM - 11:15AM,LSK_LT7,"11/27, 12/4",Yes,Yes,Sch of Hotel & Tourism Mgt
2026-27 Term 1,2420,HTMG,HTMG2900A,6221,Summer Internship I 暑期行業體驗計劃（一）,1.00,- Dr. CHEUNG Pui Gentiana,30,30,PRA,AP01,E,TBA,NRR,07/09/2026 - 30/11/2026,Yes,Yes,Sch of Hotel & Tourism Mgt
2026-27 Term 1,2420,HTMG,HTMG3010A,8428,Magt of Lodging Facilities 住宿設施管理,3.00,- Professor LEE Po Lam Wilson,30,2,LEC,A,E,Tu 09:30AM - 12:15PM,CKB_706B,"9/8, 9/15, 9/22, 9/29, 10/6, 10/13, 10/20, 10/27, 11/3, 11/10, 11/17, 11/24, 12/1",Yes,Yes,Sch of Hotel & Tourism Mgt
2026-27 Term 1,2420,HTMG,HTMG3030A,7168,Hospitality Real Estate Econ 酒店房地產經濟學,3.00,- Professor LIU Yunbo,65,11,LEC,A,E,Th 02:30PM - 05:15PM,ELB_401,"9/10, 9/17, 9/24",Yes,Yes,Sch of Hotel & Tourism Mgt
2026-27 Term 1,2420,HTMG,HTMG3030A,7168,Hospitality Real Estate Econ 酒店房地產經濟學,3.00,- Professor LIU Yunbo,65,11,LEC,A,E,Th 02:30PM - 05:15PM,ELB_401,"10/8, 10/15, 10/22, 10/29, 11/5, 11/12, 11/19, 11/26, 12/3",Yes,Yes,Sch of Hotel & Tourism Mgt
2026-27 Term 1,2420,HTMG,HTMG3041A,4834,Law for HRE Ind 酒店旅遊及房地產法律,3.00,- Mr. CHAN Ka Fung,30,3,LEC,A,E,Sa 09:30AM - 12:15PM,CYT_609,"9/12, 9/19",Yes,Yes,Sch of Hotel & Tourism Mgt
2026-27 Term 1,2420,HTMG,HTMG3041A,4834,Law for HRE Ind 酒店旅遊及房地產法律,3.00,- Mr. CHAN Ka Fung,30,3,LEC,A,E,Sa 09:30AM - 12:15PM,CYT_609,"10/3, 10/10, 10/17, 10/24, 10/31, 11/7, 11/14, 11/21, 11/28, 12/5",Yes,Yes,Sch of Hotel & Tourism Mgt
2026-27 Term 1,2420,HTMG,HTMG3060-,4833,Hosp. Service Mgt & Innovation 酒店服務管理與創新,3.00,- Professor LIU Hongbo,36,36,LEC,-,E,Th 02:30PM - 05:15PM,ELB_303,"9/10, 9/17, 9/24",,,Sch of Hotel & Tourism Mgt
2026-27 Term 1,2420,HTMG,HTMG3060-,4833,Hosp. Service Mgt & Innovation 酒店服務管理與創新,3.00,- Professor LIU Hongbo,36,36,LEC,-,E,Th 02:30PM - 05:15PM,ELB_303,"10/8, 10/15, 10/22, 10/29, 11/5, 11/12, 11/19, 11/26, 12/3",,,Sch of Hotel & Tourism Mgt
2026-27 Term 1,2420,HTMG,HTMG3091-,5909,Distinguished Speaker Series V 行業領袖演講系列（五）,0.00,- Staff,55,6,LEC,-,E,Fr 09:30AM - 11:15AM,LSK_LT7,"9/11, 9/18",Yes,Yes,Sch of Hotel & Tourism Mgt
2026-27 Term 1,2420,HTMG,HTMG3091-,5909,Distinguished Speaker Series V 行業領袖演講系列（五）,0.00,- Staff,55,6,LEC,-,E,Fr 09:30AM - 11:15AM,CYT_LT1A,"9/25, 10/2",Yes,Yes,Sch of Hotel & Tourism Mgt
2026-27 Term 1,2420,HTMG,HTMG3091-,5909,Distinguished Speaker Series V 行業領袖演講系列（五）,0.00,- Staff,55,6,LEC,-,E,Fr 09:30AM - 11:15AM,LSK_LT7,"10/9, 10/16, 10/23, 10/30, 11/6, 11/13",Yes,Yes,Sch of Hotel & Tourism Mgt
2026-27 Term 1,2420,HTMG,HTMG3091-,5909,Distinguished Speaker Series V 行業領袖演講系列（五）,0.00,- Staff,55,6,LEC,-,E,Fr 09:30AM - 11:15AM,CYT_LT1A,11/20,Yes,Yes,Sch of Hotel & Tourism Mgt
2026-27 Term 1,2420,HTMG,HTMG3091-,5909,Distinguished Speaker Series V 行業領袖演講系列（五）,0.00,- Staff,55,6,LEC,-,E,Fr 09:30AM - 11:15AM,LSK_LT7,"11/27, 12/4",Yes,Yes,Sch of Hotel & Tourism Mgt
2026-27 Term 1,2420,HTMG,HTMG3092A,5954,Distinguished Speaker S VI 行業領袖演講系列（六）,1.00,- Staff,10,0,LEC,A,E,Fr 09:30AM - 11:15AM,LSK_LT7,"9/11, 9/18",Yes,Yes,Sch of Hotel & Tourism Mgt
2026-27 Term 1,2420,HTMG,HTMG3092A,5954,Distinguished Speaker S VI 行業領袖演講系列（六）,1.00,- Staff,10,0,LEC,A,E,Fr 09:30AM - 11:15AM,CYT_LT1A,"9/25, 10/2",Yes,Yes,Sch of Hotel & Tourism Mgt
2026-27 Term 1,2420,HTMG,HTMG3092A,5954,Distinguished Speaker S VI 行業領袖演講系列（六）,1.00,- Staff,10,0,LEC,A,E,Fr 09:30AM - 11:15AM,LSK_LT7,"10/9, 10/16, 10/23, 10/30, 11/6, 11/13",Yes,Yes,Sch of Hotel & Tourism Mgt
2026-27 Term 1,2420,HTMG,HTMG3092A,5954,Distinguished Speaker S VI 行業領袖演講系列（六）,1.00,- Staff,10,0,LEC,A,E,Fr 09:30AM - 11:15AM,CYT_LT1A,11/20,Yes,Yes,Sch of Hotel & Tourism Mgt
2026-27 Term 1,2420,HTMG,HTMG3092A,5954,Distinguished Speaker S VI 行業領袖演講系列（六）,1.00,- Staff,10,0,LEC,A,E,Fr 09:30AM - 11:15AM,LSK_LT7,"11/27, 12/4",Yes,Yes,Sch of Hotel & Tourism Mgt
2026-27 Term 1,2420,HTMG,HTMG3520-,8926,Shopping Mall Invest & Mgnt 商場投資與管理,3.00,- Dr. Ervi LIUSMAN,30,30,LEC,-,E,Tu 02:30PM - 05:15PM,CYT_607,"9/8, 9/15, 9/22, 9/29, 10/6, 10/13, 10/20, 10/27, 11/3, 11/10, 11/17, 11/24, 12/1",,,Sch of Hotel & Tourism Mgt
2026-27 Term 1,2420,HTMG,HTMG3521-,4836,Hosp Revenue Mgt & Analytics 酒店收益管理和分析,3.00,- Mr. CHEUNG Yui Johnny,35,35,LEC,-,E,Tu 02:30PM - 05:15PM,CYT_609,"9/8, 9/15, 9/22, 9/29, 10/6, 10/13, 10/20, 10/27, 11/3, 11/10, 11/17, 11/24, 12/1",,,Sch of Hotel & Tourism Mgt
2026-27 Term 1,2420,HTMG,HTMG3900-,6540,Summer Internship II 暑期行業體驗計劃（二）,1.00,- Dr. CHEUNG Pui Gentiana,30,30,PRA,-P01,E,TBA,NRR,07/09/2026 - 30/11/2026,Yes,Yes,Sch of Hotel & Tourism Mgt
2026-27 Term 1,2420,HTMG,HTMG4091-,5910,Distinguished Speaker S VII 行業領袖演講系列（七）,0.00,- Staff,55,10,LEC,-,E,Fr 09:30AM - 11:15AM,LSK_LT7,"9/11, 9/18",Yes,Yes,Sch of Hotel & Tourism Mgt
2026-27 Term 1,2420,HTMG,HTMG4091-,5910,Distinguished Speaker S VII 行業領袖演講系列（七）,0.00,- Staff,55,10,LEC,-,E,Fr 09:30AM - 11:15AM,CYT_LT1A,"9/25, 10/2",Yes,Yes,Sch of Hotel & Tourism Mgt
2026-27 Term 1,2420,HTMG,HTMG4091-,5910,Distinguished Speaker S VII 行業領袖演講系列（七）,0.00,- Staff,55,10,LEC,-,E,Fr 09:30AM - 11:15AM,LSK_LT7,"10/9, 10/16, 10/23, 10/30, 11/6, 11/13",Yes,Yes,Sch of Hotel & Tourism Mgt
2026-27 Term 1,2420,HTMG,HTMG4091-,5910,Distinguished Speaker S VII 行業領袖演講系列（七）,0.00,- Staff,55,10,LEC,-,E,Fr 09:30AM - 11:15AM,CYT_LT1A,11/20,Yes,Yes,Sch of Hotel & Tourism Mgt
2026-27 Term 1,2420,HTMG,HTMG4091-,5910,Distinguished Speaker S VII 行業領袖演講系列（七）,0.00,- Staff,55,10,LEC,-,E,Fr 09:30AM - 11:15AM,LSK_LT7,"11/27, 12/4",Yes,Yes,Sch of Hotel & Tourism Mgt
2026-27 Term 1,2420,HTMG,HTMG4092A,5916,Distinguished Speaker S VIII 行業領袖演講系列（八）,1.00,- Staff,10,8,LEC,A,E,Fr 09:30AM - 11:15AM,LSK_LT7,"9/11, 9/18",Yes,Yes,Sch of Hotel & Tourism Mgt
2026-27 Term 1,2420,HTMG,HTMG4092A,5916,Distinguished Speaker S VIII 行業領袖演講系列（八）,1.00,- Staff,10,8,LEC,A,E,Fr 09:30AM - 11:15AM,CYT_LT1A,"9/25, 10/2",Yes,Yes,Sch of Hotel & Tourism Mgt
2026-27 Term 1,2420,HTMG,HTMG4092A,5916,Distinguished Speaker S VIII 行業領袖演講系列（八）,1.00,- Staff,10,8,LEC,A,E,Fr 09:30AM - 11:15AM,LSK_LT7,"10/9, 10/16, 10/23, 10/30, 11/6, 11/13",Yes,Yes,Sch of Hotel & Tourism Mgt
2026-27 Term 1,2420,HTMG,HTMG4092A,5916,Distinguished Speaker S VIII 行業領袖演講系列（八）,1.00,- Staff,10,8,LEC,A,E,Fr 09:30AM - 11:15AM,CYT_LT1A,11/20,Yes,Yes,Sch of Hotel & Tourism Mgt
2026-27 Term 1,2420,HTMG,HTMG4092A,5916,Distinguished Speaker S VIII 行業領袖演講系列（八）,1.00,- Staff,10,8,LEC,A,E,Fr 09:30AM - 11:15AM,LSK_LT7,"11/27, 12/4",Yes,Yes,Sch of Hotel & Tourism Mgt
2026-27 Term 1,2420,HTMG,HTMG4100-,8473,Real Estate Valuation 房地產估價分析,3.00,- Professor WONG Chi Fai Nelson,35,35,LEC,-,E,Mo 09:30AM - 12:15PM,CKB_122,"9/7, 9/14, 9/21, 9/28, 10/5, 10/12",,,Sch of Hotel & Tourism Mgt
2026-27 Term 1,2420,HTMG,HTMG4100-,8473,Real Estate Valuation 房地產估價分析,3.00,- Professor WONG Chi Fai Nelson,35,35,LEC,-,E,Mo 09:30AM - 12:15PM,CKB_122,"10/26, 11/2, 11/9, 11/16, 11/23, 11/30",,,Sch of Hotel & Tourism Mgt
2026-27 Term 1,2420,HTMG,HTMG4270-,8749,HRE Financial Reporting & Ana 房地產財務報告與分析,3.00,- Professor TSANG Tak Ming Desmond,30,30,LEC,-,E,We 02:30PM - 05:15PM,CYT_607,"9/9, 9/16, 9/23, 9/30, 10/7, 10/14, 10/21, 10/28, 11/4, 11/11, 11/18, 11/25, 12/2",,,Sch of Hotel & Tourism Mgt
2026-27 Term 1,2420,HTMG,HTMG4529-,4837,Talent Management 款待業的人才管理,1.00,- Staff,40,40,LEC,-,E,Mo 02:30PM - 05:15PM,CYT_609,"9/7, 9/14, 9/21, 9/28",,,Sch of Hotel & Tourism Mgt
2026-27 Term 1,2420,HTMG,HTMG4537-,9865,Innovation for HRE 酒店旅遊及房地產之創新,1.00,- Mr. MAK Kin Wai,40,40,LEC,-,E,Mo 02:30PM - 05:15PM,CYT_609,"10/5, 10/12",,,Sch of Hotel & Tourism Mgt
2026-27 Term 1,2420,HTMG,HTMG4537-,9865,Innovation for HRE 酒店旅遊及房地產之創新,1.00,- Mr. MAK Kin Wai,40,40,LEC,-,E,Mo 02:30PM - 05:15PM,CYT_609,"10/26, 11/2",,,Sch of Hotel & Tourism Mgt
2026-27 Term 1,2420,HTMG,HTMG4538-,4883,Essentials for HRE Projects 酒店旅遊及房地產項目要點,1.00,- Mr. TANG Pui Yan,40,40,LEC,-,E,Mo 02:30PM - 05:15PM,CYT_609,"11/9, 11/16, 11/23, 11/30",,,Sch of Hotel & Tourism Mgt
2026-27 Term 1,2420,HTMG,HTMG4600A,4835,Facilities Dev and Mgt for HRE 酒店物業和房地產設施發展及管理,3.00,- Dr. Ervi LIUSMAN,35,0,LEC,A,E,We 09:30AM - 12:15PM,CKB_122,"9/9, 9/16, 9/23, 9/30, 10/7, 10/14, 10/21, 10/28, 11/4, 11/11, 11/18, 11/25, 12/2",Yes,Yes,Sch of Hotel & Tourism Mgt
2026-27 Term 1,2420,HTMG,HTMG4900A,9344,HRE Capstone Project 酒店和房地產總結項目,3.00,- Professor CHOI Sungwoo,35,4,LEC,A,E,Tu 09:30AM - 12:15PM,CKB_122,"9/8, 9/15, 9/22, 9/29, 10/6, 10/13, 10/20, 10/27, 11/3, 11/10, 11/17, 11/24, 12/1",Yes,Yes,Sch of Hotel & Tourism Mgt
2026-27 Term 1,2420,IASP,IASP2790-,7794,Special Topics in IAS (I) 亞洲研究特選論題（一）,3.00,- Professor WU Ka Ming,30,30,LEC,-,E,Mo 10:30AM - 01:15PM,YIA_402,"9/7, 9/14, 9/21, 9/28, 10/5, 10/12",Yes,Yes,International Asian Studies PC
2026-27 Term 1,2420,IASP,IASP2790-,7794,Special Topics in IAS (I) 亞洲研究特選論題（一）,3.00,- Professor WU Ka Ming,30,30,LEC,-,E,Mo 10:30AM - 01:15PM,YIA_402,"10/26, 11/2, 11/9, 11/16, 11/23, 11/30",Yes,Yes,International Asian Studies PC
2026-27 Term 1,2420,IASP,IASP2790-,7794,Special Topics in IAS (I) 亞洲研究特選論題（一）,3.00,- Professor WU Ka Ming,30,30,DIS,-D01,E,TBA,NRR,07/09/2026 - 30/11/2026,Yes,Yes,International Asian Studies PC
2026-27 Term 1,2420,IASP,IASP2790-,7794,Special Topics in IAS (I) 亞洲研究特選論題（一）,3.00,- Professor WU Ka Ming,30,30,FLD,-F01,E,TBA,NRR,07/09/2026 - 30/11/2026,Yes,Yes,International Asian Studies PC
2026-27 Term 1,2420,IASP,IASP4090-,7819,Indep Rsrch on Int'l Stud 國際專題研究,3.00,- Staff,20,20,PRJ,-J01,E,TBA,NRR,07/09/2026 - 30/11/2026,Yes,Yes,International Asian Studies PC
2026-27 Term 1,2420,IMSC,IMSC1038-,7195,Algebra I 代數（一）,3.00,- Staff,50,50,LEC,-,E,Mo 09:30AM - 11:15AM,LSK_515,"9/7, 9/14, 9/21, 9/28, 10/5, 10/12",Yes,Yes,ZSIMS Math Sci Pgm Office
2026-27 Term 1,2420,IMSC,IMSC1038-,7195,Algebra I 代數（一）,3.00,- Staff,50,50,LEC,-,E,Mo 09:30AM - 11:15AM,LSK_515,"10/26, 11/2, 11/9, 11/16, 11/23, 11/30",Yes,Yes,ZSIMS Math Sci Pgm Office
2026-27 Term 1,2420,IMSC,IMSC1038-,7195,Algebra I 代數（一）,3.00,- Staff,50,50,LEC,-,E,Fr 09:30AM - 10:15AM,LSK_206,"9/11, 9/18, 9/25, 10/2, 10/9, 10/16, 10/23, 10/30, 11/6, 11/13, 11/20, 11/27, 12/4",Yes,Yes,ZSIMS Math Sci Pgm Office
2026-27 Term 1,2420,IMSC,IMSC1038-,7195,Algebra I 代數（一）,3.00,- Staff,50,50,TUT,-T01,E,Fr 10:30AM - 11:15AM,LSK_206,"9/11, 9/18, 9/25, 10/2, 10/9, 10/16, 10/23, 10/30, 11/6, 11/13, 11/20, 11/27, 12/4",Yes,Yes,ZSIMS Math Sci Pgm Office
2026-27 Term 1,2420,IMSC,IMSC1113-,5777,Basic Physics I 基礎物理（一）,3.00,- Dr. YIP Long Sang Kenny,50,50,LEC,-,E,Tu 03:30PM - 05:15PM,LSK_514,"9/8, 9/15, 9/22, 9/29, 10/6, 10/13, 10/20, 10/27, 11/3, 11/10, 11/17, 11/24, 12/1",Yes,Yes,ZSIMS Math Sci Pgm Office
2026-27 Term 1,2420,IMSC,IMSC1113-,5777,Basic Physics I 基礎物理（一）,3.00,- Dr. YIP Long Sang Kenny,50,50,LEC,-,E,Th 09:30AM - 10:15AM,LSK_206,"9/10, 9/17, 9/24",Yes,Yes,ZSIMS Math Sci Pgm Office
2026-27 Term 1,2420,IMSC,IMSC1113-,5777,Basic Physics I 基礎物理（一）,3.00,- Dr. YIP Long Sang Kenny,50,50,LEC,-,E,Th 09:30AM - 10:15AM,LSK_206,"10/8, 10/15, 10/22, 10/29, 11/5, 11/12, 11/19, 11/26, 12/3",Yes,Yes,ZSIMS Math Sci Pgm Office
2026-27 Term 1,2420,IMSC,IMSC1113-,5777,Basic Physics I 基礎物理（一）,3.00,- Dr. YIP Long Sang Kenny,50,50,TUT,-T01,E,Th 10:30AM - 11:15AM,LSK_206,"9/10, 9/17, 9/24",Yes,Yes,ZSIMS Math Sci Pgm Office
2026-27 Term 1,2420,IMSC,IMSC1113-,5777,Basic Physics I 基礎物理（一）,3.00,- Dr. YIP Long Sang Kenny,50,50,TUT,-T01,E,Th 10:30AM - 11:15AM,LSK_206,"10/8, 10/15, 10/22, 10/29, 11/5, 11/12, 11/19, 11/26, 12/3",Yes,Yes,ZSIMS Math Sci Pgm Office
2026-27 Term 1,2420,IMSC,IMSC2018-,7053,Calculus I 微積分（一）,3.00,- Dr. XU Lingda,50,50,LEC,-,E,Tu 01:30PM - 03:15PM,SC_L5,"9/8, 9/15, 9/22, 9/29, 10/6, 10/13, 10/20, 10/27, 11/3, 11/10, 11/17, 11/24, 12/1",Yes,Yes,ZSIMS Math Sci Pgm Office
2026-27 Term 1,2420,IMSC,IMSC2018-,7053,Calculus I 微積分（一）,3.00,- Dr. XU Lingda,50,50,LEC,-,E,Th 01:30PM - 02:15PM,LSK_206,"9/10, 9/17, 9/24",Yes,Yes,ZSIMS Math Sci Pgm Office
2026-27 Term 1,2420,IMSC,IMSC2018-,7053,Calculus I 微積分（一）,3.00,- Dr. XU Lingda,50,50,LEC,-,E,Th 01:30PM - 02:15PM,LSK_206,"10/8, 10/15, 10/22, 10/29, 11/5, 11/12, 11/19, 11/26, 12/3",Yes,Yes,ZSIMS Math Sci Pgm Office
2026-27 Term 1,2420,IMSC,IMSC2018-,7053,Calculus I 微積分（一）,3.00,- Dr. XU Lingda,50,50,TUT,-T01,E,Th 02:30PM - 03:15PM,LSK_206,"9/10, 9/17, 9/24",Yes,Yes,ZSIMS Math Sci Pgm Office
2026-27 Term 1,2420,IMSC,IMSC2018-,7053,Calculus I 微積分（一）,3.00,- Dr. XU Lingda,50,50,TUT,-T01,E,Th 02:30PM - 03:15PM,LSK_206,"10/8, 10/15, 10/22, 10/29, 11/5, 11/12, 11/19, 11/26, 12/3",Yes,Yes,ZSIMS Math Sci Pgm Office
2026-27 Term 1,2420,IMSC,IMSC2041-,5072,Basic Physics III 基礎物理（三）,3.00,- Dr. LIN Lap Ming,20,6,LEC,-,E,Mo 09:30AM - 11:15AM,LSK_306,"9/7, 9/14, 9/21, 9/28, 10/5, 10/12",Yes,Yes,ZSIMS Math Sci Pgm Office
2026-27 Term 1,2420,IMSC,IMSC2041-,5072,Basic Physics III 基礎物理（三）,3.00,- Dr. LIN Lap Ming,20,6,LEC,-,E,Mo 09:30AM - 11:15AM,LSK_306,"10/26, 11/2, 11/9, 11/16, 11/23, 11/30",Yes,Yes,ZSIMS Math Sci Pgm Office
2026-27 Term 1,2420,IMSC,IMSC2041-,5072,Basic Physics III 基礎物理（三）,3.00,- Dr. LIN Lap Ming,20,6,LEC,-,E,We 12:30PM - 01:15PM,LSK_301,"9/9, 9/16, 9/23, 9/30, 10/7, 10/14, 10/21, 10/28, 11/4, 11/11, 11/18, 11/25, 12/2",Yes,Yes,ZSIMS Math Sci Pgm Office
2026-27 Term 1,2420,IMSC,IMSC2041-,5072,Basic Physics III 基礎物理（三）,3.00,- Dr. LIN Lap Ming,20,6,TUT,-T01,E,We 01:30PM - 02:15PM,LSK_301,"9/9, 9/16, 9/23, 9/30, 10/7, 10/14, 10/21, 10/28, 11/4, 11/11, 11/18, 11/25, 12/2",Yes,Yes,ZSIMS Math Sci Pgm Office
2026-27 Term 1,2420,IMSC,IMSC2058-,7062,Analysis I 分析（一）,3.00,- Dr. XU Lingda,50,50,LEC,-,E,Mo 02:30PM - 04:15PM,SC_LG23,"9/7, 9/14, 9/21, 9/28, 10/5, 10/12",Yes,Yes,ZSIMS Math Sci Pgm Office
2026-27 Term 1,2420,IMSC,IMSC2058-,7062,Analysis I 分析（一）,3.00,- Dr. XU Lingda,50,50,LEC,-,E,Mo 02:30PM - 04:15PM,SC_LG23,"10/26, 11/2, 11/9, 11/16, 11/23, 11/30",Yes,Yes,ZSIMS Math Sci Pgm Office
2026-27 Term 1,2420,IMSC,IMSC2058-,7062,Analysis I 分析（一）,3.00,- Dr. XU Lingda,50,50,LEC,-,E,We 09:30AM - 10:15AM,LSK_301,"9/9, 9/16, 9/23, 9/30, 10/7, 10/14, 10/21, 10/28, 11/4, 11/11, 11/18, 11/25, 12/2",Yes,Yes,ZSIMS Math Sci Pgm Office
2026-27 Term 1,2420,IMSC,IMSC2058-,7062,Analysis I 分析（一）,3.00,- Dr. XU Lingda,50,50,TUT,-T01,E,We 10:30AM - 11:15AM,LSK_301,"9/9, 9/16, 9/23, 9/30, 10/7, 10/14, 10/21, 10/28, 11/4, 11/11, 11/18, 11/25, 12/2",Yes,Yes,ZSIMS Math Sci Pgm Office
2026-27 Term 1,2420,IMSC,IMSC2078-,5086,Algebra III 代數（三）,3.00,- Staff,20,8,LEC,-,E,Mo 03:30PM - 05:15PM,ERB_706,"9/7, 9/14, 9/21, 9/28, 10/5, 10/12",Yes,Yes,ZSIMS Math Sci Pgm Office
2026-27 Term 1,2420,IMSC,IMSC2078-,5086,Algebra III 代數（三）,3.00,- Staff,20,8,LEC,-,E,Mo 03:30PM - 05:15PM,ERB_706,"10/26, 11/2, 11/9, 11/16, 11/23, 11/30",Yes,Yes,ZSIMS Math Sci Pgm Office
2026-27 Term 1,2420,IMSC,IMSC2078-,5086,Algebra III 代數（三）,3.00,- Staff,20,8,LEC,-,E,We 09:30AM - 10:15AM,HYS_G04,"9/9, 9/16, 9/23, 9/30, 10/7, 10/14, 10/21, 10/28, 11/4, 11/11, 11/18, 11/25, 12/2",Yes,Yes,ZSIMS Math Sci Pgm Office
2026-27 Term 1,2420,IMSC,IMSC2078-,5086,Algebra III 代數（三）,3.00,- Staff,20,8,TUT,-T01,E,We 10:30AM - 11:15AM,HYS_G04,"9/9, 9/16, 9/23, 9/30, 10/7, 10/14, 10/21, 10/28, 11/4, 11/11, 11/18, 11/25, 12/2",Yes,Yes,ZSIMS Math Sci Pgm Office
2026-27 Term 1,2420,IMSC,IMSC3250-,5082,Geometry I 幾何學（一）,3.00,- Staff,20,8,LEC,-,E,Mo 12:30PM - 03:15PM,YIA_509,"9/7, 9/14, 9/21, 9/28, 10/5, 10/12",Yes,Yes,ZSIMS Math Sci Pgm Office
2026-27 Term 1,2420,IMSC,IMSC3250-,5082,Geometry I 幾何學（一）,3.00,- Staff,20,8,LEC,-,E,Mo 12:30PM - 03:15PM,YIA_509,"10/26, 11/2, 11/9, 11/16, 11/23, 11/30",Yes,Yes,ZSIMS Math Sci Pgm Office
2026-27 Term 1,2420,IMSC,IMSC3250-,5082,Geometry I 幾何學（一）,3.00,- Staff,20,8,TUT,-T01,E,Th 09:30AM - 10:15AM,LSK_304,"9/10, 9/17, 9/24",Yes,Yes,ZSIMS Math Sci Pgm Office
2026-27 Term 1,2420,IMSC,IMSC3250-,5082,Geometry I 幾何學（一）,3.00,- Staff,20,8,TUT,-T01,E,Th 09:30AM - 10:15AM,LSK_304,"10/8, 10/15, 10/22, 10/29, 11/5, 11/12, 11/19, 11/26, 12/3",Yes,Yes,ZSIMS Math Sci Pgm Office
2026-27 Term 1,2420,IMSC,IMSC3260-,5084,Topology I 拓撲學（一）,3.00,- Staff,15,4,LEC,-,E,Tu 02:30PM - 05:15PM,UCA_103,"9/8, 9/15, 9/22, 9/29, 10/6, 10/13, 10/20, 10/27, 11/3, 11/10, 11/17, 11/24, 12/1",Yes,Yes,ZSIMS Math Sci Pgm Office
2026-27 Term 1,2420,IMSC,IMSC3260-,5084,Topology I 拓撲學（一）,3.00,- Staff,15,4,TUT,-T01,E,Th 02:30PM - 03:15PM,LSK_203,"9/10, 9/17, 9/24",Yes,Yes,ZSIMS Math Sci Pgm Office
2026-27 Term 1,2420,IMSC,IMSC3260-,5084,Topology I 拓撲學（一）,3.00,- Staff,15,4,TUT,-T01,E,Th 02:30PM - 03:15PM,LSK_203,"10/8, 10/15, 10/22, 10/29, 11/5, 11/12, 11/19, 11/26, 12/3",Yes,Yes,ZSIMS Math Sci Pgm Office
2026-27 Term 1,2420,ITAL,ITAL1000A,9615,Italian I 意大利語（一）,3.00,- Dr. Beatrice DE MAGISTRIS,28,28,CLW,AC01,I&E,Th 09:30AM - 12:15PM,WMY_508,"9/10, 9/17, 9/24",,,Dept of Linguistics & Mod Lang
2026-27 Term 1,2420,ITAL,ITAL1000A,9615,Italian I 意大利語（一）,3.00,- Dr. Beatrice DE MAGISTRIS,28,28,CLW,AC01,I&E,Th 09:30AM - 12:15PM,WMY_508,"10/8, 10/15, 10/22, 10/29, 11/5, 11/12, 11/19, 11/26, 12/3",,,Dept of Linguistics & Mod Lang
2026-27 Term 1,2420,ITAL,ITAL1000B,9756,Italian I 意大利語（一）,3.00,- Dr. Beatrice DE MAGISTRIS,28,28,CLW,BC01,I&E,Th 02:30PM - 05:15PM,ELB_203,"9/10, 9/17, 9/24",,,Dept of Linguistics & Mod Lang
2026-27 Term 1,2420,ITAL,ITAL1000B,9756,Italian I 意大利語（一）,3.00,- Dr. Beatrice DE MAGISTRIS,28,28,CLW,BC01,I&E,Th 02:30PM - 05:15PM,ELB_203,"10/8, 10/15, 10/22, 10/29, 11/5, 11/12, 11/19, 11/26, 12/3",,,Dept of Linguistics & Mod Lang
2026-27 Term 1,2420,KORE,KORE1000A,9332,Korean I 韓國語（一）,3.00,- Mr SHEN Lok Hin Kevin,28,28,CLW,AC01,K&E,Mo 10:30AM - 01:15PM,LDS_214,"9/7, 9/14, 9/21, 9/28, 10/5, 10/12",,,Dept of Linguistics & Mod Lang
2026-27 Term 1,2420,KORE,KORE1000A,9332,Korean I 韓國語（一）,3.00,- Mr SHEN Lok Hin Kevin,28,28,CLW,AC01,K&E,Mo 10:30AM - 01:15PM,LDS_214,"10/26, 11/2, 11/9, 11/16, 11/23, 11/30",,,Dept of Linguistics & Mod Lang
2026-27 Term 1,2420,KORE,KORE1000B,9164,Korean I 韓國語（一）,3.00,- Ms. CHUNG Sunghee,28,28,CLW,BC01,K&E,Mo 02:30PM - 05:15PM,LSK_202,"9/7, 9/14, 9/21, 9/28, 10/5, 10/12",,,Dept of Linguistics & Mod Lang
2026-27 Term 1,2420,KORE,KORE1000B,9164,Korean I 韓國語（一）,3.00,- Ms. CHUNG Sunghee,28,28,CLW,BC01,K&E,Mo 02:30PM - 05:15PM,LSK_202,"10/26, 11/2, 11/9, 11/16, 11/23, 11/30",,,Dept of Linguistics & Mod Lang
2026-27 Term 1,2420,KORE,KORE1000C,9817,Korean I 韓國語（一）,3.00,- Ms. SHIN Seong Weon,28,27,CLW,CC01,K&E,Tu 10:30AM - 01:15PM,CKB_123,"9/8, 9/15, 9/22, 9/29, 10/6, 10/13, 10/20, 10/27, 11/3, 11/10, 11/17, 11/24, 12/1",,,Dept of Linguistics & Mod Lang
2026-27 Term 1,2420,KORE,KORE1000D,5941,Korean I 韓國語（一）,3.00,- Dr. YU Sun Hee,28,28,CLW,DC01,K&E,Tu 02:30PM - 05:15PM,HYS_G03,"9/8, 9/15, 9/22, 9/29, 10/6, 10/13, 10/20, 10/27, 11/3, 11/10, 11/17, 11/24, 12/1",,,Dept of Linguistics & Mod Lang
2026-27 Term 1,2420,KORE,KORE1000E,5780,Korean I 韓國語（一）,3.00,- Ms KWON Hyung Gi,28,28,CLW,EC01,K&E,Fr 08:30AM - 11:15AM,WMY_405,"9/11, 9/18, 9/25, 10/2, 10/9, 10/16, 10/23, 10/30, 11/6, 11/13, 11/20, 11/27, 12/4",,,Dept of Linguistics & Mod Lang
2026-27 Term 1,2420,KORE,KORE1000F,8311,Korean I 韓國語（一）,3.00,- Ms. PARK Sehee,28,28,CLW,FC01,K&E,Th 09:30AM - 12:15PM,ARC_G02,"9/10, 9/17, 9/24",,,Dept of Linguistics & Mod Lang
2026-27 Term 1,2420,KORE,KORE1000F,8311,Korean I 韓國語（一）,3.00,- Ms. PARK Sehee,28,28,CLW,FC01,K&E,Th 09:30AM - 12:15PM,ARC_G02,"10/8, 10/15, 10/22, 10/29, 11/5, 11/12, 11/19, 11/26, 12/3",,,Dept of Linguistics & Mod Lang
2026-27 Term 1,2420,KORE,KORE1000G,5579,Korean I 韓國語（一）,3.00,- Ms. PARK Sehee,28,28,CLW,GC01,K&E,We 10:30AM - 01:15PM,ERB_804,"9/9, 9/16, 9/23, 9/30, 10/7, 10/14, 10/21, 10/28, 11/4, 11/11, 11/18, 11/25, 12/2",,,Dept of Linguistics & Mod Lang
2026-27 Term 1,2420,KORE,KORE1000H,9333,Korean I 韓國語（一）,3.00,- Ms. PARK Sehee,28,28,CLW,HC01,K&E,We 02:30PM - 05:15PM,HYS_G03,"9/9, 9/16, 9/23, 9/30, 10/7, 10/14, 10/21, 10/28, 11/4, 11/11, 11/18, 11/25, 12/2",,,Dept of Linguistics & Mod Lang
2026-27 Term 1,2420,KORE,KORE1000I,9330,Korean I 韓國語（一）,3.00,- Dr. YU Sun Hee,28,28,CLW,IC01,K&E,Th 10:30AM - 01:15PM,ELB_306,"9/10, 9/17, 9/24",,,Dept of Linguistics & Mod Lang
2026-27 Term 1,2420,KORE,KORE1000I,9330,Korean I 韓國語（一）,3.00,- Dr. YU Sun Hee,28,28,CLW,IC01,K&E,Th 10:30AM - 01:15PM,ELB_306,"10/8, 10/15, 10/22, 10/29, 11/5, 11/12, 11/19, 11/26, 12/3",,,Dept of Linguistics & Mod Lang
2026-27 Term 1,2420,KORE,KORE1000J,5821,Korean I 韓國語（一）,3.00,- Mr SHEN Lok Hin Kevin,28,28,CLW,JC01,K&E,Th 02:30PM - 05:15PM,LSK_210,"9/10, 9/17, 9/24",,,Dept of Linguistics & Mod Lang
2026-27 Term 1,2420,KORE,KORE1000J,5821,Korean I 韓國語（一）,3.00,- Mr SHEN Lok Hin Kevin,28,28,CLW,JC01,K&E,Th 02:30PM - 05:15PM,LSK_210,"10/8, 10/15, 10/22, 10/29, 11/5, 11/12, 11/19, 11/26, 12/3",,,Dept of Linguistics & Mod Lang
2026-27 Term 1,2420,KORE,KORE2000A,9538,Korean II 韓國語（二）,3.00,- Dr. YU Sun Hee,28,28,CLW,AC01,K&E,Tu 10:30AM - 01:15PM,SC_LG23,"9/8, 9/15, 9/22, 9/29, 10/6, 10/13, 10/20, 10/27, 11/3, 11/10, 11/17, 11/24, 12/1",,,Dept of Linguistics & Mod Lang
2026-27 Term 1,2420,KORE,KORE2000B,5272,Korean II 韓國語（二）,3.00,- Dr. YU Sun Hee,28,28,CLW,BC01,K&E,We 10:30AM - 01:15PM,ARC_G01,"9/9, 9/16, 9/23, 9/30, 10/7, 10/14, 10/21, 10/28, 11/4, 11/11, 11/18, 11/25, 12/2",,,Dept of Linguistics & Mod Lang
2026-27 Term 1,2420,KORE,KORE2000C,8466,Korean II 韓國語（二）,3.00,- Ms. PARK Sehee,28,27,CLW,CC01,K&E,Fr 08:30AM - 11:15AM,WMY_504,"9/11, 9/18, 9/25, 10/2, 10/9, 10/16, 10/23, 10/30, 11/6, 11/13, 11/20, 11/27, 12/4",,,Dept of Linguistics & Mod Lang
2026-27 Term 1,2420,KORE,KORE2001A,7466,Korean III 韓國語（三）,3.00,- Ms. KIM Meug Hee,28,28,CLW,AC01,K&E,Tu 10:30AM - 01:15PM,LDS_214,"9/8, 9/15, 9/22, 9/29, 10/6, 10/13, 10/20, 10/27, 11/3, 11/10, 11/17, 11/24, 12/1",,,Dept of Linguistics & Mod Lang
2026-27 Term 1,2420,KORE,KORE2001B,9401,Korean III 韓國語（三）,3.00,- Ms. CHOI Jinsuk,28,28,CLW,BC01,K&E,We 10:30AM - 01:15PM,LHC_G03,"9/9, 9/16, 9/23, 9/30, 10/7, 10/14, 10/21, 10/28, 11/4, 11/11, 11/18, 11/25, 12/2",,,Dept of Linguistics & Mod Lang
2026-27 Term 1,2420,KORE,KORE2001C,4861,Korean III 韓國語（三）,3.00,- Ms. CHOI Jinsuk,28,28,CLW,CC01,K&E,We 02:30PM - 05:15PM,LSK_204,"9/9, 9/16, 9/23, 9/30, 10/7, 10/14, 10/21, 10/28, 11/4, 11/11, 11/18, 11/25, 12/2",,,Dept of Linguistics & Mod Lang
2026-27 Term 1,2420,KORE,KORE2001D,5375,Korean III 韓國語（三）,3.00,- Ms. CHOI Jinsuk,28,28,CLW,DC01,K&E,Th 02:30PM - 05:15PM,WMY_404,"9/10, 9/17, 9/24",,,Dept of Linguistics & Mod Lang
2026-27 Term 1,2420,KORE,KORE2001D,5375,Korean III 韓國語（三）,3.00,- Ms. CHOI Jinsuk,28,28,CLW,DC01,K&E,Th 02:30PM - 05:15PM,WMY_404,"10/8, 10/15, 10/22, 10/29, 11/5, 11/12, 11/19, 11/26, 12/3",,,Dept of Linguistics & Mod Lang
2026-27 Term 1,2420,KORE,KORE2001E,5965,Korean III 韓國語（三）,3.00,- Ms. SHIN Seong Weon,28,28,CLW,EC01,K&E,Fr 08:30AM - 11:15AM,LSK_208,"9/11, 9/18, 9/25, 10/2, 10/9, 10/16, 10/23, 10/30, 11/6, 11/13, 11/20, 11/27, 12/4",,,Dept of Linguistics & Mod Lang
2026-27 Term 1,2420,KORE,KORE3001A,9824,Korean V 韓國語（五）,3.00,- Ms KWON Hyung Gi,28,28,CLW,AC01,K&E,Mo 02:30PM - 05:15PM,LSK_204,"9/7, 9/14, 9/21, 9/28, 10/5, 10/12",,,Dept of Linguistics & Mod Lang
2026-27 Term 1,2420,KORE,KORE3001A,9824,Korean V 韓國語（五）,3.00,- Ms KWON Hyung Gi,28,28,CLW,AC01,K&E,Mo 02:30PM - 05:15PM,LSK_204,"10/26, 11/2, 11/9, 11/16, 11/23, 11/30",,,Dept of Linguistics & Mod Lang
2026-27 Term 1,2420,KORE,KORE3001B,7357,Korean V 韓國語（五）,3.00,- Ms. KIM Meug Hee,28,28,CLW,BC01,K&E,Th 02:30PM - 05:15PM,LSB_C1,"9/10, 9/17, 9/24",,,Dept of Linguistics & Mod Lang
2026-27 Term 1,2420,KORE,KORE3001B,7357,Korean V 韓國語（五）,3.00,- Ms. KIM Meug Hee,28,28,CLW,BC01,K&E,Th 02:30PM - 05:15PM,LSB_C1,"10/8, 10/15, 10/22, 10/29, 11/5, 11/12, 11/19, 11/26, 12/3",,,Dept of Linguistics & Mod Lang
2026-27 Term 1,2420,KORE,KORE3020-,4859,Sounds of Korean 韓國語語音入門,3.00,- Ms. CHOI Jinsuk,28,28,CLW,-C01,K&E,Th 10:30AM - 01:15PM,WMY_403,"9/10, 9/17, 9/24",,,Dept of Linguistics & Mod Lang
2026-27 Term 1,2420,KORE,KORE3020-,4859,Sounds of Korean 韓國語語音入門,3.00,- Ms. CHOI Jinsuk,28,28,CLW,-C01,K&E,Th 10:30AM - 01:15PM,WMY_403,"10/8, 10/15, 10/22, 10/29, 11/5, 11/12, 11/19, 11/26, 12/3",,,Dept of Linguistics & Mod Lang
2026-27 Term 1,2420,LAWS,LAWS1010-,4972,Legal Analysis and Argumentati Legal Analysis and Argumentati,3.00,- Mr. Michael SCHREIBER - Ms. LAM Shuk Fong,100,99,LEC,-,E,We 09:30AM - 11:15AM,ICS_L1,"9/9, 9/16, 9/23, 9/30, 10/7, 10/14, 10/21, 10/28, 11/4, 11/11, 11/18, 11/25, 12/2",Yes,Yes,LLB Pgm Comm
2026-27 Term 1,2420,LAWS,LAWS1010-,4972,Legal Analysis and Argumentati Legal Analysis and Argumentati,3.00,- Mr. Michael SCHREIBER - Ms. LAM Shuk Fong,25,24,TUT,-T01,E,We 11:30AM - 12:15PM,ICS_L1,"9/9, 9/16, 9/23, 9/30, 10/7, 10/14, 10/21, 10/28, 11/4, 11/11, 11/18, 11/25, 12/2",Yes,Yes,LLB Pgm Comm
2026-27 Term 1,2420,LAWS,LAWS1010-,4972,Legal Analysis and Argumentati Legal Analysis and Argumentati,3.00,- Mr. Michael SCHREIBER - Ms. LAM Shuk Fong,25,25,TUT,-T02,E,We 12:30PM - 01:15PM,ICS_L1,"9/9, 9/16, 9/23, 9/30, 10/7, 10/14, 10/21, 10/28, 11/4, 11/11, 11/18, 11/25, 12/2",Yes,Yes,LLB Pgm Comm
2026-27 Term 1,2420,LAWS,LAWS1010-,4972,Legal Analysis and Argumentati Legal Analysis and Argumentati,3.00,- Mr. Michael SCHREIBER - Ms. LAM Shuk Fong,25,25,TUT,-T03,E,Tu 09:30AM - 10:15AM,ERB_402,"9/8, 9/15, 9/22, 9/29, 10/6, 10/13, 10/20, 10/27, 11/3, 11/10, 11/17, 11/24, 12/1",Yes,Yes,LLB Pgm Comm
2026-27 Term 1,2420,LAWS,LAWS1010-,4972,Legal Analysis and Argumentati Legal Analysis and Argumentati,3.00,- Mr. Michael SCHREIBER - Ms. LAM Shuk Fong,25,25,TUT,-T04,E,Tu 10:30AM - 11:15AM,ERB_402,"9/8, 9/15, 9/22, 9/29, 10/6, 10/13, 10/20, 10/27, 11/3, 11/10, 11/17, 11/24, 12/1",Yes,Yes,LLB Pgm Comm
2026-27 Term 1,2420,LAWS,LAWS1020-,4973,Hong Kong Legal System 香港司法制度,3.00,- Professor CHENG Kevin Kwok Yin,125,125,LEC,-,E,Mo 09:30AM - 11:15AM,LSK_LT1,"9/7, 9/14, 9/21, 9/28, 10/5, 10/12",Yes,Yes,LLB Pgm Comm
2026-27 Term 1,2420,LAWS,LAWS1020-,4973,Hong Kong Legal System 香港司法制度,3.00,- Professor CHENG Kevin Kwok Yin,125,125,LEC,-,E,Mo 09:30AM - 11:15AM,LSK_LT1,"10/26, 11/2, 11/9, 11/16, 11/23, 11/30",Yes,Yes,LLB Pgm Comm
2026-27 Term 1,2420,LAWS,LAWS1020-,4973,Hong Kong Legal System 香港司法制度,3.00,- Professor CHENG Kevin Kwok Yin,25,25,TUT,-T01,E,Mo 11:30AM - 12:15PM,LSK_LT1,"9/7, 9/14, 9/21, 9/28, 10/5, 10/12",Yes,Yes,LLB Pgm Comm
2026-27 Term 1,2420,LAWS,LAWS1020-,4973,Hong Kong Legal System 香港司法制度,3.00,- Professor CHENG Kevin Kwok Yin,25,25,TUT,-T01,E,Mo 11:30AM - 12:15PM,LSK_LT1,"10/26, 11/2, 11/9, 11/16, 11/23, 11/30",Yes,Yes,LLB Pgm Comm
2026-27 Term 1,2420,LAWS,LAWS1020-,4973,Hong Kong Legal System 香港司法制度,3.00,- Professor CHENG Kevin Kwok Yin,25,25,TUT,-T02,E,Mo 01:30PM - 02:15PM,UCA_105,"9/7, 9/14, 9/21, 9/28, 10/5, 10/12",Yes,Yes,LLB Pgm Comm
2026-27 Term 1,2420,LAWS,LAWS1020-,4973,Hong Kong Legal System 香港司法制度,3.00,- Professor CHENG Kevin Kwok Yin,25,25,TUT,-T02,E,Mo 01:30PM - 02:15PM,UCA_105,"10/26, 11/2, 11/9, 11/16, 11/23, 11/30",Yes,Yes,LLB Pgm Comm
2026-27 Term 1,2420,LAWS,LAWS1020-,4973,Hong Kong Legal System 香港司法制度,3.00,- Professor CHENG Kevin Kwok Yin,25,25,TUT,-T03,E,Mo 02:30PM - 03:15PM,UCA_105,"9/7, 9/14, 9/21, 9/28, 10/5, 10/12",Yes,Yes,LLB Pgm Comm
2026-27 Term 1,2420,LAWS,LAWS1020-,4973,Hong Kong Legal System 香港司法制度,3.00,- Professor CHENG Kevin Kwok Yin,25,25,TUT,-T03,E,Mo 02:30PM - 03:15PM,UCA_105,"10/26, 11/2, 11/9, 11/16, 11/23, 11/30",Yes,Yes,LLB Pgm Comm
2026-27 Term 1,2420,LAWS,LAWS1020-,4973,Hong Kong Legal System 香港司法制度,3.00,- Professor CHENG Kevin Kwok Yin,25,25,TUT,-T04,E,Tu 01:30PM - 02:15PM,UCC_108,"9/8, 9/15, 9/22, 9/29, 10/6, 10/13, 10/20, 10/27, 11/3, 11/10, 11/17, 11/24, 12/1",Yes,Yes,LLB Pgm Comm
2026-27 Term 1,2420,LAWS,LAWS1020-,4973,Hong Kong Legal System 香港司法制度,3.00,- Professor CHENG Kevin Kwok Yin,25,25,TUT,-T05,E,Tu 02:30PM - 03:15PM,UCC_108,"9/8, 9/15, 9/22, 9/29, 10/6, 10/13, 10/20, 10/27, 11/3, 11/10, 11/17, 11/24, 12/1",Yes,Yes,LLB Pgm Comm
2026-27 Term 1,2420,LAWS,LAWS1041-,4755,Contract I 合同法（一）,3.00,- Professor Stephen John HALL,125,98,LEC,-,E,Th 09:30AM - 11:15AM,LSK_LT3,"9/10, 9/17, 9/24",Yes,Yes,LLB Pgm Comm
2026-27 Term 1,2420,LAWS,LAWS1041-,4755,Contract I 合同法（一）,3.00,- Professor Stephen John HALL,125,98,LEC,-,E,Th 09:30AM - 11:15AM,LSK_LT3,"10/8, 10/15, 10/22, 10/29, 11/5, 11/12, 11/19, 11/26, 12/3",Yes,Yes,LLB Pgm Comm
2026-27 Term 1,2420,LAWS,LAWS1041-,4755,Contract I 合同法（一）,3.00,- Professor Stephen John HALL,25,18,TUT,-T01,E,Th 11:30AM - 12:15PM,UCC_207,"9/10, 9/17, 9/24",Yes,Yes,LLB Pgm Comm
2026-27 Term 1,2420,LAWS,LAWS1041-,4755,Contract I 合同法（一）,3.00,- Professor Stephen John HALL,25,18,TUT,-T01,E,Th 11:30AM - 12:15PM,UCC_207,"10/8, 10/15, 10/22, 10/29, 11/5, 11/12, 11/19, 11/26, 12/3",Yes,Yes,LLB Pgm Comm
2026-27 Term 1,2420,LAWS,LAWS1041-,4755,Contract I 合同法（一）,3.00,- Professor Stephen John HALL,25,19,TUT,-T02,E,Th 12:30PM - 01:15PM,UCC_207,"9/10, 9/17, 9/24",Yes,Yes,LLB Pgm Comm
2026-27 Term 1,2420,LAWS,LAWS1041-,4755,Contract I 合同法（一）,3.00,- Professor Stephen John HALL,25,19,TUT,-T02,E,Th 12:30PM - 01:15PM,UCC_207,"10/8, 10/15, 10/22, 10/29, 11/5, 11/12, 11/19, 11/26, 12/3",Yes,Yes,LLB Pgm Comm
2026-27 Term 1,2420,LAWS,LAWS1041-,4755,Contract I 合同法（一）,3.00,- Professor Stephen John HALL,25,19,TUT,-T03,E,Tu 09:30AM - 10:15AM,UCC_207,"9/8, 9/15, 9/22, 9/29, 10/6, 10/13, 10/20, 10/27, 11/3, 11/10, 11/17, 11/24, 12/1",Yes,Yes,LLB Pgm Comm
2026-27 Term 1,2420,LAWS,LAWS1041-,4755,Contract I 合同法（一）,3.00,- Professor Stephen John HALL,25,18,TUT,-T04,E,Tu 10:30AM - 11:15AM,UCC_207,"9/8, 9/15, 9/22, 9/29, 10/6, 10/13, 10/20, 10/27, 11/3, 11/10, 11/17, 11/24, 12/1",Yes,Yes,LLB Pgm Comm
2026-27 Term 1,2420,LAWS,LAWS1041-,4755,Contract I 合同法（一）,3.00,- Professor Stephen John HALL,25,24,TUT,-T05,E,Th 02:30PM - 03:15PM,UCC_C3,"9/10, 9/17, 9/24",Yes,Yes,LLB Pgm Comm
2026-27 Term 1,2420,LAWS,LAWS1041-,4755,Contract I 合同法（一）,3.00,- Professor Stephen John HALL,25,24,TUT,-T05,E,Th 02:30PM - 03:15PM,UCC_C3,"10/8, 10/15, 10/22, 10/29, 11/5, 11/12, 11/19, 11/26, 12/3",Yes,Yes,LLB Pgm Comm
2026-27 Term 1,2420,LAWS,LAWS2101-,9603,Companies and the Law I 公司與法律（一）,3.00,- Mr. Mark Norman WELLARD,88,2,LEC,-,E,Mo 12:30PM - 02:15PM,SC_L2,"9/7, 9/14, 9/21, 9/28, 10/5, 10/12",Yes,Yes,LLB Pgm Comm
2026-27 Term 1,2420,LAWS,LAWS2101-,9603,Companies and the Law I 公司與法律（一）,3.00,- Mr. Mark Norman WELLARD,88,2,LEC,-,E,Mo 12:30PM - 02:15PM,SC_L2,"10/26, 11/2, 11/9, 11/16, 11/23, 11/30",Yes,Yes,LLB Pgm Comm
2026-27 Term 1,2420,LAWS,LAWS2101-,9603,Companies and the Law I 公司與法律（一）,3.00,- Mr. Mark Norman WELLARD,22,0,TUT,-T01,E,Mo 02:30PM - 03:15PM,SC_139,"9/7, 9/14, 9/21, 9/28, 10/5, 10/12",Yes,Yes,LLB Pgm Comm
2026-27 Term 1,2420,LAWS,LAWS2101-,9603,Companies and the Law I 公司與法律（一）,3.00,- Mr. Mark Norman WELLARD,22,0,TUT,-T01,E,Mo 02:30PM - 03:15PM,SC_139,"10/26, 11/2, 11/9, 11/16, 11/23, 11/30",Yes,Yes,LLB Pgm Comm
2026-27 Term 1,2420,LAWS,LAWS2101-,9603,Companies and the Law I 公司與法律（一）,3.00,- Mr. Mark Norman WELLARD,22,0,TUT,-T02,E,Th 02:30PM - 03:15PM,UCA_111,"9/10, 9/17, 9/24",Yes,Yes,LLB Pgm Comm
2026-27 Term 1,2420,LAWS,LAWS2101-,9603,Companies and the Law I 公司與法律（一）,3.00,- Mr. Mark Norman WELLARD,22,0,TUT,-T02,E,Th 02:30PM - 03:15PM,UCA_111,"10/8, 10/15, 10/22, 10/29, 11/5, 11/12, 11/19, 11/26, 12/3",Yes,Yes,LLB Pgm Comm
2026-27 Term 1,2420,LAWS,LAWS2101-,9603,Companies and the Law I 公司與法律（一）,3.00,- Mr. Mark Norman WELLARD,22,1,TUT,-T03,E,Th 03:30PM - 04:15PM,UCA_111,"9/10, 9/17, 9/24",Yes,Yes,LLB Pgm Comm
2026-27 Term 1,2420,LAWS,LAWS2101-,9603,Companies and the Law I 公司與法律（一）,3.00,- Mr. Mark Norman WELLARD,22,1,TUT,-T03,E,Th 03:30PM - 04:15PM,UCA_111,"10/8, 10/15, 10/22, 10/29, 11/5, 11/12, 11/19, 11/26, 12/3",Yes,Yes,LLB Pgm Comm
2026-27 Term 1,2420,LAWS,LAWS2101-,9603,Companies and the Law I 公司與法律（一）,3.00,- Mr. Mark Norman WELLARD,22,1,TUT,-T04,E,Tu 10:30AM - 11:15AM,UCC_108,"9/8, 9/15, 9/22, 9/29, 10/6, 10/13, 10/20, 10/27, 11/3, 11/10, 11/17, 11/24, 12/1",Yes,Yes,LLB Pgm Comm
2026-27 Term 1,2420,LAWS,LAWS2110-,5481,Administrative Law Administrative Law,3.00,- Mr. Michael SCHREIBER,80,10,LEC,-,E,Tu 10:30AM - 12:15PM,SWH_1,"9/8, 9/15, 9/22, 9/29, 10/6, 10/13, 10/20, 10/27, 11/3, 11/10, 11/17, 11/24, 12/1",Yes,Yes,LLB Pgm Comm
2026-27 Term 1,2420,LAWS,LAWS2110-,5481,Administrative Law Administrative Law,3.00,- Mr. Michael SCHREIBER,20,2,TUT,-T01,E,Tu 12:30PM - 01:15PM,SWH_1,"9/8, 9/15, 9/22, 9/29, 10/6, 10/13, 10/20, 10/27, 11/3, 11/10, 11/17, 11/24, 12/1",Yes,Yes,LLB Pgm Comm
2026-27 Term 1,2420,LAWS,LAWS2110-,5481,Administrative Law Administrative Law,3.00,- Mr. Michael SCHREIBER,20,2,TUT,-T02,E,Tu 01:30PM - 02:15PM,SWH_1,"9/8, 9/15, 9/22, 9/29, 10/6, 10/13, 10/20, 10/27, 11/3, 11/10, 11/17, 11/24, 12/1",Yes,Yes,LLB Pgm Comm
2026-27 Term 1,2420,LAWS,LAWS2110-,5481,Administrative Law Administrative Law,3.00,- Mr. Michael SCHREIBER,20,3,TUT,-T03,E,We 04:30PM - 05:15PM,LDS_218,"9/9, 9/16, 9/23, 9/30, 10/7, 10/14, 10/21, 10/28, 11/4, 11/11, 11/18, 11/25, 12/2",Yes,Yes,LLB Pgm Comm
2026-27 Term 1,2420,LAWS,LAWS2110-,5481,Administrative Law Administrative Law,3.00,- Mr. Michael SCHREIBER,20,3,TUT,-T04,E,We 05:30PM - 06:15PM,LDS_218,"9/9, 9/16, 9/23, 9/30, 10/7, 10/14, 10/21, 10/28, 11/4, 11/11, 11/18, 11/25, 12/2",Yes,Yes,LLB Pgm Comm
2026-27 Term 1,2420,LAWS,LAWS2121-,6892,Criminal Law I Criminal Law I,3.00,- Mr. Jeffrey Paul HILL - Professor Jeremy Sydney DEIN,80,10,LEC,-,E,Mo 09:30AM - 11:15AM,WLS_LG204,"9/7, 9/14, 9/21, 9/28, 10/5, 10/12",Yes,Yes,LLB Pgm Comm
2026-27 Term 1,2420,LAWS,LAWS2121-,6892,Criminal Law I Criminal Law I,3.00,- Mr. Jeffrey Paul HILL - Professor Jeremy Sydney DEIN,80,10,LEC,-,E,Mo 09:30AM - 11:15AM,WLS_LG204,"10/26, 11/2, 11/9, 11/16, 11/23, 11/30",Yes,Yes,LLB Pgm Comm
2026-27 Term 1,2420,LAWS,LAWS2121-,6892,Criminal Law I Criminal Law I,3.00,- Mr. Jeffrey Paul HILL - Professor Jeremy Sydney DEIN,20,1,TUT,-T01,E,Mo 11:30AM - 12:15PM,WLS_LG204,"9/7, 9/14, 9/21, 9/28, 10/5, 10/12",Yes,Yes,LLB Pgm Comm
2026-27 Term 1,2420,LAWS,LAWS2121-,6892,Criminal Law I Criminal Law I,3.00,- Mr. Jeffrey Paul HILL - Professor Jeremy Sydney DEIN,20,1,TUT,-T01,E,Mo 11:30AM - 12:15PM,WLS_LG204,"10/26, 11/2, 11/9, 11/16, 11/23, 11/30",Yes,Yes,LLB Pgm Comm
2026-27 Term 1,2420,LAWS,LAWS2121-,6892,Criminal Law I Criminal Law I,3.00,- Mr. Jeffrey Paul HILL - Professor Jeremy Sydney DEIN,20,3,TUT,-T02,E,Tu 02:30PM - 03:15PM,UCA_111,"9/8, 9/15, 9/22, 9/29, 10/6, 10/13, 10/20, 10/27, 11/3, 11/10, 11/17, 11/24, 12/1",Yes,Yes,LLB Pgm Comm
2026-27 Term 1,2420,LAWS,LAWS2121-,6892,Criminal Law I Criminal Law I,3.00,- Mr. Jeffrey Paul HILL - Professor Jeremy Sydney DEIN,20,3,TUT,-T03,E,Tu 03:30PM - 04:15PM,UCA_111,"9/8, 9/15, 9/22, 9/29, 10/6, 10/13, 10/20, 10/27, 11/3, 11/10, 11/17, 11/24, 12/1",Yes,Yes,LLB Pgm Comm
2026-27 Term 1,2420,LAWS,LAWS2121-,6892,Criminal Law I Criminal Law I,3.00,- Mr. Jeffrey Paul HILL - Professor Jeremy Sydney DEIN,20,3,TUT,-T04,E,Tu 04:30PM - 05:15PM,UCA_111,"9/8, 9/15, 9/22, 9/29, 10/6, 10/13, 10/20, 10/27, 11/3, 11/10, 11/17, 11/24, 12/1",Yes,Yes,LLB Pgm Comm
2026-27 Term 1,2420,LAWS,LAWS2131-,6913,Tort I Tort I,3.00,- Dr. Geoffrey Carl UPTON - Professor Alexander Giles GREEN,100,2,LEC,-,E,We 09:30AM - 11:15AM,LSK_LT2,"9/9, 9/16, 9/23, 9/30, 10/7, 10/14, 10/21, 10/28, 11/4, 11/11, 11/18, 11/25, 12/2",Yes,Yes,LLB Pgm Comm
2026-27 Term 1,2420,LAWS,LAWS2131-,6913,Tort I Tort I,3.00,- Dr. Geoffrey Carl UPTON - Professor Alexander Giles GREEN,20,1,TUT,-T01,E,We 11:30AM - 12:15PM,LSK_LT2,"9/9, 9/16, 9/23, 9/30, 10/7, 10/14, 10/21, 10/28, 11/4, 11/11, 11/18, 11/25, 12/2",Yes,Yes,LLB Pgm Comm
2026-27 Term 1,2420,LAWS,LAWS2131-,6913,Tort I Tort I,3.00,- Dr. Geoffrey Carl UPTON - Professor Alexander Giles GREEN,20,0,TUT,-T02,E,We 12:30PM - 01:15PM,LSK_LT2,"9/9, 9/16, 9/23, 9/30, 10/7, 10/14, 10/21, 10/28, 11/4, 11/11, 11/18, 11/25, 12/2",Yes,Yes,LLB Pgm Comm
2026-27 Term 1,2420,LAWS,LAWS2131-,6913,Tort I Tort I,3.00,- Dr. Geoffrey Carl UPTON - Professor Alexander Giles GREEN,20,0,TUT,-T03,E,Th 12:30PM - 01:15PM,CKB_706C,"9/10, 9/17, 9/24",Yes,Yes,LLB Pgm Comm
2026-27 Term 1,2420,LAWS,LAWS2131-,6913,Tort I Tort I,3.00,- Dr. Geoffrey Carl UPTON - Professor Alexander Giles GREEN,20,0,TUT,-T03,E,Th 12:30PM - 01:15PM,CKB_706C,"10/8, 10/15, 10/22, 10/29, 11/5, 11/12, 11/19, 11/26, 12/3",Yes,Yes,LLB Pgm Comm
2026-27 Term 1,2420,LAWS,LAWS2131-,6913,Tort I Tort I,3.00,- Dr. Geoffrey Carl UPTON - Professor Alexander Giles GREEN,20,0,TUT,-T04,E,Th 01:30PM - 02:15PM,CKB_706C,"9/10, 9/17, 9/24",Yes,Yes,LLB Pgm Comm
2026-27 Term 1,2420,LAWS,LAWS2131-,6913,Tort I Tort I,3.00,- Dr. Geoffrey Carl UPTON - Professor Alexander Giles GREEN,20,0,TUT,-T04,E,Th 01:30PM - 02:15PM,CKB_706C,"10/8, 10/15, 10/22, 10/29, 11/5, 11/12, 11/19, 11/26, 12/3",Yes,Yes,LLB Pgm Comm
2026-27 Term 1,2420,LAWS,LAWS2131-,6913,Tort I Tort I,3.00,- Dr. Geoffrey Carl UPTON - Professor Alexander Giles GREEN,20,1,TUT,-T05,E,Th 02:30PM - 03:15PM,CKB_706C,"9/10, 9/17, 9/24",Yes,Yes,LLB Pgm Comm
2026-27 Term 1,2420,LAWS,LAWS2131-,6913,Tort I Tort I,3.00,- Dr. Geoffrey Carl UPTON - Professor Alexander Giles GREEN,20,1,TUT,-T05,E,Th 02:30PM - 03:15PM,CKB_706C,"10/8, 10/15, 10/22, 10/29, 11/5, 11/12, 11/19, 11/26, 12/3",Yes,Yes,LLB Pgm Comm
2026-27 Term 1,2420,LAWS,LAWS3100-,8552,Civil Procedure Civil Procedure,3.00,- Mr. CHEUNG Matthew Paul,35,35,LEC,-,E,Mo 09:30AM - 12:15PM,UCC_111,"9/7, 9/14, 9/21, 9/28, 10/5, 10/12",,,LLB Pgm Comm
2026-27 Term 1,2420,LAWS,LAWS3100-,8552,Civil Procedure Civil Procedure,3.00,- Mr. CHEUNG Matthew Paul,35,35,LEC,-,E,Mo 09:30AM - 12:15PM,UCC_111,"10/26, 11/2, 11/9, 11/16, 11/23, 11/30",,,LLB Pgm Comm
2026-27 Term 1,2420,LAWS,LAWS3110-,8539,Criminal Procedure Criminal Procedure,3.00,- Miss WONG Hoi Yung,35,35,LEC,-,E,We 09:30AM - 12:15PM,UCA_103,"9/9, 9/16, 9/23, 9/30, 10/7, 10/14, 10/21, 10/28, 11/4, 11/11, 11/18, 11/25, 12/2",,,LLB Pgm Comm
2026-27 Term 1,2420,LAWS,LAWS3151-,7363,Land Law I Land Law I,3.00,- Professor Michael Lewis Paul LOWER,88,2,LEC,-,E,Th 12:30PM - 02:15PM,UCC_C1,"9/10, 9/17, 9/24",Yes,Yes,LLB Pgm Comm
2026-27 Term 1,2420,LAWS,LAWS3151-,7363,Land Law I Land Law I,3.00,- Professor Michael Lewis Paul LOWER,88,2,LEC,-,E,Th 12:30PM - 02:15PM,UCC_C1,"10/8, 10/15, 10/22, 10/29, 11/5, 11/12, 11/19, 11/26, 12/3",Yes,Yes,LLB Pgm Comm
2026-27 Term 1,2420,LAWS,LAWS3151-,7363,Land Law I Land Law I,3.00,- Professor Michael Lewis Paul LOWER,22,1,TUT,-T01,E,Tu 10:30AM - 11:15AM,UCC_206,"9/8, 9/15, 9/22, 9/29, 10/6, 10/13, 10/20, 10/27, 11/3, 11/10, 11/17, 11/24, 12/1",Yes,Yes,LLB Pgm Comm
2026-27 Term 1,2420,LAWS,LAWS3151-,7363,Land Law I Land Law I,3.00,- Professor Michael Lewis Paul LOWER,22,1,TUT,-T02,E,Tu 11:30AM - 12:15PM,UCC_206,"9/8, 9/15, 9/22, 9/29, 10/6, 10/13, 10/20, 10/27, 11/3, 11/10, 11/17, 11/24, 12/1",Yes,Yes,LLB Pgm Comm
2026-27 Term 1,2420,LAWS,LAWS3151-,7363,Land Law I Land Law I,3.00,- Professor Michael Lewis Paul LOWER,22,0,TUT,-T03,E,Tu 02:30PM - 03:15PM,UCA_102,"9/8, 9/15, 9/22, 9/29, 10/6, 10/13, 10/20, 10/27, 11/3, 11/10, 11/17, 11/24, 12/1",Yes,Yes,LLB Pgm Comm
2026-27 Term 1,2420,LAWS,LAWS3151-,7363,Land Law I Land Law I,3.00,- Professor Michael Lewis Paul LOWER,22,0,TUT,-T04,E,Th 02:30PM - 03:15PM,LDS_218,"9/10, 9/17, 9/24",Yes,Yes,LLB Pgm Comm
2026-27 Term 1,2420,LAWS,LAWS3151-,7363,Land Law I Land Law I,3.00,- Professor Michael Lewis Paul LOWER,22,0,TUT,-T04,E,Th 02:30PM - 03:15PM,LDS_218,"10/8, 10/15, 10/22, 10/29, 11/5, 11/12, 11/19, 11/26, 12/3",Yes,Yes,LLB Pgm Comm
2026-27 Term 1,2420,LAWS,LAWS3290-,6933,Chinese Civil Law Chinese Civil Law,3.00,- Dr. XU Lu,35,35,LEC,-,E,Th 09:30AM - 12:15PM,ERB_713,"9/10, 9/17, 9/24",,,LLB Pgm Comm
2026-27 Term 1,2420,LAWS,LAWS3290-,6933,Chinese Civil Law Chinese Civil Law,3.00,- Dr. XU Lu,35,35,LEC,-,E,Th 09:30AM - 12:15PM,ERB_713,"10/8, 10/15, 10/22, 10/29, 11/5, 11/12, 11/19, 11/26, 12/3",,,LLB Pgm Comm
2026-27 Term 1,2420,LAWS,LAWS3440-,8553,Contract Law of the PRC,3.00,- Professor ZHANG Hao,35,35,LEC,-,E,Th 02:30PM - 05:15PM,LHC_G06,"9/10, 9/17, 9/24",,,LLB Pgm Comm
2026-27 Term 1,2420,LAWS,LAWS3440-,8553,Contract Law of the PRC,3.00,- Professor ZHANG Hao,35,35,LEC,-,E,Th 02:30PM - 05:15PM,LHC_G06,"10/8, 10/15, 10/22, 10/29, 11/5, 11/12, 11/19, 11/26, 12/3",,,LLB Pgm Comm
2026-27 Term 1,2420,LAWS,LAWS4010-,8019,Independent Research Paper Independent Research Paper,3.00,- Professor Evan Corby GIBSON,50,0,PRJ,-J01,E,TBA,NRR,07/09/2026 - 30/11/2026,Yes,Yes,LLB Pgm Comm
2026-27 Term 1,2420,LAWS,LAWS4012-,5078,Global Issues in Law,3.00,- Professor Alexander Giles GREEN,35,35,LEC,-,E,We 02:30PM - 05:15PM,UCC_C3,"9/9, 9/16, 9/23, 9/30, 10/7, 10/14, 10/21, 10/28, 11/4, 11/11, 11/18, 11/25, 12/2",,,LLB Pgm Comm
2026-27 Term 1,2420,LAWS,LAWS4012-,5078,Global Issues in Law,3.00,- Professor Alexander Giles GREEN,35,35,LEC,-,E,Fr 08:30AM - 11:15AM,LHC_G06,"9/11, 9/18, 9/25, 10/2, 10/9, 10/16, 10/23, 10/30, 11/6, 11/13, 11/20, 11/27, 12/4",,,LLB Pgm Comm
2026-27 Term 1,2420,LAWS,LAWS4120-,7364,Commercial Law Commercial Law,3.00,- Mr. Mark Norman WELLARD,88,0,LEC,-,E,Tu 12:30PM - 02:15PM,LSK_LT5,"9/8, 9/15, 9/22, 9/29, 10/6, 10/13, 10/20, 10/27, 11/3, 11/10, 11/17, 11/24, 12/1",Yes,Yes,LLB Pgm Comm
2026-27 Term 1,2420,LAWS,LAWS4120-,7364,Commercial Law Commercial Law,3.00,- Mr. Mark Norman WELLARD,22,0,TUT,-T01,E,Tu 02:30PM - 03:15PM,UCC_111,"9/8, 9/15, 9/22, 9/29, 10/6, 10/13, 10/20, 10/27, 11/3, 11/10, 11/17, 11/24, 12/1",Yes,Yes,LLB Pgm Comm
2026-27 Term 1,2420,LAWS,LAWS4120-,7364,Commercial Law Commercial Law,3.00,- Mr. Mark Norman WELLARD,22,0,TUT,-T02,E,Tu 03:30PM - 04:15PM,UCC_108,"9/8, 9/15, 9/22, 9/29, 10/6, 10/13, 10/20, 10/27, 11/3, 11/10, 11/17, 11/24, 12/1",Yes,Yes,LLB Pgm Comm
2026-27 Term 1,2420,LAWS,LAWS4120-,7364,Commercial Law Commercial Law,3.00,- Mr. Mark Norman WELLARD,22,0,TUT,-T03,E,Th 10:30AM - 11:15AM,UCA_102,"9/10, 9/17, 9/24",Yes,Yes,LLB Pgm Comm
2026-27 Term 1,2420,LAWS,LAWS4120-,7364,Commercial Law Commercial Law,3.00,- Mr. Mark Norman WELLARD,22,0,TUT,-T03,E,Th 10:30AM - 11:15AM,UCA_102,"10/8, 10/15, 10/22, 10/29, 11/5, 11/12, 11/19, 11/26, 12/3",Yes,Yes,LLB Pgm Comm
2026-27 Term 1,2420,LAWS,LAWS4120-,7364,Commercial Law Commercial Law,3.00,- Mr. Mark Norman WELLARD,22,1,TUT,-T04,E,Th 11:30AM - 12:15PM,UCA_102,"9/10, 9/17, 9/24",Yes,Yes,LLB Pgm Comm
2026-27 Term 1,2420,LAWS,LAWS4120-,7364,Commercial Law Commercial Law,3.00,- Mr. Mark Norman WELLARD,22,1,TUT,-T04,E,Th 11:30AM - 12:15PM,UCA_102,"10/8, 10/15, 10/22, 10/29, 11/5, 11/12, 11/19, 11/26, 12/3",Yes,Yes,LLB Pgm Comm
2026-27 Term 1,2420,LAWS,LAWS4151-,6936,Equity and Trusts I Equity and Trusts I,3.00,- Professor Martin Andrew JARRETT - Professor Noam NOKED,80,8,LEC,-,E,Th 10:30AM - 12:15PM,UCC_C1,"9/10, 9/17, 9/24",Yes,Yes,LLB Pgm Comm
2026-27 Term 1,2420,LAWS,LAWS4151-,6936,Equity and Trusts I Equity and Trusts I,3.00,- Professor Martin Andrew JARRETT - Professor Noam NOKED,80,8,LEC,-,E,Th 10:30AM - 12:15PM,UCC_C1,"10/8, 10/15, 10/22, 10/29, 11/5, 11/12, 11/19, 11/26, 12/3",Yes,Yes,LLB Pgm Comm
2026-27 Term 1,2420,LAWS,LAWS4151-,6936,Equity and Trusts I Equity and Trusts I,3.00,- Professor Martin Andrew JARRETT - Professor Noam NOKED,20,2,TUT,-T01,E,Th 02:30PM - 03:15PM,UCC_108,"9/10, 9/17, 9/24",Yes,Yes,LLB Pgm Comm
2026-27 Term 1,2420,LAWS,LAWS4151-,6936,Equity and Trusts I Equity and Trusts I,3.00,- Professor Martin Andrew JARRETT - Professor Noam NOKED,20,2,TUT,-T01,E,Th 02:30PM - 03:15PM,UCC_108,"10/8, 10/15, 10/22, 10/29, 11/5, 11/12, 11/19, 11/26, 12/3",Yes,Yes,LLB Pgm Comm
2026-27 Term 1,2420,LAWS,LAWS4151-,6936,Equity and Trusts I Equity and Trusts I,3.00,- Professor Martin Andrew JARRETT - Professor Noam NOKED,20,2,TUT,-T02,E,Mo 02:30PM - 03:15PM,LDS_218,"9/7, 9/14, 9/21, 9/28, 10/5, 10/12",Yes,Yes,LLB Pgm Comm
2026-27 Term 1,2420,LAWS,LAWS4151-,6936,Equity and Trusts I Equity and Trusts I,3.00,- Professor Martin Andrew JARRETT - Professor Noam NOKED,20,2,TUT,-T02,E,Mo 02:30PM - 03:15PM,LDS_218,"10/26, 11/2, 11/9, 11/16, 11/23, 11/30",Yes,Yes,LLB Pgm Comm
2026-27 Term 1,2420,LAWS,LAWS4151-,6936,Equity and Trusts I Equity and Trusts I,3.00,- Professor Martin Andrew JARRETT - Professor Noam NOKED,20,2,TUT,-T03,E,Mo 03:30PM - 04:15PM,LDS_218,"9/7, 9/14, 9/21, 9/28, 10/5, 10/12",Yes,Yes,LLB Pgm Comm
2026-27 Term 1,2420,LAWS,LAWS4151-,6936,Equity and Trusts I Equity and Trusts I,3.00,- Professor Martin Andrew JARRETT - Professor Noam NOKED,20,2,TUT,-T03,E,Mo 03:30PM - 04:15PM,LDS_218,"10/26, 11/2, 11/9, 11/16, 11/23, 11/30",Yes,Yes,LLB Pgm Comm
2026-27 Term 1,2420,LAWS,LAWS4151-,6936,Equity and Trusts I Equity and Trusts I,3.00,- Professor Martin Andrew JARRETT - Professor Noam NOKED,20,2,TUT,-T04,E,Mo 04:30PM - 05:15PM,LDS_218,"9/7, 9/14, 9/21, 9/28, 10/5, 10/12",Yes,Yes,LLB Pgm Comm
2026-27 Term 1,2420,LAWS,LAWS4151-,6936,Equity and Trusts I Equity and Trusts I,3.00,- Professor Martin Andrew JARRETT - Professor Noam NOKED,20,2,TUT,-T04,E,Mo 04:30PM - 05:15PM,LDS_218,"10/26, 11/2, 11/9, 11/16, 11/23, 11/30",Yes,Yes,LLB Pgm Comm
2026-27 Term 1,2420,LAWS,LAWS4260-,6955,Public International Law Public International Law,3.00,- Professor Aaro Samuli SEPPAENEN,35,35,LEC,-,E,Tu 09:30AM - 12:15PM,LHC_G06,"9/8, 9/15, 9/22, 9/29, 10/6, 10/13, 10/20, 10/27, 11/3, 11/10, 11/17, 11/24, 12/1",,,LLB Pgm Comm
2026-27 Term 1,2420,LAWS,LAWS4300-,8541,Shipping and the Law 航運與法律,3.00,- Mr. Paul Joel SCHMIDT,35,35,LEC,-,E,Mo 02:30PM - 05:15PM,UCA_103,"9/7, 9/14, 9/21, 9/28, 10/5, 10/12",,,LLB Pgm Comm
2026-27 Term 1,2420,LAWS,LAWS4300-,8541,Shipping and the Law 航運與法律,3.00,- Mr. Paul Joel SCHMIDT,35,35,LEC,-,E,Mo 02:30PM - 05:15PM,UCA_103,"10/26, 11/2, 11/9, 11/16, 11/23, 11/30",,,LLB Pgm Comm
2026-27 Term 1,2420,LAWS,LAWS4360-,8540,Insurance and the Law Insurance and the Law,3.00,- Mr. Jonathan Robert GLUSMAN,35,35,LEC,-,E,Mo 09:30AM - 12:15PM,LSK_212,"9/7, 9/14, 9/21, 9/28, 10/5, 10/12",,,LLB Pgm Comm
2026-27 Term 1,2420,LAWS,LAWS4360-,8540,Insurance and the Law Insurance and the Law,3.00,- Mr. Jonathan Robert GLUSMAN,35,35,LEC,-,E,Mo 09:30AM - 12:15PM,LSK_212,"10/26, 11/2, 11/9, 11/16, 11/23, 11/30",,,LLB Pgm Comm
2026-27 Term 1,2420,LAWS,LAWS4430-,6641,Competition Law,3.00,- Professor Sandra MARCO COLINO,35,35,LEC,-,E,Tu 02:30PM - 05:15PM,LSK_306,"9/8, 9/15, 9/22, 9/29, 10/6, 10/13, 10/20, 10/27, 11/3, 11/10, 11/17, 11/24, 12/1",,,LLB Pgm Comm
2026-27 Term 1,2420,LAWS,LAWS4491-,8542,Compliance from a Legal Perspe,3.00,- Mr. Hans-gunther HERRMANN,35,35,LEC,-,E,Mo 09:30AM - 12:15PM,LHC_101,"9/7, 9/14, 9/21, 9/28, 10/5, 10/12",,,LLB Pgm Comm
2026-27 Term 1,2420,LAWS,LAWS4491-,8542,Compliance from a Legal Perspe,3.00,- Mr. Hans-gunther HERRMANN,35,35,LEC,-,E,Mo 09:30AM - 12:15PM,LHC_101,"10/26, 11/2, 11/9, 11/16, 11/23, 11/30",,,LLB Pgm Comm
2026-27 Term 1,2420,LAWS,LAWS4494-,6934,Digital Technology and Law,3.00,- Professor LIN Yuping,35,35,LEC,-,E,Tu 02:30PM - 05:15PM,LSB_LT2,"9/8, 9/15, 9/22, 9/29, 10/6, 10/13, 10/20, 10/27, 11/3, 11/10, 11/17, 11/24, 12/1",,,LLB Pgm Comm
2026-27 Term 1,2420,LDTE,LDTE2100-,4747,LD in NewEmerg'g Edu Contexts 新興教育背景下的學習設計,3.00,- Professor CHIU Kin Fung,40,39,LEC,-,E,Tu 02:30PM - 05:15PM,HTB_G2,"9/8, 9/15, 9/22, 9/29, 10/6, 10/13, 10/20, 10/27, 11/3, 11/10, 11/17, 11/24, 12/1",,Yes,Learning Design & Tech PC
2026-27 Term 1,2420,LDTE,LDTE3120-,4748,Sustainability of Edu tech 資訊教育科技的持續性,3.00,- Miss SHI Shuheng,30,9,LEC,-,E,Th 01:30PM - 04:15PM,HTB_G2,"9/10, 9/17, 9/24",,Yes,Learning Design & Tech PC
2026-27 Term 1,2420,LDTE,LDTE3120-,4748,Sustainability of Edu tech 資訊教育科技的持續性,3.00,- Miss SHI Shuheng,30,9,LEC,-,E,Th 01:30PM - 04:15PM,HTB_G2,"10/8, 10/15, 10/22, 10/29, 11/5, 11/12, 11/19, 11/26, 12/3",,Yes,Learning Design & Tech PC
2026-27 Term 1,2420,LDTE,LDTE3500-,6281,Internship 產業實習,3.00,- Professor CHIU Kin Fung,15,5,FLD,-F01,E,TBA,NRR,07/09/2026 - 30/11/2026,,Yes,Learning Design & Tech PC
2026-27 Term 1,2420,LDTE,LDTE3510-,4771,Educat'l Des Res'h(Res'h Meth) 教育設計研究（研究方法）,3.00,- Professor YANG Hyunwoo,15,6,LEC,-,E,We 10:30AM - 01:15PM,HTB_G2,"9/9, 9/16, 9/23, 9/30, 10/7, 10/14, 10/21, 10/28, 11/4, 11/11, 11/18, 11/25, 12/2",,Yes,Learning Design & Tech PC
2026-27 Term 1,2420,LDTE,LDTE4300-,4814,InsDesforSENinTec-SupLearn'gEn 使用科技支持有特殊教育需要的學生的教學設計,3.00,- Mr. CHUI Wai Tao Richard,28,28,LEC,-,E,Tu 02:30PM - 05:15PM,SB_618,"9/8, 9/15, 9/22, 9/29, 10/6, 10/13, 10/20, 10/27, 11/3, 11/10, 11/17, 11/24, 12/1",,Yes,Learning Design & Tech PC
2026-27 Term 1,2420,LING,LING1000-,7778,Invitation to Linguistics 語言學概論,3.00,- Dr. LEI Ka Yan Margaret,65,65,LEC,-,E,Th 02:30PM - 04:15PM,KKB_101,"9/10, 9/17, 9/24",,,Dept of Linguistics & Mod Lang
2026-27 Term 1,2420,LING,LING1000-,7778,Invitation to Linguistics 語言學概論,3.00,- Dr. LEI Ka Yan Margaret,65,65,LEC,-,E,Th 02:30PM - 04:15PM,KKB_101,"10/8, 10/15, 10/22, 10/29, 11/5, 11/12, 11/19, 11/26, 12/3",,,Dept of Linguistics & Mod Lang
2026-27 Term 1,2420,LING,LING1000-,7778,Invitation to Linguistics 語言學概論,3.00,- Dr. LEI Ka Yan Margaret,25,25,TUT,-T01,E,Th 04:30PM - 05:15PM,KKB_101,"9/10, 9/17, 9/24",,,Dept of Linguistics & Mod Lang
2026-27 Term 1,2420,LING,LING1000-,7778,Invitation to Linguistics 語言學概論,3.00,- Dr. LEI Ka Yan Margaret,25,25,TUT,-T01,E,Th 04:30PM - 05:15PM,KKB_101,"10/8, 10/15, 10/22, 10/29, 11/5, 11/12, 11/19, 11/26, 12/3",,,Dept of Linguistics & Mod Lang
2026-27 Term 1,2420,LING,LING1002-,7780,Exploring Grammar: Cantonese 語法探索：粵語,3.00,- Professor MATTHEWS Stephen James,65,62,LEC,-,C&E,Mo 09:30AM - 11:15AM,UCC_C2,"9/7, 9/14, 9/21, 9/28, 10/5, 10/12",,,Dept of Linguistics & Mod Lang
2026-27 Term 1,2420,LING,LING1002-,7780,Exploring Grammar: Cantonese 語法探索：粵語,3.00,- Professor MATTHEWS Stephen James,65,62,LEC,-,C&E,Mo 09:30AM - 11:15AM,UCC_C2,"10/26, 11/2, 11/9, 11/16, 11/23, 11/30",,,Dept of Linguistics & Mod Lang
2026-27 Term 1,2420,LING,LING1002-,7780,Exploring Grammar: Cantonese 語法探索：粵語,3.00,- Professor MATTHEWS Stephen James,65,62,TUT,-T01,C&E,Mo 11:30AM - 12:15PM,UCC_C2,"9/7, 9/14, 9/21, 9/28, 10/5, 10/12",,,Dept of Linguistics & Mod Lang
2026-27 Term 1,2420,LING,LING1002-,7780,Exploring Grammar: Cantonese 語法探索：粵語,3.00,- Professor MATTHEWS Stephen James,65,62,TUT,-T01,C&E,Mo 11:30AM - 12:15PM,UCC_C2,"10/26, 11/2, 11/9, 11/16, 11/23, 11/30",,,Dept of Linguistics & Mod Lang
2026-27 Term 1,2420,LING,LING2003-,8346,Phonetics I 語音學（一）,3.00,- Dr. ZHANG Weijun,65,64,LEC,-,E,We 10:30AM - 12:15PM,ELB_405,"9/9, 9/16, 9/23, 9/30, 10/7, 10/14, 10/21, 10/28, 11/4, 11/11, 11/18, 11/25, 12/2",,,Dept of Linguistics & Mod Lang
2026-27 Term 1,2420,LING,LING2003-,8346,Phonetics I 語音學（一）,3.00,- Dr. ZHANG Weijun,35,34,TUT,-T01,E,We 12:30PM - 01:15PM,ELB_405,"9/9, 9/16, 9/23, 9/30, 10/7, 10/14, 10/21, 10/28, 11/4, 11/11, 11/18, 11/25, 12/2",,,Dept of Linguistics & Mod Lang
2026-27 Term 1,2420,LING,LING2003-,8346,Phonetics I 語音學（一）,3.00,- Dr. ZHANG Weijun,30,30,TUT,-T02,E,We 09:30AM - 10:15AM,ELB_405,"9/9, 9/16, 9/23, 9/30, 10/7, 10/14, 10/21, 10/28, 11/4, 11/11, 11/18, 11/25, 12/2",,,Dept of Linguistics & Mod Lang
2026-27 Term 1,2420,LING,LING2006-,7782,Semantics 語義學,3.00,- Dr. CHEN Zhuo,65,32,LEC,-,E,Mo 03:30PM - 05:15PM,LHC_103,"9/7, 9/14, 9/21, 9/28, 10/5, 10/12",,,Dept of Linguistics & Mod Lang
2026-27 Term 1,2420,LING,LING2006-,7782,Semantics 語義學,3.00,- Dr. CHEN Zhuo,65,32,LEC,-,E,Mo 03:30PM - 05:15PM,LHC_103,"10/26, 11/2, 11/9, 11/16, 11/23, 11/30",,,Dept of Linguistics & Mod Lang
2026-27 Term 1,2420,LING,LING2006-,7782,Semantics 語義學,3.00,- Dr. CHEN Zhuo,35,18,TUT,-T01,E,Mo 05:30PM - 06:15PM,LHC_103,"9/7, 9/14, 9/21, 9/28, 10/5, 10/12",,,Dept of Linguistics & Mod Lang
2026-27 Term 1,2420,LING,LING2006-,7782,Semantics 語義學,3.00,- Dr. CHEN Zhuo,35,18,TUT,-T01,E,Mo 05:30PM - 06:15PM,LHC_103,"10/26, 11/2, 11/9, 11/16, 11/23, 11/30",,,Dept of Linguistics & Mod Lang
2026-27 Term 1,2420,LING,LING2006-,7782,Semantics 語義學,3.00,- Dr. CHEN Zhuo,30,14,TUT,-T02,E,Mo 05:30PM - 06:15PM,ERB_713,"9/7, 9/14, 9/21, 9/28, 10/5, 10/12",,,Dept of Linguistics & Mod Lang
2026-27 Term 1,2420,LING,LING2006-,7782,Semantics 語義學,3.00,- Dr. CHEN Zhuo,30,14,TUT,-T02,E,Mo 05:30PM - 06:15PM,ERB_713,"10/26, 11/2, 11/9, 11/16, 11/23, 11/30",,,Dept of Linguistics & Mod Lang
2026-27 Term 1,2420,LING,LING2008A,7546,Linguistic Argumentation II 語言學論證（二）,3.00,- Dr. LEI Ka Yan Margaret,25,9,LEC,A,E,Th 09:30AM - 11:15AM,LHC_G06,"9/10, 9/17, 9/24",Yes,Yes,Dept of Linguistics & Mod Lang
2026-27 Term 1,2420,LING,LING2008A,7546,Linguistic Argumentation II 語言學論證（二）,3.00,- Dr. LEI Ka Yan Margaret,25,9,LEC,A,E,Th 09:30AM - 11:15AM,LHC_G06,"10/8, 10/15, 10/22, 10/29, 11/5, 11/12, 11/19, 11/26, 12/3",Yes,Yes,Dept of Linguistics & Mod Lang
2026-27 Term 1,2420,LING,LING2008A,7546,Linguistic Argumentation II 語言學論證（二）,3.00,- Dr. LEI Ka Yan Margaret,25,9,TUT,AT01,E,Th 11:30AM - 12:15PM,LHC_G06,"9/10, 9/17, 9/24",Yes,Yes,Dept of Linguistics & Mod Lang
2026-27 Term 1,2420,LING,LING2008A,7546,Linguistic Argumentation II 語言學論證（二）,3.00,- Dr. LEI Ka Yan Margaret,25,9,TUT,AT01,E,Th 11:30AM - 12:15PM,LHC_G06,"10/8, 10/15, 10/22, 10/29, 11/5, 11/12, 11/19, 11/26, 12/3",Yes,Yes,Dept of Linguistics & Mod Lang
2026-27 Term 1,2420,LING,LING2008B,7548,Linguistic Argumentation II 語言學論證（二）,3.00,- Dr. CHEN Zhuo,25,7,LEC,B,E,Th 09:30AM - 11:15AM,UCA_105,"9/10, 9/17, 9/24",Yes,Yes,Dept of Linguistics & Mod Lang
2026-27 Term 1,2420,LING,LING2008B,7548,Linguistic Argumentation II 語言學論證（二）,3.00,- Dr. CHEN Zhuo,25,7,LEC,B,E,Th 09:30AM - 11:15AM,UCA_105,"10/8, 10/15, 10/22, 10/29, 11/5, 11/12, 11/19, 11/26, 12/3",Yes,Yes,Dept of Linguistics & Mod Lang
2026-27 Term 1,2420,LING,LING2008B,7548,Linguistic Argumentation II 語言學論證（二）,3.00,- Dr. CHEN Zhuo,25,7,TUT,BT01,E,Th 11:30AM - 12:15PM,UCA_105,"9/10, 9/17, 9/24",Yes,Yes,Dept of Linguistics & Mod Lang
2026-27 Term 1,2420,LING,LING2008B,7548,Linguistic Argumentation II 語言學論證（二）,3.00,- Dr. CHEN Zhuo,25,7,TUT,BT01,E,Th 11:30AM - 12:15PM,UCA_105,"10/8, 10/15, 10/22, 10/29, 11/5, 11/12, 11/19, 11/26, 12/3",Yes,Yes,Dept of Linguistics & Mod Lang
2026-27 Term 1,2420,LING,LING3103-,7550,Phonology II 音系學（二）,3.00,- Professor LAI Yee King Regine,30,30,LEC,-,E,Mo 12:30PM - 02:15PM,ERB_713,"9/7, 9/14, 9/21, 9/28, 10/5, 10/12",,,Dept of Linguistics & Mod Lang
2026-27 Term 1,2420,LING,LING3103-,7550,Phonology II 音系學（二）,3.00,- Professor LAI Yee King Regine,30,30,LEC,-,E,Mo 12:30PM - 02:15PM,ERB_713,"10/26, 11/2, 11/9, 11/16, 11/23, 11/30",,,Dept of Linguistics & Mod Lang
2026-27 Term 1,2420,LING,LING3103-,7550,Phonology II 音系學（二）,3.00,- Professor LAI Yee King Regine,30,30,TUT,-T01,E,Mo 02:30PM - 03:15PM,ERB_713,"9/7, 9/14, 9/21, 9/28, 10/5, 10/12",,,Dept of Linguistics & Mod Lang
2026-27 Term 1,2420,LING,LING3103-,7550,Phonology II 音系學（二）,3.00,- Professor LAI Yee King Regine,30,30,TUT,-T01,E,Mo 02:30PM - 03:15PM,ERB_713,"10/26, 11/2, 11/9, 11/16, 11/23, 11/30",,,Dept of Linguistics & Mod Lang
2026-27 Term 1,2420,LING,LING3201-,7552,First Language Acquisition 第一語言獲得,3.00,- Professor YIP Choy Yin Virginia,65,65,LEC,-,E,Tu 09:30AM - 11:15AM,LHC_104,"9/8, 9/15, 9/22, 9/29, 10/6, 10/13, 10/20, 10/27, 11/3, 11/10, 11/17, 11/24, 12/1",,,Dept of Linguistics & Mod Lang
2026-27 Term 1,2420,LING,LING3201-,7552,First Language Acquisition 第一語言獲得,3.00,- Professor YIP Choy Yin Virginia,65,65,TUT,-T01,E,Tu 11:30AM - 12:15PM,LHC_104,"9/8, 9/15, 9/22, 9/29, 10/6, 10/13, 10/20, 10/27, 11/3, 11/10, 11/17, 11/24, 12/1",,,Dept of Linguistics & Mod Lang
2026-27 Term 1,2420,LING,LING3401-,8558,Linguistics and IT 語言學與資訊科技,3.00,- Professor FENG Gangyi,30,30,LEC,-,E,We 02:30PM - 04:15PM,ERB_712,"9/9, 9/16, 9/23, 9/30, 10/7, 10/14, 10/21, 10/28, 11/4, 11/11, 11/18, 11/25, 12/2",,,Dept of Linguistics & Mod Lang
2026-27 Term 1,2420,LING,LING3401-,8558,Linguistics and IT 語言學與資訊科技,3.00,- Professor FENG Gangyi,30,30,TUT,-T01,E,We 04:30PM - 05:15PM,ERB_712,"9/9, 9/16, 9/23, 9/30, 10/7, 10/14, 10/21, 10/28, 11/4, 11/11, 11/18, 11/25, 12/2",,,Dept of Linguistics & Mod Lang
2026-27 Term 1,2420,LING,LING4000-,6174,Research Project II 語言學研究（二）,6.00,- Dr. CHEN Zhuo - Professor LAI Yee King Regine - Professor MOK Pik Ki Peggy,10,8,LEC,-,E,TBA,NRR,07/09/2026 - 30/11/2026,Yes,Yes,Dept of Linguistics & Mod Lang
2026-27 Term 1,2420,LING,LING4001-,7985,Research Project I 語言學研究（一）,0.00,- Dr. CHEN Zhuo - Dr. LEI Ka Yan Margaret - Professor CAI Zhenguang - Professor CHEUNG Yam Leung - Professor FENG Gangyi - Professor LAI Yee King Regine - Professor MAI Ziyin - Professor MOK Pik Ki Peggy - Professor PAN Haihua - Professor PAN Vi,40,5,PRJ,-J01,E,TBA,NRR,07/09/2026 - 30/11/2026,Yes,Yes,Dept of Linguistics & Mod Lang
2026-27 Term 1,2420,LSCI,LSCI1001-,9694,Basic Concepts in Biol. Scienc 生物科學基本概念,3.00,- Dr. CHIU Chi Ming Lawrence,100,100,LEC,-,E,Tu 03:30PM - 06:15PM,YIA_LT6,"9/8, 9/15, 9/22, 9/29, 10/6, 10/13, 10/20, 10/27, 11/3, 11/10, 11/17, 11/24, 12/1",Yes,,School of Life Sciences
2026-27 Term 1,2420,LSCI,LSCI1002-,9505,Introduction to Biological Sci 生物科學入門,3.00,- Professor TSANG Suk Ying - Professor WONG Kam Bo,200,196,LEC,-,E,Th 03:30PM - 06:15PM,YIA_LT3,"9/10, 9/17, 9/24",,,School of Life Sciences
2026-27 Term 1,2420,LSCI,LSCI1002-,9505,Introduction to Biological Sci 生物科學入門,3.00,- Professor TSANG Suk Ying - Professor WONG Kam Bo,200,196,LEC,-,E,Th 03:30PM - 06:15PM,YIA_LT3,"10/8, 10/15, 10/22, 10/29, 11/5, 11/12, 11/19, 11/26, 12/3",,,School of Life Sciences
2026-27 Term 1,2420,LSCI,LSCI2002A,8690,Basic Lab Tech in Life Sci 生命科學基本實驗技巧,2.00,- Dr. NGAI Hung Kui - Professor CHEN Zhefan,56,37,LAB,AL01,E,Tu 02:30PM - 06:15PM,SCE_E402,"9/8, 9/15, 9/22, 9/29, 10/6, 10/13, 10/20, 10/27, 11/3, 11/10, 11/17, 11/24, 12/1",,,School of Life Sciences
2026-27 Term 1,2420,LSCI,LSCI2002B,8694,Basic Lab Tech in Life Sci 生命科學基本實驗技巧,2.00,- Dr. NGAI Hung Kui - Professor CHEN Zhefan,56,36,LAB,BL01,E,We 02:30PM - 06:15PM,SCE_E402,"9/9, 9/16, 9/23, 9/30, 10/7, 10/14, 10/21, 10/28, 11/4, 11/11, 11/18, 11/25, 12/2",,,School of Life Sciences
2026-27 Term 1,2420,LSCI,LSCI2003-,5824,Scientific Conduct and Ethics 科學道德與倫理,2.00,- Professor CHEN Sijie,80,77,LEC,-,E,Th 02:30PM - 04:15PM,LHC_104,"9/10, 9/17, 9/24",,,School of Life Sciences
2026-27 Term 1,2420,LSCI,LSCI2003-,5824,Scientific Conduct and Ethics 科學道德與倫理,2.00,- Professor CHEN Sijie,80,77,LEC,-,E,Th 02:30PM - 04:15PM,LHC_104,"10/8, 10/15, 10/22, 10/29, 11/5, 11/12, 11/19, 11/26, 12/3",,,School of Life Sciences
2026-27 Term 1,2420,LSCI,LSCI4000-,6776,Literature Research 文獻專題研究,3.00,- Dr. CHIU Chi Ming Lawrence - Dr. Erika KWEK - Dr. KOON Chun Alex - Dr. LAW Man Suet Michelle - Dr. LI Yuk Man - Dr. LO Fai Hang - Dr. NGAI Hung Kui - Dr. SIOW Lam - Dr. TANG Ming Chak - Miss YAM Kwan Mei - Ms. SIN Man Ching - Ms. YIP Pui Sze,250,179,PRJ,-J01,E,TBA,NRR,07/09/2026 - 30/11/2026,Yes,Yes,School of Life Sciences
2026-27 Term 1,2420,LSCI,LSCI4912-,6170,Grp Research in Life Sci (II) 生命科學小組研究（二）,2.00,- Professor CHUI Pui Yi - Professor NGO Chi Ki Jacky - Professor TSUI Tsz Ki Martin,30,25,PRJ,-J01,E,TBA,NRR,07/09/2026 - 30/11/2026,Yes,Yes,School of Life Sciences
2026-27 Term 1,2420,MAEG,MAEG1020-,8285,Comput’nal Design & Fabric’n 計算設計與製造,3.00,- Professor CHENG Shing Shin,70,58,LEC,-,E,Tu 09:30AM - 10:15AM,ERB_803,"9/8, 9/15, 9/22, 9/29, 10/6, 10/13, 10/20, 10/27, 11/3, 11/10, 11/17, 11/24, 12/1",,Yes,Dept of Mech & Automation Engg
2026-27 Term 1,2420,MAEG,MAEG1020-,8285,Comput’nal Design & Fabric’n 計算設計與製造,3.00,- Professor CHENG Shing Shin,35,28,LAB,-L01,E,Mo 09:30AM - 12:15PM,ERB_218,"9/7, 9/14, 9/21, 9/28, 10/5, 10/12",,Yes,Dept of Mech & Automation Engg
2026-27 Term 1,2420,MAEG,MAEG1020-,8285,Comput’nal Design & Fabric’n 計算設計與製造,3.00,- Professor CHENG Shing Shin,35,28,LAB,-L01,E,Mo 09:30AM - 12:15PM,ERB_218,"10/26, 11/2, 11/9, 11/16, 11/23, 11/30",,Yes,Dept of Mech & Automation Engg
2026-27 Term 1,2420,MAEG,MAEG1020-,8285,Comput’nal Design & Fabric’n 計算設計與製造,3.00,- Professor CHENG Shing Shin,35,30,LAB,-L02,E,We 08:30AM - 11:15AM,ERB_218,"9/9, 9/16, 9/23, 9/30, 10/7, 10/14, 10/21, 10/28, 11/4, 11/11, 11/18, 11/25, 12/2",,Yes,Dept of Mech & Automation Engg
2026-27 Term 1,2420,MAEG,MAEG2020-,5655,Engineering Mechanics 工程力學,3.00,- Dr. LI Yiyang,125,74,LEC,-,E,Mo 05:30PM - 06:15PM,MMW_LT2,"9/7, 9/14, 9/21, 9/28, 10/5, 10/12",,Yes,Dept of Mech & Automation Engg
2026-27 Term 1,2420,MAEG,MAEG2020-,5655,Engineering Mechanics 工程力學,3.00,- Dr. LI Yiyang,125,74,LEC,-,E,Mo 05:30PM - 06:15PM,MMW_LT2,"10/26, 11/2, 11/9, 11/16, 11/23, 11/30",,Yes,Dept of Mech & Automation Engg
2026-27 Term 1,2420,MAEG,MAEG2020-,5655,Engineering Mechanics 工程力學,3.00,- Dr. LI Yiyang,125,74,LEC,-,E,We 04:30PM - 06:15PM,LSB_LT6,"9/9, 9/16, 9/23, 9/30, 10/7, 10/14, 10/21, 10/28, 11/4, 11/11, 11/18, 11/25, 12/2",,Yes,Dept of Mech & Automation Engg
2026-27 Term 1,2420,MAEG,MAEG2020-,5655,Engineering Mechanics 工程力學,3.00,- Dr. LI Yiyang,125,74,TUT,-T01,E,TBA,TBA,07/09/2026 - 30/11/2026,,Yes,Dept of Mech & Automation Engg
2026-27 Term 1,2420,MAEG,MAEG2030-,5330,Thermodynamics 熱力學,3.00,- Professor XU Dongyan,200,128,LEC,-,E,Tu 10:30AM - 12:15PM,SWC_LT,"9/8, 9/15, 9/22, 9/29, 10/6, 10/13, 10/20, 10/27, 11/3, 11/10, 11/17, 11/24, 12/1",,Yes,Dept of Mech & Automation Engg
2026-27 Term 1,2420,MAEG,MAEG2030-,5330,Thermodynamics 熱力學,3.00,- Professor XU Dongyan,200,128,LEC,-,E,We 01:30PM - 02:15PM,SC_L1,"9/9, 9/16, 9/23, 9/30, 10/7, 10/14, 10/21, 10/28, 11/4, 11/11, 11/18, 11/25, 12/2",,Yes,Dept of Mech & Automation Engg
2026-27 Term 1,2420,MAEG,MAEG2030-,5330,Thermodynamics 熱力學,3.00,- Professor XU Dongyan,200,128,TUT,-T01,E,TBA,TBA,07/09/2026 - 30/11/2026,,Yes,Dept of Mech & Automation Engg
2026-27 Term 1,2420,MAEG,MAEG2050-,9158,Robot Development in Practice 機器人開發實踐：從設計到原型製作,3.00,- Professor KWOK Ka Wai,40,31,WKS,-W01,E,We 02:30PM - 04:15PM,MMW_705,"9/9, 9/16, 9/23, 9/30, 10/7, 10/14, 10/21, 10/28, 11/4, 11/11, 11/18, 11/25, 12/2",Yes,,Dept of Mech & Automation Engg
2026-27 Term 1,2420,MAEG,MAEG2050-,9158,Robot Development in Practice 機器人開發實踐：從設計到原型製作,3.00,- Professor KWOK Ka Wai,40,31,PRA,-P01,E,TBA,NRR,07/09/2026 - 30/11/2026,Yes,,Dept of Mech & Automation Engg
2026-27 Term 1,2420,MAEG,MAEG3010-,5656,Mechanics of Materials 材料力學,3.00,- Professor LIU Xiaohua,75,14,LEC,-,E,Tu 04:30PM - 06:15PM,ERB_803,"9/8, 9/15, 9/22, 9/29, 10/6, 10/13, 10/20, 10/27, 11/3, 11/10, 11/17, 11/24, 12/1",,Yes,Dept of Mech & Automation Engg
2026-27 Term 1,2420,MAEG,MAEG3010-,5656,Mechanics of Materials 材料力學,3.00,- Professor LIU Xiaohua,75,14,LEC,-,E,Th 09:30AM - 10:15AM,MMW_703,"9/10, 9/17, 9/24",,Yes,Dept of Mech & Automation Engg
2026-27 Term 1,2420,MAEG,MAEG3010-,5656,Mechanics of Materials 材料力學,3.00,- Professor LIU Xiaohua,75,14,LEC,-,E,Th 09:30AM - 10:15AM,MMW_703,"10/8, 10/15, 10/22, 10/29, 11/5, 11/12, 11/19, 11/26, 12/3",,Yes,Dept of Mech & Automation Engg
2026-27 Term 1,2420,MAEG,MAEG3010-,5656,Mechanics of Materials 材料力學,3.00,- Professor LIU Xiaohua,75,14,TUT,-T01,E,TBA,TBA,07/09/2026 - 30/11/2026,,Yes,Dept of Mech & Automation Engg
2026-27 Term 1,2420,MAEG,MAEG3050-,5657,Introduction to Control Sys 控制系統導論,3.00,- Dr. PAN Zini,80,19,LEC,-,E,Tu 12:30PM - 02:15PM,LSB_LT2,"9/8, 9/15, 9/22, 9/29, 10/6, 10/13, 10/20, 10/27, 11/3, 11/10, 11/17, 11/24, 12/1",,Yes,Dept of Mech & Automation Engg
2026-27 Term 1,2420,MAEG,MAEG3050-,5657,Introduction to Control Sys 控制系統導論,3.00,- Dr. PAN Zini,80,19,LEC,-,E,Th 10:30AM - 11:15AM,SB_LT2,"9/10, 9/17, 9/24",,Yes,Dept of Mech & Automation Engg
2026-27 Term 1,2420,MAEG,MAEG3050-,5657,Introduction to Control Sys 控制系統導論,3.00,- Dr. PAN Zini,80,19,LEC,-,E,Th 10:30AM - 11:15AM,SB_LT2,"10/8, 10/15, 10/22, 10/29, 11/5, 11/12, 11/19, 11/26, 12/3",,Yes,Dept of Mech & Automation Engg
2026-27 Term 1,2420,MAEG,MAEG3050-,5657,Introduction to Control Sys 控制系統導論,3.00,- Dr. PAN Zini,80,19,TUT,-T01,E,TBA,TBA,07/09/2026 - 30/11/2026,,Yes,Dept of Mech & Automation Engg
2026-27 Term 1,2420,MAEG,MAEG3070-,9054,Fundamentals of CAD 計算機輔助設計基礎,3.00,- Professor ZHAO Huan,30,30,LEC,-,E,Mo 02:30PM - 04:15PM,FYB_401,"9/7, 9/14, 9/21, 9/28, 10/5, 10/12",,,Dept of Mech & Automation Engg
2026-27 Term 1,2420,MAEG,MAEG3070-,9054,Fundamentals of CAD 計算機輔助設計基礎,3.00,- Professor ZHAO Huan,30,30,LEC,-,E,Mo 02:30PM - 04:15PM,FYB_401,"10/26, 11/2, 11/9, 11/16, 11/23, 11/30",,,Dept of Mech & Automation Engg
2026-27 Term 1,2420,MAEG,MAEG3070-,9054,Fundamentals of CAD 計算機輔助設計基礎,3.00,- Professor ZHAO Huan,30,30,LEC,-,E,We 11:30AM - 12:15PM,MMW_715,"9/9, 9/16, 9/23, 9/30, 10/7, 10/14, 10/21, 10/28, 11/4, 11/11, 11/18, 11/25, 12/2",,,Dept of Mech & Automation Engg
2026-27 Term 1,2420,MAEG,MAEG3070-,9054,Fundamentals of CAD 計算機輔助設計基礎,3.00,- Professor ZHAO Huan,30,30,TUT,-T01,E,TBA,TBA,07/09/2026 - 30/11/2026,,,Dept of Mech & Automation Engg
2026-27 Term 1,2420,MAEG,MAEG3920-,9348,ENGG Design & Applications 工程設計及應用,3.00,- Professor LIAO Shuheng,55,55,LEC,-,E,Th 02:30PM - 04:15PM,ERB_404,"9/10, 9/17, 9/24",,,Dept of Mech & Automation Engg
2026-27 Term 1,2420,MAEG,MAEG3920-,9348,ENGG Design & Applications 工程設計及應用,3.00,- Professor LIAO Shuheng,55,55,LEC,-,E,Th 02:30PM - 04:15PM,ERB_404,"10/8, 10/15, 10/22, 10/29, 11/5, 11/12, 11/19, 11/26, 12/3",,,Dept of Mech & Automation Engg
2026-27 Term 1,2420,MAEG,MAEG3920-,9348,ENGG Design & Applications 工程設計及應用,3.00,- Professor LIAO Shuheng,55,55,PRJ,-J01,E,TBA,NRR,07/09/2026 - 30/11/2026,,,Dept of Mech & Automation Engg
2026-27 Term 1,2420,MAEG,MAEG3920-,9348,ENGG Design & Applications 工程設計及應用,3.00,- Professor LIAO Shuheng,55,55,TUT,-T01,E,TBA,TBA,07/09/2026 - 30/11/2026,,,Dept of Mech & Automation Engg
2026-27 Term 1,2420,MAEG,MAEG4020-,5694,Finite Elem't Modelling & Anal 有限元建模與分析,3.00,- Professor ZHANG Weizhao,50,50,LEC,-,E,Tu 09:30AM - 10:15AM,LHC_101,"9/8, 9/15, 9/22, 9/29, 10/6, 10/13, 10/20, 10/27, 11/3, 11/10, 11/17, 11/24, 12/1",,,Dept of Mech & Automation Engg
2026-27 Term 1,2420,MAEG,MAEG4020-,5694,Finite Elem't Modelling & Anal 有限元建模與分析,3.00,- Professor ZHANG Weizhao,50,50,LEC,-,E,Th 11:30AM - 01:15PM,LSB_LT2,"9/10, 9/17, 9/24",,,Dept of Mech & Automation Engg
2026-27 Term 1,2420,MAEG,MAEG4020-,5694,Finite Elem't Modelling & Anal 有限元建模與分析,3.00,- Professor ZHANG Weizhao,50,50,LEC,-,E,Th 11:30AM - 01:15PM,LSB_LT2,"10/8, 10/15, 10/22, 10/29, 11/5, 11/12, 11/19, 11/26, 12/3",,,Dept of Mech & Automation Engg
2026-27 Term 1,2420,MAEG,MAEG4020-,5694,Finite Elem't Modelling & Anal 有限元建模與分析,3.00,- Professor ZHANG Weizhao,50,50,TUT,-T01,E,TBA,TBA,07/09/2026 - 30/11/2026,,,Dept of Mech & Automation Engg
2026-27 Term 1,2420,MAEG,MAEG4030-,5707,Heat Transfer 熱傳學,3.00,- Professor XU Dongyan,135,53,LEC,-,E,Mo 12:30PM - 01:15PM,TYW_LT,"9/7, 9/14, 9/21, 9/28, 10/5, 10/12",,Yes,Dept of Mech & Automation Engg
2026-27 Term 1,2420,MAEG,MAEG4030-,5707,Heat Transfer 熱傳學,3.00,- Professor XU Dongyan,135,53,LEC,-,E,Mo 12:30PM - 01:15PM,TYW_LT,"10/26, 11/2, 11/9, 11/16, 11/23, 11/30",,Yes,Dept of Mech & Automation Engg
2026-27 Term 1,2420,MAEG,MAEG4030-,5707,Heat Transfer 熱傳學,3.00,- Professor XU Dongyan,135,53,LEC,-,E,We 09:30AM - 11:15AM,TYW_LT,"9/9, 9/16, 9/23, 9/30, 10/7, 10/14, 10/21, 10/28, 11/4, 11/11, 11/18, 11/25, 12/2",,Yes,Dept of Mech & Automation Engg
2026-27 Term 1,2420,MAEG,MAEG4030-,5707,Heat Transfer 熱傳學,3.00,- Professor XU Dongyan,135,53,TUT,-T01,E,TBA,TBA,07/09/2026 - 30/11/2026,,Yes,Dept of Mech & Automation Engg
2026-27 Term 1,2420,MAEG,MAEG4040-,9055,Mechatronic Systems 機電系統,3.00,- Dr. LI Yiyang,60,60,LEC,-,E,Mo 01:30PM - 02:15PM,ERB_404,"9/7, 9/14, 9/21, 9/28, 10/5, 10/12",,,Dept of Mech & Automation Engg
2026-27 Term 1,2420,MAEG,MAEG4040-,9055,Mechatronic Systems 機電系統,3.00,- Dr. LI Yiyang,60,60,LEC,-,E,Mo 01:30PM - 02:15PM,ERB_404,"10/26, 11/2, 11/9, 11/16, 11/23, 11/30",,,Dept of Mech & Automation Engg
2026-27 Term 1,2420,MAEG,MAEG4040-,9055,Mechatronic Systems 機電系統,3.00,- Dr. LI Yiyang,60,60,LEC,-,E,We 01:30PM - 03:15PM,SC_L3,"9/9, 9/16, 9/23, 9/30, 10/7, 10/14, 10/21, 10/28, 11/4, 11/11, 11/18, 11/25, 12/2",,,Dept of Mech & Automation Engg
2026-27 Term 1,2420,MAEG,MAEG4040-,9055,Mechatronic Systems 機電系統,3.00,- Dr. LI Yiyang,60,60,TUT,-T01,E,TBA,TBA,07/09/2026 - 30/11/2026,,,Dept of Mech & Automation Engg
2026-27 Term 1,2420,MAEG,MAEG4070-,9681,Engineering Optimization 工程優化,3.00,- Professor YUAN Haidong,50,48,LEC,-,E,Mo 04:30PM - 06:15PM,LHC_101,"9/7, 9/14, 9/21, 9/28, 10/5, 10/12",,,Dept of Mech & Automation Engg
2026-27 Term 1,2420,MAEG,MAEG4070-,9681,Engineering Optimization 工程優化,3.00,- Professor YUAN Haidong,50,48,LEC,-,E,Mo 04:30PM - 06:15PM,LHC_101,"10/26, 11/2, 11/9, 11/16, 11/23, 11/30",,,Dept of Mech & Automation Engg
2026-27 Term 1,2420,MAEG,MAEG4070-,9681,Engineering Optimization 工程優化,3.00,- Professor YUAN Haidong,50,48,LEC,-,E,We 11:30AM - 12:15PM,LHC_106,"9/9, 9/16, 9/23, 9/30, 10/7, 10/14, 10/21, 10/28, 11/4, 11/11, 11/18, 11/25, 12/2",,,Dept of Mech & Automation Engg
2026-27 Term 1,2420,MAEG,MAEG4070-,9681,Engineering Optimization 工程優化,3.00,- Professor YUAN Haidong,50,48,TUT,-T01,E,TBA,TBA,07/09/2026 - 30/11/2026,,,Dept of Mech & Automation Engg
2026-27 Term 1,2420,MAEG,MAEG4998-,6328,Final Year Project I 畢業專題研究（一）,3.00,- Professor ZHANG Weizhao,90,30,PRJ,-J01,E,TBA,NRR,07/09/2026 - 30/11/2026,Yes,Yes,Dept of Mech & Automation Engg
2026-27 Term 1,2420,MAEG,MAEG4999-,6587,Final Year Project II 畢業專題研究（二）,3.00,- Professor ZHANG Weizhao,10,9,PRJ,-J01,E,TBA,NRR,07/09/2026 - 30/11/2026,Yes,Yes,Dept of Mech & Automation Engg
2026-27 Term 1,2420,MBTE,MBTE3000-,7658,Business and Social Aspects of 生物技術學與商業及社會的關係,3.00,- Professor CHAN Albert Wai Kit - Professor HO Kwok Keung Walter - Professor SHAW Pang Chui - Professor WONG Wing Tak Jack,50,32,LEC,-,E,Tu 02:30PM - 05:15PM,SC_L3,"9/8, 9/15, 9/22, 9/29, 10/6, 10/13, 10/20, 10/27, 11/3, 11/10, 11/17, 11/24, 12/1",,,Molecular Biotechnology PC
2026-27 Term 1,2420,MBTE,MBTE3510-,5987,Medical Biotechnology 醫學生物技術,1.00,- Dr. SIOW Lam - Professor CHAN Ting Fung Philos,50,27,LEC,-,E,Mo 12:30PM - 02:15PM,LHC_103,"9/14, 9/21, 9/28, 10/5, 10/12",,,Molecular Biotechnology PC
2026-27 Term 1,2420,MBTE,MBTE3510-,5987,Medical Biotechnology 醫學生物技術,1.00,- Dr. SIOW Lam - Professor CHAN Ting Fung Philos,50,27,LEC,-,E,Mo 12:30PM - 02:15PM,LHC_103,"10/26, 11/2",,,Molecular Biotechnology PC
2026-27 Term 1,2420,MBTE,MBTE3510-,5987,Medical Biotechnology 醫學生物技術,1.00,- Dr. SIOW Lam - Professor CHAN Ting Fung Philos,50,27,LEC,-,E,Th 09:30AM - 10:15AM,SC_L3,"9/10, 9/17, 9/24",,,Molecular Biotechnology PC
2026-27 Term 1,2420,MBTE,MBTE3510-,5987,Medical Biotechnology 醫學生物技術,1.00,- Dr. SIOW Lam - Professor CHAN Ting Fung Philos,50,27,LEC,-,E,Th 09:30AM - 10:15AM,SC_L3,"10/8, 10/15, 10/22, 10/29",,,Molecular Biotechnology PC
2026-27 Term 1,2420,MBTE,MBTE3511-,5985,Ind app of plant genetic mod 植物基因改造的工業應用,1.00,- Professor KANG Byung Ho - Professor ZHONG Silin,30,30,LEC,-,E,Mo 11:30AM - 12:15PM,LSB_LT2,"9/14, 9/21, 9/28, 10/5, 10/12",,,Molecular Biotechnology PC
2026-27 Term 1,2420,MBTE,MBTE3511-,5985,Ind app of plant genetic mod 植物基因改造的工業應用,1.00,- Professor KANG Byung Ho - Professor ZHONG Silin,30,30,LEC,-,E,Tu 10:30AM - 12:15PM,LSB_LT5,"9/8, 9/15, 9/22, 9/29, 10/6",,,Molecular Biotechnology PC
2026-27 Term 1,2420,MBTE,MBTE3518-,6021,Project in Medical Biotech 醫學生物技術小組研習,2.00,- Professor CHAN Ting Fung Philos - Professor WONG Wing Tak Jack,30,30,PRJ,-J01,E,TBA,NRR,26/10/2026 - 30/11/2026,,,Molecular Biotechnology PC
2026-27 Term 1,2420,MBTE,MBTE4033-,8855,Methods in Molecular Biotechno 分子生物技術學方法實驗（一）,2.00,- Dr. SIOW Lam,28,6,LAB,-L01,E,We 02:30PM - 06:15PM,SC_188,"9/9, 9/16, 9/23, 9/30, 10/7, 10/14, 10/21, 10/28, 11/4, 11/11, 11/18, 11/25, 12/2",,,Molecular Biotechnology PC
2026-27 Term 1,2420,MBTE,MBTE4320-,9431,Genetic Engineering 遺傳工程學,3.00,- Professor LAM Hon Ming,50,30,LEC,-,E,Tu 08:30AM - 10:15AM,SC_LG23,"9/8, 9/15, 9/22, 9/29, 10/6, 10/13, 10/20, 10/27, 11/3, 11/10, 11/17, 11/24, 12/1",,,Molecular Biotechnology PC
2026-27 Term 1,2420,MBTE,MBTE4320-,9431,Genetic Engineering 遺傳工程學,3.00,- Professor LAM Hon Ming,50,30,LEC,-,E,Th 08:30AM - 09:15AM,MMW_702,"9/10, 9/17, 9/24",,,Molecular Biotechnology PC
2026-27 Term 1,2420,MBTE,MBTE4320-,9431,Genetic Engineering 遺傳工程學,3.00,- Professor LAM Hon Ming,50,30,LEC,-,E,Th 08:30AM - 09:15AM,MMW_702,"10/8, 10/15, 10/22, 10/29, 11/5, 11/12, 11/19, 11/26, 12/3",,,Molecular Biotechnology PC
2026-27 Term 1,2420,MBTE,MBTE4510-,7400,Plant Biotechnology 植物生物技術學,3.00,- Professor KANG Byung Ho - Professor ZHONG Silin,50,26,LEC,-,E,Mo 11:30AM - 12:15PM,LSB_LT2,"9/7, 9/14, 9/21, 9/28, 10/5, 10/12",,,Molecular Biotechnology PC
2026-27 Term 1,2420,MBTE,MBTE4510-,7400,Plant Biotechnology 植物生物技術學,3.00,- Professor KANG Byung Ho - Professor ZHONG Silin,50,26,LEC,-,E,Mo 11:30AM - 12:15PM,LSB_LT2,"10/26, 11/2, 11/9, 11/16, 11/23, 11/30",,,Molecular Biotechnology PC
2026-27 Term 1,2420,MBTE,MBTE4510-,7400,Plant Biotechnology 植物生物技術學,3.00,- Professor KANG Byung Ho - Professor ZHONG Silin,50,26,LEC,-,E,Tu 10:30AM - 12:15PM,LSB_LT5,"9/8, 9/15, 9/22, 9/29, 10/6, 10/13, 10/20, 10/27, 11/3, 11/10, 11/17, 11/24, 12/1",,,Molecular Biotechnology PC
2026-27 Term 1,2420,MBTE,MBTE4902-,6050,Senior Experimental Project II 實驗專題討論（二）,2.00,- Professor CHAN Ting Fung Philos - Professor JIANG Liwen - Professor LAM Hon Ming - Professor LUO Haiwei - Professor WANG Guanqun - Professor WONG Wing Tak Jack,50,41,PRJ,-J01,E,TBA,NRR,07/09/2026 - 30/11/2026,Yes,Yes,Molecular Biotechnology PC
2026-27 Term 1,2420,MEDF,MEDF1010-,7268,Foundation Course HS I MBChB,3.00,- Dr. YEUNG Hang Mee,300,300,LEC,-,E,Mo 09:30AM - 11:15AM,LSK_LT6,"9/7, 9/14, 9/21, 9/28, 10/5, 10/12",Yes,Yes,Faculty Office of Medicine
2026-27 Term 1,2420,MEDF,MEDF1010-,7268,Foundation Course HS I MBChB,3.00,- Dr. YEUNG Hang Mee,300,300,LEC,-,E,Mo 09:30AM - 11:15AM,LSK_LT6,"10/26, 11/2, 11/9, 11/16, 11/23, 11/30",Yes,Yes,Faculty Office of Medicine
2026-27 Term 1,2420,MEDF,MEDF1010-,7268,Foundation Course HS I MBChB,3.00,- Dr. YEUNG Hang Mee,300,300,LEC,-,E,We 08:30AM - 10:15AM,LSK_LT6,"9/9, 9/16, 9/23, 9/30, 10/7, 10/14, 10/21, 10/28, 11/4, 11/11, 11/18, 11/25, 12/2",Yes,Yes,Faculty Office of Medicine
2026-27 Term 1,2420,MEDF,MEDF1010-,7268,Foundation Course HS I MBChB,3.00,- Dr. YEUNG Hang Mee,15,15,TUT,-T01,E,TBA,NRR,07/09/2026 - 30/11/2026,Yes,Yes,Faculty Office of Medicine
2026-27 Term 1,2420,MEDF,MEDF1010-,7268,Foundation Course HS I MBChB,3.00,- Dr. YEUNG Hang Mee,15,15,TUT,-T02,E,TBA,NRR,07/09/2026 - 30/11/2026,Yes,Yes,Faculty Office of Medicine
2026-27 Term 1,2420,MEDF,MEDF1010-,7268,Foundation Course HS I MBChB,3.00,- Dr. YEUNG Hang Mee,15,15,TUT,-T03,E,TBA,NRR,07/09/2026 - 30/11/2026,Yes,Yes,Faculty Office of Medicine
2026-27 Term 1,2420,MEDF,MEDF1010-,7268,Foundation Course HS I MBChB,3.00,- Dr. YEUNG Hang Mee,15,15,TUT,-T04,E,TBA,NRR,07/09/2026 - 30/11/2026,Yes,Yes,Faculty Office of Medicine
2026-27 Term 1,2420,MEDF,MEDF1010-,7268,Foundation Course HS I MBChB,3.00,- Dr. YEUNG Hang Mee,15,15,TUT,-T05,E,TBA,NRR,07/09/2026 - 30/11/2026,Yes,Yes,Faculty Office of Medicine
2026-27 Term 1,2420,MEDF,MEDF1010-,7268,Foundation Course HS I MBChB,3.00,- Dr. YEUNG Hang Mee,15,15,TUT,-T06,E,TBA,NRR,07/09/2026 - 30/11/2026,Yes,Yes,Faculty Office of Medicine
2026-27 Term 1,2420,MEDF,MEDF1010-,7268,Foundation Course HS I MBChB,3.00,- Dr. YEUNG Hang Mee,15,15,TUT,-T07,E,TBA,NRR,07/09/2026 - 30/11/2026,Yes,Yes,Faculty Office of Medicine
2026-27 Term 1,2420,MEDF,MEDF1010-,7268,Foundation Course HS I MBChB,3.00,- Dr. YEUNG Hang Mee,15,15,TUT,-T08,E,TBA,NRR,07/09/2026 - 30/11/2026,Yes,Yes,Faculty Office of Medicine
2026-27 Term 1,2420,MEDF,MEDF1010-,7268,Foundation Course HS I MBChB,3.00,- Dr. YEUNG Hang Mee,15,15,TUT,-T09,E,TBA,NRR,07/09/2026 - 30/11/2026,Yes,Yes,Faculty Office of Medicine
2026-27 Term 1,2420,MEDF,MEDF1010-,7268,Foundation Course HS I MBChB,3.00,- Dr. YEUNG Hang Mee,15,15,TUT,-T10,E,TBA,NRR,07/09/2026 - 30/11/2026,Yes,Yes,Faculty Office of Medicine
2026-27 Term 1,2420,MEDF,MEDF1010-,7268,Foundation Course HS I MBChB,3.00,- Dr. YEUNG Hang Mee,15,15,TUT,-T11,E,TBA,NRR,07/09/2026 - 30/11/2026,Yes,Yes,Faculty Office of Medicine
2026-27 Term 1,2420,MEDF,MEDF1010-,7268,Foundation Course HS I MBChB,3.00,- Dr. YEUNG Hang Mee,15,15,TUT,-T12,E,TBA,NRR,07/09/2026 - 30/11/2026,Yes,Yes,Faculty Office of Medicine
2026-27 Term 1,2420,MEDF,MEDF1010-,7268,Foundation Course HS I MBChB,3.00,- Dr. YEUNG Hang Mee,15,15,TUT,-T13,E,TBA,NRR,07/09/2026 - 30/11/2026,Yes,Yes,Faculty Office of Medicine
2026-27 Term 1,2420,MEDF,MEDF1010-,7268,Foundation Course HS I MBChB,3.00,- Dr. YEUNG Hang Mee,15,15,TUT,-T14,E,TBA,NRR,07/09/2026 - 30/11/2026,Yes,Yes,Faculty Office of Medicine
2026-27 Term 1,2420,MEDF,MEDF1010-,7268,Foundation Course HS I MBChB,3.00,- Dr. YEUNG Hang Mee,15,15,TUT,-T15,E,TBA,NRR,07/09/2026 - 30/11/2026,Yes,Yes,Faculty Office of Medicine
2026-27 Term 1,2420,MEDF,MEDF1010-,7268,Foundation Course HS I MBChB,3.00,- Dr. YEUNG Hang Mee,15,15,TUT,-T16,E,TBA,NRR,07/09/2026 - 30/11/2026,Yes,Yes,Faculty Office of Medicine
2026-27 Term 1,2420,MEDF,MEDF1010-,7268,Foundation Course HS I MBChB,3.00,- Dr. YEUNG Hang Mee,15,15,TUT,-T17,E,TBA,NRR,07/09/2026 - 30/11/2026,Yes,Yes,Faculty Office of Medicine
2026-27 Term 1,2420,MEDF,MEDF1010-,7268,Foundation Course HS I MBChB,3.00,- Dr. YEUNG Hang Mee,15,15,TUT,-T18,E,TBA,NRR,07/09/2026 - 30/11/2026,Yes,Yes,Faculty Office of Medicine
2026-27 Term 1,2420,MEDF,MEDF1010-,7268,Foundation Course HS I MBChB,3.00,- Dr. YEUNG Hang Mee,15,15,TUT,-T19,E,TBA,NRR,07/09/2026 - 30/11/2026,Yes,Yes,Faculty Office of Medicine
2026-27 Term 1,2420,MEDF,MEDF1010-,7268,Foundation Course HS I MBChB,3.00,- Dr. YEUNG Hang Mee,15,15,TUT,-T20,E,TBA,NRR,07/09/2026 - 30/11/2026,Yes,Yes,Faculty Office of Medicine
2026-27 Term 1,2420,MEDF,MEDF1011-,7269,Health Sciences I,2.00,- Dr. HWANG Shui Shan Isabel,360,357,LEC,-,E,We 11:30AM - 01:15PM,LSK_LT6,"9/9, 9/16, 9/23, 9/30, 10/7, 10/14, 10/21, 10/28, 11/4, 11/11, 11/18, 11/25, 12/2",Yes,Yes,Faculty Office of Medicine
2026-27 Term 1,2420,MEDF,MEDF1011-,7269,Health Sciences I,2.00,- Dr. HWANG Shui Shan Isabel,360,357,OTH,-O01,E,TBA,NRR,07/09/2026 - 30/11/2026,Yes,Yes,Faculty Office of Medicine
2026-27 Term 1,2420,MEDF,MEDF1011-,7269,Health Sciences I,2.00,- Dr. HWANG Shui Shan Isabel,20,19,TUT,-T01,E,TBA,NRR,07/09/2026 - 30/11/2026,Yes,Yes,Faculty Office of Medicine
2026-27 Term 1,2420,MEDF,MEDF1011-,7269,Health Sciences I,2.00,- Dr. HWANG Shui Shan Isabel,20,19,TUT,-T02,E,TBA,NRR,07/09/2026 - 30/11/2026,Yes,Yes,Faculty Office of Medicine
2026-27 Term 1,2420,MEDF,MEDF1011-,7269,Health Sciences I,2.00,- Dr. HWANG Shui Shan Isabel,20,19,TUT,-T03,E,TBA,NRR,07/09/2026 - 30/11/2026,Yes,Yes,Faculty Office of Medicine
2026-27 Term 1,2420,MEDF,MEDF1011-,7269,Health Sciences I,2.00,- Dr. HWANG Shui Shan Isabel,20,20,TUT,-T04,E,TBA,NRR,07/09/2026 - 30/11/2026,Yes,Yes,Faculty Office of Medicine
2026-27 Term 1,2420,MEDF,MEDF1011-,7269,Health Sciences I,2.00,- Dr. HWANG Shui Shan Isabel,20,20,TUT,-T05,E,TBA,NRR,07/09/2026 - 30/11/2026,Yes,Yes,Faculty Office of Medicine
2026-27 Term 1,2420,MEDF,MEDF1011-,7269,Health Sciences I,2.00,- Dr. HWANG Shui Shan Isabel,20,20,TUT,-T06,E,TBA,NRR,07/09/2026 - 30/11/2026,Yes,Yes,Faculty Office of Medicine
2026-27 Term 1,2420,MEDF,MEDF1011-,7269,Health Sciences I,2.00,- Dr. HWANG Shui Shan Isabel,20,20,TUT,-T07,E,TBA,NRR,07/09/2026 - 30/11/2026,Yes,Yes,Faculty Office of Medicine
2026-27 Term 1,2420,MEDF,MEDF1011-,7269,Health Sciences I,2.00,- Dr. HWANG Shui Shan Isabel,20,20,TUT,-T08,E,TBA,NRR,07/09/2026 - 30/11/2026,Yes,Yes,Faculty Office of Medicine
2026-27 Term 1,2420,MEDF,MEDF1011-,7269,Health Sciences I,2.00,- Dr. HWANG Shui Shan Isabel,20,20,TUT,-T09,E,TBA,NRR,07/09/2026 - 30/11/2026,Yes,Yes,Faculty Office of Medicine
2026-27 Term 1,2420,MEDF,MEDF1011-,7269,Health Sciences I,2.00,- Dr. HWANG Shui Shan Isabel,20,20,TUT,-T10,E,TBA,NRR,07/09/2026 - 30/11/2026,Yes,Yes,Faculty Office of Medicine
2026-27 Term 1,2420,MEDF,MEDF1011-,7269,Health Sciences I,2.00,- Dr. HWANG Shui Shan Isabel,20,20,TUT,-T11,E,TBA,NRR,07/09/2026 - 30/11/2026,Yes,Yes,Faculty Office of Medicine
2026-27 Term 1,2420,MEDF,MEDF1011-,7269,Health Sciences I,2.00,- Dr. HWANG Shui Shan Isabel,20,20,TUT,-T12,E,TBA,NRR,07/09/2026 - 30/11/2026,Yes,Yes,Faculty Office of Medicine
2026-27 Term 1,2420,MEDF,MEDF1011-,7269,Health Sciences I,2.00,- Dr. HWANG Shui Shan Isabel,20,20,TUT,-T13,E,TBA,NRR,07/09/2026 - 30/11/2026,Yes,Yes,Faculty Office of Medicine
2026-27 Term 1,2420,MEDF,MEDF1011-,7269,Health Sciences I,2.00,- Dr. HWANG Shui Shan Isabel,20,20,TUT,-T14,E,TBA,NRR,07/09/2026 - 30/11/2026,Yes,Yes,Faculty Office of Medicine
2026-27 Term 1,2420,MEDF,MEDF1011-,7269,Health Sciences I,2.00,- Dr. HWANG Shui Shan Isabel,20,20,TUT,-T15,E,TBA,NRR,07/09/2026 - 30/11/2026,Yes,Yes,Faculty Office of Medicine
2026-27 Term 1,2420,MEDF,MEDF1011-,7269,Health Sciences I,2.00,- Dr. HWANG Shui Shan Isabel,20,20,TUT,-T16,E,TBA,NRR,07/09/2026 - 30/11/2026,Yes,Yes,Faculty Office of Medicine
2026-27 Term 1,2420,MEDF,MEDF1011-,7269,Health Sciences I,2.00,- Dr. HWANG Shui Shan Isabel,20,20,TUT,-T17,E,TBA,NRR,07/09/2026 - 30/11/2026,Yes,Yes,Faculty Office of Medicine
2026-27 Term 1,2420,MEDF,MEDF1011-,7269,Health Sciences I,2.00,- Dr. HWANG Shui Shan Isabel,20,20,TUT,-T18,E,TBA,NRR,07/09/2026 - 30/11/2026,Yes,Yes,Faculty Office of Medicine
2026-27 Term 1,2420,MEDF,MEDF1011-,7269,Health Sciences I,2.00,- Dr. HWANG Shui Shan Isabel,20,20,TUT,-T19,E,TBA,NRR,07/09/2026 - 30/11/2026,Yes,Yes,Faculty Office of Medicine
2026-27 Term 1,2420,MEDF,MEDF1011-,7269,Health Sciences I,2.00,- Dr. HWANG Shui Shan Isabel,20,20,TUT,-T20,E,TBA,NRR,07/09/2026 - 30/11/2026,Yes,Yes,Faculty Office of Medicine
2026-27 Term 1,2420,MEDF,MEDF1041-,7270,Interprofessional Healthcare I,3.00,- Professor WONG Carmen,684,684,LAB,-L01,E,We 05:30PM - 06:15PM,LSK_LT6,9/16,Yes,Yes,Faculty Office of Medicine
2026-27 Term 1,2420,MEDF,MEDF1041-,7270,Interprofessional Healthcare I,3.00,- Professor WONG Carmen,684,684,LAB,-L01,E,We 05:30PM - 06:15PM,LSK_LT6,9/30,Yes,Yes,Faculty Office of Medicine
2026-27 Term 1,2420,MEDF,MEDF1041-,7270,Interprofessional Healthcare I,3.00,- Professor WONG Carmen,684,684,LAB,-L01,E,We 05:30PM - 06:15PM,LSK_LT6,10/14,Yes,Yes,Faculty Office of Medicine
2026-27 Term 1,2420,MEDF,MEDF1041-,7270,Interprofessional Healthcare I,3.00,- Professor WONG Carmen,684,684,LAB,-L01,E,We 05:30PM - 06:15PM,LSK_LT6,10/28,Yes,Yes,Faculty Office of Medicine
2026-27 Term 1,2420,MEDF,MEDF1041-,7270,Interprofessional Healthcare I,3.00,- Professor WONG Carmen,684,684,LEC,-,E,We 02:30PM - 05:15PM,LSK_LT6,"9/9, 9/16, 9/23, 9/30, 10/7, 10/14, 10/21, 10/28, 11/4, 11/11, 11/18, 11/25, 12/2",Yes,Yes,Faculty Office of Medicine
2026-27 Term 1,2420,MEDF,MEDF1041-,7270,Interprofessional Healthcare I,3.00,- Professor WONG Carmen,684,684,PRJ,-J01,E,TBA,NRR,07/09/2026 - 30/11/2026,Yes,Yes,Faculty Office of Medicine
2026-27 Term 1,2420,MEDU,MEDU1000B,8629,Medicine courses,1.00,- Staff,260,0,LEC,B,E,Mo 09:30AM - 12:15PM,NRR,"9/7, 9/14, 9/21, 9/28, 10/5, 10/12",Yes,Yes,MB ChB Pgm Comm
2026-27 Term 1,2420,MEDU,MEDU1000B,8629,Medicine courses,1.00,- Staff,260,0,LEC,B,E,Mo 09:30AM - 12:15PM,NRR,"10/26, 11/2, 11/9, 11/16, 11/23, 11/30",Yes,Yes,MB ChB Pgm Comm
2026-27 Term 1,2420,MEDU,MEDU1000B,8629,Medicine courses,1.00,- Staff,260,0,LEC,B,E,Mo 01:30PM - 06:15PM,NRR,"9/7, 9/14, 9/21, 9/28, 10/5, 10/12",Yes,Yes,MB ChB Pgm Comm
2026-27 Term 1,2420,MEDU,MEDU1000B,8629,Medicine courses,1.00,- Staff,260,0,LEC,B,E,Mo 01:30PM - 06:15PM,NRR,"10/26, 11/2, 11/9, 11/16, 11/23, 11/30",Yes,Yes,MB ChB Pgm Comm
2026-27 Term 1,2420,MEDU,MEDU1000B,8629,Medicine courses,1.00,- Staff,260,0,LEC,B,E,Tu 09:30AM - 12:15PM,NRR,"9/8, 9/15, 9/22, 9/29, 10/6, 10/13, 10/20, 10/27, 11/3, 11/10, 11/17, 11/24, 12/1",Yes,Yes,MB ChB Pgm Comm
2026-27 Term 1,2420,MEDU,MEDU1000B,8629,Medicine courses,1.00,- Staff,260,0,LEC,B,E,Tu 01:30PM - 06:15PM,NRR,"9/8, 9/15, 9/22, 9/29, 10/6, 10/13, 10/20, 10/27, 11/3, 11/10, 11/17, 11/24, 12/1",Yes,Yes,MB ChB Pgm Comm
2026-27 Term 1,2420,MEDU,MEDU1000B,8629,Medicine courses,1.00,- Staff,260,0,LEC,B,E,We 08:30AM - 12:15PM,NRR,"9/9, 9/16, 9/23, 9/30, 10/7, 10/14, 10/21, 10/28, 11/4, 11/11, 11/18, 11/25, 12/2",Yes,Yes,MB ChB Pgm Comm
2026-27 Term 1,2420,MEDU,MEDU1000B,8629,Medicine courses,1.00,- Staff,260,0,LEC,B,E,Th 09:30AM - 12:15PM,NRR,"9/10, 9/17, 9/24",Yes,Yes,MB ChB Pgm Comm
2026-27 Term 1,2420,MEDU,MEDU1000B,8629,Medicine courses,1.00,- Staff,260,0,LEC,B,E,Th 09:30AM - 12:15PM,NRR,"10/8, 10/15, 10/22, 10/29, 11/5, 11/12, 11/19, 11/26, 12/3",Yes,Yes,MB ChB Pgm Comm
2026-27 Term 1,2420,MEDU,MEDU1000B,8629,Medicine courses,1.00,- Staff,260,0,LEC,B,E,Th 01:30PM - 06:15PM,NRR,"9/10, 9/17, 9/24",Yes,Yes,MB ChB Pgm Comm
2026-27 Term 1,2420,MEDU,MEDU1000B,8629,Medicine courses,1.00,- Staff,260,0,LEC,B,E,Th 01:30PM - 06:15PM,NRR,"10/8, 10/15, 10/22, 10/29, 11/5, 11/12, 11/19, 11/26, 12/3",Yes,Yes,MB ChB Pgm Comm
2026-27 Term 1,2420,MEDU,MEDU1000C,8688,Medicine courses,1.00,- Staff,260,0,LEC,C,E,Mo 12:30PM - 02:15PM,NRR,"9/7, 9/14, 9/21, 9/28, 10/5, 10/12",Yes,Yes,MB ChB Pgm Comm
2026-27 Term 1,2420,MEDU,MEDU1000C,8688,Medicine courses,1.00,- Staff,260,0,LEC,C,E,Mo 12:30PM - 02:15PM,NRR,"10/26, 11/2, 11/9, 11/16, 11/23, 11/30",Yes,Yes,MB ChB Pgm Comm
2026-27 Term 1,2420,MEDU,MEDU1000C,8688,Medicine courses,1.00,- Staff,260,0,LEC,C,E,Mo 02:30PM - 06:15PM,NRR,"9/7, 9/14, 9/21, 9/28, 10/5, 10/12",Yes,Yes,MB ChB Pgm Comm
2026-27 Term 1,2420,MEDU,MEDU1000C,8688,Medicine courses,1.00,- Staff,260,0,LEC,C,E,Mo 02:30PM - 06:15PM,NRR,"10/26, 11/2, 11/9, 11/16, 11/23, 11/30",Yes,Yes,MB ChB Pgm Comm
2026-27 Term 1,2420,MEDU,MEDU1000C,8688,Medicine courses,1.00,- Staff,260,0,LEC,C,E,Tu 08:30AM - 12:15PM,NRR,"9/8, 9/15, 9/22, 9/29, 10/6, 10/13, 10/20, 10/27, 11/3, 11/10, 11/17, 11/24, 12/1",Yes,Yes,MB ChB Pgm Comm
2026-27 Term 1,2420,MEDU,MEDU1000C,8688,Medicine courses,1.00,- Staff,260,0,LEC,C,E,Tu 02:30PM - 06:15PM,NRR,"9/8, 9/15, 9/22, 9/29, 10/6, 10/13, 10/20, 10/27, 11/3, 11/10, 11/17, 11/24, 12/1",Yes,Yes,MB ChB Pgm Comm
2026-27 Term 1,2420,MEDU,MEDU1000C,8688,Medicine courses,1.00,- Staff,260,0,LEC,C,E,We 08:30AM - 12:15PM,NRR,"9/9, 9/16, 9/23, 9/30, 10/7, 10/14, 10/21, 10/28, 11/4, 11/11, 11/18, 11/25, 12/2",Yes,Yes,MB ChB Pgm Comm
2026-27 Term 1,2420,MEDU,MEDU1000C,8688,Medicine courses,1.00,- Staff,260,0,LEC,C,E,We 01:30PM - 06:15PM,NRR,"9/9, 9/16, 9/23, 9/30, 10/7, 10/14, 10/21, 10/28, 11/4, 11/11, 11/18, 11/25, 12/2",Yes,Yes,MB ChB Pgm Comm
2026-27 Term 1,2420,MEDU,MEDU1000C,8688,Medicine courses,1.00,- Staff,260,0,LEC,C,E,Th 08:30AM - 12:15PM,NRR,"9/10, 9/17, 9/24",Yes,Yes,MB ChB Pgm Comm
2026-27 Term 1,2420,MEDU,MEDU1000C,8688,Medicine courses,1.00,- Staff,260,0,LEC,C,E,Th 08:30AM - 12:15PM,NRR,"10/8, 10/15, 10/22, 10/29, 11/5, 11/12, 11/19, 11/26, 12/3",Yes,Yes,MB ChB Pgm Comm
2026-27 Term 1,2420,MEDU,MEDU1000C,8688,Medicine courses,1.00,- Staff,260,0,LEC,C,E,Th 02:30PM - 06:15PM,NRR,"9/10, 9/17, 9/24",Yes,Yes,MB ChB Pgm Comm
2026-27 Term 1,2420,MEDU,MEDU1000C,8688,Medicine courses,1.00,- Staff,260,0,LEC,C,E,Th 02:30PM - 06:15PM,NRR,"10/8, 10/15, 10/22, 10/29, 11/5, 11/12, 11/19, 11/26, 12/3",Yes,Yes,MB ChB Pgm Comm
2026-27 Term 1,2420,MEDU,MEDU1110-,7143,Systemic Anatomy,2.00,- Dr. WAI Sen Mun,300,300,LEC,-,E,Mo 02:30PM - 06:15PM,LSK_LT6,"9/7, 9/14, 9/21, 9/28, 10/5, 10/12",Yes,Yes,MB ChB Pgm Comm
2026-27 Term 1,2420,MEDU,MEDU1110-,7143,Systemic Anatomy,2.00,- Dr. WAI Sen Mun,300,300,LEC,-,E,Mo 02:30PM - 06:15PM,LSK_LT6,"10/26, 11/2, 11/9, 11/16, 11/23, 11/30",Yes,Yes,MB ChB Pgm Comm
2026-27 Term 1,2420,MEDU,MEDU1110-,7143,Systemic Anatomy,2.00,- Dr. WAI Sen Mun,25,25,OTH,-O01,E,TBA,NRR,07/09/2026 - 30/11/2026,Yes,Yes,MB ChB Pgm Comm
2026-27 Term 1,2420,MEDU,MEDU1110-,7143,Systemic Anatomy,2.00,- Dr. WAI Sen Mun,25,25,OTH,-O02,E,TBA,NRR,07/09/2026 - 30/11/2026,Yes,Yes,MB ChB Pgm Comm
2026-27 Term 1,2420,MEDU,MEDU1110-,7143,Systemic Anatomy,2.00,- Dr. WAI Sen Mun,25,25,OTH,-O03,E,TBA,NRR,07/09/2026 - 30/11/2026,Yes,Yes,MB ChB Pgm Comm
2026-27 Term 1,2420,MEDU,MEDU1110-,7143,Systemic Anatomy,2.00,- Dr. WAI Sen Mun,25,25,OTH,-O04,E,TBA,NRR,07/09/2026 - 30/11/2026,Yes,Yes,MB ChB Pgm Comm
2026-27 Term 1,2420,MEDU,MEDU1110-,7143,Systemic Anatomy,2.00,- Dr. WAI Sen Mun,25,25,OTH,-O05,E,TBA,NRR,07/09/2026 - 30/11/2026,Yes,Yes,MB ChB Pgm Comm
2026-27 Term 1,2420,MEDU,MEDU1110-,7143,Systemic Anatomy,2.00,- Dr. WAI Sen Mun,25,25,OTH,-O06,E,TBA,NRR,07/09/2026 - 30/11/2026,Yes,Yes,MB ChB Pgm Comm
2026-27 Term 1,2420,MEDU,MEDU1110-,7143,Systemic Anatomy,2.00,- Dr. WAI Sen Mun,25,25,OTH,-O07,E,TBA,NRR,07/09/2026 - 30/11/2026,Yes,Yes,MB ChB Pgm Comm
2026-27 Term 1,2420,MEDU,MEDU1110-,7143,Systemic Anatomy,2.00,- Dr. WAI Sen Mun,25,25,OTH,-O08,E,TBA,NRR,07/09/2026 - 30/11/2026,Yes,Yes,MB ChB Pgm Comm
2026-27 Term 1,2420,MEDU,MEDU1110-,7143,Systemic Anatomy,2.00,- Dr. WAI Sen Mun,25,25,OTH,-O09,E,TBA,NRR,07/09/2026 - 30/11/2026,Yes,Yes,MB ChB Pgm Comm
2026-27 Term 1,2420,MEDU,MEDU1110-,7143,Systemic Anatomy,2.00,- Dr. WAI Sen Mun,25,25,OTH,-O10,E,TBA,NRR,07/09/2026 - 30/11/2026,Yes,Yes,MB ChB Pgm Comm
2026-27 Term 1,2420,MEDU,MEDU1110-,7143,Systemic Anatomy,2.00,- Dr. WAI Sen Mun,25,25,OTH,-O11,E,TBA,NRR,07/09/2026 - 30/11/2026,Yes,Yes,MB ChB Pgm Comm
2026-27 Term 1,2420,MEDU,MEDU1110-,7143,Systemic Anatomy,2.00,- Dr. WAI Sen Mun,25,25,OTH,-O12,E,TBA,NRR,07/09/2026 - 30/11/2026,Yes,Yes,MB ChB Pgm Comm
2026-27 Term 1,2420,MGNT,MGNT1010A,7472,Introduction to Business 企業導論,3.00,- Dr. IUN Sio Kun Joyce,40,40,LEC,A,E,Th 10:30AM - 01:15PM,CYT_202,"9/10, 9/17, 9/24",,,Dept of Management
2026-27 Term 1,2420,MGNT,MGNT1010A,7472,Introduction to Business 企業導論,3.00,- Dr. IUN Sio Kun Joyce,40,40,LEC,A,E,Th 10:30AM - 01:15PM,CYT_202,"10/8, 10/15, 10/22, 10/29, 11/5, 11/12, 11/19, 11/26, 12/3",,,Dept of Management
2026-27 Term 1,2420,MGNT,MGNT1020A,7401,Management 管理學,3.00,- Professor LIU Xuan,70,68,LEC,A,E,Mo 03:30PM - 06:15PM,YIA_405,"9/7, 9/14, 9/21, 9/28, 10/5, 10/12",,,Dept of Management
2026-27 Term 1,2420,MGNT,MGNT1020A,7401,Management 管理學,3.00,- Professor LIU Xuan,70,68,LEC,A,E,Mo 03:30PM - 06:15PM,YIA_405,"10/26, 11/2, 11/9, 11/16, 11/23, 11/30",,,Dept of Management
2026-27 Term 1,2420,MGNT,MGNT1020B,9337,Management 管理學,3.00,- Professor WU Shuang,70,70,LEC,B,E,Tu 02:30PM - 05:15PM,YIA_405,"9/8, 9/15, 9/22, 9/29, 10/6, 10/13, 10/20, 10/27, 11/3, 11/10, 11/17, 11/24, 12/1",,,Dept of Management
2026-27 Term 1,2420,MGNT,MGNT1020C,7403,Management 管理學,3.00,- Professor LIU Xuan,62,61,LEC,C,E,Tu 10:30AM - 01:15PM,YIA_405,"9/8, 9/15, 9/22, 9/29, 10/6, 10/13, 10/20, 10/27, 11/3, 11/10, 11/17, 11/24, 12/1",,,Dept of Management
2026-27 Term 1,2420,MGNT,MGNT1020D,9325,Management 管理學,3.00,- Professor WU Shuang,70,63,LEC,D,E,Th 10:30AM - 01:15PM,YIA_505,"9/10, 9/17, 9/24",,,Dept of Management
2026-27 Term 1,2420,MGNT,MGNT1020D,9325,Management 管理學,3.00,- Professor WU Shuang,70,63,LEC,D,E,Th 10:30AM - 01:15PM,YIA_505,"10/8, 10/15, 10/22, 10/29, 11/5, 11/12, 11/19, 11/26, 12/3",,,Dept of Management
2026-27 Term 1,2420,MGNT,MGNT1020E,9338,Management 管理學,3.00,- Professor WU Shuang,70,68,LEC,E,E,Th 02:30PM - 05:15PM,YIA_505,"9/10, 9/17, 9/24",,,Dept of Management
2026-27 Term 1,2420,MGNT,MGNT1020E,9338,Management 管理學,3.00,- Professor WU Shuang,70,68,LEC,E,E,Th 02:30PM - 05:15PM,YIA_505,"10/8, 10/15, 10/22, 10/29, 11/5, 11/12, 11/19, 11/26, 12/3",,,Dept of Management
2026-27 Term 1,2420,MGNT,MGNT1020F,6018,Management 管理學,3.00,- Dr. IUN Sio Kun Joyce,70,60,LEC,F,E,Tu 10:30AM - 01:15PM,YIA_505,"9/8, 9/15, 9/22, 9/29, 10/6, 10/13, 10/20, 10/27, 11/3, 11/10, 11/17, 11/24, 12/1",,,Dept of Management
2026-27 Term 1,2420,MGNT,MGNT1020G,7402,Management 管理學,3.00,- Dr. TSUI Po Yung,70,70,LEC,G,E,Th 10:30AM - 01:15PM,ARC_G03,"9/10, 9/17, 9/24",,,Dept of Management
2026-27 Term 1,2420,MGNT,MGNT1020G,7402,Management 管理學,3.00,- Dr. TSUI Po Yung,70,70,LEC,G,E,Th 10:30AM - 01:15PM,ARC_G03,"10/8, 10/15, 10/22, 10/29, 11/5, 11/12, 11/19, 11/26, 12/3",,,Dept of Management
2026-27 Term 1,2420,MGNT,MGNT1020H,5839,Management 管理學,3.00,- Dr. NG Wing Fung,70,70,LEC,H,E,Th 02:30PM - 05:15PM,CYT_203,"9/10, 9/17, 9/24",,,Dept of Management
2026-27 Term 1,2420,MGNT,MGNT1020H,5839,Management 管理學,3.00,- Dr. NG Wing Fung,70,70,LEC,H,E,Th 02:30PM - 05:15PM,CYT_203,"10/8, 10/15, 10/22, 10/29, 11/5, 11/12, 11/19, 11/26, 12/3",,,Dept of Management
2026-27 Term 1,2420,MGNT,MGNT1020I,9231,Management 管理學,3.00,- Professor LIU Xuan,70,70,LEC,I,E,Tu 02:30PM - 05:15PM,CYT_203,"9/8, 9/15, 9/22, 9/29, 10/6, 10/13, 10/20, 10/27, 11/3, 11/10, 11/17, 11/24, 12/1",,,Dept of Management
2026-27 Term 1,2420,MGNT,MGNT1070-,8462,The Founder’s Journey: EM & DT 創業歷程─創業精神與設計思考,3.00,- Professor CHOI Wai Shan,40,40,LEC,-,E,Th 09:30AM - 12:15PM,ARC_G04,"9/10, 9/17, 9/24",,,Dept of Management
2026-27 Term 1,2420,MGNT,MGNT1070-,8462,The Founder’s Journey: EM & DT 創業歷程─創業精神與設計思考,3.00,- Professor CHOI Wai Shan,40,40,LEC,-,E,Th 09:30AM - 12:15PM,ARC_G04,"10/8, 10/15, 10/22, 10/29, 11/5, 11/12, 11/19, 11/26, 12/3",,,Dept of Management
2026-27 Term 1,2420,MGNT,MGNT2040A,8463,Managing Human Capital 管理人力資本,3.00,- Dr. TSUI Po Yung,50,50,LEC,A,E,Th 02:30PM - 05:15PM,ELB_403,"9/10, 9/17, 9/24",,,Dept of Management
2026-27 Term 1,2420,MGNT,MGNT2040A,8463,Managing Human Capital 管理人力資本,3.00,- Dr. TSUI Po Yung,50,50,LEC,A,E,Th 02:30PM - 05:15PM,ELB_403,"10/8, 10/15, 10/22, 10/29, 11/5, 11/12, 11/19, 11/26, 12/3",,,Dept of Management
2026-27 Term 1,2420,MGNT,MGNT2511A,6397,Global Experiential Learning I 全球體驗式學習（一）,1.00,- Dr. HO Kin Yan,70,70,LEC,A,E,TBA,NRR,21/09/2026 - 09/11/2026,,,Dept of Management
2026-27 Term 1,2420,MGNT,MGNT2511B,6398,Global Experiential Learning I 全球體驗式學習（一）,1.00,- Dr. HO Kin Yan,70,45,LEC,B,E,TBA,NRR,21/09/2026 - 09/11/2026,,,Dept of Management
2026-27 Term 1,2420,MGNT,MGNT2511C,6395,Global Experiential Learning I 全球體驗式學習（一）,1.00,- Dr. HO Kin Yan,70,70,LEC,C,E,TBA,NRR,21/09/2026 - 09/11/2026,,,Dept of Management
2026-27 Term 1,2420,MGNT,MGNT2511D,6396,Global Experiential Learning I 全球體驗式學習（一）,1.00,- Dr. HO Kin Yan,70,70,LEC,D,E,TBA,NRR,21/09/2026 - 09/11/2026,,,Dept of Management
2026-27 Term 1,2420,MGNT,MGNT2511E,6399,Global Experiential Learning I 全球體驗式學習（一）,1.00,- Dr. HO Kin Yan,70,70,LEC,E,E,TBA,NRR,21/09/2026 - 09/11/2026,,,Dept of Management
2026-27 Term 1,2420,MGNT,MGNT2511F,6344,Global Experiential Learning I 全球體驗式學習（一）,1.00,- Dr. HO Kin Yan,70,70,LEC,F,E,TBA,NRR,21/09/2026 - 09/11/2026,,,Dept of Management
2026-27 Term 1,2420,MGNT,MGNT2512A,6167,Global Experiential LearningII 全球體驗式學習（二）,1.00,- Professor WU You Willow,70,0,LEC,A,E,TBA,NRR,07/09/2026 - 30/11/2026,Yes,,Dept of Management
2026-27 Term 1,2420,MGNT,MGNT2512B,6165,Global Experiential LearningII 全球體驗式學習（二）,1.00,- Professor WU You Willow,70,0,LEC,B,E,TBA,NRR,07/09/2026 - 30/11/2026,Yes,,Dept of Management
2026-27 Term 1,2420,MGNT,MGNT2512C,6346,Global Experiential LearningII 全球體驗式學習（二）,1.00,- Professor WU You Willow,70,0,LEC,C,E,TBA,NRR,07/09/2026 - 30/11/2026,Yes,,Dept of Management
2026-27 Term 1,2420,MGNT,MGNT2512D,8100,Global Experiential LearningII 全球體驗式學習（二）,1.00,- Professor WU You Willow,70,0,LEC,D,E,TBA,NRR,07/09/2026 - 30/11/2026,Yes,,Dept of Management
2026-27 Term 1,2420,MGNT,MGNT2611A,8461,Business Sustainability 商業永續發展,2.00,- Dr. IP Ching Loi,70,70,LEC,A,E,Tu 10:30AM - 12:15PM,ELB_405,"9/8, 9/15, 9/22, 9/29, 10/6, 10/13, 10/20, 10/27, 11/3, 11/10, 11/17, 11/24, 12/1",,,Dept of Management
2026-27 Term 1,2420,MGNT,MGNT2611B,9361,Business Sustainability 商業永續發展,2.00,- Dr. IP Ching Loi,70,70,LEC,B,E,Tu 02:30PM - 04:15PM,YIA_201,"9/8, 9/15, 9/22, 9/29, 10/6, 10/13, 10/20, 10/27, 11/3, 11/10, 11/17, 11/24, 12/1",,,Dept of Management
2026-27 Term 1,2420,MGNT,MGNT2611C,9153,Business Sustainability 商業永續發展,2.00,- Dr. TONG Toni Maria,70,70,LEC,C,E,Th 10:30AM - 12:15PM,YIA_201,"9/10, 9/17, 9/24",,,Dept of Management
2026-27 Term 1,2420,MGNT,MGNT2611C,9153,Business Sustainability 商業永續發展,2.00,- Dr. TONG Toni Maria,70,70,LEC,C,E,Th 10:30AM - 12:15PM,YIA_201,"10/8, 10/15, 10/22, 10/29, 11/5, 11/12, 11/19, 11/26, 12/3",,,Dept of Management
2026-27 Term 1,2420,MGNT,MGNT3010A,8475,Organizational Behaviour 組織行為學,3.00,- Professor LIAO Huiyao,55,55,LEC,A,E,Mo 09:30AM - 12:15PM,WMY_303,"9/7, 9/14, 9/21, 9/28, 10/5, 10/12",,,Dept of Management
2026-27 Term 1,2420,MGNT,MGNT3010A,8475,Organizational Behaviour 組織行為學,3.00,- Professor LIAO Huiyao,55,55,LEC,A,E,Mo 09:30AM - 12:15PM,WMY_303,"10/26, 11/2, 11/9, 11/16, 11/23, 11/30",,,Dept of Management
2026-27 Term 1,2420,MGNT,MGNT3010B,9439,Organizational Behaviour 組織行為學,3.00,- Dr. HO Kin Yan,55,55,LEC,B,E,Mo 02:30PM - 05:15PM,ARC_G01,"9/7, 9/14, 9/21, 9/28, 10/5, 10/12",,,Dept of Management
2026-27 Term 1,2420,MGNT,MGNT3010B,9439,Organizational Behaviour 組織行為學,3.00,- Dr. HO Kin Yan,55,55,LEC,B,E,Mo 02:30PM - 05:15PM,ARC_G01,"10/26, 11/2, 11/9, 11/16, 11/23, 11/30",,,Dept of Management
2026-27 Term 1,2420,MGNT,MGNT3060-,4982,Human Capital Training & Dev 人力資源培訓,3.00,- Ms. LAM Ka Yan,45,45,LEC,-,E,We 02:30PM - 05:15PM,ELB_203,"9/9, 9/16, 9/23, 9/30, 10/7, 10/14, 10/21, 10/28, 11/4, 11/11, 11/18, 11/25, 12/2",,,Dept of Management
2026-27 Term 1,2420,MGNT,MGNT3090-,9362,Human Capital Analytics 人力資本分析,3.00,- Professor WONG Chi Sum,40,40,LEC,-,E,We 10:30AM - 01:15PM,ELB_202,"9/9, 9/16, 9/23, 9/30, 10/7, 10/14, 10/21, 10/28, 11/4, 11/11, 11/18, 11/25, 12/2",,,Dept of Management
2026-27 Term 1,2420,MGNT,MGNT3580A,9232,Global Enterprise Management 環球企業管理,3.00,- Professor LIN Ya,55,55,LEC,A,E,Tu 02:30PM - 05:15PM,CYT_201,"9/8, 9/15, 9/22, 9/29, 10/6, 10/13, 10/20, 10/27, 11/3, 11/10, 11/17, 11/24, 12/1",,,Dept of Management
2026-27 Term 1,2420,MGNT,MGNT3580B,8499,Global Enterprise Management 環球企業管理,3.00,- Professor LIN Ya,55,55,LEC,B,E,We 02:30PM - 05:15PM,FYB_UG01,"9/9, 9/16, 9/23, 9/30, 10/7, 10/14, 10/21, 10/28, 11/4, 11/11, 11/18, 11/25, 12/2",,,Dept of Management
2026-27 Term 1,2420,MGNT,MGNT4010A,9336,Strategic Management 戰略管理,3.00,- Professor YANG Weikun,45,45,LEC,A,E,Tu 10:30AM - 01:15PM,ELB_205,"9/8, 9/15, 9/22, 9/29, 10/6, 10/13, 10/20, 10/27, 11/3, 11/10, 11/17, 11/24, 12/1",,,Dept of Management
2026-27 Term 1,2420,MGNT,MGNT4010B,7473,Strategic Management 戰略管理,3.00,- Professor ZHANG Muhan,45,45,LEC,B,E,We 10:30AM - 01:15PM,WMY_502,"9/9, 9/16, 9/23, 9/30, 10/7, 10/14, 10/21, 10/28, 11/4, 11/11, 11/18, 11/25, 12/2",,,Dept of Management
2026-27 Term 1,2420,MGNT,MGNT4010C,8482,Strategic Management 戰略管理,3.00,- Professor ZHANG Muhan,45,45,LEC,C,E,Th 10:30AM - 01:15PM,FYB_UG01,"9/10, 9/17, 9/24",,,Dept of Management
2026-27 Term 1,2420,MGNT,MGNT4010C,8482,Strategic Management 戰略管理,3.00,- Professor ZHANG Muhan,45,45,LEC,C,E,Th 10:30AM - 01:15PM,FYB_UG01,"10/8, 10/15, 10/22, 10/29, 11/5, 11/12, 11/19, 11/26, 12/3",,,Dept of Management
2026-27 Term 1,2420,MGNT,MGNT4010D,7404,Strategic Management 戰略管理,3.00,- Professor YANG Weikun,45,45,LEC,D,E,Tu 02:30PM - 05:15PM,WMY_506,"9/8, 9/15, 9/22, 9/29, 10/6, 10/13, 10/20, 10/27, 11/3, 11/10, 11/17, 11/24, 12/1",,,Dept of Management
2026-27 Term 1,2420,MGNT,MGNT4010E,9339,Strategic Management 戰略管理,3.00,- Professor YANG Weikun,45,19,LEC,E,E,We 02:30PM - 05:15PM,ARC_211,"9/9, 9/16, 9/23, 9/30, 10/7, 10/14, 10/21, 10/28, 11/4, 11/11, 11/18, 11/25, 12/2",,,Dept of Management
2026-27 Term 1,2420,MGNT,MGNT4010F,7422,Strategic Management 戰略管理,3.00,- Professor ZHANG Muhan,45,45,LEC,F,E,Th 02:30PM - 05:15PM,WMY_502,"9/10, 9/17, 9/24",,,Dept of Management
2026-27 Term 1,2420,MGNT,MGNT4010F,7422,Strategic Management 戰略管理,3.00,- Professor ZHANG Muhan,45,45,LEC,F,E,Th 02:30PM - 05:15PM,WMY_502,"10/8, 10/15, 10/22, 10/29, 11/5, 11/12, 11/19, 11/26, 12/3",,,Dept of Management
2026-27 Term 1,2420,MGNT,MGNT4070-,9233,Social InnovEntrepreneurship 社會創新與創業,3.00,- Professor Elsie Tsui,45,45,LEC,-,E,We 10:30AM - 01:15PM,CKB_UG03,"9/9, 9/16, 9/23, 9/30, 10/7, 10/14, 10/21, 10/28, 11/4, 11/11, 11/18, 11/25, 12/2",,,Dept of Management
2026-27 Term 1,2420,MGNT,MGNT4080-,9379,Leadership Development 領導力的開發,3.00,- Dr. IUN Sio Kun Joyce,40,40,LEC,-,E,Mo 10:30AM - 01:15PM,YIA_503,"9/7, 9/14, 9/21, 9/28, 10/5, 10/12",,,Dept of Management
2026-27 Term 1,2420,MGNT,MGNT4080-,9379,Leadership Development 領導力的開發,3.00,- Dr. IUN Sio Kun Joyce,40,40,LEC,-,E,Mo 10:30AM - 01:15PM,YIA_503,"10/26, 11/2, 11/9, 11/16, 11/23, 11/30",,,Dept of Management
2026-27 Term 1,2420,MGNT,MGNT4090A,8279,Technology & Innovation Mgt 科技和創新管理,3.00,- Dr. TONG Toni Maria,30,30,LEC,A,E,Tu 02:30PM - 05:15PM,CYT_209A,"9/8, 9/15, 9/22, 9/29, 10/6, 10/13, 10/20, 10/27, 11/3, 11/10, 11/17, 11/24, 12/1",,,Dept of Management
2026-27 Term 1,2420,MGNT,MGNT4150A,9313,Global Strategy 全球策略,3.00,- Dr. TONG Toni Maria,50,50,LEC,A,E,Th 02:30PM - 05:15PM,WMY_303,"9/10, 9/17, 9/24",,,Dept of Management
2026-27 Term 1,2420,MGNT,MGNT4150A,9313,Global Strategy 全球策略,3.00,- Dr. TONG Toni Maria,50,50,LEC,A,E,Th 02:30PM - 05:15PM,WMY_303,"10/8, 10/15, 10/22, 10/29, 11/5, 11/12, 11/19, 11/26, 12/3",,,Dept of Management
2026-27 Term 1,2420,MGNT,MGNT4170-,8484,Entrepreneurship Launchpad 創業啟動平台,3.00,- Mr. LIU Chun Wai - Professor CHOI Wai Shan,55,55,LEC,-,E,Sa 10:30AM - 01:15PM,WMY_303,"9/12, 9/19",,,Dept of Management
2026-27 Term 1,2420,MGNT,MGNT4170-,8484,Entrepreneurship Launchpad 創業啟動平台,3.00,- Mr. LIU Chun Wai - Professor CHOI Wai Shan,55,55,LEC,-,E,Sa 10:30AM - 01:15PM,WMY_303,"10/3, 10/10, 10/17, 10/24, 10/31, 11/7, 11/14, 11/21, 11/28, 12/5",,,Dept of Management
2026-27 Term 1,2420,MGNT,MGNT4510A,9194,China Business 中國商業,3.00,- Professor WANG Jian,50,40,LEC,A,E,Mo 02:30PM - 05:15PM,ELB_307,"9/7, 9/14, 9/21, 9/28, 10/5, 10/12",,,Dept of Management
2026-27 Term 1,2420,MGNT,MGNT4510A,9194,China Business 中國商業,3.00,- Professor WANG Jian,50,40,LEC,A,E,Mo 02:30PM - 05:15PM,ELB_307,"10/26, 11/2, 11/9, 11/16, 11/23, 11/30",,,Dept of Management
2026-27 Term 1,2420,MGNT,MGNT4540-,9813,Asian Business 亞洲商業,3.00,- Dr. LAI Hon Weng,55,47,LEC,-,E,We 10:30AM - 01:15PM,CYT_201,"9/9, 9/16, 9/23, 9/30, 10/7, 10/14, 10/21, 10/28, 11/4, 11/11, 11/18, 11/25, 12/2",,,Dept of Management
2026-27 Term 1,2420,MGNT,MGNT4570-,8560,Global Entrepreneurship 環球企業家精神,3.00,- Dr. NG Wing Fung,55,55,LEC,-,E,Th 10:30AM - 01:15PM,WMY_303,"9/10, 9/17, 9/24",,,Dept of Management
2026-27 Term 1,2420,MGNT,MGNT4570-,8560,Global Entrepreneurship 環球企業家精神,3.00,- Dr. NG Wing Fung,55,55,LEC,-,E,Th 10:30AM - 01:15PM,WMY_303,"10/8, 10/15, 10/22, 10/29, 11/5, 11/12, 11/19, 11/26, 12/3",,,Dept of Management
2026-27 Term 1,2420,MKTG,MKTG2010A,5552,Marketing Management 市場管理,3.00,- Miss WONG Wan Sze,70,11,LEC,A,E,Mo 12:30PM - 03:15PM,YIA_LT8,"9/7, 9/14, 9/21, 9/28, 10/5, 10/12",,,Dept of Marketing
2026-27 Term 1,2420,MKTG,MKTG2010A,5552,Marketing Management 市場管理,3.00,- Miss WONG Wan Sze,70,11,LEC,A,E,Mo 12:30PM - 03:15PM,YIA_LT8,"10/26, 11/2, 11/9, 11/16, 11/23, 11/30",,,Dept of Marketing
2026-27 Term 1,2420,MKTG,MKTG2010B,7419,Marketing Management 市場管理,3.00,- Miss LIN Ching Man Rosanna June,70,26,LEC,B,E,Tu 09:30AM - 12:15PM,CYT_203,"9/8, 9/15, 9/22, 9/29, 10/6, 10/13, 10/20, 10/27, 11/3, 11/10, 11/17, 11/24, 12/1",,,Dept of Marketing
2026-27 Term 1,2420,MKTG,MKTG2010C,9627,Marketing Management 市場管理,3.00,- Dr. LEUNG Hang Yee,70,11,LEC,C,E,Tu 01:30PM - 04:15PM,CYT_LT4,"9/8, 9/15, 9/22, 9/29, 10/6, 10/13, 10/20, 10/27, 11/3, 11/10, 11/17, 11/24, 12/1",,,Dept of Marketing
2026-27 Term 1,2420,MKTG,MKTG2010D,5553,Marketing Management 市場管理,3.00,- Mr. LUK Ka Chick Edwin,70,35,LEC,D,E,Th 09:30AM - 12:15PM,ELB_405,"9/10, 9/17, 9/24",,,Dept of Marketing
2026-27 Term 1,2420,MKTG,MKTG2010D,5553,Marketing Management 市場管理,3.00,- Mr. LUK Ka Chick Edwin,70,35,LEC,D,E,Th 09:30AM - 12:15PM,ELB_405,"10/8, 10/15, 10/22, 10/29, 11/5, 11/12, 11/19, 11/26, 12/3",,,Dept of Marketing
2026-27 Term 1,2420,MKTG,MKTG2010E,5501,Marketing Management 市場管理,3.00,- Staff,70,32,LEC,E,E,Th 09:30AM - 12:15PM,NAH_114,"9/10, 9/17, 9/24",,,Dept of Marketing
2026-27 Term 1,2420,MKTG,MKTG2010E,5501,Marketing Management 市場管理,3.00,- Staff,70,32,LEC,E,E,Th 09:30AM - 12:15PM,NAH_114,"10/8, 10/15, 10/22, 10/29, 11/5, 11/12, 11/19, 11/26, 12/3",,,Dept of Marketing
2026-27 Term 1,2420,MKTG,MKTG2010F,7349,Marketing Management 市場管理,3.00,- Staff,62,18,LEC,F,E,Th 02:30PM - 05:15PM,NAH_12,"9/10, 9/17, 9/24",,,Dept of Marketing
2026-27 Term 1,2420,MKTG,MKTG2010F,7349,Marketing Management 市場管理,3.00,- Staff,62,18,LEC,F,E,Th 02:30PM - 05:15PM,NAH_12,"10/8, 10/15, 10/22, 10/29, 11/5, 11/12, 11/19, 11/26, 12/3",,,Dept of Marketing
2026-27 Term 1,2420,MKTG,MKTG2010G,9307,Marketing Management 市場管理,3.00,- Dr. LEUNG Hang Yee,70,12,LEC,G,E,Fr 08:30AM - 11:15AM,ELB_405,"9/11, 9/18, 9/25, 10/2, 10/9, 10/16, 10/23, 10/30, 11/6, 11/13, 11/20, 11/27, 12/4",,,Dept of Marketing
2026-27 Term 1,2420,MKTG,MKTG3010A,4791,Marketing Research 市場研究,3.00,- Dr. YANG Hongyan,35,35,LEC,A,E,Tu 02:30PM - 05:15PM,ELB_307,"9/8, 9/15, 9/22, 9/29, 10/6, 10/13, 10/20, 10/27, 11/3, 11/10, 11/17, 11/24, 12/1",,,Dept of Marketing
2026-27 Term 1,2420,MKTG,MKTG3010B,9825,Marketing Research 市場研究,3.00,- Dr. YANG Hongyan,55,55,LEC,B,E,Mo 09:30AM - 12:15PM,HYS_G04,"9/7, 9/14, 9/21, 9/28, 10/5, 10/12",,,Dept of Marketing
2026-27 Term 1,2420,MKTG,MKTG3010B,9825,Marketing Research 市場研究,3.00,- Dr. YANG Hongyan,55,55,LEC,B,E,Mo 09:30AM - 12:15PM,HYS_G04,"10/26, 11/2, 11/9, 11/16, 11/23, 11/30",,,Dept of Marketing
2026-27 Term 1,2420,MKTG,MKTG3020A,9696,Consumer Behaviour 消費者行為,3.00,- Professor YEUNG Wing Man,55,55,LEC,A,E,Tu 09:30AM - 12:15PM,ELB_307,"9/8, 9/15, 9/22, 9/29, 10/6, 10/13, 10/20, 10/27, 11/3, 11/10, 11/17, 11/24, 12/1",,,Dept of Marketing
2026-27 Term 1,2420,MKTG,MKTG3020B,7420,Consumer Behaviour 消費者行為,3.00,- Professor YEUNG Wing Man,45,45,LEC,B,E,Tu 02:30PM - 05:15PM,ELB_302,"9/8, 9/15, 9/22, 9/29, 10/6, 10/13, 10/20, 10/27, 11/3, 11/10, 11/17, 11/24, 12/1",,,Dept of Marketing
2026-27 Term 1,2420,MKTG,MKTG3030B,9808,Integrated Mkt Communication 整合營銷傳播,3.00,- Mr. LUK Ka Chick Edwin,50,50,LEC,B,E,We 02:30PM - 05:15PM,HYS_G04,"9/9, 9/16, 9/23, 9/30, 10/7, 10/14, 10/21, 10/28, 11/4, 11/11, 11/18, 11/25, 12/2",,,Dept of Marketing
2026-27 Term 1,2420,MKTG,MKTG3060-,9433,Big Data Strategy in Marketing 營銷大數據策略,3.00,- Professor LIAO Chenxi,55,55,LEC,-,E,We 02:30PM - 05:15PM,ELB_206,"9/9, 9/16, 9/23, 9/30, 10/7, 10/14, 10/21, 10/28, 11/4, 11/11, 11/18, 11/25, 12/2",,,Dept of Marketing
2026-27 Term 1,2420,MKTG,MKTG4040A,7481,Strategic Marketing 策略市場學,3.00,- Professor SHEN Hao,50,50,LEC,A,E,Th 02:30PM - 05:15PM,WMY_505,"9/10, 9/17, 9/24",,,Dept of Marketing
2026-27 Term 1,2420,MKTG,MKTG4040A,7481,Strategic Marketing 策略市場學,3.00,- Professor SHEN Hao,50,50,LEC,A,E,Th 02:30PM - 05:15PM,WMY_505,"10/8, 10/15, 10/22, 10/29, 11/5, 11/12, 11/19, 11/26, 12/3",,,Dept of Marketing
2026-27 Term 1,2420,MKTG,MKTG4070A,7482,Marketing in China 中國市場營銷,3.00,- Dr. POON Kwok Ho,45,45,LEC,A,E,Tu 09:30AM - 12:15PM,ELB_302,"9/8, 9/15, 9/22, 9/29, 10/6, 10/13, 10/20, 10/27, 11/3, 11/10, 11/17, 11/24, 12/1",,,Dept of Marketing
2026-27 Term 1,2420,MKTG,MKTG4080A,4892,Digital Marketing 數碼營銷,3.00,- Dr. CISTERNAS VERA Francisco Orlando,45,45,LEC,A,E,Tu 09:30AM - 12:15PM,UCC_C2,"9/8, 9/15, 9/22, 9/29, 10/6, 10/13, 10/20, 10/27, 11/3, 11/10, 11/17, 11/24, 12/1",,,Dept of Marketing
2026-27 Term 1,2420,MKTG,MKTG4110-,4792,Strategic Brand Management 策略品牌管理,3.00,- Staff,55,55,LEC,-,E,Mo 02:30PM - 05:15PM,ELB_403,"9/7, 9/14, 9/21, 9/28, 10/5, 10/12",,,Dept of Marketing
2026-27 Term 1,2420,MKTG,MKTG4110-,4792,Strategic Brand Management 策略品牌管理,3.00,- Staff,55,55,LEC,-,E,Mo 02:30PM - 05:15PM,ELB_403,"10/26, 11/2, 11/9, 11/16, 11/23, 11/30",,,Dept of Marketing
2026-27 Term 1,2420,MKTG,MKTG4150-,4793,New Product Management 新產品管理,3.00,- Mr. LUK Ka Chick Edwin,45,45,LEC,-,E,We 09:30AM - 12:15PM,ELB_302,"9/9, 9/16, 9/23, 9/30, 10/7, 10/14, 10/21, 10/28, 11/4, 11/11, 11/18, 11/25, 12/2",,,Dept of Marketing
2026-27 Term 1,2420,MUSC,MUSC1000-,5479,The Study of Music 音樂研究,3.00,- Professor Adam Joseph KIELMAN,72,72,LEC,-,E,Mo 11:30AM - 02:15PM,SB_UG06,"9/7, 9/14, 9/21, 9/28, 10/5, 10/12",,,Dept of Music
2026-27 Term 1,2420,MUSC,MUSC1000-,5479,The Study of Music 音樂研究,3.00,- Professor Adam Joseph KIELMAN,72,72,LEC,-,E,Mo 11:30AM - 02:15PM,SB_UG06,"10/26, 11/2, 11/9, 11/16, 11/23, 11/30",,,Dept of Music
2026-27 Term 1,2420,MUSC,MUSC1001-,8863,Choral Singing I 合唱訓練一,1.00,- Staff,40,40,PRA,-P01,C#E,Th 04:30PM - 06:15PM,LHCH,"9/10, 9/17, 9/24",,,Dept of Music
2026-27 Term 1,2420,MUSC,MUSC1001-,8863,Choral Singing I 合唱訓練一,1.00,- Staff,40,40,PRA,-P01,C#E,Th 04:30PM - 06:15PM,LHCH,"10/8, 10/15, 10/22, 10/29, 11/5, 11/12, 11/19, 11/26, 12/3",,,Dept of Music
2026-27 Term 1,2420,MUSC,MUSC1011-,6336,Applied Music (Minor I) 音樂術科(副修一),1.00,- Staff,40,40,LEC,-,C&E,TBA,NRR,07/09/2026 - 30/11/2026,Yes,Yes,Dept of Music
2026-27 Term 1,2420,MUSC,MUSC1012-,6450,Applied Music (Major IX) 音樂術科(主修九),2.00,- Staff,40,40,LEC,-,C&E,TBA,NRR,07/09/2026 - 30/11/2026,Yes,Yes,Dept of Music
2026-27 Term 1,2420,MUSC,MUSC1013-,7886,African Drumming I 非洲擊鼓樂實習一,1.00,- Mr LEUNG Wai Wa Raymond,15,15,LEC,-,C&E,Mo 10:30AM - 11:15AM,HYS_LG01,"9/7, 9/14, 9/21, 9/28, 10/5, 10/12",Yes,Yes,Dept of Music
2026-27 Term 1,2420,MUSC,MUSC1013-,7886,African Drumming I 非洲擊鼓樂實習一,1.00,- Mr LEUNG Wai Wa Raymond,15,15,LEC,-,C&E,Mo 10:30AM - 11:15AM,HYS_LG01,"10/26, 11/2, 11/9, 11/16, 11/23, 11/30",Yes,Yes,Dept of Music
2026-27 Term 1,2420,MUSC,MUSC1014-,9868,Chamber Music Ensemble I 室內樂一,1.00,- Staff,40,40,PRA,-P01,C&E,TBA,TBA,07/09/2026 - 30/11/2026,Yes,Yes,Dept of Music
2026-27 Term 1,2420,MUSC,MUSC1017-,8298,Javanese Gamelan Ensemble I 印尼爪哇甘美朗理論與實技一,1.00,- Professor Deborah Jane WAUGH,15,15,LEC,-,E,Tu 02:30PM - 04:15PM,HYS_LG02,"9/8, 9/15, 9/22, 9/29, 10/6, 10/13, 10/20, 10/27, 11/3, 11/10, 11/17, 11/24, 12/1",Yes,Yes,Dept of Music
2026-27 Term 1,2420,MUSC,MUSC1031-,9077,Orchestral Training I 管弦樂合奏一,1.00,- Miss IP Wing Wun,30,30,PRA,-P01,C#E,Mo 07:30PM - 09:30PM,LHCH,"9/7, 9/14, 9/21, 9/28, 10/5, 10/12",,,Dept of Music
2026-27 Term 1,2420,MUSC,MUSC1031-,9077,Orchestral Training I 管弦樂合奏一,1.00,- Miss IP Wing Wun,30,30,PRA,-P01,C#E,Mo 07:30PM - 09:30PM,LHCH,"10/26, 11/2, 11/9, 11/16, 11/23, 11/30",,,Dept of Music
2026-27 Term 1,2420,MUSC,MUSC1041-,9070,Wind Orchestra I 管樂團一,1.00,- Mr. LEUNG Chun Yin Marco,30,30,PRA,-P01,C#E,We 07:00PM - 09:30PM,LHCH,"9/9, 9/16, 9/23, 9/30, 10/7, 10/14, 10/21, 10/28, 11/4, 11/11, 11/18, 11/25, 12/2",,,Dept of Music
2026-27 Term 1,2420,MUSC,MUSC1051-,6447,Applied Music (Major I) 音樂術科（主修一）,1.00,- Staff,40,40,LEC,-,C&E,TBA,NRR,07/09/2026 - 30/11/2026,Yes,Yes,Dept of Music
2026-27 Term 1,2420,MUSC,MUSC1212-,8695,Fundamentals of Tonal Music I 基本調性音樂一,2.00,- Dr. POON Kiu Tung,40,40,LEC,-,C&E,Tu 02:30PM - 04:15PM,HYS_LG04,"9/8, 9/15, 9/22, 9/29, 10/6, 10/13, 10/20, 10/27, 11/3, 11/10, 11/17, 11/24, 12/1",,,Dept of Music
2026-27 Term 1,2420,MUSC,MUSC2001-,9078,Choral Singing III 合唱訓練三,1.00,- Staff,40,40,PRA,-P01,C#E,Th 04:30PM - 06:15PM,LHCH,"9/10, 9/17, 9/24",,,Dept of Music
2026-27 Term 1,2420,MUSC,MUSC2001-,9078,Choral Singing III 合唱訓練三,1.00,- Staff,40,40,PRA,-P01,C#E,Th 04:30PM - 06:15PM,LHCH,"10/8, 10/15, 10/22, 10/29, 11/5, 11/12, 11/19, 11/26, 12/3",,,Dept of Music
2026-27 Term 1,2420,MUSC,MUSC2011-,7848,Applied Music (Minor III) 音樂術科(副修三),1.00,- Staff,40,40,LEC,-,C&E,TBA,NRR,07/09/2026 - 30/11/2026,Yes,Yes,Dept of Music
2026-27 Term 1,2420,MUSC,MUSC2012-,6469,Applied Music (Major XI) 音樂術科(主修十一),2.00,- Staff,40,40,LEC,-,C&E,TBA,NRR,07/09/2026 - 30/11/2026,Yes,Yes,Dept of Music
2026-27 Term 1,2420,MUSC,MUSC2013-,6448,African Drumming III 非洲擊鼓樂實習三,1.00,- Mr LEUNG Wai Wa Raymond,15,15,LEC,-,C&E,Mo 10:30AM - 11:15AM,HYS_LG01,"9/7, 9/14, 9/21, 9/28, 10/5, 10/12",Yes,Yes,Dept of Music
2026-27 Term 1,2420,MUSC,MUSC2013-,6448,African Drumming III 非洲擊鼓樂實習三,1.00,- Mr LEUNG Wai Wa Raymond,15,15,LEC,-,C&E,Mo 10:30AM - 11:15AM,HYS_LG01,"10/26, 11/2, 11/9, 11/16, 11/23, 11/30",Yes,Yes,Dept of Music
2026-27 Term 1,2420,MUSC,MUSC2014-,9869,Chamber Music Ensemble III 室內樂三,1.00,- Staff,40,40,PRA,-P01,C&E,TBA,TBA,07/09/2026 - 30/11/2026,Yes,Yes,Dept of Music
2026-27 Term 1,2420,MUSC,MUSC2017-,8299,Javanese Gamelan Ensemble III 印尼爪哇甘美朗理論與實技三,1.00,- Professor Deborah Jane WAUGH,15,15,LEC,-,E,Tu 02:30PM - 04:15PM,HYS_LG02,"9/8, 9/15, 9/22, 9/29, 10/6, 10/13, 10/20, 10/27, 11/3, 11/10, 11/17, 11/24, 12/1",Yes,Yes,Dept of Music
2026-27 Term 1,2420,MUSC,MUSC2031-,9079,Orchestral Training III 管弦樂合奏三,1.00,- Miss IP Wing Wun,30,30,PRA,-P01,C#E,Mo 07:30PM - 09:30PM,LHCH,"9/7, 9/14, 9/21, 9/28, 10/5, 10/12",,,Dept of Music
2026-27 Term 1,2420,MUSC,MUSC2031-,9079,Orchestral Training III 管弦樂合奏三,1.00,- Miss IP Wing Wun,30,30,PRA,-P01,C#E,Mo 07:30PM - 09:30PM,LHCH,"10/26, 11/2, 11/9, 11/16, 11/23, 11/30",,,Dept of Music
2026-27 Term 1,2420,MUSC,MUSC2041-,8652,Wind Orchestra III 管樂團三,1.00,- Mr. LEUNG Chun Yin Marco,30,30,PRA,-P01,C#E,We 07:00PM - 09:30PM,LHCH,"9/9, 9/16, 9/23, 9/30, 10/7, 10/14, 10/21, 10/28, 11/4, 11/11, 11/18, 11/25, 12/2",,,Dept of Music
2026-27 Term 1,2420,MUSC,MUSC2051-,8044,Applied Music (Major III) 音樂術科（主修三）,1.00,- Staff,40,40,LEC,-,C&E,TBA,NRR,07/09/2026 - 30/11/2026,Yes,Yes,Dept of Music
2026-27 Term 1,2420,MUSC,MUSC2252-,8924,MaterialsStructures of Music 音樂素材與結構,2.00,- Dr. WONG Chun Wai,40,40,LEC,-,C&E,Mo 02:30PM - 04:15PM,HYS_LG04,"9/7, 9/14, 9/21, 9/28, 10/5, 10/12",,,Dept of Music
2026-27 Term 1,2420,MUSC,MUSC2252-,8924,MaterialsStructures of Music 音樂素材與結構,2.00,- Dr. WONG Chun Wai,40,40,LEC,-,C&E,Mo 02:30PM - 04:15PM,HYS_LG04,"10/26, 11/2, 11/9, 11/16, 11/23, 11/30",,,Dept of Music
2026-27 Term 1,2420,MUSC,MUSC2562-,8894,Foundations of Chinese Music 中國音樂基礎,2.00,- Professor CHIU Wai Yee Lulu,40,40,LEC,-,C,Th 12:30PM - 02:15PM,HYS_LG04,"9/10, 9/17, 9/24",,,Dept of Music
2026-27 Term 1,2420,MUSC,MUSC2562-,8894,Foundations of Chinese Music 中國音樂基礎,2.00,- Professor CHIU Wai Yee Lulu,40,40,LEC,-,C,Th 12:30PM - 02:15PM,HYS_LG04,"10/8, 10/15, 10/22, 10/29, 11/5, 11/12, 11/19, 11/26, 12/3",,,Dept of Music
2026-27 Term 1,2420,MUSC,MUSC2872-,8925,History of Western Music I 西洋音樂史一,2.00,- Professor WONG Hei Yin,40,40,LEC,-,C&E,We 11:30AM - 01:15PM,HYS_LG04,"9/9, 9/16, 9/23, 9/30, 10/7, 10/14, 10/21, 10/28, 11/4, 11/11, 11/18, 11/25, 12/2",,,Dept of Music
2026-27 Term 1,2420,MUSC,MUSC2913-,8073,Selected Study I 專題研讀一,3.00,- Staff,5,5,LEC,-,C&E,TBA,NRR,07/09/2026 - 30/11/2026,Yes,Yes,Dept of Music
2026-27 Term 1,2420,MUSC,MUSC3001-,9080,Choral Singing V 合唱訓練五,1.00,- Staff,30,30,PRA,-P01,C#E,Th 04:30PM - 06:15PM,LHCH,"9/10, 9/17, 9/24",,,Dept of Music
2026-27 Term 1,2420,MUSC,MUSC3001-,9080,Choral Singing V 合唱訓練五,1.00,- Staff,30,30,PRA,-P01,C#E,Th 04:30PM - 06:15PM,LHCH,"10/8, 10/15, 10/22, 10/29, 11/5, 11/12, 11/19, 11/26, 12/3",,,Dept of Music
2026-27 Term 1,2420,MUSC,MUSC3011-,7846,Applied Music (Minor V) 音樂術科(副修五),1.00,- Staff,40,40,LEC,-,C&E,TBA,NRR,07/09/2026 - 30/11/2026,Yes,Yes,Dept of Music
2026-27 Term 1,2420,MUSC,MUSC3012-,7847,Applied Music (Major XIII) 音樂術科(主修十三),2.00,- Staff,40,30,LEC,-,C&E,TBA,NRR,07/09/2026 - 30/11/2026,Yes,Yes,Dept of Music
2026-27 Term 1,2420,MUSC,MUSC3013-,6118,African Drumming V 非洲擊鼓樂實習五,1.00,- Mr LEUNG Wai Wa Raymond,15,15,LEC,-,C&E,Mo 10:30AM - 11:15AM,HYS_LG01,"9/7, 9/14, 9/21, 9/28, 10/5, 10/12",Yes,Yes,Dept of Music
2026-27 Term 1,2420,MUSC,MUSC3013-,6118,African Drumming V 非洲擊鼓樂實習五,1.00,- Mr LEUNG Wai Wa Raymond,15,15,LEC,-,C&E,Mo 10:30AM - 11:15AM,HYS_LG01,"10/26, 11/2, 11/9, 11/16, 11/23, 11/30",Yes,Yes,Dept of Music
2026-27 Term 1,2420,MUSC,MUSC3014-,9870,Chamber Music Ensemble V 室內樂五,1.00,- Staff,40,40,PRA,-P01,C&E,TBA,TBA,07/09/2026 - 30/11/2026,Yes,Yes,Dept of Music
2026-27 Term 1,2420,MUSC,MUSC3017-,8300,Javanese Gamelan Ensemble V 印尼爪哇甘美朗理論與實技五,1.00,- Professor Deborah Jane WAUGH,15,15,LEC,-,E,Tu 02:30PM - 04:15PM,HYS_LG02,"9/8, 9/15, 9/22, 9/29, 10/6, 10/13, 10/20, 10/27, 11/3, 11/10, 11/17, 11/24, 12/1",Yes,Yes,Dept of Music
2026-27 Term 1,2420,MUSC,MUSC3031-,8860,Orchestral Training V 管弦樂合奏五,1.00,- Miss IP Wing Wun,30,30,PRA,-P01,C#E,Mo 07:30PM - 09:30PM,LHCH,"9/7, 9/14, 9/21, 9/28, 10/5, 10/12",,,Dept of Music
2026-27 Term 1,2420,MUSC,MUSC3031-,8860,Orchestral Training V 管弦樂合奏五,1.00,- Miss IP Wing Wun,30,30,PRA,-P01,C#E,Mo 07:30PM - 09:30PM,LHCH,"10/26, 11/2, 11/9, 11/16, 11/23, 11/30",,,Dept of Music
2026-27 Term 1,2420,MUSC,MUSC3041-,9081,Wind Orchestra V 管樂團五,1.00,- Mr. LEUNG Chun Yin Marco,30,30,PRA,-P01,C#E,We 07:00PM - 09:30PM,LHCH,"9/9, 9/16, 9/23, 9/30, 10/7, 10/14, 10/21, 10/28, 11/4, 11/11, 11/18, 11/25, 12/2",,,Dept of Music
2026-27 Term 1,2420,MUSC,MUSC3051-,6168,Applied Music (Major V) 音樂術科(主修五),1.00,- Staff,40,40,LEC,-,C&E,TBA,NRR,07/09/2026 - 30/11/2026,Yes,Yes,Dept of Music
2026-27 Term 1,2420,MUSC,MUSC3213-,8712,His of Western Music:Sp Top I 西洋音樂史專題一,2.00,- Professor CHOW Man Ying,15,15,LEC,-,C&E,Tu 12:30PM - 02:15PM,HYS_101,"9/8, 9/15, 9/22, 9/29, 10/6, 10/13, 10/20, 10/27, 11/3, 11/10, 11/17, 11/24, 12/1",,,Dept of Music
2026-27 Term 1,2420,MUSC,MUSC3223-,8976,His of Western Music:Sp Top II 西洋音樂史專題二,2.00,- Professor LIAO Yvonne,15,15,LEC,-,C&E,We 01:30PM - 03:15PM,HYS_304,"9/9, 9/16, 9/23, 9/30, 10/7, 10/14, 10/21, 10/28, 11/4, 11/11, 11/18, 11/25, 12/2",,,Dept of Music
2026-27 Term 1,2420,MUSC,MUSC3323-,7267,Counterpoint (Tonal & Modern) 對位法（調性及現代）,2.00,- Professor LEE Wan Ki Wendy,15,15,LEC,-,C&E,Mo 09:30AM - 11:15AM,HYS_101,"9/7, 9/14, 9/21, 9/28, 10/5, 10/12",,,Dept of Music
2026-27 Term 1,2420,MUSC,MUSC3323-,7267,Counterpoint (Tonal & Modern) 對位法（調性及現代）,2.00,- Professor LEE Wan Ki Wendy,15,15,LEC,-,C&E,Mo 09:30AM - 11:15AM,HYS_101,"10/26, 11/2, 11/9, 11/16, 11/23, 11/30",,,Dept of Music
2026-27 Term 1,2420,MUSC,MUSC3343-,6545,Composition I 作曲一,3.00,- Dr. WONG Chun Wai,10,10,LEC,-,C&E,Th 10:30AM - 12:15PM,HYS_101,"9/10, 9/17, 9/24",Yes,Yes,Dept of Music
2026-27 Term 1,2420,MUSC,MUSC3343-,6545,Composition I 作曲一,3.00,- Dr. WONG Chun Wai,10,10,LEC,-,C&E,Th 10:30AM - 12:15PM,HYS_101,"10/8, 10/15, 10/22, 10/29, 11/5, 11/12, 11/19, 11/26, 12/3",Yes,Yes,Dept of Music
2026-27 Term 1,2420,MUSC,MUSC3343-,6545,Composition I 作曲一,3.00,- Dr. WONG Chun Wai,10,10,LEC,-,C&E,TBA,NRR,07/09/2026 - 30/11/2026,Yes,Yes,Dept of Music
2026-27 Term 1,2420,MUSC,MUSC3363-,6236,Composition III 作曲三,3.00,- Professor LEE Wan Ki Wendy,10,10,LEC,-,C&E,Tu 10:30AM - 12:15PM,HYS_304,"9/8, 9/15, 9/22, 9/29, 10/6, 10/13, 10/20, 10/27, 11/3, 11/10, 11/17, 11/24, 12/1",,,Dept of Music
2026-27 Term 1,2420,MUSC,MUSC3363-,6236,Composition III 作曲三,3.00,- Professor LEE Wan Ki Wendy,10,10,LEC,-,C&E,TBA,NRR,07/09/2026 - 30/11/2026,,,Dept of Music
2026-27 Term 1,2420,MUSC,MUSC3530-,8858,Music Performer’s Issues 演奏者面對的問題,2.00,- Dr. POON Kiu Tung,20,20,LEC,-,C&E,Mo 04:30PM - 06:15PM,HYS_101,"9/7, 9/14, 9/21, 9/28, 10/5, 10/12",,,Dept of Music
2026-27 Term 1,2420,MUSC,MUSC3530-,8858,Music Performer’s Issues 演奏者面對的問題,2.00,- Dr. POON Kiu Tung,20,20,LEC,-,C&E,Mo 04:30PM - 06:15PM,HYS_101,"10/26, 11/2, 11/9, 11/16, 11/23, 11/30",,,Dept of Music
2026-27 Term 1,2420,MUSC,MUSC3923A,10109,Selected Study II 專題研讀二,3.00,- Professor CHOW Man Ying,1,1,LEC,A,C&E,TBA,NRR,07/09/2026 - 30/11/2026,Yes,Yes,Dept of Music
2026-27 Term 1,2420,MUSC,MUSC3923B,10110,Selected Study II 專題研讀二,3.00,- Professor LEE Wan Ki Wendy,1,1,LEC,B,C&E,TBA,NRR,07/09/2026 - 30/11/2026,Yes,Yes,Dept of Music
2026-27 Term 1,2420,MUSC,MUSC3933-,8074,Selected Study III 專題研讀三,3.00,- Staff,5,5,LEC,-,C&E,TBA,NRR,07/09/2026 - 30/11/2026,Yes,Yes,Dept of Music
2026-27 Term 1,2420,MUSC,MUSC4000-,6177,Senior Recital Preparation 畢業音樂會預備,3.00,- Staff,20,8,LEC,-,C&E,TBA,NRR,07/09/2026 - 30/11/2026,Yes,Yes,Dept of Music
2026-27 Term 1,2420,MUSC,MUSC4001-,9082,Choral Singing VII 合唱訓練七,1.00,- Staff,30,30,PRA,-P01,C#E,Th 04:30PM - 06:15PM,LHCH,"9/10, 9/17, 9/24",,,Dept of Music
2026-27 Term 1,2420,MUSC,MUSC4001-,9082,Choral Singing VII 合唱訓練七,1.00,- Staff,30,30,PRA,-P01,C#E,Th 04:30PM - 06:15PM,LHCH,"10/8, 10/15, 10/22, 10/29, 11/5, 11/12, 11/19, 11/26, 12/3",,,Dept of Music
2026-27 Term 1,2420,MUSC,MUSC4011-,6163,Applied Music (Minor VII) 音樂術科(副修七),1.00,- Staff,30,30,LEC,-,C&E,TBA,NRR,07/09/2026 - 30/11/2026,Yes,Yes,Dept of Music
2026-27 Term 1,2420,MUSC,MUSC4013-,6376,African Drumming VII 非洲擊鼓樂實習七,1.00,- Mr LEUNG Wai Wa Raymond,15,15,LEC,-,C&E,Mo 10:30AM - 11:15AM,HYS_LG01,"9/7, 9/14, 9/21, 9/28, 10/5, 10/12",Yes,Yes,Dept of Music
2026-27 Term 1,2420,MUSC,MUSC4013-,6376,African Drumming VII 非洲擊鼓樂實習七,1.00,- Mr LEUNG Wai Wa Raymond,15,15,LEC,-,C&E,Mo 10:30AM - 11:15AM,HYS_LG01,"10/26, 11/2, 11/9, 11/16, 11/23, 11/30",Yes,Yes,Dept of Music
2026-27 Term 1,2420,MUSC,MUSC4014-,9871,Chamber Music Ensemble VII 室內樂七,1.00,- Staff,40,40,PRA,-P01,C&E,TBA,TBA,07/09/2026 - 30/11/2026,Yes,Yes,Dept of Music
2026-27 Term 1,2420,MUSC,MUSC4017-,8301,Javanese Gamelan Ensemble VII 印尼爪哇甘美朗理論與實技七,1.00,- Professor Deborah Jane WAUGH,15,15,LEC,-,E,Tu 02:30PM - 04:15PM,HYS_LG02,"9/8, 9/15, 9/22, 9/29, 10/6, 10/13, 10/20, 10/27, 11/3, 11/10, 11/17, 11/24, 12/1",Yes,Yes,Dept of Music
2026-27 Term 1,2420,MUSC,MUSC4031-,9083,Orchestral Training VII 管弦樂合奏七,1.00,- Miss IP Wing Wun,30,30,PRA,-P01,C#E,Mo 07:30PM - 09:30PM,LHCH,"9/7, 9/14, 9/21, 9/28, 10/5, 10/12",,,Dept of Music
2026-27 Term 1,2420,MUSC,MUSC4031-,9083,Orchestral Training VII 管弦樂合奏七,1.00,- Miss IP Wing Wun,30,30,PRA,-P01,C#E,Mo 07:30PM - 09:30PM,LHCH,"10/26, 11/2, 11/9, 11/16, 11/23, 11/30",,,Dept of Music
2026-27 Term 1,2420,MUSC,MUSC4041-,9084,Wind Orchestra VII 管樂團七,1.00,- Mr. LEUNG Chun Yin Marco,30,30,PRA,-P01,C#E,We 07:00PM - 09:30PM,LHCH,"9/9, 9/16, 9/23, 9/30, 10/7, 10/14, 10/21, 10/28, 11/4, 11/11, 11/18, 11/25, 12/2",,,Dept of Music
2026-27 Term 1,2420,MUSC,MUSC4051-,6169,Applied Music (Major VII) 音樂術科(主修七),1.00,- Staff,40,40,LEC,-,C&E,TBA,NRR,07/09/2026 - 30/11/2026,Yes,Yes,Dept of Music
2026-27 Term 1,2420,MUSC,MUSC4513A,6178,Senior Pedagogy Project I 畢業教學專題研究一,3.00,- Miss IP Wing Wun,1,1,LEC,A,C&E,TBA,NRR,07/09/2026 - 30/11/2026,Yes,Yes,Dept of Music
2026-27 Term 1,2420,MUSC,MUSC4513B,6337,Senior Pedagogy Project I 畢業教學專題研究一,3.00,- Professor CHOW Man Ying,1,1,LEC,B,C&E,TBA,NRR,07/09/2026 - 30/11/2026,Yes,Yes,Dept of Music
2026-27 Term 1,2420,MUSC,MUSC4513C,6338,Senior Pedagogy Project I 畢業教學專題研究一,3.00,- Dr. POON Kiu Tung,2,2,LEC,C,C&E,TBA,NRR,07/09/2026 - 30/11/2026,Yes,Yes,Dept of Music
2026-27 Term 1,2420,MUSC,MUSC4513D,6339,Senior Pedagogy Project I 畢業教學專題研究一,3.00,- Professor LI Ka Chi,1,1,LEC,D,C&E,TBA,NRR,07/09/2026 - 30/11/2026,Yes,Yes,Dept of Music
2026-27 Term 1,2420,MUSC,MUSC4513E,6340,Senior Pedagogy Project I 畢業教學專題研究一,3.00,- Professor LEE Wan Ki Wendy,1,1,LEC,E,C&E,TBA,NRR,07/09/2026 - 30/11/2026,Yes,Yes,Dept of Music
2026-27 Term 1,2420,MUSC,MUSC4513F,8077,Senior Pedagogy Project I 畢業教學專題研究一,3.00,- Professor LIAO Yvonne,1,1,LEC,F,C&E,TBA,NRR,07/09/2026 - 30/11/2026,Yes,Yes,Dept of Music
2026-27 Term 1,2420,MUSC,MUSC4523-,8608,Senior Pedagogy Project II 畢業教學專題研究二,3.00,- Professor LI Ka Chi,1,1,LEC,-,C&E,TBA,NRR,07/09/2026 - 30/11/2026,Yes,Yes,Dept of Music
2026-27 Term 1,2420,MUSC,MUSC4813A,8045,Senior Thesis I 畢業論文一,3.00,- Professor LIAO Yvonne,3,3,LEC,A,C&E,TBA,NRR,07/09/2026 - 30/11/2026,Yes,Yes,Dept of Music
2026-27 Term 1,2420,MUSC,MUSC4813B,8024,Senior Thesis I 畢業論文一,3.00,- Staff,1,1,LEC,B,C&E,TBA,NRR,07/09/2026 - 30/11/2026,Yes,Yes,Dept of Music
2026-27 Term 1,2420,MUSC,MUSC4813C,10111,Senior Thesis I 畢業論文一,3.00,- Professor Adam Joseph KIELMAN,1,1,LEC,C,E,TBA,NRR,07/09/2026 - 30/11/2026,Yes,Yes,Dept of Music
2026-27 Term 1,2420,MUSC,MUSC4813D,10112,Senior Thesis I 畢業論文一,3.00,- Staff,1,1,LEC,D,C&E,TBA,NRR,07/09/2026 - 30/11/2026,Yes,Yes,Dept of Music
2026-27 Term 1,2420,MUSC,MUSC4943-,6049,Selected Study IV 專題研讀四,3.00,- Staff,5,5,LEC,-,C&E,TBA,NRR,07/09/2026 - 30/11/2026,Yes,Yes,Dept of Music
2026-27 Term 1,2420,PHIL,PHIL1110-,7598,Introduction to Philosophy 哲學概論,3.00,- Professor LAU Chong Fuk,60,58,LEC,-,C&E,Tu 02:30PM - 04:15PM,WMY_406,"9/8, 9/15, 9/22, 9/29, 10/6, 10/13, 10/20, 10/27, 11/3, 11/10, 11/17, 11/24, 12/1",,Yes,Dept of Philosophy
2026-27 Term 1,2420,PHIL,PHIL1110-,7598,Introduction to Philosophy 哲學概論,3.00,- Professor LAU Chong Fuk,60,58,TUT,-T01,C&E,Tu 04:30PM - 05:15PM,WMY_406,"9/8, 9/15, 9/22, 9/29, 10/6, 10/13, 10/20, 10/27, 11/3, 11/10, 11/17, 11/24, 12/1",,Yes,Dept of Philosophy
2026-27 Term 1,2420,PHIL,PHIL1310-,7425,Logic 邏輯,3.00,- Dr. KOU Kei Chun,60,58,LEC,-,C&E,Mo 02:30PM - 04:15PM,WMY_301,"9/7, 9/14, 9/21, 9/28, 10/5, 10/12",,Yes,Dept of Philosophy
2026-27 Term 1,2420,PHIL,PHIL1310-,7425,Logic 邏輯,3.00,- Dr. KOU Kei Chun,60,58,LEC,-,C&E,Mo 02:30PM - 04:15PM,WMY_301,"10/26, 11/2, 11/9, 11/16, 11/23, 11/30",,Yes,Dept of Philosophy
2026-27 Term 1,2420,PHIL,PHIL1310-,7425,Logic 邏輯,3.00,- Dr. KOU Kei Chun,60,58,TUT,-T01,C&E,TBA,NRR,07/09/2026 - 30/11/2026,,Yes,Dept of Philosophy
2026-27 Term 1,2420,PHIL,PHIL2020-,8561,History of Chin Philosophy I 中國哲學史（一）,3.00,- Professor ZHENG Zemian,60,35,LEC,-,P,We 03:30PM - 05:15PM,WMY_303,"9/9, 9/16, 9/23, 9/30, 10/7, 10/14, 10/21, 10/28, 11/4, 11/11, 11/18, 11/25, 12/2",,Yes,Dept of Philosophy
2026-27 Term 1,2420,PHIL,PHIL2020-,8561,History of Chin Philosophy I 中國哲學史（一）,3.00,- Professor ZHENG Zemian,60,35,TUT,-T01,P,We 05:30PM - 06:15PM,WMY_303,"9/9, 9/16, 9/23, 9/30, 10/7, 10/14, 10/21, 10/28, 11/4, 11/11, 11/18, 11/25, 12/2",,Yes,Dept of Philosophy
2026-27 Term 1,2420,PHIL,PHIL2040-,8373,History of West Philosophy I 西方哲學史（一）,3.00,- Professor LEUNG Ka Wing,60,35,LEC,-,C&E,Th 10:30AM - 12:15PM,LSK_304,"9/10, 9/17, 9/24",,Yes,Dept of Philosophy
2026-27 Term 1,2420,PHIL,PHIL2040-,8373,History of West Philosophy I 西方哲學史（一）,3.00,- Professor LEUNG Ka Wing,60,35,LEC,-,C&E,Th 10:30AM - 12:15PM,LSK_304,"10/8, 10/15, 10/22, 10/29, 11/5, 11/12, 11/19, 11/26, 12/3",,Yes,Dept of Philosophy
2026-27 Term 1,2420,PHIL,PHIL2040-,8373,History of West Philosophy I 西方哲學史（一）,3.00,- Professor LEUNG Ka Wing,60,35,TUT,-T01,C&E,Th 12:30PM - 01:15PM,LSK_304,"9/10, 9/17, 9/24",,Yes,Dept of Philosophy
2026-27 Term 1,2420,PHIL,PHIL2040-,8373,History of West Philosophy I 西方哲學史（一）,3.00,- Professor LEUNG Ka Wing,60,35,TUT,-T01,C&E,Th 12:30PM - 01:15PM,LSK_304,"10/8, 10/15, 10/22, 10/29, 11/5, 11/12, 11/19, 11/26, 12/3",,Yes,Dept of Philosophy
2026-27 Term 1,2420,PHIL,PHIL2302-,4956,Guid Stud in West Phi Classics 西方哲學原典導讀,3.00,- Dr. WONG Yiu Hong,40,40,LEC,-,C&E,We 09:30AM - 11:15AM,ERB_408,"9/9, 9/16, 9/23, 9/30, 10/7, 10/14, 10/21, 10/28, 11/4, 11/11, 11/18, 11/25, 12/2",,,Dept of Philosophy
2026-27 Term 1,2420,PHIL,PHIL2302-,4956,Guid Stud in West Phi Classics 西方哲學原典導讀,3.00,- Dr. WONG Yiu Hong,40,40,TUT,-T01,C&E,We 11:30AM - 12:15PM,ERB_408,"9/9, 9/16, 9/23, 9/30, 10/7, 10/14, 10/21, 10/28, 11/4, 11/11, 11/18, 11/25, 12/2",,,Dept of Philosophy
2026-27 Term 1,2420,PHIL,PHIL3000-,9749,Ethics 倫理學,3.00,- Professor Nicholas K RIMELL,50,50,LEC,-,E,Th 01:30PM - 03:15PM,NAH_213,"9/10, 9/17, 9/24",,,Dept of Philosophy
2026-27 Term 1,2420,PHIL,PHIL3000-,9749,Ethics 倫理學,3.00,- Professor Nicholas K RIMELL,50,50,LEC,-,E,Th 01:30PM - 03:15PM,NAH_213,"10/8, 10/15, 10/22, 10/29, 11/5, 11/12, 11/19, 11/26, 12/3",,,Dept of Philosophy
2026-27 Term 1,2420,PHIL,PHIL3000-,9749,Ethics 倫理學,3.00,- Professor Nicholas K RIMELL,50,50,TUT,-T01,E,TBA,TBA,07/09/2026 - 30/11/2026,,,Dept of Philosophy
2026-27 Term 1,2420,PHIL,PHIL3211-,5214,Indian Buddhist Philosophy 印度佛家哲學,3.00,- Professor YAO Zhihua,40,40,LEC,-,P&E,Fr 09:30AM - 11:15AM,CKB_706C,"9/11, 9/18, 9/25, 10/2, 10/9, 10/16, 10/23, 10/30, 11/6, 11/13, 11/20, 11/27, 12/4",,,Dept of Philosophy
2026-27 Term 1,2420,PHIL,PHIL3211-,5214,Indian Buddhist Philosophy 印度佛家哲學,3.00,- Professor YAO Zhihua,40,40,TUT,-T01,P&E,Mo 09:30AM - 10:15AM,MMW_705,"9/7, 9/14, 9/21, 9/28, 10/5, 10/12",,,Dept of Philosophy
2026-27 Term 1,2420,PHIL,PHIL3211-,5214,Indian Buddhist Philosophy 印度佛家哲學,3.00,- Professor YAO Zhihua,40,40,TUT,-T01,P&E,Mo 09:30AM - 10:15AM,MMW_705,"10/26, 11/2, 11/9, 11/16, 11/23, 11/30",,,Dept of Philosophy
2026-27 Term 1,2420,PHIL,PHIL3383-,5193,Philosophy of Death 死亡哲學,3.00,- Dr. KWOK Pak Nin,40,40,LEC,-,C&E,Th 03:30PM - 05:15PM,LSK_206,"9/10, 9/17, 9/24",,,Dept of Philosophy
2026-27 Term 1,2420,PHIL,PHIL3383-,5193,Philosophy of Death 死亡哲學,3.00,- Dr. KWOK Pak Nin,40,40,LEC,-,C&E,Th 03:30PM - 05:15PM,LSK_206,"10/8, 10/15, 10/22, 10/29, 11/5, 11/12, 11/19, 11/26, 12/3",,,Dept of Philosophy
2026-27 Term 1,2420,PHIL,PHIL3383-,5193,Philosophy of Death 死亡哲學,3.00,- Dr. KWOK Pak Nin,40,40,TUT,-T01,C&E,TBA,TBA,07/09/2026 - 30/11/2026,,,Dept of Philosophy
2026-27 Term 1,2420,PHIL,PHIL3541-,7601,Topics in Ancient Chinese Phil 古代中國哲學專題,3.00,- Professor David CHAI,40,40,LEC,-,E,We 09:30AM - 11:15AM,UCA_312,"9/9, 9/16, 9/23, 9/30, 10/7, 10/14, 10/21, 10/28, 11/4, 11/11, 11/18, 11/25, 12/2",,,Dept of Philosophy
2026-27 Term 1,2420,PHIL,PHIL3541-,7601,Topics in Ancient Chinese Phil 古代中國哲學專題,3.00,- Professor David CHAI,40,40,TUT,-T01,E,We 11:30AM - 12:15PM,UCA_312,"9/9, 9/16, 9/23, 9/30, 10/7, 10/14, 10/21, 10/28, 11/4, 11/11, 11/18, 11/25, 12/2",,,Dept of Philosophy
2026-27 Term 1,2420,PHIL,PHIL3652-,4962,Topics in Contempo West Phil 當代西方哲學專題,3.00,- Professor Claudia BARACCHI,35,35,LEC,-,E,Tu 10:30AM - 12:15PM,LHC_G03,"9/8, 9/15, 9/22, 9/29, 10/6, 10/13, 10/20, 10/27, 11/3, 11/10, 11/17, 11/24, 12/1",,,Dept of Philosophy
2026-27 Term 1,2420,PHIL,PHIL3652-,4962,Topics in Contempo West Phil 當代西方哲學專題,3.00,- Professor Claudia BARACCHI,35,35,TUT,-T01,E,Tu 12:30PM - 01:15PM,LHC_G03,"9/8, 9/15, 9/22, 9/29, 10/6, 10/13, 10/20, 10/27, 11/3, 11/10, 11/17, 11/24, 12/1",,,Dept of Philosophy
2026-27 Term 1,2420,PHIL,PHIL3683-,9878,Topics in Applied Philosophy 應用哲學專題,3.00,- Staff,40,40,LEC,-,P&E,Tu 03:30PM - 05:15PM,LHC_G03,"9/8, 9/15, 9/22, 9/29, 10/6, 10/13, 10/20, 10/27, 11/3, 11/10, 11/17, 11/24, 12/1",,,Dept of Philosophy
2026-27 Term 1,2420,PHIL,PHIL3683-,9878,Topics in Applied Philosophy 應用哲學專題,3.00,- Staff,40,40,TUT,-T01,P&E,Tu 05:30PM - 06:15PM,LHC_G03,"9/8, 9/15, 9/22, 9/29, 10/6, 10/13, 10/20, 10/27, 11/3, 11/10, 11/17, 11/24, 12/1",,,Dept of Philosophy
2026-27 Term 1,2420,PHIL,PHIL3820-,7603,Epistemology 知識論,3.00,- Professor ZHANG Jiji,50,50,LEC,-,P&E,Tu 02:30PM - 04:15PM,ERB_401,"9/8, 9/15, 9/22, 9/29, 10/6, 10/13, 10/20, 10/27, 11/3, 11/10, 11/17, 11/24, 12/1",,,Dept of Philosophy
2026-27 Term 1,2420,PHIL,PHIL3820-,7603,Epistemology 知識論,3.00,- Professor ZHANG Jiji,50,50,TUT,-T01,P&E,Tu 04:30PM - 05:15PM,ERB_401,"9/8, 9/15, 9/22, 9/29, 10/6, 10/13, 10/20, 10/27, 11/3, 11/10, 11/17, 11/24, 12/1",,,Dept of Philosophy
2026-27 Term 1,2420,PHIL,PHIL3833-,7604,Topics in Ethics 倫理學專題,3.00,- Professor YE Ru,40,40,LEC,-,P&E,We 12:30PM - 02:15PM,CKB_706C,"9/9, 9/16, 9/23, 9/30, 10/7, 10/14, 10/21, 10/28, 11/4, 11/11, 11/18, 11/25, 12/2",,,Dept of Philosophy
2026-27 Term 1,2420,PHIL,PHIL3833-,7604,Topics in Ethics 倫理學專題,3.00,- Professor YE Ru,40,40,TUT,-T01,P&E,We 02:30PM - 03:15PM,CKB_706C,"9/9, 9/16, 9/23, 9/30, 10/7, 10/14, 10/21, 10/28, 11/4, 11/11, 11/18, 11/25, 12/2",,,Dept of Philosophy
2026-27 Term 1,2420,PHIL,PHIL4153-,7613,Philosophy of Culture 文化哲學,3.00,- Professor Gregory Scott MOSS,40,40,LEC,-,E,Th 10:30AM - 12:15PM,ERB_408,"9/10, 9/17, 9/24",,,Dept of Philosophy
2026-27 Term 1,2420,PHIL,PHIL4153-,7613,Philosophy of Culture 文化哲學,3.00,- Professor Gregory Scott MOSS,40,40,LEC,-,E,Th 10:30AM - 12:15PM,ERB_408,"10/8, 10/15, 10/22, 10/29, 11/5, 11/12, 11/19, 11/26, 12/3",,,Dept of Philosophy
2026-27 Term 1,2420,PHIL,PHIL4153-,7613,Philosophy of Culture 文化哲學,3.00,- Professor Gregory Scott MOSS,40,40,TUT,-T01,E,Th 12:30PM - 01:15PM,ERB_408,"9/10, 9/17, 9/24",,,Dept of Philosophy
2026-27 Term 1,2420,PHIL,PHIL4153-,7613,Philosophy of Culture 文化哲學,3.00,- Professor Gregory Scott MOSS,40,40,TUT,-T01,E,Th 12:30PM - 01:15PM,ERB_408,"10/8, 10/15, 10/22, 10/29, 11/5, 11/12, 11/19, 11/26, 12/3",,,Dept of Philosophy
2026-27 Term 1,2420,PHIL,PHIL4262-,4960,Existentialism 存在主義,3.00,- Professor Hayden Sean Alexander KEE,35,35,LEC,-,E,Th 03:30PM - 05:15PM,HYS_G03,"9/10, 9/17, 9/24",,,Dept of Philosophy
2026-27 Term 1,2420,PHIL,PHIL4262-,4960,Existentialism 存在主義,3.00,- Professor Hayden Sean Alexander KEE,35,35,LEC,-,E,Th 03:30PM - 05:15PM,HYS_G03,"10/8, 10/15, 10/22, 10/29, 11/5, 11/12, 11/19, 11/26, 12/3",,,Dept of Philosophy
2026-27 Term 1,2420,PHIL,PHIL4262-,4960,Existentialism 存在主義,3.00,- Professor Hayden Sean Alexander KEE,35,35,TUT,-T01,E,Th 05:30PM - 06:15PM,HYS_G03,"9/10, 9/17, 9/24",,,Dept of Philosophy
2026-27 Term 1,2420,PHIL,PHIL4262-,4960,Existentialism 存在主義,3.00,- Professor Hayden Sean Alexander KEE,35,35,TUT,-T01,E,Th 05:30PM - 06:15PM,HYS_G03,"10/8, 10/15, 10/22, 10/29, 11/5, 11/12, 11/19, 11/26, 12/3",,,Dept of Philosophy
2026-27 Term 1,2420,PHIL,PHIL4371-,9441,Seminar on Chinese Philosophy 中國哲學研討,3.00,- Dr. CHONG Yun Chak,40,40,LEC,-,C&E,Mo 01:30PM - 03:15PM,ERB_405,"9/7, 9/14, 9/21, 9/28, 10/5, 10/12",,,Dept of Philosophy
2026-27 Term 1,2420,PHIL,PHIL4371-,9441,Seminar on Chinese Philosophy 中國哲學研討,3.00,- Dr. CHONG Yun Chak,40,40,LEC,-,C&E,Mo 01:30PM - 03:15PM,ERB_405,"10/26, 11/2, 11/9, 11/16, 11/23, 11/30",,,Dept of Philosophy
2026-27 Term 1,2420,PHIL,PHIL4371-,9441,Seminar on Chinese Philosophy 中國哲學研討,3.00,- Dr. CHONG Yun Chak,40,40,TUT,-T01,C&E,Mo 03:30PM - 04:15PM,ERB_405,"9/7, 9/14, 9/21, 9/28, 10/5, 10/12",,,Dept of Philosophy
2026-27 Term 1,2420,PHIL,PHIL4371-,9441,Seminar on Chinese Philosophy 中國哲學研討,3.00,- Dr. CHONG Yun Chak,40,40,TUT,-T01,C&E,Mo 03:30PM - 04:15PM,ERB_405,"10/26, 11/2, 11/9, 11/16, 11/23, 11/30",,,Dept of Philosophy
2026-27 Term 1,2420,PHIL,PHIL4443-,9911,Seminar on Philosophical Issue 哲學問題研討,3.00,- Staff,40,40,LEC,-,P&E,Mo 01:30PM - 03:15PM,CKB_706C,"9/7, 9/14, 9/21, 9/28, 10/5, 10/12",,,Dept of Philosophy
2026-27 Term 1,2420,PHIL,PHIL4443-,9911,Seminar on Philosophical Issue 哲學問題研討,3.00,- Staff,40,40,LEC,-,P&E,Mo 01:30PM - 03:15PM,CKB_706C,"10/26, 11/2, 11/9, 11/16, 11/23, 11/30",,,Dept of Philosophy
2026-27 Term 1,2420,PHIL,PHIL4443-,9911,Seminar on Philosophical Issue 哲學問題研討,3.00,- Staff,40,40,TUT,-T01,P&E,Mo 03:30PM - 04:15PM,CKB_706C,"9/7, 9/14, 9/21, 9/28, 10/5, 10/12",,,Dept of Philosophy
2026-27 Term 1,2420,PHIL,PHIL4443-,9911,Seminar on Philosophical Issue 哲學問題研討,3.00,- Staff,40,40,TUT,-T01,P&E,Mo 03:30PM - 04:15PM,CKB_706C,"10/26, 11/2, 11/9, 11/16, 11/23, 11/30",,,Dept of Philosophy
2026-27 Term 1,2420,PHIL,PHIL4800A,7453,Thesis 論文,3.00,- Professor Hayden Sean Alexander KEE,15,8,IND,AI01,E,Mo 10:30AM - 11:15AM,LSK_203,"9/7, 9/14, 9/21, 9/28, 10/5, 10/12",Yes,Yes,Dept of Philosophy
2026-27 Term 1,2420,PHIL,PHIL4800A,7453,Thesis 論文,3.00,- Professor Hayden Sean Alexander KEE,15,8,IND,AI01,E,Mo 10:30AM - 11:15AM,LSK_203,"10/26, 11/2, 11/9, 11/16, 11/23, 11/30",Yes,Yes,Dept of Philosophy
2026-27 Term 1,2420,PHIL,PHIL4800A,7453,Thesis 論文,3.00,- Professor Hayden Sean Alexander KEE,15,8,LEC,A,E,Mo 11:30AM - 01:15PM,LSK_203,"9/7, 9/14, 9/21, 9/28, 10/5, 10/12",Yes,Yes,Dept of Philosophy
2026-27 Term 1,2420,PHIL,PHIL4800A,7453,Thesis 論文,3.00,- Professor Hayden Sean Alexander KEE,15,8,LEC,A,E,Mo 11:30AM - 01:15PM,LSK_203,"10/26, 11/2, 11/9, 11/16, 11/23, 11/30",Yes,Yes,Dept of Philosophy
2026-27 Term 1,2420,PHIL,PHIL4800B,7454,Thesis 論文,3.00,- Professor ZHENG Zemian,15,8,IND,BI01,P&E,Mo 10:30AM - 11:15AM,FYB_107A,"9/7, 9/14, 9/21, 9/28, 10/5, 10/12",Yes,Yes,Dept of Philosophy
2026-27 Term 1,2420,PHIL,PHIL4800B,7454,Thesis 論文,3.00,- Professor ZHENG Zemian,15,8,IND,BI01,P&E,Mo 10:30AM - 11:15AM,FYB_107A,"10/26, 11/2, 11/9, 11/16, 11/23, 11/30",Yes,Yes,Dept of Philosophy
2026-27 Term 1,2420,PHIL,PHIL4800B,7454,Thesis 論文,3.00,- Professor ZHENG Zemian,15,8,LEC,B,P&E,Mo 11:30AM - 01:15PM,FYB_107A,"9/7, 9/14, 9/21, 9/28, 10/5, 10/12",Yes,Yes,Dept of Philosophy
2026-27 Term 1,2420,PHIL,PHIL4800B,7454,Thesis 論文,3.00,- Professor ZHENG Zemian,15,8,LEC,B,P&E,Mo 11:30AM - 01:15PM,FYB_107A,"10/26, 11/2, 11/9, 11/16, 11/23, 11/30",Yes,Yes,Dept of Philosophy
2026-27 Term 1,2420,PHIL,PHIL4800C,7455,Thesis 論文,3.00,- Professor YE Ru,15,9,IND,CI01,P&E,Mo 10:30AM - 11:15AM,LDS_218,"9/7, 9/14, 9/21, 9/28, 10/5, 10/12",Yes,Yes,Dept of Philosophy
2026-27 Term 1,2420,PHIL,PHIL4800C,7455,Thesis 論文,3.00,- Professor YE Ru,15,9,IND,CI01,P&E,Mo 10:30AM - 11:15AM,LDS_218,"10/26, 11/2, 11/9, 11/16, 11/23, 11/30",Yes,Yes,Dept of Philosophy
2026-27 Term 1,2420,PHIL,PHIL4800C,7455,Thesis 論文,3.00,- Professor YE Ru,15,9,LEC,C,P&E,Mo 11:30AM - 01:15PM,LDS_218,"9/7, 9/14, 9/21, 9/28, 10/5, 10/12",Yes,Yes,Dept of Philosophy
2026-27 Term 1,2420,PHIL,PHIL4800C,7455,Thesis 論文,3.00,- Professor YE Ru,15,9,LEC,C,P&E,Mo 11:30AM - 01:15PM,LDS_218,"10/26, 11/2, 11/9, 11/16, 11/23, 11/30",Yes,Yes,Dept of Philosophy
2026-27 Term 1,2420,PHPC,PHPC1001-,6996,Foundations in Public Health 公共衞生學基礎,2.00,- Professor CHUNG Roger Yat Nork,183,145,LEC,-,E,We 11:30AM - 01:15PM,YIA_LT3,"9/9, 9/16, 9/23, 9/30, 10/7, 10/14, 10/21, 10/28, 11/4, 11/11, 11/18, 11/25, 12/2",,,JC Sch of Pub Health Prim Care
2026-27 Term 1,2420,PHPC,PHPC1010-,8532,Anat & Physio: Body Functions 人體解剖學與生理學︰人體基本功能,3.00,- Dr. MAN Lai Kwan,45,45,LEC,-,E,Mo 09:30AM - 12:15PM,WMY_505,"9/7, 9/14, 9/21, 9/28, 10/5, 10/12",,,JC Sch of Pub Health Prim Care
2026-27 Term 1,2420,PHPC,PHPC1010-,8532,Anat & Physio: Body Functions 人體解剖學與生理學︰人體基本功能,3.00,- Dr. MAN Lai Kwan,45,45,LEC,-,E,Mo 09:30AM - 12:15PM,WMY_505,"10/26, 11/2, 11/9, 11/16, 11/23, 11/30",,,JC Sch of Pub Health Prim Care
2026-27 Term 1,2420,PHPC,PHPC1019-,8630,Induction Programme I 先導計劃（一）,1.00,- Dr. YUNG Ka Chun,40,40,LEC,-,C&E,Mo 02:30PM - 06:15PM,NRR,"9/7, 9/14, 9/21, 9/28, 10/5, 10/12",,,JC Sch of Pub Health Prim Care
2026-27 Term 1,2420,PHPC,PHPC1019-,8630,Induction Programme I 先導計劃（一）,1.00,- Dr. YUNG Ka Chun,40,40,LEC,-,C&E,Mo 02:30PM - 06:15PM,NRR,"10/26, 11/2, 11/9, 11/16, 11/23, 11/30",,,JC Sch of Pub Health Prim Care
2026-27 Term 1,2420,PHPC,PHPC1022-,7008,"Lifestyle, Behav and Health 生活模式及行為與健康",2.00,- Professor YEUNG Chun Yiu,60,60,LEC,-,C&E,Th 09:30AM - 12:15PM,ERB_404,"9/10, 9/17, 9/24",,,JC Sch of Pub Health Prim Care
2026-27 Term 1,2420,PHPC,PHPC1022-,7008,"Lifestyle, Behav and Health 生活模式及行為與健康",2.00,- Professor YEUNG Chun Yiu,60,60,LEC,-,C&E,Th 09:30AM - 12:15PM,ERB_404,"10/8, 10/15, 10/22, 10/29, 11/5, 11/12, 11/19, 11/26, 12/3",,,JC Sch of Pub Health Prim Care
2026-27 Term 1,2420,PHPC,PHPC2005-,7057,Introduction to Biostatistics 生物統計學基礎,2.00,- Professor YIP Hon Kei,66,66,LEC,-,E,Mo 10:30AM - 01:15PM,WMY_301,"9/7, 9/14, 9/21, 9/28, 10/5, 10/12",,,JC Sch of Pub Health Prim Care
2026-27 Term 1,2420,PHPC,PHPC2005-,7057,Introduction to Biostatistics 生物統計學基礎,2.00,- Professor YIP Hon Kei,66,66,LEC,-,E,Mo 10:30AM - 01:15PM,WMY_301,"10/26, 11/2, 11/9, 11/16, 11/23, 11/30",,,JC Sch of Pub Health Prim Care
2026-27 Term 1,2420,PHPC,PHPC2007-,7489,Nutrition for Health and Ex 營養學於健康促進及運動之應用,3.00,- Dr. YUNG Ka Chun,60,60,LEC,-,E,Th 10:30AM - 01:15PM,ERB_407,"9/10, 9/17, 9/24",,,JC Sch of Pub Health Prim Care
2026-27 Term 1,2420,PHPC,PHPC2007-,7489,Nutrition for Health and Ex 營養學於健康促進及運動之應用,3.00,- Dr. YUNG Ka Chun,60,60,LEC,-,E,Th 10:30AM - 01:15PM,ERB_407,"10/8, 10/15, 10/22, 10/29, 11/5, 11/12, 11/19, 11/26, 12/3",,,JC Sch of Pub Health Prim Care
2026-27 Term 1,2420,PHPC,PHPC2009-,5669,Environment and Work 環境衞生及職業衞生,3.00,- Professor CHUNG Ming Kei,50,50,LEC,-,E,Th 10:30AM - 01:15PM,LSB_LT5,"9/10, 9/17, 9/24",,,JC Sch of Pub Health Prim Care
2026-27 Term 1,2420,PHPC,PHPC2009-,5669,Environment and Work 環境衞生及職業衞生,3.00,- Professor CHUNG Ming Kei,50,50,LEC,-,E,Th 10:30AM - 01:15PM,LSB_LT5,"10/8, 10/15, 10/22, 10/29, 11/5, 11/12, 11/19, 11/26, 12/3",,,JC Sch of Pub Health Prim Care
2026-27 Term 1,2420,PHPC,PHPC2010-,7039,Health Care System & Policy 醫療系統及政策,3.00,- Professor WANG Kailu - Professor WONG Lai Yi,40,40,LEC,-,C&E,We 02:30PM - 05:15PM,WMY_507,"9/9, 9/16, 9/23, 9/30, 10/7, 10/14, 10/21, 10/28, 11/4, 11/11, 11/18, 11/25, 12/2",,,JC Sch of Pub Health Prim Care
2026-27 Term 1,2420,PHPC,PHPC2015-,7149,Biostatistics 生物統計學,3.00,- Professor KWOK Kin On,50,50,LEC,-,C&E,We 09:30AM - 12:15PM,HCA_103,"9/9, 9/16, 9/23, 9/30, 10/7, 10/14, 10/21, 10/28, 11/4, 11/11, 11/18, 11/25, 12/2",,,JC Sch of Pub Health Prim Care
2026-27 Term 1,2420,PHPC,PHPC2016-,5624,Theories of Health Behaviours 健康行為理論基礎,3.00,- Professor WANG Zixin,107,59,LEC,-,E,Mo 02:30PM - 05:15PM,LSB_LT6,"9/7, 9/14, 9/21, 9/28, 10/5, 10/12",,,JC Sch of Pub Health Prim Care
2026-27 Term 1,2420,PHPC,PHPC2016-,5624,Theories of Health Behaviours 健康行為理論基礎,3.00,- Professor WANG Zixin,107,59,LEC,-,E,Mo 02:30PM - 05:15PM,LSB_LT6,"10/26, 11/2, 11/9, 11/16, 11/23, 11/30",,,JC Sch of Pub Health Prim Care
2026-27 Term 1,2420,PHPC,PHPC2017-,8269,Epidemiology 流行病學,3.00,- Professor YANG Zuyao,128,123,LEC,-,E,Th 01:30PM - 04:15PM,HTB_B6,"9/10, 9/17, 9/24",,,JC Sch of Pub Health Prim Care
2026-27 Term 1,2420,PHPC,PHPC2017-,8269,Epidemiology 流行病學,3.00,- Professor YANG Zuyao,128,123,LEC,-,E,Th 01:30PM - 04:15PM,HTB_B6,"10/8, 10/15, 10/22, 10/29, 11/5, 11/12, 11/19, 11/26, 12/3",,,JC Sch of Pub Health Prim Care
2026-27 Term 1,2420,PHPC,PHPC3027-,7272,Qualitative Research 定性研究,3.00,- Professor DONG Dong,40,40,LEC,-,E,Tu 10:30AM - 01:15PM,SC_L2,"9/8, 9/15, 9/22, 9/29, 10/6, 10/13, 10/20, 10/27, 11/3, 11/10, 11/17, 11/24, 12/1",,,JC Sch of Pub Health Prim Care
2026-27 Term 1,2420,PHPC,PHPC4000A,5117,Professionalism and Ethics 專業操守與倫理,0.00,- Dr. YUNG Ka Chun - Professor WONG Lai Yi,40,0,LEC,A,E,TBA,NRR,07/09/2026 - 30/11/2026,Yes,Yes,JC Sch of Pub Health Prim Care
2026-27 Term 1,2420,PHPC,PHPC4000B,5118,Professionalism and Ethics 專業操守與倫理,0.00,- Dr. MUI Wai Ho - Professor MO Phoenix Kit Han,33,6,LEC,B,E,TBA,NRR,07/09/2026 - 30/11/2026,Yes,Yes,JC Sch of Pub Health Prim Care
2026-27 Term 1,2420,PHPC,PHPC4000C,5119,Professionalism and Ethics 專業操守與倫理,0.00,- Dr. WANG Jingxuan - Professor YU Ho Yan,33,0,LEC,C,E,TBA,NRR,07/09/2026 - 30/11/2026,Yes,Yes,JC Sch of Pub Health Prim Care
2026-27 Term 1,2420,PHPC,PHPC4033-,5806,Medical Sociology 醫學社會學,3.00,- Dr. WANG Jingxuan,45,45,LEC,-,E,Mo 10:30AM - 01:15PM,ERB_703,"9/7, 9/14, 9/21, 9/28, 10/5, 10/12",,,JC Sch of Pub Health Prim Care
2026-27 Term 1,2420,PHPC,PHPC4033-,5806,Medical Sociology 醫學社會學,3.00,- Dr. WANG Jingxuan,45,45,LEC,-,E,Mo 10:30AM - 01:15PM,ERB_703,"10/26, 11/2, 11/9, 11/16, 11/23, 11/30",,,JC Sch of Pub Health Prim Care
2026-27 Term 1,2420,PHPC,PHPC4913-,8702,Primary PH Research III 公共衞生基礎研究（三）,4.00,- Professor CHONG Ka Chun - Professor WONG Lai Yi,20,0,LEC,-,E,Tu 02:30PM - 06:15PM,NRR,"9/8, 9/15, 9/22, 9/29, 10/6, 10/13, 10/20, 10/27, 11/3, 11/10, 11/17, 11/24, 12/1",Yes,Yes,JC Sch of Pub Health Prim Care
2026-27 Term 1,2420,PHPC,PHPC4922-,8701,PH Data Synthesis Research II 公共衞生數據整合研究（二）,3.00,- Professor CHONG Ka Chun - Professor WONG Lai Yi,20,10,LEC,-,E,Tu 02:30PM - 06:15PM,NRR,"9/8, 9/15, 9/22, 9/29, 10/6, 10/13, 10/20, 10/27, 11/3, 11/10, 11/17, 11/24, 12/1",Yes,Yes,JC Sch of Pub Health Prim Care
2026-27 Term 1,2420,PHPC,PHPC4930-,6394,Public Health Practicum 公共衞生實習,2.00,- Dr. YUNG Ka Chun,40,5,LEC,-,E,TBA,NRR,07/09/2026 - 30/11/2026,Yes,Yes,JC Sch of Pub Health Prim Care
2026-27 Term 1,2420,RMSC,RMSC1101-,9727,Ele Concepts in Risk Mgt 風險管理基礎概念,1.00,- Dr. John Alexander WRIGHT,50,46,SEM,-S01,E,Mo 01:30PM - 02:15PM,ERB_804,"9/7, 9/14, 9/21, 9/28, 10/5, 10/12",Yes,Yes,Risk Management Science PC
2026-27 Term 1,2420,RMSC,RMSC1101-,9727,Ele Concepts in Risk Mgt 風險管理基礎概念,1.00,- Dr. John Alexander WRIGHT,50,46,SEM,-S01,E,Mo 01:30PM - 02:15PM,ERB_804,"10/26, 11/2, 11/9, 11/16, 11/23, 11/30",Yes,Yes,Risk Management Science PC
2026-27 Term 1,2420,RMSC,RMSC1101-,9727,Ele Concepts in Risk Mgt 風險管理基礎概念,1.00,- Dr. John Alexander WRIGHT,50,46,TUT,-T01,E,Mo 02:30PM - 03:15PM,ERB_804,"9/7, 9/14, 9/21, 9/28, 10/5, 10/12",Yes,Yes,Risk Management Science PC
2026-27 Term 1,2420,RMSC,RMSC1101-,9727,Ele Concepts in Risk Mgt 風險管理基礎概念,1.00,- Dr. John Alexander WRIGHT,50,46,TUT,-T01,E,Mo 02:30PM - 03:15PM,ERB_804,"10/26, 11/2, 11/9, 11/16, 11/23, 11/30",Yes,Yes,Risk Management Science PC
2026-27 Term 1,2420,RMSC,RMSC2001A,5822,Intro to Risk Management 風險管理導論,3.00,- Professor SIT Tony,100,100,LEC,A,E,Mo 09:30AM - 11:15AM,YIA_LT6,"9/7, 9/14, 9/21, 9/28, 10/5, 10/12",,,Risk Management Science PC
2026-27 Term 1,2420,RMSC,RMSC2001A,5822,Intro to Risk Management 風險管理導論,3.00,- Professor SIT Tony,100,100,LEC,A,E,Mo 09:30AM - 11:15AM,YIA_LT6,"10/26, 11/2, 11/9, 11/16, 11/23, 11/30",,,Risk Management Science PC
2026-27 Term 1,2420,RMSC,RMSC2001A,5822,Intro to Risk Management 風險管理導論,3.00,- Professor SIT Tony,100,100,LEC,A,E,We 04:30PM - 05:15PM,LHC_103,"9/9, 9/16, 9/23, 9/30, 10/7, 10/14, 10/21, 10/28, 11/4, 11/11, 11/18, 11/25, 12/2",,,Risk Management Science PC
2026-27 Term 1,2420,RMSC,RMSC2001A,5822,Intro to Risk Management 風險管理導論,3.00,- Professor SIT Tony,100,100,TUT,AT01,E,TBA,TBA,07/09/2026 - 30/11/2026,,,Risk Management Science PC
2026-27 Term 1,2420,RMSC,RMSC4001A,5386,Simulation Methods: Rms & Fin 財務與風險管理之模擬方法,3.00,- Professor WONG Hoi Ying,60,60,LEC,A,E,We 09:30AM - 12:15PM,BMS_LT,"9/9, 9/16, 9/23, 9/30, 10/7, 10/14, 10/21, 10/28, 11/4, 11/11, 11/18, 11/25, 12/2",,,Risk Management Science PC
2026-27 Term 1,2420,RMSC,RMSC4001A,5386,Simulation Methods: Rms & Fin 財務與風險管理之模擬方法,3.00,- Professor WONG Hoi Ying,60,60,TUT,AT01,E,TBA,TBA,07/09/2026 - 30/11/2026,,,Risk Management Science PC
2026-27 Term 1,2420,RMSC,RMSC4002-,7426,FDA with ML 財務數據分析暨機械學習的應用,3.00,- Professor YAM Sheung Chi Phillip,50,50,LEC,-,E,We 12:30PM - 03:15PM,ERB_401,"9/9, 9/16, 9/23, 9/30, 10/7, 10/14, 10/21, 10/28, 11/4, 11/11, 11/18, 11/25, 12/2",,,Risk Management Science PC
2026-27 Term 1,2420,RMSC,RMSC4002-,7426,FDA with ML 財務數據分析暨機械學習的應用,3.00,- Professor YAM Sheung Chi Phillip,50,50,TUT,-T01,E,TBA,TBA,07/09/2026 - 30/11/2026,,,Risk Management Science PC
2026-27 Term 1,2420,RMSC,RMSC4003-,7427,Sta Modelling in Fin Markets 金融巿場的統計建模,3.00,- Professor YAU Chun Yip,120,120,LEC,-,E,Tu 09:30AM - 12:15PM,MMW_LT2,"9/8, 9/15, 9/22, 9/29, 10/6, 10/13, 10/20, 10/27, 11/3, 11/10, 11/17, 11/24, 12/1",,,Risk Management Science PC
2026-27 Term 1,2420,RMSC,RMSC4003-,7427,Sta Modelling in Fin Markets 金融巿場的統計建模,3.00,- Professor YAU Chun Yip,120,120,TUT,-T01,E,TBA,TBA,07/09/2026 - 30/11/2026,,,Risk Management Science PC
2026-27 Term 1,2420,RMSC,RMSC4202-,6520,Practicum 行業實習,3.00,- Professor WONG Hoi Ying,20,20,PRA,-P01,E,TBA,NRR,07/09/2026 - 30/11/2026,Yes,Yes,Risk Management Science PC
2026-27 Term 1,2420,RMSC,RMSC4212-,6384,Practicum in Risk Analytics 風險分析行業實習,3.00,- Professor WONG Hoi Ying,10,10,PRA,-P01,E,TBA,NRR,07/09/2026 - 30/11/2026,Yes,Yes,Risk Management Science PC
2026-27 Term 1,2420,SBMS,SBMS1101-,5446,Biomedical Sciences and Societ 生物醫學與社會,2.00,- Professor CHENG Sze Lok,50,50,LEC,-,E,Fr 09:30AM - 11:15AM,ERB_401,"9/11, 9/18, 9/25, 10/2, 10/9, 10/16, 10/23, 10/30, 11/6, 11/13, 11/20, 11/27, 12/4",Yes,Yes,Sch of Biomedical Sciences
2026-27 Term 1,2420,SBMS,SBMS1101-,5446,Biomedical Sciences and Societ 生物醫學與社會,2.00,- Professor CHENG Sze Lok,50,50,FLD,-F01,E,TBA,NRR,07/09/2026 - 30/11/2026,Yes,Yes,Sch of Biomedical Sciences
2026-27 Term 1,2420,SBMS,SBMS1101-,5446,Biomedical Sciences and Societ 生物醫學與社會,2.00,- Professor CHENG Sze Lok,50,50,PRJ,-J01,E,TBA,TBA,07/09/2026 - 30/11/2026,Yes,Yes,Sch of Biomedical Sciences
2026-27 Term 1,2420,SBMS,SBMS1103-,9129,Biochemistry of Human Body 人體生物化學,3.00,- Professor CHEUNG Hoi Hung,50,48,LEC,-,E,Mo 09:30AM - 11:15AM,ERB_804,"9/7, 9/14, 9/21, 9/28, 10/5, 10/12",Yes,Yes,Sch of Biomedical Sciences
2026-27 Term 1,2420,SBMS,SBMS1103-,9129,Biochemistry of Human Body 人體生物化學,3.00,- Professor CHEUNG Hoi Hung,50,48,LEC,-,E,Mo 09:30AM - 11:15AM,ERB_804,"10/26, 11/2, 11/9, 11/16, 11/23, 11/30",Yes,Yes,Sch of Biomedical Sciences
2026-27 Term 1,2420,SBMS,SBMS1103-,9129,Biochemistry of Human Body 人體生物化學,3.00,- Professor CHEUNG Hoi Hung,50,48,LEC,-,E,Tu 11:30AM - 01:15PM,ERB_401,"9/8, 9/15, 9/22, 9/29, 10/6, 10/13, 10/20, 10/27, 11/3, 11/10, 11/17, 11/24, 12/1",Yes,Yes,Sch of Biomedical Sciences
2026-27 Term 1,2420,SBMS,SBMS1103-,9129,Biochemistry of Human Body 人體生物化學,3.00,- Professor CHEUNG Hoi Hung,50,48,LAB,-L01,E,TBA,TBA,07/09/2026 - 30/11/2026,Yes,Yes,Sch of Biomedical Sciences
2026-27 Term 1,2420,SBMS,SBMS1103-,9129,Biochemistry of Human Body 人體生物化學,3.00,- Professor CHEUNG Hoi Hung,50,48,TUT,-T01,E,TBA,TBA,07/09/2026 - 30/11/2026,Yes,Yes,Sch of Biomedical Sciences
2026-27 Term 1,2420,SBMS,SBMS1103-,9129,Biochemistry of Human Body 人體生物化學,3.00,- Professor CHEUNG Hoi Hung,50,48,TUT,-T01,E,TBA,TBA,07/09/2026 - 30/11/2026,Yes,Yes,Sch of Biomedical Sciences
2026-27 Term 1,2420,SBMS,SBMS1103-,9129,Biochemistry of Human Body 人體生物化學,3.00,- Professor CHEUNG Hoi Hung,50,50,TUT,-T02,E,TBA,TBA,07/09/2026 - 30/11/2026,Yes,Yes,Sch of Biomedical Sciences
2026-27 Term 1,2420,SBMS,SBMS1103-,9129,Biochemistry of Human Body 人體生物化學,3.00,- Professor CHEUNG Hoi Hung,50,50,TUT,-T02,E,TBA,TBA,07/09/2026 - 30/11/2026,Yes,Yes,Sch of Biomedical Sciences
2026-27 Term 1,2420,SBMS,SBMS1103-,9129,Biochemistry of Human Body 人體生物化學,3.00,- Professor CHEUNG Hoi Hung,50,50,TUT,-T03,E,TBA,TBA,07/09/2026 - 30/11/2026,Yes,Yes,Sch of Biomedical Sciences
2026-27 Term 1,2420,SBMS,SBMS1103-,9129,Biochemistry of Human Body 人體生物化學,3.00,- Professor CHEUNG Hoi Hung,50,50,TUT,-T03,E,TBA,TBA,07/09/2026 - 30/11/2026,Yes,Yes,Sch of Biomedical Sciences
2026-27 Term 1,2420,SBMS,SBMS1431-,9668,Human Anatomy and Physiology 1 人類解剖與生理學（一）,2.00,- Dr. Robert George JESKY - Dr. WONG Pui Man Molly,85,85,LEC,-,E,We 03:30PM - 06:15PM,SC_L2,"9/9, 9/16, 9/23, 9/30, 10/7, 10/14, 10/21, 10/28, 11/4, 11/11, 11/18, 11/25, 12/2",Yes,Yes,Sch of Biomedical Sciences
2026-27 Term 1,2420,SBMS,SBMS1431-,9668,Human Anatomy and Physiology 1 人類解剖與生理學（一）,2.00,- Dr. Robert George JESKY - Dr. WONG Pui Man Molly,85,85,LAB,-L01,E,TBA,TBA,07/09/2026 - 30/11/2026,Yes,Yes,Sch of Biomedical Sciences
2026-27 Term 1,2420,SBMS,SBMS2101-,9402,Biostatistics and Epidemiology 生物統計學和流行病學,2.00,- Professor SO Hon Cheong,45,23,LEC,-,E,Th 10:30AM - 12:15PM,SC_LG23,"9/10, 9/17, 9/24",Yes,Yes,Sch of Biomedical Sciences
2026-27 Term 1,2420,SBMS,SBMS2101-,9402,Biostatistics and Epidemiology 生物統計學和流行病學,2.00,- Professor SO Hon Cheong,45,23,LEC,-,E,Th 10:30AM - 12:15PM,SC_LG23,"10/8, 10/15, 10/22, 10/29, 11/5, 11/12, 11/19, 11/26, 12/3",Yes,Yes,Sch of Biomedical Sciences
2026-27 Term 1,2420,SBMS,SBMS2101-,9402,Biostatistics and Epidemiology 生物統計學和流行病學,2.00,- Professor SO Hon Cheong,45,23,WKS,-W01,E,TBA,TBA,07/09/2026 - 30/11/2026,Yes,Yes,Sch of Biomedical Sciences
2026-27 Term 1,2420,SBMS,SBMS2102-,8447,Introduction to Molecular Biol 分子生物學導論,3.00,- Dr. CHEUNG Wing Shing David,45,16,LEC,-,E,Mo 02:30PM - 05:15PM,ERB_401,"9/7, 9/14, 9/21, 9/28, 10/5, 10/12",Yes,Yes,Sch of Biomedical Sciences
2026-27 Term 1,2420,SBMS,SBMS2102-,8447,Introduction to Molecular Biol 分子生物學導論,3.00,- Dr. CHEUNG Wing Shing David,45,16,LEC,-,E,Mo 02:30PM - 05:15PM,ERB_401,"10/26, 11/2, 11/9, 11/16, 11/23, 11/30",Yes,Yes,Sch of Biomedical Sciences
2026-27 Term 1,2420,SBMS,SBMS2102-,8447,Introduction to Molecular Biol 分子生物學導論,3.00,- Dr. CHEUNG Wing Shing David,45,16,LEC,-,E,Th 01:30PM - 03:15PM,ERB_401,"9/10, 9/17, 9/24",Yes,Yes,Sch of Biomedical Sciences
2026-27 Term 1,2420,SBMS,SBMS2102-,8447,Introduction to Molecular Biol 分子生物學導論,3.00,- Dr. CHEUNG Wing Shing David,45,16,LEC,-,E,Th 01:30PM - 03:15PM,ERB_401,"10/8, 10/15, 10/22, 10/29, 11/5, 11/12, 11/19, 11/26, 12/3",Yes,Yes,Sch of Biomedical Sciences
2026-27 Term 1,2420,SBMS,SBMS2102-,8447,Introduction to Molecular Biol 分子生物學導論,3.00,- Dr. CHEUNG Wing Shing David,45,16,LAB,-L01,E,TBA,TBA,07/09/2026 - 30/11/2026,Yes,Yes,Sch of Biomedical Sciences
2026-27 Term 1,2420,SBMS,SBMS2107-,9403,Human Functions and Diseases 1 人體功能與疾病(一),3.00,- Dr. HWANG Shui Shan Isabel - Professor CHAN Hon Fai,45,16,LEC,-,E,Tu 09:30AM - 11:15AM,MMW_705,"9/8, 9/15, 9/22, 9/29, 10/6, 10/13, 10/20, 10/27, 11/3, 11/10, 11/17, 11/24, 12/1",Yes,Yes,Sch of Biomedical Sciences
2026-27 Term 1,2420,SBMS,SBMS2107-,9403,Human Functions and Diseases 1 人體功能與疾病(一),3.00,- Dr. HWANG Shui Shan Isabel - Professor CHAN Hon Fai,45,16,LEC,-,E,Fr 09:30AM - 11:15AM,ERB_703,"9/11, 9/18, 9/25, 10/2, 10/9, 10/16, 10/23, 10/30, 11/6, 11/13, 11/20, 11/27, 12/4",Yes,Yes,Sch of Biomedical Sciences
2026-27 Term 1,2420,SBMS,SBMS2107-,9403,Human Functions and Diseases 1 人體功能與疾病(一),3.00,- Dr. HWANG Shui Shan Isabel - Professor CHAN Hon Fai,45,36,LAB,-L01,E,TBA,TBA,07/09/2026 - 30/11/2026,Yes,Yes,Sch of Biomedical Sciences
2026-27 Term 1,2420,SBMS,SBMS2107-,9403,Human Functions and Diseases 1 人體功能與疾病(一),3.00,- Dr. HWANG Shui Shan Isabel - Professor CHAN Hon Fai,45,36,LAB,-L01,E,TBA,TBA,07/09/2026 - 30/11/2026,Yes,Yes,Sch of Biomedical Sciences
2026-27 Term 1,2420,SBMS,SBMS2107-,9403,Human Functions and Diseases 1 人體功能與疾病(一),3.00,- Dr. HWANG Shui Shan Isabel - Professor CHAN Hon Fai,45,25,LAB,-L02,E,TBA,TBA,07/09/2026 - 30/11/2026,Yes,Yes,Sch of Biomedical Sciences
2026-27 Term 1,2420,SBMS,SBMS2107-,9403,Human Functions and Diseases 1 人體功能與疾病(一),3.00,- Dr. HWANG Shui Shan Isabel - Professor CHAN Hon Fai,45,25,LAB,-L02,E,TBA,TBA,07/09/2026 - 30/11/2026,Yes,Yes,Sch of Biomedical Sciences
2026-27 Term 1,2420,SBMS,SBMS2107-,9403,Human Functions and Diseases 1 人體功能與疾病(一),3.00,- Dr. HWANG Shui Shan Isabel - Professor CHAN Hon Fai,45,31,TUT,-T01,E,TBA,TBA,07/09/2026 - 30/11/2026,Yes,Yes,Sch of Biomedical Sciences
2026-27 Term 1,2420,SBMS,SBMS2107-,9403,Human Functions and Diseases 1 人體功能與疾病(一),3.00,- Dr. HWANG Shui Shan Isabel - Professor CHAN Hon Fai,45,31,TUT,-T01,E,TBA,TBA,07/09/2026 - 30/11/2026,Yes,Yes,Sch of Biomedical Sciences
2026-27 Term 1,2420,SBMS,SBMS2107-,9403,Human Functions and Diseases 1 人體功能與疾病(一),3.00,- Dr. HWANG Shui Shan Isabel - Professor CHAN Hon Fai,45,30,TUT,-T02,E,TBA,TBA,07/09/2026 - 30/11/2026,Yes,Yes,Sch of Biomedical Sciences
2026-27 Term 1,2420,SBMS,SBMS2107-,9403,Human Functions and Diseases 1 人體功能與疾病(一),3.00,- Dr. HWANG Shui Shan Isabel - Professor CHAN Hon Fai,45,30,TUT,-T02,E,TBA,TBA,07/09/2026 - 30/11/2026,Yes,Yes,Sch of Biomedical Sciences
2026-27 Term 1,2420,SBMS,SBMS2201-,9579,Natural Product Pharmacognosy 天然產物生藥學與新藥研發,2.00,- Professor TIAN Xiaoyu,25,7,LEC,-,E,Mo 01:30PM - 03:15PM,MMW_704,"9/7, 9/14, 9/21, 9/28, 10/5, 10/12",Yes,Yes,Sch of Biomedical Sciences
2026-27 Term 1,2420,SBMS,SBMS2201-,9579,Natural Product Pharmacognosy 天然產物生藥學與新藥研發,2.00,- Professor TIAN Xiaoyu,25,7,LEC,-,E,Mo 01:30PM - 03:15PM,MMW_704,"10/26, 11/2, 11/9, 11/16, 11/23, 11/30",Yes,Yes,Sch of Biomedical Sciences
2026-27 Term 1,2420,SBMS,SBMS2201-,9579,Natural Product Pharmacognosy 天然產物生藥學與新藥研發,2.00,- Professor TIAN Xiaoyu,25,7,FLD,-F01,E,TBA,NRR,07/09/2026 - 30/11/2026,Yes,Yes,Sch of Biomedical Sciences
2026-27 Term 1,2420,SBMS,SBMS2201-,9579,Natural Product Pharmacognosy 天然產物生藥學與新藥研發,2.00,- Professor TIAN Xiaoyu,25,7,LAB,-L01,E,TBA,NRR,07/09/2026 - 30/11/2026,Yes,Yes,Sch of Biomedical Sciences
2026-27 Term 1,2420,SBMS,SBMS3101-,5487,Immunology 免疫學,2.00,- Professor ZHOU Jingying,47,11,LEC,-,E,Tu 11:30AM - 01:15PM,ERB_804,"9/8, 9/15, 9/22, 9/29, 10/6, 10/13, 10/20, 10/27, 11/3, 11/10, 11/17, 11/24, 12/1",Yes,Yes,Sch of Biomedical Sciences
2026-27 Term 1,2420,SBMS,SBMS3101-,5487,Immunology 免疫學,2.00,- Professor ZHOU Jingying,47,11,PRJ,-J01,E,TBA,TBA,07/09/2026 - 30/11/2026,Yes,Yes,Sch of Biomedical Sciences
2026-27 Term 1,2420,SBMS,SBMS3201-,5498,Experimental Design and Execut 實驗設計與執行、期刊分析及報告結果,2.00,- Professor Anna Maria BLOCKI,25,6,LEC,-,E,Mo 10:30AM - 12:15PM,YIA_501,"9/7, 9/14, 9/21, 9/28, 10/5, 10/12",Yes,Yes,Sch of Biomedical Sciences
2026-27 Term 1,2420,SBMS,SBMS3201-,5498,Experimental Design and Execut 實驗設計與執行、期刊分析及報告結果,2.00,- Professor Anna Maria BLOCKI,25,6,LEC,-,E,Mo 10:30AM - 12:15PM,YIA_501,"10/26, 11/2, 11/9, 11/16, 11/23, 11/30",Yes,Yes,Sch of Biomedical Sciences
2026-27 Term 1,2420,SBMS,SBMS3201-,5498,Experimental Design and Execut 實驗設計與執行、期刊分析及報告結果,2.00,- Professor Anna Maria BLOCKI,25,6,PRJ,-J01,E,TBA,TBA,07/09/2026 - 30/11/2026,Yes,Yes,Sch of Biomedical Sciences
2026-27 Term 1,2420,SBMS,SBMS3201-,5498,Experimental Design and Execut 實驗設計與執行、期刊分析及報告結果,2.00,- Professor Anna Maria BLOCKI,25,6,WKS,-W01,E,TBA,TBA,07/09/2026 - 30/11/2026,Yes,Yes,Sch of Biomedical Sciences
2026-27 Term 1,2420,SBMS,SBMS3207-,8761,Introduction to GMP for ATMPs 先進治療藥物良好生產規範導論,2.00,- Dr. LAU Sin Nga,25,3,LEC,-,E,We 10:30AM - 12:15PM,NRR,"9/9, 9/16, 9/23, 9/30, 10/7, 10/14, 10/21, 10/28, 11/4, 11/11, 11/18, 11/25, 12/2",Yes,Yes,Sch of Biomedical Sciences
2026-27 Term 1,2420,SBMS,SBMS3207-,8761,Introduction to GMP for ATMPs 先進治療藥物良好生產規範導論,2.00,- Dr. LAU Sin Nga,25,3,OTH,-O01,E,TBA,NRR,07/09/2026 - 30/11/2026,Yes,Yes,Sch of Biomedical Sciences
2026-27 Term 1,2420,SBMS,SBMS3208-,5485,Forensic Science 鑑證科學,3.00,- Dr. LAU Sin Nga - Professor JIANG Yangzi,25,0,LEC,-,E,Th 09:30AM - 12:15PM,MMW_715,"9/10, 9/17, 9/24",Yes,Yes,Sch of Biomedical Sciences
2026-27 Term 1,2420,SBMS,SBMS3208-,5485,Forensic Science 鑑證科學,3.00,- Dr. LAU Sin Nga - Professor JIANG Yangzi,25,0,LEC,-,E,Th 09:30AM - 12:15PM,MMW_715,"10/8, 10/15, 10/22, 10/29, 11/5, 11/12, 11/19, 11/26, 12/3",Yes,Yes,Sch of Biomedical Sciences
2026-27 Term 1,2420,SBMS,SBMS3208-,5485,Forensic Science 鑑證科學,3.00,- Dr. LAU Sin Nga - Professor JIANG Yangzi,25,0,OTH,-O01,E,TBA,TBA,07/09/2026 - 30/11/2026,Yes,Yes,Sch of Biomedical Sciences
2026-27 Term 1,2420,SBMS,SBMS3212-,5499,"Bioinformatics, Genomics and P 生物信息學、基因組學與蛋白質組學",3.00,- Professor POON Ngar Yun Ellen,40,15,LEC,-,E,Th 02:30PM - 05:15PM,ERB_713,"9/10, 9/17, 9/24",Yes,Yes,Sch of Biomedical Sciences
2026-27 Term 1,2420,SBMS,SBMS3212-,5499,"Bioinformatics, Genomics and P 生物信息學、基因組學與蛋白質組學",3.00,- Professor POON Ngar Yun Ellen,40,15,LEC,-,E,Th 02:30PM - 05:15PM,ERB_713,"10/8, 10/15, 10/22, 10/29, 11/5, 11/12, 11/19, 11/26, 12/3",Yes,Yes,Sch of Biomedical Sciences
2026-27 Term 1,2420,SBMS,SBMS3212-,5499,"Bioinformatics, Genomics and P 生物信息學、基因組學與蛋白質組學",3.00,- Professor POON Ngar Yun Ellen,40,15,TUT,-T01,E,TBA,TBA,07/09/2026 - 30/11/2026,Yes,Yes,Sch of Biomedical Sciences
2026-27 Term 1,2420,SBMS,SBMS3214-,9580,Medical Genetics 醫學遺傳學,3.00,- Professor GU Shen,25,2,LEC,-,E,Mo 03:30PM - 06:15PM,LHC_G01,"9/7, 9/14, 9/21, 9/28, 10/5, 10/12",Yes,Yes,Sch of Biomedical Sciences
2026-27 Term 1,2420,SBMS,SBMS3214-,9580,Medical Genetics 醫學遺傳學,3.00,- Professor GU Shen,25,2,LEC,-,E,Mo 03:30PM - 06:15PM,LHC_G01,"10/26, 11/2, 11/9, 11/16, 11/23, 11/30",Yes,Yes,Sch of Biomedical Sciences
2026-27 Term 1,2420,SBMS,SBMS3214-,9580,Medical Genetics 醫學遺傳學,3.00,- Professor GU Shen,25,2,OTH,-O01,E,TBA,NRR,07/09/2026 - 30/11/2026,Yes,Yes,Sch of Biomedical Sciences
2026-27 Term 1,2420,SBMS,SBMS3215-,5500,The Landscape of the Biomedica 生物醫學產業現狀,2.00,- Dr. Julia MACEDO ROSA - Professor WANG Dan,40,23,LEC,-,E,Tu 09:30AM - 11:15AM,ERB_703,"9/8, 9/15, 9/22, 9/29, 10/6, 10/13, 10/20, 10/27, 11/3, 11/10, 11/17, 11/24, 12/1",Yes,Yes,Sch of Biomedical Sciences
2026-27 Term 1,2420,SBMS,SBMS3215-,5500,The Landscape of the Biomedica 生物醫學產業現狀,2.00,- Dr. Julia MACEDO ROSA - Professor WANG Dan,40,23,PRJ,-J01,E,TBA,TBA,07/09/2026 - 30/11/2026,Yes,Yes,Sch of Biomedical Sciences
2026-27 Term 1,2420,SBMS,SBMS3216-,9581,Health Services Management 醫務衞生服務管理,2.00,- Dr. KEE Francis,40,20,LEC,-,E,We 02:30PM - 04:15PM,MMW_715,"9/9, 9/16, 9/23, 9/30, 10/7, 10/14, 10/21, 10/28, 11/4, 11/11, 11/18, 11/25, 12/2",Yes,Yes,Sch of Biomedical Sciences
2026-27 Term 1,2420,SBMS,SBMS4201-,7989,Capstone Research Project I 總結性科研項目(一),3.00,- Professor IP Pak Kan - Professor ZHAO Hui,30,16,TMC,-M01,E,TBA,NRR,07/09/2026 - 30/11/2026,Yes,Yes,Sch of Biomedical Sciences
2026-27 Term 1,2420,SBMS,SBMS4203-,7990,Biomedical Internship I 生物醫學實習(一),1.00,- Dr. YEUNG Hang Mee,30,17,PRA,-P01,E,TBA,NRR,07/09/2026 - 30/11/2026,Yes,Yes,Sch of Biomedical Sciences
2026-27 Term 1,2420,SBMS,SBMS4205-,7909,Biomedical Internship III 生物醫學實習 (三),1.00,- Dr. YEUNG Hang Mee,30,30,PRA,-P01,E,TBA,NRR,07/09/2026 - 30/11/2026,Yes,Yes,Sch of Biomedical Sciences
2026-27 Term 1,2420,SEEM,SEEM2440-,7150,Engineering Economics 工程經濟學,3.00,- Professor AHN Dohyun,90,37,LEC,-,E,Tu 04:30PM - 06:15PM,MMW_703,"9/8, 9/15, 9/22, 9/29, 10/6, 10/13, 10/20, 10/27, 11/3, 11/10, 11/17, 11/24, 12/1",Yes,Yes,Dept of Sys Engg & Engg Mgt
2026-27 Term 1,2420,SEEM,SEEM2440-,7150,Engineering Economics 工程經濟學,3.00,- Professor AHN Dohyun,90,37,LEC,-,E,Fr 10:30AM - 11:15AM,LSB_LT2,"9/11, 9/18, 9/25, 10/2, 10/9, 10/16, 10/23, 10/30, 11/6, 11/13, 11/20, 11/27, 12/4",Yes,Yes,Dept of Sys Engg & Engg Mgt
2026-27 Term 1,2420,SEEM,SEEM2440-,7150,Engineering Economics 工程經濟學,3.00,- Professor AHN Dohyun,90,37,TUT,-T01,E,TBA,TBA,07/09/2026 - 30/11/2026,Yes,Yes,Dept of Sys Engg & Engg Mgt
2026-27 Term 1,2420,SEEM,SEEM2520-,7151,Fundamentals in Financial Tech 金融工程和金融科技基礎,3.00,- Professor CHEN Nan,100,48,LEC,-,E,Th 10:30AM - 11:15AM,MMW_LT2,"9/10, 9/17, 9/24",Yes,Yes,Dept of Sys Engg & Engg Mgt
2026-27 Term 1,2420,SEEM,SEEM2520-,7151,Fundamentals in Financial Tech 金融工程和金融科技基礎,3.00,- Professor CHEN Nan,100,48,LEC,-,E,Th 10:30AM - 11:15AM,MMW_LT2,"10/8, 10/15, 10/22, 10/29, 11/5, 11/12, 11/19, 11/26, 12/3",Yes,Yes,Dept of Sys Engg & Engg Mgt
2026-27 Term 1,2420,SEEM,SEEM2520-,7151,Fundamentals in Financial Tech 金融工程和金融科技基礎,3.00,- Professor CHEN Nan,100,48,LEC,-,E,Fr 09:30AM - 11:15AM,LSB_LT5,"9/11, 9/18, 9/25, 10/2, 10/9, 10/16, 10/23, 10/30, 11/6, 11/13, 11/20, 11/27, 12/4",Yes,Yes,Dept of Sys Engg & Engg Mgt
2026-27 Term 1,2420,SEEM,SEEM2520-,7151,Fundamentals in Financial Tech 金融工程和金融科技基礎,3.00,- Professor CHEN Nan,100,48,TUT,-T01,E,TBA,TBA,07/09/2026 - 30/11/2026,Yes,Yes,Dept of Sys Engg & Engg Mgt
2026-27 Term 1,2420,SEEM,SEEM3410-,5249,System Modeling and Simulation 系統建模與模擬,3.00,- Professor LIU Weiliang,90,27,LEC,-,E,Tu 02:30PM - 04:15PM,MMW_LT2,"9/8, 9/15, 9/22, 9/29, 10/6, 10/13, 10/20, 10/27, 11/3, 11/10, 11/17, 11/24, 12/1",Yes,Yes,Dept of Sys Engg & Engg Mgt
2026-27 Term 1,2420,SEEM,SEEM3410-,5249,System Modeling and Simulation 系統建模與模擬,3.00,- Professor LIU Weiliang,90,27,LEC,-,E,Th 10:30AM - 11:15AM,CKB_LT3,"9/10, 9/17, 9/24",Yes,Yes,Dept of Sys Engg & Engg Mgt
2026-27 Term 1,2420,SEEM,SEEM3410-,5249,System Modeling and Simulation 系統建模與模擬,3.00,- Professor LIU Weiliang,90,27,LEC,-,E,Th 10:30AM - 11:15AM,CKB_LT3,"10/8, 10/15, 10/22, 10/29, 11/5, 11/12, 11/19, 11/26, 12/3",Yes,Yes,Dept of Sys Engg & Engg Mgt
2026-27 Term 1,2420,SEEM,SEEM3410-,5249,System Modeling and Simulation 系統建模與模擬,3.00,- Professor LIU Weiliang,90,27,TUT,-T01,E,TBA,TBA,07/09/2026 - 30/11/2026,Yes,Yes,Dept of Sys Engg & Engg Mgt
2026-27 Term 1,2420,SEEM,SEEM3430-,7158,Info Syst Analysis & Design 資訊系統分析及設計,3.00,- Dr. WAN Sai Chuen,40,40,LEC,-,E,Tu 03:30PM - 06:15PM,MMW_707,"9/8, 9/15, 9/22, 9/29, 10/6, 10/13, 10/20, 10/27, 11/3, 11/10, 11/17, 11/24, 12/1",,,Dept of Sys Engg & Engg Mgt
2026-27 Term 1,2420,SEEM,SEEM3430-,7158,Info Syst Analysis & Design 資訊系統分析及設計,3.00,- Dr. WAN Sai Chuen,40,40,TUT,-T01,E,TBA,TBA,07/09/2026 - 30/11/2026,,,Dept of Sys Engg & Engg Mgt
2026-27 Term 1,2420,SEEM,SEEM3440-,5331,Operations Research II 運籌學（二）,3.00,- Dr. NG Chi Kong,70,3,LEC,-,E,Mo 11:30AM - 12:15PM,SC_L5,"9/7, 9/14, 9/21, 9/28, 10/5, 10/12",Yes,Yes,Dept of Sys Engg & Engg Mgt
2026-27 Term 1,2420,SEEM,SEEM3440-,5331,Operations Research II 運籌學（二）,3.00,- Dr. NG Chi Kong,70,3,LEC,-,E,Mo 11:30AM - 12:15PM,SC_L5,"10/26, 11/2, 11/9, 11/16, 11/23, 11/30",Yes,Yes,Dept of Sys Engg & Engg Mgt
2026-27 Term 1,2420,SEEM,SEEM3440-,5331,Operations Research II 運籌學（二）,3.00,- Dr. NG Chi Kong,70,3,LEC,-,E,Th 12:30PM - 02:15PM,SC_L2,"9/10, 9/17, 9/24",Yes,Yes,Dept of Sys Engg & Engg Mgt
2026-27 Term 1,2420,SEEM,SEEM3440-,5331,Operations Research II 運籌學（二）,3.00,- Dr. NG Chi Kong,70,3,LEC,-,E,Th 12:30PM - 02:15PM,SC_L2,"10/8, 10/15, 10/22, 10/29, 11/5, 11/12, 11/19, 11/26, 12/3",Yes,Yes,Dept of Sys Engg & Engg Mgt
2026-27 Term 1,2420,SEEM,SEEM3440-,5331,Operations Research II 運籌學（二）,3.00,- Dr. NG Chi Kong,70,3,TUT,-T01,E,Th 11:30AM - 12:15PM,SC_L2,"9/10, 9/17, 9/24",Yes,Yes,Dept of Sys Engg & Engg Mgt
2026-27 Term 1,2420,SEEM,SEEM3440-,5331,Operations Research II 運籌學（二）,3.00,- Dr. NG Chi Kong,70,3,TUT,-T01,E,Th 11:30AM - 12:15PM,SC_L2,"10/8, 10/15, 10/22, 10/29, 11/5, 11/12, 11/19, 11/26, 12/3",Yes,Yes,Dept of Sys Engg & Engg Mgt
2026-27 Term 1,2420,SEEM,SEEM3590-,7156,Investment Science 投資科學,3.00,- Professor YANG Chen,100,44,LEC,-,E,Mo 01:30PM - 02:15PM,LSK_LT3,"9/7, 9/14, 9/21, 9/28, 10/5, 10/12",Yes,Yes,Dept of Sys Engg & Engg Mgt
2026-27 Term 1,2420,SEEM,SEEM3590-,7156,Investment Science 投資科學,3.00,- Professor YANG Chen,100,44,LEC,-,E,Mo 01:30PM - 02:15PM,LSK_LT3,"10/26, 11/2, 11/9, 11/16, 11/23, 11/30",Yes,Yes,Dept of Sys Engg & Engg Mgt
2026-27 Term 1,2420,SEEM,SEEM3590-,7156,Investment Science 投資科學,3.00,- Professor YANG Chen,100,44,LEC,-,E,Th 11:30AM - 01:15PM,TYW_LT,"9/10, 9/17, 9/24",Yes,Yes,Dept of Sys Engg & Engg Mgt
2026-27 Term 1,2420,SEEM,SEEM3590-,7156,Investment Science 投資科學,3.00,- Professor YANG Chen,100,44,LEC,-,E,Th 11:30AM - 01:15PM,TYW_LT,"10/8, 10/15, 10/22, 10/29, 11/5, 11/12, 11/19, 11/26, 12/3",Yes,Yes,Dept of Sys Engg & Engg Mgt
2026-27 Term 1,2420,SEEM,SEEM3590-,7156,Investment Science 投資科學,3.00,- Professor YANG Chen,100,44,TUT,-T01,E,TBA,TBA,07/09/2026 - 30/11/2026,Yes,Yes,Dept of Sys Engg & Engg Mgt
2026-27 Term 1,2420,SEEM,SEEM3630-,7157,Service Management 服務營運的管理,3.00,- Dr. HO Sin Cheung,45,45,LEC,-,E,Mo 12:30PM - 01:15PM,ERB_401,"9/7, 9/14, 9/21, 9/28, 10/5, 10/12",,,Dept of Sys Engg & Engg Mgt
2026-27 Term 1,2420,SEEM,SEEM3630-,7157,Service Management 服務營運的管理,3.00,- Dr. HO Sin Cheung,45,45,LEC,-,E,Mo 12:30PM - 01:15PM,ERB_401,"10/26, 11/2, 11/9, 11/16, 11/23, 11/30",,,Dept of Sys Engg & Engg Mgt
2026-27 Term 1,2420,SEEM,SEEM3630-,7157,Service Management 服務營運的管理,3.00,- Dr. HO Sin Cheung,45,45,LEC,-,E,We 12:30PM - 02:15PM,WMY_306,"9/9, 9/16, 9/23, 9/30, 10/7, 10/14, 10/21, 10/28, 11/4, 11/11, 11/18, 11/25, 12/2",,,Dept of Sys Engg & Engg Mgt
2026-27 Term 1,2420,SEEM,SEEM3630-,7157,Service Management 服務營運的管理,3.00,- Dr. HO Sin Cheung,45,45,TUT,-T01,E,TBA,TBA,07/09/2026 - 30/11/2026,,,Dept of Sys Engg & Engg Mgt
2026-27 Term 1,2420,SEEM,SEEM3680-,8777,Techno Consulting in Practice 實用科技諮詢及分析,3.00,- Professor MENG Mei Ling Helen,52,52,LEC,-,E,We 03:30PM - 05:15PM,ERB_804,"9/9, 9/16, 9/23, 9/30, 10/7, 10/14, 10/21, 10/28, 11/4, 11/11, 11/18, 11/25, 12/2",,,Dept of Sys Engg & Engg Mgt
2026-27 Term 1,2420,SEEM,SEEM3680-,8777,Techno Consulting in Practice 實用科技諮詢及分析,3.00,- Professor MENG Mei Ling Helen,52,52,LEC,-,E,Th 02:30PM - 03:15PM,ERB_602,"9/10, 9/17, 9/24",,,Dept of Sys Engg & Engg Mgt
2026-27 Term 1,2420,SEEM,SEEM3680-,8777,Techno Consulting in Practice 實用科技諮詢及分析,3.00,- Professor MENG Mei Ling Helen,52,52,LEC,-,E,Th 02:30PM - 03:15PM,ERB_602,"10/8, 10/15, 10/22, 10/29, 11/5, 11/12, 11/19, 11/26, 12/3",,,Dept of Sys Engg & Engg Mgt
2026-27 Term 1,2420,SEEM,SEEM3680-,8777,Techno Consulting in Practice 實用科技諮詢及分析,3.00,- Professor MENG Mei Ling Helen,52,52,TUT,-T01,E,TBA,TBA,07/09/2026 - 30/11/2026,,,Dept of Sys Engg & Engg Mgt
2026-27 Term 1,2420,SEEM,SEEM4630-,7001,E-Commerce Data Mining 電子商務數據採集和分析,3.00,- Professor LAM Wai,55,55,LEC,-,E,Tu 10:30AM - 12:15PM,BMS_LT,"9/8, 9/15, 9/22, 9/29, 10/6, 10/13, 10/20, 10/27, 11/3, 11/10, 11/17, 11/24, 12/1",,,Dept of Sys Engg & Engg Mgt
2026-27 Term 1,2420,SEEM,SEEM4630-,7001,E-Commerce Data Mining 電子商務數據採集和分析,3.00,- Professor LAM Wai,55,55,LEC,-,E,We 02:30PM - 03:15PM,ERB_804,"9/9, 9/16, 9/23, 9/30, 10/7, 10/14, 10/21, 10/28, 11/4, 11/11, 11/18, 11/25, 12/2",,,Dept of Sys Engg & Engg Mgt
2026-27 Term 1,2420,SEEM,SEEM4630-,7001,E-Commerce Data Mining 電子商務數據採集和分析,3.00,- Professor LAM Wai,55,55,TUT,-T01,E,TBA,TBA,07/09/2026 - 30/11/2026,,,Dept of Sys Engg & Engg Mgt
2026-27 Term 1,2420,SEEM,SEEM4750-,7159,Advances in LSCM 高級物流與供應鏈管理,3.00,- Dr. HO Sin Cheung,42,42,LEC,-,E,Mo 03:30PM - 04:15PM,ERB_804,"9/7, 9/14, 9/21, 9/28, 10/5, 10/12",,,Dept of Sys Engg & Engg Mgt
2026-27 Term 1,2420,SEEM,SEEM4750-,7159,Advances in LSCM 高級物流與供應鏈管理,3.00,- Dr. HO Sin Cheung,42,42,LEC,-,E,Mo 03:30PM - 04:15PM,ERB_804,"10/26, 11/2, 11/9, 11/16, 11/23, 11/30",,,Dept of Sys Engg & Engg Mgt
2026-27 Term 1,2420,SEEM,SEEM4750-,7159,Advances in LSCM 高級物流與供應鏈管理,3.00,- Dr. HO Sin Cheung,42,42,LEC,-,E,Th 03:30PM - 05:15PM,ERB_703,"9/10, 9/17, 9/24",,,Dept of Sys Engg & Engg Mgt
2026-27 Term 1,2420,SEEM,SEEM4750-,7159,Advances in LSCM 高級物流與供應鏈管理,3.00,- Dr. HO Sin Cheung,42,42,LEC,-,E,Th 03:30PM - 05:15PM,ERB_703,"10/8, 10/15, 10/22, 10/29, 11/5, 11/12, 11/19, 11/26, 12/3",,,Dept of Sys Engg & Engg Mgt
2026-27 Term 1,2420,SEEM,SEEM4750-,7159,Advances in LSCM 高級物流與供應鏈管理,3.00,- Dr. HO Sin Cheung,42,42,TUT,-T01,E,TBA,TBA,07/09/2026 - 30/11/2026,,,Dept of Sys Engg & Engg Mgt
2026-27 Term 1,2420,SEEM,SEEM4760-,5184,Stoc Models for Decision Anal 決策分析中的隨機模型,3.00,- Professor HE Xuedong,35,28,LEC,-,E,Mo 09:30AM - 11:15AM,ERB_712,"9/7, 9/14, 9/21, 9/28, 10/5, 10/12",,,Dept of Sys Engg & Engg Mgt
2026-27 Term 1,2420,SEEM,SEEM4760-,5184,Stoc Models for Decision Anal 決策分析中的隨機模型,3.00,- Professor HE Xuedong,35,28,LEC,-,E,Mo 09:30AM - 11:15AM,ERB_712,"10/26, 11/2, 11/9, 11/16, 11/23, 11/30",,,Dept of Sys Engg & Engg Mgt
2026-27 Term 1,2420,SEEM,SEEM4760-,5184,Stoc Models for Decision Anal 決策分析中的隨機模型,3.00,- Professor HE Xuedong,35,28,LEC,-,E,We 10:30AM - 11:15AM,WMY_405,"9/9, 9/16, 9/23, 9/30, 10/7, 10/14, 10/21, 10/28, 11/4, 11/11, 11/18, 11/25, 12/2",,,Dept of Sys Engg & Engg Mgt
2026-27 Term 1,2420,SEEM,SEEM4760-,5184,Stoc Models for Decision Anal 決策分析中的隨機模型,3.00,- Professor HE Xuedong,35,28,TUT,-T01,E,TBA,TBA,07/09/2026 - 30/11/2026,,,Dept of Sys Engg & Engg Mgt
2026-27 Term 1,2420,SEEM,SEEM4998A,6561,Final Year Project I 畢業專題研究（一）,3.00,- Professor CHAN Chun Kwong,3,0,PRJ,AJ01,E,TBA,NRR,07/09/2026 - 30/11/2026,Yes,Yes,Dept of Sys Engg & Engg Mgt
2026-27 Term 1,2420,SEEM,SEEM4998B,6577,Final Year Project I 畢業專題研究（一）,3.00,- Professor CHAN Chun Kwong,3,0,PRJ,BJ01,E,TBA,NRR,07/09/2026 - 30/11/2026,Yes,Yes,Dept of Sys Engg & Engg Mgt
2026-27 Term 1,2420,SEEM,SEEM4998C,6578,Final Year Project I 畢業專題研究（一）,3.00,- Professor SO Man Cho,3,0,PRJ,CJ01,E,TBA,NRR,07/09/2026 - 30/11/2026,Yes,Yes,Dept of Sys Engg & Engg Mgt
2026-27 Term 1,2420,SEEM,SEEM4998D,6579,Final Year Project I 畢業專題研究（一）,3.00,- Professor LIU Weiliang,3,0,PRJ,DJ01,E,TBA,NRR,07/09/2026 - 30/11/2026,Yes,Yes,Dept of Sys Engg & Engg Mgt
2026-27 Term 1,2420,SEEM,SEEM4998E,6234,Final Year Project I 畢業專題研究（一）,3.00,- Professor JIA Yanwei,3,1,PRJ,EJ01,E,TBA,NRR,07/09/2026 - 30/11/2026,Yes,Yes,Dept of Sys Engg & Engg Mgt
2026-27 Term 1,2420,SEEM,SEEM4998F,8112,Final Year Project I 畢業專題研究（一）,3.00,- Professor WU Xixin,3,1,PRJ,FJ01,E,TBA,NRR,07/09/2026 - 30/11/2026,Yes,Yes,Dept of Sys Engg & Engg Mgt
2026-27 Term 1,2420,SEEM,SEEM4998G,6581,Final Year Project I 畢業專題研究（一）,3.00,- Professor JIA Yanwei,3,0,PRJ,GJ01,E,TBA,NRR,07/09/2026 - 30/11/2026,Yes,Yes,Dept of Sys Engg & Engg Mgt
2026-27 Term 1,2420,SEEM,SEEM4998H,6582,Final Year Project I 畢業專題研究（一）,3.00,- Professor WU Xixin,3,2,PRJ,HJ01,E,TBA,NRR,07/09/2026 - 30/11/2026,Yes,Yes,Dept of Sys Engg & Engg Mgt
2026-27 Term 1,2420,SEEM,SEEM4998I,6583,Final Year Project I 畢業專題研究（一）,3.00,- Professor NGUYEN Viet Anh,3,2,PRJ,IJ01,E,TBA,NRR,07/09/2026 - 30/11/2026,Yes,Yes,Dept of Sys Engg & Engg Mgt
2026-27 Term 1,2420,SEEM,SEEM4998J,6584,Final Year Project I 畢業專題研究（一）,3.00,- Professor LAM Wai,3,1,PRJ,JJ01,E,TBA,NRR,07/09/2026 - 30/11/2026,Yes,Yes,Dept of Sys Engg & Engg Mgt
2026-27 Term 1,2420,SEEM,SEEM4998K,6585,Final Year Project I 畢業專題研究（一）,3.00,- Professor NGUYEN Viet Anh,3,0,PRJ,KJ01,E,TBA,NRR,07/09/2026 - 30/11/2026,Yes,Yes,Dept of Sys Engg & Engg Mgt
2026-27 Term 1,2420,SEEM,SEEM4998L,6314,Final Year Project I 畢業專題研究（一）,3.00,- Professor SO Man Cho,3,1,PRJ,LJ01,E,TBA,NRR,07/09/2026 - 30/11/2026,Yes,Yes,Dept of Sys Engg & Engg Mgt
2026-27 Term 1,2420,SEEM,SEEM4998M,8017,Final Year Project I 畢業專題研究（一）,3.00,- Professor CHAN Chun Kwong,3,0,PRJ,MJ01,E,TBA,NRR,07/09/2026 - 30/11/2026,Yes,Yes,Dept of Sys Engg & Engg Mgt
2026-27 Term 1,2420,SEEM,SEEM4998N,6315,Final Year Project I 畢業專題研究（一）,3.00,- Professor CHAN Chun Kwong,3,0,PRJ,NJ01,E,TBA,NRR,07/09/2026 - 30/11/2026,Yes,Yes,Dept of Sys Engg & Engg Mgt
2026-27 Term 1,2420,SEEM,SEEM4998O,8113,Final Year Project I 畢業專題研究（一）,3.00,- Professor NGUYEN Viet Anh,3,1,PRJ,OJ01,E,TBA,NRR,07/09/2026 - 30/11/2026,Yes,Yes,Dept of Sys Engg & Engg Mgt
2026-27 Term 1,2420,SEEM,SEEM4998P,8114,Final Year Project I 畢業專題研究（一）,3.00,- Professor WONG Kam Fai William,3,1,PRJ,PJ01,E,TBA,NRR,07/09/2026 - 30/11/2026,Yes,Yes,Dept of Sys Engg & Engg Mgt
2026-27 Term 1,2420,SEEM,SEEM4998Q,8115,Final Year Project I 畢業專題研究（一）,3.00,- Dr. NG Chi Kong,3,1,PRJ,QJ01,E,TBA,NRR,07/09/2026 - 30/11/2026,Yes,Yes,Dept of Sys Engg & Engg Mgt
2026-27 Term 1,2420,SEEM,SEEM4998R,8116,Final Year Project I 畢業專題研究（一）,3.00,- Professor MENG Mei Ling Helen,3,2,PRJ,RJ01,E,TBA,NRR,07/09/2026 - 30/11/2026,Yes,Yes,Dept of Sys Engg & Engg Mgt
2026-27 Term 1,2420,SEEM,SEEM4998S,8178,Final Year Project I 畢業專題研究（一）,3.00,- Professor CHEN Nan,3,0,PRJ,SJ01,E,TBA,NRR,07/09/2026 - 30/11/2026,Yes,Yes,Dept of Sys Engg & Engg Mgt
2026-27 Term 1,2420,SEEM,SEEM4998T,8179,Final Year Project I 畢業專題研究（一）,3.00,- Professor MENG Mei Ling Helen,3,1,PRJ,TJ01,E,TBA,NRR,07/09/2026 - 30/11/2026,Yes,Yes,Dept of Sys Engg & Engg Mgt
2026-27 Term 1,2420,SEEM,SEEM4998U,5057,Final Year Project I 畢業專題研究（一）,3.00,- Professor LI Lingfei,3,0,PRJ,UJ01,E,TBA,NRR,07/09/2026 - 30/11/2026,Yes,Yes,Dept of Sys Engg & Engg Mgt
2026-27 Term 1,2420,SEEM,SEEM4999BA,5060,Final Year Project II 畢業專題研究（二）,3.00,- Dr. HO Sin Cheung,3,2,PRJ,BAJ1,E,TBA,NRR,07/09/2026 - 30/11/2026,Yes,Yes,Dept of Sys Engg & Engg Mgt
2026-27 Term 1,2420,SOCI,SOCI1001A,8531,Introduction to Sociology 社會學導論,3.00,- Dr. LAU Siu Lun,120,118,LEC,A,E,Tu 08:30AM - 10:15AM,YIA_LT4,"9/8, 9/15, 9/22, 9/29, 10/6, 10/13, 10/20, 10/27, 11/3, 11/10, 11/17, 11/24, 12/1",,Yes,Dept of Sociology
2026-27 Term 1,2420,SOCI,SOCI1001A,8531,Introduction to Sociology 社會學導論,3.00,- Dr. LAU Siu Lun,120,118,TUT,AT01,E,TBA,NRR,07/09/2026 - 30/11/2026,,Yes,Dept of Sociology
2026-27 Term 1,2420,SOCI,SOCI1002A,8314,Approaching Sociology 社會學入門,3.00,- Professor CHOI Yuk Ping,40,37,SEM,AS01,E,Th 09:30AM - 12:15PM,CKB_706B,"9/10, 9/17, 9/24",Yes,Yes,Dept of Sociology
2026-27 Term 1,2420,SOCI,SOCI1002A,8314,Approaching Sociology 社會學入門,3.00,- Professor CHOI Yuk Ping,40,37,SEM,AS01,E,Th 09:30AM - 12:15PM,CKB_706B,"10/8, 10/15, 10/22, 10/29, 11/5, 11/12, 11/19, 11/26, 12/3",Yes,Yes,Dept of Sociology
2026-27 Term 1,2420,SOCI,SOCI1002B,8312,Approaching Sociology 社會學入門,3.00,- Professor HE Qian,40,36,SEM,BS01,E,Th 09:30AM - 12:15PM,CKB_123,"9/10, 9/17, 9/24",Yes,Yes,Dept of Sociology
2026-27 Term 1,2420,SOCI,SOCI1002B,8312,Approaching Sociology 社會學入門,3.00,- Professor HE Qian,40,36,SEM,BS01,E,Th 09:30AM - 12:15PM,CKB_123,"10/8, 10/15, 10/22, 10/29, 11/5, 11/12, 11/19, 11/26, 12/3",Yes,Yes,Dept of Sociology
2026-27 Term 1,2420,SOCI,SOCI1002C,5935,Approaching Sociology 社會學入門,3.00,- Professor ZHONG Hua,40,36,SEM,CS01,E,Th 09:30AM - 12:15PM,SB_239,"9/10, 9/17, 9/24",Yes,Yes,Dept of Sociology
2026-27 Term 1,2420,SOCI,SOCI1002C,5935,Approaching Sociology 社會學入門,3.00,- Professor ZHONG Hua,40,36,SEM,CS01,E,Th 09:30AM - 12:15PM,SB_239,"10/8, 10/15, 10/22, 10/29, 11/5, 11/12, 11/19, 11/26, 12/3",Yes,Yes,Dept of Sociology
2026-27 Term 1,2420,SOCI,SOCI2003-,5260,Social Research Methods 社會研究法,3.00,- Dr. LI Hang,80,80,LEC,-,E,We 04:30PM - 06:15PM,SB_LT2,"9/9, 9/16, 9/23, 9/30, 10/7, 10/14, 10/21, 10/28, 11/4, 11/11, 11/18, 11/25, 12/2",,,Dept of Sociology
2026-27 Term 1,2420,SOCI,SOCI2003-,5260,Social Research Methods 社會研究法,3.00,- Dr. LI Hang,80,80,TUT,-T01,E,TBA,NRR,07/09/2026 - 30/11/2026,,,Dept of Sociology
2026-27 Term 1,2420,SOCI,SOCI2106-,5237,Eco Ref'm & Soc Impacts in Chi 中國的經濟改革與社會影響,3.00,- Professor ZHU Ling,60,60,LEC,-,E,Tu 04:30PM - 06:15PM,ELB_LT3,"9/8, 9/15, 9/22, 9/29, 10/6, 10/13, 10/20, 10/27, 11/3, 11/10, 11/17, 11/24, 12/1",,,Dept of Sociology
2026-27 Term 1,2420,SOCI,SOCI2106-,5237,Eco Ref'm & Soc Impacts in Chi 中國的經濟改革與社會影響,3.00,- Professor ZHU Ling,60,60,TUT,-T01,E,TBA,NRR,07/09/2026 - 30/11/2026,,,Dept of Sociology
2026-27 Term 1,2420,SOCI,SOCI2208-,5044,Urban Sociology 都市社會學,3.00,- Dr. LI Hang,80,80,LEC,-,E,Th 04:30PM - 06:15PM,ELB_LT4,"9/10, 9/17, 9/24",,,Dept of Sociology
2026-27 Term 1,2420,SOCI,SOCI2208-,5044,Urban Sociology 都市社會學,3.00,- Dr. LI Hang,80,80,LEC,-,E,Th 04:30PM - 06:15PM,ELB_LT4,"10/8, 10/15, 10/22, 10/29, 11/5, 11/12, 11/19, 11/26, 12/3",,,Dept of Sociology
2026-27 Term 1,2420,SOCI,SOCI2208-,5044,Urban Sociology 都市社會學,3.00,- Dr. LI Hang,80,80,TUT,-T01,E,TBA,NRR,07/09/2026 - 30/11/2026,,,Dept of Sociology
2026-27 Term 1,2420,SOCI,SOCI3002-,8235,Social Stratification 社會分層,3.00,- Professor HE Qian,80,80,LEC,-,E,Tu 10:30AM - 12:15PM,YIA_LT7,"9/8, 9/15, 9/22, 9/29, 10/6, 10/13, 10/20, 10/27, 11/3, 11/10, 11/17, 11/24, 12/1",,,Dept of Sociology
2026-27 Term 1,2420,SOCI,SOCI3002-,8235,Social Stratification 社會分層,3.00,- Professor HE Qian,80,80,TUT,-T01,E,TBA,NRR,07/09/2026 - 30/11/2026,,,Dept of Sociology
2026-27 Term 1,2420,SOCI,SOCI3102-,5246,Soc Networks & Soc Capital 社會網絡與社會資本,3.00,- Professor LEE Jaemin,60,60,LEC,-,E,Tu 02:30PM - 04:15PM,LSB_C2,"9/8, 9/15, 9/22, 9/29, 10/6, 10/13, 10/20, 10/27, 11/3, 11/10, 11/17, 11/24, 12/1",,,Dept of Sociology
2026-27 Term 1,2420,SOCI,SOCI3102-,5246,Soc Networks & Soc Capital 社會網絡與社會資本,3.00,- Professor LEE Jaemin,60,60,TUT,-T01,E,TBA,NRR,07/09/2026 - 30/11/2026,,,Dept of Sociology
2026-27 Term 1,2420,SOCI,SOCI3208-,7012,Gender and Society 性別與社會,3.00,- Professor CHOI Yuk Ping,60,60,LEC,-,E,Mo 02:30PM - 04:15PM,CKB_109,"9/7, 9/14, 9/21, 9/28, 10/5, 10/12",,,Dept of Sociology
2026-27 Term 1,2420,SOCI,SOCI3208-,7012,Gender and Society 性別與社會,3.00,- Professor CHOI Yuk Ping,60,60,LEC,-,E,Mo 02:30PM - 04:15PM,CKB_109,"10/26, 11/2, 11/9, 11/16, 11/23, 11/30",,,Dept of Sociology
2026-27 Term 1,2420,SOCI,SOCI3208-,7012,Gender and Society 性別與社會,3.00,- Professor CHOI Yuk Ping,60,60,TUT,-T01,E,TBA,NRR,07/09/2026 - 30/11/2026,,,Dept of Sociology
2026-27 Term 1,2420,SOCI,SOCI3223-,5234,Contemporary Soci Theory 當代社會學理論,3.00,- Professor CHAN Hoi Man,80,80,LEC,-,E,Mo 04:30PM - 06:15PM,CKB_LT3,"9/7, 9/14, 9/21, 9/28, 10/5, 10/12",,,Dept of Sociology
2026-27 Term 1,2420,SOCI,SOCI3223-,5234,Contemporary Soci Theory 當代社會學理論,3.00,- Professor CHAN Hoi Man,80,80,LEC,-,E,Mo 04:30PM - 06:15PM,CKB_LT3,"10/26, 11/2, 11/9, 11/16, 11/23, 11/30",,,Dept of Sociology
2026-27 Term 1,2420,SOCI,SOCI3223-,5234,Contemporary Soci Theory 當代社會學理論,3.00,- Professor CHAN Hoi Man,80,80,TUT,-T01,E,TBA,NRR,07/09/2026 - 30/11/2026,,,Dept of Sociology
2026-27 Term 1,2420,SOCI,SOCI3238-,7668,Digital Sociology 數位社會學,3.00,- Professor LEE Jaemin,60,60,LEC,-,E,Mo 09:30AM - 11:15AM,CKB_109,"9/7, 9/14, 9/21, 9/28, 10/5, 10/12",,,Dept of Sociology
2026-27 Term 1,2420,SOCI,SOCI3238-,7668,Digital Sociology 數位社會學,3.00,- Professor LEE Jaemin,60,60,LEC,-,E,Mo 09:30AM - 11:15AM,CKB_109,"10/26, 11/2, 11/9, 11/16, 11/23, 11/30",,,Dept of Sociology
2026-27 Term 1,2420,SOCI,SOCI3238-,7668,Digital Sociology 數位社會學,3.00,- Professor LEE Jaemin,60,60,TUT,-T01,E,TBA,NRR,07/09/2026 - 30/11/2026,,,Dept of Sociology
2026-27 Term 1,2420,SOCI,SOCI3240-,5152,Sociology of Science 科學社會學,3.00,- Professor HAN Siqi,60,60,LEC,-,E,We 02:30PM - 04:15PM,YIA_505,"9/9, 9/16, 9/23, 9/30, 10/7, 10/14, 10/21, 10/28, 11/4, 11/11, 11/18, 11/25, 12/2",,,Dept of Sociology
2026-27 Term 1,2420,SOCI,SOCI3240-,5152,Sociology of Science 科學社會學,3.00,- Professor HAN Siqi,60,60,TUT,-T01,E,TBA,NRR,07/09/2026 - 30/11/2026,,,Dept of Sociology
2026-27 Term 1,2420,SOCI,SOCI3241-,7450,Intro. to Global Sociology 全球社會學導論,3.00,- Professor SUN Jin,60,60,LEC,-,E,Th 01:30PM - 04:15PM,WMY_507,"9/10, 9/17, 9/24",,,Dept of Sociology
2026-27 Term 1,2420,SOCI,SOCI3241-,7450,Intro. to Global Sociology 全球社會學導論,3.00,- Professor SUN Jin,60,60,LEC,-,E,Th 01:30PM - 04:15PM,WMY_507,"10/8, 10/15, 10/22, 10/29, 11/5, 11/12, 11/19, 11/26, 12/3",,,Dept of Sociology
2026-27 Term 1,2420,SOCI,SOCI3242-,5263,Crime and Social Control 全球化下的罪案及社會控制,3.00,- Professor NG Ka Sing David,80,80,LEC,-,E,Th 11:30AM - 01:15PM,SB_LT2,"9/10, 9/17, 9/24",,,Dept of Sociology
2026-27 Term 1,2420,SOCI,SOCI3242-,5263,Crime and Social Control 全球化下的罪案及社會控制,3.00,- Professor NG Ka Sing David,80,80,LEC,-,E,Th 11:30AM - 01:15PM,SB_LT2,"10/8, 10/15, 10/22, 10/29, 11/5, 11/12, 11/19, 11/26, 12/3",,,Dept of Sociology
2026-27 Term 1,2420,SOCI,SOCI3242-,5263,Crime and Social Control 全球化下的罪案及社會控制,3.00,- Professor NG Ka Sing David,80,80,TUT,-T01,E,TBA,NRR,07/09/2026 - 30/11/2026,,,Dept of Sociology
2026-27 Term 1,2420,SOCI,SOCI4010A,9093,Graduation Thesis I 畢業論文（一）,3.00,- Professor HAN Siqi,25,0,OTH,AO01,E,Fr 08:30AM - 11:15AM,WMY_302,"9/11, 9/18, 9/25, 10/2, 10/9, 10/16, 10/23, 10/30, 11/6, 11/13, 11/20, 11/27, 12/4",Yes,Yes,Dept of Sociology
2026-27 Term 1,2420,SOCI,SOCI4010B,8221,Graduation Thesis I 畢業論文（一）,3.00,- Professor SHEN Wensong,25,4,OTH,BO01,E,Fr 08:30AM - 11:15AM,WMY_501,"9/11, 9/18, 9/25, 10/2, 10/9, 10/16, 10/23, 10/30, 11/6, 11/13, 11/20, 11/27, 12/4",Yes,Yes,Dept of Sociology
2026-27 Term 1,2420,SOCI,SOCI4010C,9094,Graduation Thesis I 畢業論文（一）,3.00,- Professor TONG Yuying,25,3,OTH,CO01,E,Fr 08:30AM - 11:15AM,WMY_401,"9/11, 9/18, 9/25, 10/2, 10/9, 10/16, 10/23, 10/30, 11/6, 11/13, 11/20, 11/27, 12/4",Yes,Yes,Dept of Sociology
2026-27 Term 1,2420,SOCI,SOCI4211-,9564,Sociology Internship 社會學實習,3.00,- Dr. LEE King Wa,20,20,OTH,-O01,E,We 09:30AM - 12:15PM,YIA_511,"9/9, 9/16, 9/23, 9/30, 10/7, 10/14, 10/21, 10/28, 11/4, 11/11, 11/18, 11/25, 12/2",,,Dept of Sociology
2026-27 Term 1,2420,SOCI,SOCI4410A,7998,Directed Studies I 輔導研習（一）,3.00,- Staff,10,10,PRJ,AJ01,C,TBA,NRR,07/09/2026 - 30/11/2026,Yes,Yes,Dept of Sociology
2026-27 Term 1,2420,SOCI,SOCI4420A,7997,Directed Studies II 輔導研習（二）,3.00,- Staff,10,10,PRJ,AJ01,C,TBA,NRR,07/09/2026 - 30/11/2026,Yes,Yes,Dept of Sociology
2026-27 Term 1,2420,SOSC,SOSC1001-,4773,"Design Thinking, Social Innov. 社會創新中的「設計思維」",3.00,- Miss KO Kar Yeung Rina,30,30,LEC,-,E,Tu 02:30PM - 04:15PM,ELB_401,"9/8, 9/15, 9/22, 9/29, 10/6, 10/13, 10/20, 10/27, 11/3, 11/10, 11/17, 11/24, 12/1",,,Fac Office of Social Science
2026-27 Term 1,2420,SOSC,SOSC1001-,4773,"Design Thinking, Social Innov. 社會創新中的「設計思維」",3.00,- Miss KO Kar Yeung Rina,30,30,TUT,-T01,E,Tu 04:30PM - 05:15PM,ELB_401,"9/8, 9/15, 9/22, 9/29, 10/6, 10/13, 10/20, 10/27, 11/3, 11/10, 11/17, 11/24, 12/1",,,Fac Office of Social Science
2026-27 Term 1,2420,SOSC,SOSC1003A,8223,Introduction to Art Tech DI 自動化與互動設計,3.00,- Dr. LEE Ching,30,30,LEC,A,C,Th 02:30PM - 04:15PM,YIA_507,"9/10, 9/17, 9/24",,,Fac Office of Social Science
2026-27 Term 1,2420,SOSC,SOSC1003A,8223,Introduction to Art Tech DI 自動化與互動設計,3.00,- Dr. LEE Ching,30,30,LEC,A,C,Th 02:30PM - 04:15PM,YIA_507,"10/8, 10/15, 10/22, 10/29, 11/5, 11/12, 11/19, 11/26, 12/3",,,Fac Office of Social Science
2026-27 Term 1,2420,SOSC,SOSC1003A,8223,Introduction to Art Tech DI 自動化與互動設計,3.00,- Dr. LEE Ching,30,30,TUT,AT01,C,Th 04:30PM - 05:15PM,YIA_507,"9/10, 9/17, 9/24",,,Fac Office of Social Science
2026-27 Term 1,2420,SOSC,SOSC1003A,8223,Introduction to Art Tech DI 自動化與互動設計,3.00,- Dr. LEE Ching,30,30,TUT,AT01,C,Th 04:30PM - 05:15PM,YIA_507,"10/8, 10/15, 10/22, 10/29, 11/5, 11/12, 11/19, 11/26, 12/3",,,Fac Office of Social Science
2026-27 Term 1,2420,SOSC,SOSC4001-,6500,ASK Project I 同創專題習作（一）,3.00,- Dr. ZHAO Yukun,30,30,PRJ,-J01,E,TBA,NRR,07/09/2026 - 30/11/2026,Yes,Yes,Fac Office of Social Science
2026-27 Term 1,2420,SOSC,SOSC4002-,8082,ASK Project II 同創專題習作（二）,3.00,- Dr. ZHAO Yukun,30,29,PRJ,-J01,E,TBA,NRR,07/09/2026 - 30/11/2026,Yes,Yes,Fac Office of Social Science
2026-27 Term 1,2420,SOSC,SOSC4010-,6072,ASK Internship I 同創實習（一）,3.00,- Dr. ZHAO Yukun,30,25,PRA,-P01,E,TBA,NRR,07/09/2026 - 30/11/2026,Yes,Yes,Fac Office of Social Science
2026-27 Term 1,2420,SOWK,SOWK1001A,5991,Intro to Soc Wk & Soc Wel 社會工作及社會福利導論,3.00,- Dr. Raees Begum BAIG,54,53,LEC,A,E,Tu 01:30PM - 03:15PM,ARC_G04,"9/8, 9/15, 9/22, 9/29, 10/6, 10/13, 10/20, 10/27, 11/3, 11/10, 11/17, 11/24, 12/1",Yes,Yes,Dept of Social Work
2026-27 Term 1,2420,SOWK,SOWK1001A,5991,Intro to Soc Wk & Soc Wel 社會工作及社會福利導論,3.00,- Dr. Raees Begum BAIG,18,17,TUT,AT01,E,Tu 03:30PM - 05:15PM,YIA_504,9/15,Yes,Yes,Dept of Social Work
2026-27 Term 1,2420,SOWK,SOWK1001A,5991,Intro to Soc Wk & Soc Wel 社會工作及社會福利導論,3.00,- Dr. Raees Begum BAIG,18,17,TUT,AT01,E,Tu 03:30PM - 05:15PM,YIA_504,9/29,Yes,Yes,Dept of Social Work
2026-27 Term 1,2420,SOWK,SOWK1001A,5991,Intro to Soc Wk & Soc Wel 社會工作及社會福利導論,3.00,- Dr. Raees Begum BAIG,18,17,TUT,AT01,E,Tu 03:30PM - 05:15PM,YIA_504,10/13,Yes,Yes,Dept of Social Work
2026-27 Term 1,2420,SOWK,SOWK1001A,5991,Intro to Soc Wk & Soc Wel 社會工作及社會福利導論,3.00,- Dr. Raees Begum BAIG,18,17,TUT,AT01,E,Tu 03:30PM - 05:15PM,YIA_504,10/27,Yes,Yes,Dept of Social Work
2026-27 Term 1,2420,SOWK,SOWK1001A,5991,Intro to Soc Wk & Soc Wel 社會工作及社會福利導論,3.00,- Dr. Raees Begum BAIG,18,17,TUT,AT01,E,Tu 03:30PM - 05:15PM,YIA_504,11/10,Yes,Yes,Dept of Social Work
2026-27 Term 1,2420,SOWK,SOWK1001A,5991,Intro to Soc Wk & Soc Wel 社會工作及社會福利導論,3.00,- Dr. Raees Begum BAIG,18,17,TUT,AT01,E,Tu 03:30PM - 05:15PM,YIA_504,11/24,Yes,Yes,Dept of Social Work
2026-27 Term 1,2420,SOWK,SOWK1001A,5991,Intro to Soc Wk & Soc Wel 社會工作及社會福利導論,3.00,- Dr. Raees Begum BAIG,18,18,TUT,AT02,E,Tu 03:30PM - 05:15PM,YIA_504,9/22,Yes,Yes,Dept of Social Work
2026-27 Term 1,2420,SOWK,SOWK1001A,5991,Intro to Soc Wk & Soc Wel 社會工作及社會福利導論,3.00,- Dr. Raees Begum BAIG,18,18,TUT,AT02,E,Tu 03:30PM - 05:15PM,YIA_504,10/6,Yes,Yes,Dept of Social Work
2026-27 Term 1,2420,SOWK,SOWK1001A,5991,Intro to Soc Wk & Soc Wel 社會工作及社會福利導論,3.00,- Dr. Raees Begum BAIG,18,18,TUT,AT02,E,Tu 03:30PM - 05:15PM,YIA_504,10/20,Yes,Yes,Dept of Social Work
2026-27 Term 1,2420,SOWK,SOWK1001A,5991,Intro to Soc Wk & Soc Wel 社會工作及社會福利導論,3.00,- Dr. Raees Begum BAIG,18,18,TUT,AT02,E,Tu 03:30PM - 05:15PM,YIA_504,11/3,Yes,Yes,Dept of Social Work
2026-27 Term 1,2420,SOWK,SOWK1001A,5991,Intro to Soc Wk & Soc Wel 社會工作及社會福利導論,3.00,- Dr. Raees Begum BAIG,18,18,TUT,AT02,E,Tu 03:30PM - 05:15PM,YIA_504,11/17,Yes,Yes,Dept of Social Work
2026-27 Term 1,2420,SOWK,SOWK1001A,5991,Intro to Soc Wk & Soc Wel 社會工作及社會福利導論,3.00,- Dr. Raees Begum BAIG,18,18,TUT,AT02,E,Tu 03:30PM - 05:15PM,YIA_504,12/1,Yes,Yes,Dept of Social Work
2026-27 Term 1,2420,SOWK,SOWK1001A,5991,Intro to Soc Wk & Soc Wel 社會工作及社會福利導論,3.00,- Dr. Raees Begum BAIG,18,18,TUT,AT03,E,Th 02:30PM - 04:15PM,FYB_107A,9/17,Yes,Yes,Dept of Social Work
2026-27 Term 1,2420,SOWK,SOWK1001A,5991,Intro to Soc Wk & Soc Wel 社會工作及社會福利導論,3.00,- Dr. Raees Begum BAIG,18,18,TUT,AT03,E,Th 02:30PM - 04:15PM,FYB_107A,10/15,Yes,Yes,Dept of Social Work
2026-27 Term 1,2420,SOWK,SOWK1001A,5991,Intro to Soc Wk & Soc Wel 社會工作及社會福利導論,3.00,- Dr. Raees Begum BAIG,18,18,TUT,AT03,E,Th 02:30PM - 04:15PM,FYB_107A,10/29,Yes,Yes,Dept of Social Work
2026-27 Term 1,2420,SOWK,SOWK1001A,5991,Intro to Soc Wk & Soc Wel 社會工作及社會福利導論,3.00,- Dr. Raees Begum BAIG,18,18,TUT,AT03,E,Th 02:30PM - 04:15PM,FYB_107A,11/12,Yes,Yes,Dept of Social Work
2026-27 Term 1,2420,SOWK,SOWK1001A,5991,Intro to Soc Wk & Soc Wel 社會工作及社會福利導論,3.00,- Dr. Raees Begum BAIG,18,18,TUT,AT03,E,Th 02:30PM - 04:15PM,FYB_107A,11/26,Yes,Yes,Dept of Social Work
2026-27 Term 1,2420,SOWK,SOWK1001B,8272,Intro to Soc Wk & Soc Wel 社會工作及社會福利導論,3.00,- Dr. Raees Begum BAIG,68,68,LEC,B,E,Th 10:30AM - 01:15PM,NAH_11,"9/10, 9/17, 9/24",,,Dept of Social Work
2026-27 Term 1,2420,SOWK,SOWK1001B,8272,Intro to Soc Wk & Soc Wel 社會工作及社會福利導論,3.00,- Dr. Raees Begum BAIG,68,68,LEC,B,E,Th 10:30AM - 01:15PM,NAH_11,"10/8, 10/15, 10/22, 10/29, 11/5, 11/12, 11/19, 11/26, 12/3",,,Dept of Social Work
2026-27 Term 1,2420,SOWK,SOWK1113A,9715,Self-deve. in Changing Society 社會轉變中的自我發展,3.00,- Ms. LIN Yuen Ying,70,70,LEC,A,C,Th 02:30PM - 05:15PM,WMY_306,"9/10, 9/17, 9/24",,,Dept of Social Work
2026-27 Term 1,2420,SOWK,SOWK1113A,9715,Self-deve. in Changing Society 社會轉變中的自我發展,3.00,- Ms. LIN Yuen Ying,70,70,LEC,A,C,Th 02:30PM - 05:15PM,WMY_306,"10/8, 10/15, 10/22, 10/29, 11/5, 11/12, 11/19, 11/26, 12/3",,,Dept of Social Work
2026-27 Term 1,2420,SOWK,SOWK1113B,7250,Self-deve. in Changing Society 社會轉變中的自我發展,3.00,- Dr. HO Wai Ming,70,70,LEC,B,C,Tu 02:30PM - 05:15PM,ARC_G03,"9/8, 9/15, 9/22, 9/29, 10/6, 10/13, 10/20, 10/27, 11/3, 11/10, 11/17, 11/24, 12/1",,,Dept of Social Work
2026-27 Term 1,2420,SOWK,SOWK1150A,9526,Choices in Life:Self Develop’t 生命的選擇：個人成長之旅,3.00,- Dr. HO Wai Ming,10,10,LEC,A,C,Tu 10:30AM - 01:15PM,UCC_C3,"9/8, 9/15, 9/22, 9/29, 10/6, 10/13, 10/20, 10/27, 11/3, 11/10, 11/17, 11/24, 12/1",,,Dept of Social Work
2026-27 Term 1,2420,SOWK,SOWK1160A,7251,"Movies, Life and Social Work 電影、人生與社工",3.00,- Mr. CHAN Kar Choi,15,15,LEC,A,C,Tu 02:30PM - 05:15PM,UCC_C4,"9/8, 9/15, 9/22, 9/29, 10/6, 10/13, 10/20, 10/27, 11/3, 11/10, 11/17, 11/24, 12/1",,,Dept of Social Work
2026-27 Term 1,2420,SOWK,SOWK1160B,7034,"Movies, Life and Social Work 電影、人生與社工",3.00,- Staff,15,15,LEC,B,C,We 02:30PM - 05:15PM,UCC_C1,"9/9, 9/16, 9/23, 9/30, 10/7, 10/14, 10/21, 10/28, 11/4, 11/11, 11/18, 11/25, 12/2",,,Dept of Social Work
2026-27 Term 1,2420,SOWK,SOWK1160C,7428,"Movies, Life and Social Work 電影、人生與社工",3.00,- Ms HUNG Fai,15,15,LEC,C,C,We 10:30AM - 01:15PM,YIA_405,"9/9, 9/16, 9/23, 9/30, 10/7, 10/14, 10/21, 10/28, 11/4, 11/11, 11/18, 11/25, 12/2",,,Dept of Social Work
2026-27 Term 1,2420,SOWK,SOWK2001A,6963,Student-Orientated Teaching I 學生為本教學課程（一）,2.00,- Dr. SO Yuk Yan,22,20,PRJ,AJ01,C&E,Th 12:30PM - 02:15PM,UCA_102,"9/10, 9/17, 9/24",Yes,Yes,Dept of Social Work
2026-27 Term 1,2420,SOWK,SOWK2001A,6963,Student-Orientated Teaching I 學生為本教學課程（一）,2.00,- Dr. SO Yuk Yan,22,20,PRJ,AJ01,C&E,Th 12:30PM - 02:15PM,UCA_102,"10/8, 10/15, 10/22, 10/29, 11/5, 11/12, 11/19, 11/26, 12/3",Yes,Yes,Dept of Social Work
2026-27 Term 1,2420,SOWK,SOWK2001B,6621,Student-Orientated Teaching I 學生為本教學課程（一）,2.00,- Professor LEUNG Kiu Yi,22,20,PRJ,BJ01,C&E,Th 12:30PM - 02:15PM,UCC_208,"9/10, 9/17, 9/24",Yes,Yes,Dept of Social Work
2026-27 Term 1,2420,SOWK,SOWK2001B,6621,Student-Orientated Teaching I 學生為本教學課程（一）,2.00,- Professor LEUNG Kiu Yi,22,20,PRJ,BJ01,C&E,Th 12:30PM - 02:15PM,UCC_208,"10/8, 10/15, 10/22, 10/29, 11/5, 11/12, 11/19, 11/26, 12/3",Yes,Yes,Dept of Social Work
2026-27 Term 1,2420,SOWK,SOWK2001C,5678,Student-Orientated Teaching I 學生為本教學課程（一）,2.00,- Dr. WONG Chun Miao,22,20,PRJ,CJ01,C&E,Th 12:30PM - 02:15PM,UCC_108,"9/10, 9/17, 9/24",Yes,Yes,Dept of Social Work
2026-27 Term 1,2420,SOWK,SOWK2001C,5678,Student-Orientated Teaching I 學生為本教學課程（一）,2.00,- Dr. WONG Chun Miao,22,20,PRJ,CJ01,C&E,Th 12:30PM - 02:15PM,UCC_108,"10/8, 10/15, 10/22, 10/29, 11/5, 11/12, 11/19, 11/26, 12/3",Yes,Yes,Dept of Social Work
2026-27 Term 1,2420,SOWK,SOWK2001D,6622,Student-Orientated Teaching I 學生為本教學課程（一）,2.00,- Mr. DIN Wai Bun,22,20,PRJ,DJ01,C&E,Th 12:30PM - 02:15PM,UCC_206,"9/10, 9/17, 9/24",Yes,Yes,Dept of Social Work
2026-27 Term 1,2420,SOWK,SOWK2001D,6622,Student-Orientated Teaching I 學生為本教學課程（一）,2.00,- Mr. DIN Wai Bun,22,20,PRJ,DJ01,C&E,Th 12:30PM - 02:15PM,UCC_206,"10/8, 10/15, 10/22, 10/29, 11/5, 11/12, 11/19, 11/26, 12/3",Yes,Yes,Dept of Social Work
2026-27 Term 1,2420,SOWK,SOWK2001E,6620,Student-Orientated Teaching I 學生為本教學課程（一）,2.00,- Dr. LEUNG Kit Ting,22,20,PRJ,EJ01,C&E,Th 12:30PM - 02:15PM,UCC_109,"9/10, 9/17, 9/24",Yes,Yes,Dept of Social Work
2026-27 Term 1,2420,SOWK,SOWK2001E,6620,Student-Orientated Teaching I 學生為本教學課程（一）,2.00,- Dr. LEUNG Kit Ting,22,20,PRJ,EJ01,C&E,Th 12:30PM - 02:15PM,UCC_109,"10/8, 10/15, 10/22, 10/29, 11/5, 11/12, 11/19, 11/26, 12/3",Yes,Yes,Dept of Social Work
2026-27 Term 1,2420,SOWK,SOWK2020-,6962,Phil & Prin of Soc Wk 社會工作哲學及原則,3.00,- Dr. SO Yuk Yan,70,17,LEC,-,C&E,Mo 02:30PM - 04:15PM,UCC_C3,"9/7, 9/14, 9/21, 9/28, 10/5, 10/12",,Yes,Dept of Social Work
2026-27 Term 1,2420,SOWK,SOWK2020-,6962,Phil & Prin of Soc Wk 社會工作哲學及原則,3.00,- Dr. SO Yuk Yan,70,17,LEC,-,C&E,Mo 02:30PM - 04:15PM,UCC_C3,"10/26, 11/2, 11/9, 11/16, 11/23, 11/30",,Yes,Dept of Social Work
2026-27 Term 1,2420,SOWK,SOWK2020-,6962,Phil & Prin of Soc Wk 社會工作哲學及原則,3.00,- Dr. SO Yuk Yan,14,4,TUT,-T01,C&E,Mo 04:30PM - 06:15PM,UCC_206,9/14,,Yes,Dept of Social Work
2026-27 Term 1,2420,SOWK,SOWK2020-,6962,Phil & Prin of Soc Wk 社會工作哲學及原則,3.00,- Dr. SO Yuk Yan,14,4,TUT,-T01,C&E,Mo 04:30PM - 06:15PM,UCC_206,9/28,,Yes,Dept of Social Work
2026-27 Term 1,2420,SOWK,SOWK2020-,6962,Phil & Prin of Soc Wk 社會工作哲學及原則,3.00,- Dr. SO Yuk Yan,14,4,TUT,-T01,C&E,Mo 04:30PM - 06:15PM,UCC_206,10/12,,Yes,Dept of Social Work
2026-27 Term 1,2420,SOWK,SOWK2020-,6962,Phil & Prin of Soc Wk 社會工作哲學及原則,3.00,- Dr. SO Yuk Yan,14,4,TUT,-T01,C&E,Mo 04:30PM - 06:15PM,UCC_206,11/2,,Yes,Dept of Social Work
2026-27 Term 1,2420,SOWK,SOWK2020-,6962,Phil & Prin of Soc Wk 社會工作哲學及原則,3.00,- Dr. SO Yuk Yan,14,4,TUT,-T01,C&E,Mo 04:30PM - 06:15PM,UCC_206,11/16,,Yes,Dept of Social Work
2026-27 Term 1,2420,SOWK,SOWK2020-,6962,Phil & Prin of Soc Wk 社會工作哲學及原則,3.00,- Dr. SO Yuk Yan,14,4,TUT,-T01,C&E,Mo 04:30PM - 06:15PM,UCC_206,11/30,,Yes,Dept of Social Work
2026-27 Term 1,2420,SOWK,SOWK2020-,6962,Phil & Prin of Soc Wk 社會工作哲學及原則,3.00,- Dr. SO Yuk Yan,14,3,TUT,-T02,C&E,Mo 04:30PM - 06:15PM,UCC_206,9/21,,Yes,Dept of Social Work
2026-27 Term 1,2420,SOWK,SOWK2020-,6962,Phil & Prin of Soc Wk 社會工作哲學及原則,3.00,- Dr. SO Yuk Yan,14,3,TUT,-T02,C&E,Mo 04:30PM - 06:15PM,UCC_206,10/5,,Yes,Dept of Social Work
2026-27 Term 1,2420,SOWK,SOWK2020-,6962,Phil & Prin of Soc Wk 社會工作哲學及原則,3.00,- Dr. SO Yuk Yan,14,3,TUT,-T02,C&E,Mo 04:30PM - 06:15PM,UCC_206,10/26,,Yes,Dept of Social Work
2026-27 Term 1,2420,SOWK,SOWK2020-,6962,Phil & Prin of Soc Wk 社會工作哲學及原則,3.00,- Dr. SO Yuk Yan,14,3,TUT,-T02,C&E,Mo 04:30PM - 06:15PM,UCC_206,11/9,,Yes,Dept of Social Work
2026-27 Term 1,2420,SOWK,SOWK2020-,6962,Phil & Prin of Soc Wk 社會工作哲學及原則,3.00,- Dr. SO Yuk Yan,14,3,TUT,-T02,C&E,Mo 04:30PM - 06:15PM,UCC_206,11/23,,Yes,Dept of Social Work
2026-27 Term 1,2420,SOWK,SOWK2020-,6962,Phil & Prin of Soc Wk 社會工作哲學及原則,3.00,- Dr. SO Yuk Yan,14,3,TUT,-T03,C&E,Mo 04:30PM - 06:15PM,UCA_102,9/14,,Yes,Dept of Social Work
2026-27 Term 1,2420,SOWK,SOWK2020-,6962,Phil & Prin of Soc Wk 社會工作哲學及原則,3.00,- Dr. SO Yuk Yan,14,3,TUT,-T03,C&E,Mo 04:30PM - 06:15PM,UCA_102,9/28,,Yes,Dept of Social Work
2026-27 Term 1,2420,SOWK,SOWK2020-,6962,Phil & Prin of Soc Wk 社會工作哲學及原則,3.00,- Dr. SO Yuk Yan,14,3,TUT,-T03,C&E,Mo 04:30PM - 06:15PM,UCA_102,10/12,,Yes,Dept of Social Work
2026-27 Term 1,2420,SOWK,SOWK2020-,6962,Phil & Prin of Soc Wk 社會工作哲學及原則,3.00,- Dr. SO Yuk Yan,14,3,TUT,-T03,C&E,Mo 04:30PM - 06:15PM,UCA_102,11/2,,Yes,Dept of Social Work
2026-27 Term 1,2420,SOWK,SOWK2020-,6962,Phil & Prin of Soc Wk 社會工作哲學及原則,3.00,- Dr. SO Yuk Yan,14,3,TUT,-T03,C&E,Mo 04:30PM - 06:15PM,UCA_102,11/16,,Yes,Dept of Social Work
2026-27 Term 1,2420,SOWK,SOWK2020-,6962,Phil & Prin of Soc Wk 社會工作哲學及原則,3.00,- Dr. SO Yuk Yan,14,3,TUT,-T03,C&E,Mo 04:30PM - 06:15PM,UCA_102,11/30,,Yes,Dept of Social Work
2026-27 Term 1,2420,SOWK,SOWK2020-,6962,Phil & Prin of Soc Wk 社會工作哲學及原則,3.00,- Dr. SO Yuk Yan,14,3,TUT,-T04,C&E,Mo 04:30PM - 06:15PM,UCA_102,9/21,,Yes,Dept of Social Work
2026-27 Term 1,2420,SOWK,SOWK2020-,6962,Phil & Prin of Soc Wk 社會工作哲學及原則,3.00,- Dr. SO Yuk Yan,14,3,TUT,-T04,C&E,Mo 04:30PM - 06:15PM,UCA_102,10/5,,Yes,Dept of Social Work
2026-27 Term 1,2420,SOWK,SOWK2020-,6962,Phil & Prin of Soc Wk 社會工作哲學及原則,3.00,- Dr. SO Yuk Yan,14,3,TUT,-T04,C&E,Mo 04:30PM - 06:15PM,UCA_102,10/26,,Yes,Dept of Social Work
2026-27 Term 1,2420,SOWK,SOWK2020-,6962,Phil & Prin of Soc Wk 社會工作哲學及原則,3.00,- Dr. SO Yuk Yan,14,3,TUT,-T04,C&E,Mo 04:30PM - 06:15PM,UCA_102,11/9,,Yes,Dept of Social Work
2026-27 Term 1,2420,SOWK,SOWK2020-,6962,Phil & Prin of Soc Wk 社會工作哲學及原則,3.00,- Dr. SO Yuk Yan,14,3,TUT,-T04,C&E,Mo 04:30PM - 06:15PM,UCA_102,11/23,,Yes,Dept of Social Work
2026-27 Term 1,2420,SOWK,SOWK2020-,6962,Phil & Prin of Soc Wk 社會工作哲學及原則,3.00,- Dr. SO Yuk Yan,14,4,TUT,-T05,C&E,Mo 04:30PM - 06:15PM,UCC_207,9/14,,Yes,Dept of Social Work
2026-27 Term 1,2420,SOWK,SOWK2020-,6962,Phil & Prin of Soc Wk 社會工作哲學及原則,3.00,- Dr. SO Yuk Yan,14,4,TUT,-T05,C&E,Mo 04:30PM - 06:15PM,UCC_207,9/28,,Yes,Dept of Social Work
2026-27 Term 1,2420,SOWK,SOWK2020-,6962,Phil & Prin of Soc Wk 社會工作哲學及原則,3.00,- Dr. SO Yuk Yan,14,4,TUT,-T05,C&E,Mo 04:30PM - 06:15PM,UCC_207,10/12,,Yes,Dept of Social Work
2026-27 Term 1,2420,SOWK,SOWK2020-,6962,Phil & Prin of Soc Wk 社會工作哲學及原則,3.00,- Dr. SO Yuk Yan,14,4,TUT,-T05,C&E,Mo 04:30PM - 06:15PM,UCC_207,11/2,,Yes,Dept of Social Work
2026-27 Term 1,2420,SOWK,SOWK2020-,6962,Phil & Prin of Soc Wk 社會工作哲學及原則,3.00,- Dr. SO Yuk Yan,14,4,TUT,-T05,C&E,Mo 04:30PM - 06:15PM,UCC_207,11/16,,Yes,Dept of Social Work
2026-27 Term 1,2420,SOWK,SOWK2020-,6962,Phil & Prin of Soc Wk 社會工作哲學及原則,3.00,- Dr. SO Yuk Yan,14,4,TUT,-T05,C&E,Mo 04:30PM - 06:15PM,UCC_207,11/30,,Yes,Dept of Social Work
2026-27 Term 1,2420,SOWK,SOWK2100A,10124,Service-learning Online Course 服務學習網上自學科目,1.00,- Staff,50,50,WBL,AX01,C&E,TBA,NRR,07/09/2026 - 30/11/2026,,,Dept of Social Work
2026-27 Term 1,2420,SOWK,SOWK2210-,5992,Social Casework 社會個案工作,3.00,- Mr. DIN Wai Bun,64,10,LEC,-,C&E,We 02:30PM - 04:15PM,NAH_114,"9/9, 9/16, 9/23, 9/30, 10/7, 10/14, 10/21, 10/28, 11/4, 11/11, 11/18, 11/25, 12/2",Yes,Yes,Dept of Social Work
2026-27 Term 1,2420,SOWK,SOWK2210-,5992,Social Casework 社會個案工作,3.00,- Mr. DIN Wai Bun,16,2,TUT,-T01,C&E,Mo 11:30AM - 01:15PM,UCC_204,9/14,Yes,Yes,Dept of Social Work
2026-27 Term 1,2420,SOWK,SOWK2210-,5992,Social Casework 社會個案工作,3.00,- Mr. DIN Wai Bun,16,2,TUT,-T01,C&E,Mo 11:30AM - 01:15PM,UCC_204,9/28,Yes,Yes,Dept of Social Work
2026-27 Term 1,2420,SOWK,SOWK2210-,5992,Social Casework 社會個案工作,3.00,- Mr. DIN Wai Bun,16,2,TUT,-T01,C&E,Mo 11:30AM - 01:15PM,UCC_204,10/12,Yes,Yes,Dept of Social Work
2026-27 Term 1,2420,SOWK,SOWK2210-,5992,Social Casework 社會個案工作,3.00,- Mr. DIN Wai Bun,16,2,TUT,-T01,C&E,Mo 11:30AM - 01:15PM,UCC_204,11/2,Yes,Yes,Dept of Social Work
2026-27 Term 1,2420,SOWK,SOWK2210-,5992,Social Casework 社會個案工作,3.00,- Mr. DIN Wai Bun,16,2,TUT,-T01,C&E,Mo 11:30AM - 01:15PM,UCC_204,11/16,Yes,Yes,Dept of Social Work
2026-27 Term 1,2420,SOWK,SOWK2210-,5992,Social Casework 社會個案工作,3.00,- Mr. DIN Wai Bun,16,2,TUT,-T01,C&E,Mo 11:30AM - 01:15PM,UCC_204,11/30,Yes,Yes,Dept of Social Work
2026-27 Term 1,2420,SOWK,SOWK2210-,5992,Social Casework 社會個案工作,3.00,- Mr. DIN Wai Bun,16,3,TUT,-T02,C&E,Mo 11:30AM - 01:15PM,UCC_204,9/21,Yes,Yes,Dept of Social Work
2026-27 Term 1,2420,SOWK,SOWK2210-,5992,Social Casework 社會個案工作,3.00,- Mr. DIN Wai Bun,16,3,TUT,-T02,C&E,Mo 11:30AM - 01:15PM,UCC_204,10/5,Yes,Yes,Dept of Social Work
2026-27 Term 1,2420,SOWK,SOWK2210-,5992,Social Casework 社會個案工作,3.00,- Mr. DIN Wai Bun,16,3,TUT,-T02,C&E,Mo 11:30AM - 01:15PM,UCC_204,10/26,Yes,Yes,Dept of Social Work
2026-27 Term 1,2420,SOWK,SOWK2210-,5992,Social Casework 社會個案工作,3.00,- Mr. DIN Wai Bun,16,3,TUT,-T02,C&E,Mo 11:30AM - 01:15PM,UCC_204,11/9,Yes,Yes,Dept of Social Work
2026-27 Term 1,2420,SOWK,SOWK2210-,5992,Social Casework 社會個案工作,3.00,- Mr. DIN Wai Bun,16,3,TUT,-T02,C&E,Mo 11:30AM - 01:15PM,UCC_204,11/23,Yes,Yes,Dept of Social Work
2026-27 Term 1,2420,SOWK,SOWK2210-,5992,Social Casework 社會個案工作,3.00,- Mr. DIN Wai Bun,16,2,TUT,-T03,C&E,Mo 11:30AM - 01:15PM,UCC_205,9/14,Yes,Yes,Dept of Social Work
2026-27 Term 1,2420,SOWK,SOWK2210-,5992,Social Casework 社會個案工作,3.00,- Mr. DIN Wai Bun,16,2,TUT,-T03,C&E,Mo 11:30AM - 01:15PM,UCC_205,9/28,Yes,Yes,Dept of Social Work
2026-27 Term 1,2420,SOWK,SOWK2210-,5992,Social Casework 社會個案工作,3.00,- Mr. DIN Wai Bun,16,2,TUT,-T03,C&E,Mo 11:30AM - 01:15PM,UCC_205,10/12,Yes,Yes,Dept of Social Work
2026-27 Term 1,2420,SOWK,SOWK2210-,5992,Social Casework 社會個案工作,3.00,- Mr. DIN Wai Bun,16,2,TUT,-T03,C&E,Mo 11:30AM - 01:15PM,UCC_205,11/2,Yes,Yes,Dept of Social Work
2026-27 Term 1,2420,SOWK,SOWK2210-,5992,Social Casework 社會個案工作,3.00,- Mr. DIN Wai Bun,16,2,TUT,-T03,C&E,Mo 11:30AM - 01:15PM,UCC_205,11/16,Yes,Yes,Dept of Social Work
2026-27 Term 1,2420,SOWK,SOWK2210-,5992,Social Casework 社會個案工作,3.00,- Mr. DIN Wai Bun,16,2,TUT,-T03,C&E,Mo 11:30AM - 01:15PM,UCC_205,11/30,Yes,Yes,Dept of Social Work
2026-27 Term 1,2420,SOWK,SOWK2210-,5992,Social Casework 社會個案工作,3.00,- Mr. DIN Wai Bun,16,3,TUT,-T04,C&E,Mo 11:30AM - 01:15PM,UCC_205,9/21,Yes,Yes,Dept of Social Work
2026-27 Term 1,2420,SOWK,SOWK2210-,5992,Social Casework 社會個案工作,3.00,- Mr. DIN Wai Bun,16,3,TUT,-T04,C&E,Mo 11:30AM - 01:15PM,UCC_205,10/5,Yes,Yes,Dept of Social Work
2026-27 Term 1,2420,SOWK,SOWK2210-,5992,Social Casework 社會個案工作,3.00,- Mr. DIN Wai Bun,16,3,TUT,-T04,C&E,Mo 11:30AM - 01:15PM,UCC_205,10/26,Yes,Yes,Dept of Social Work
2026-27 Term 1,2420,SOWK,SOWK2210-,5992,Social Casework 社會個案工作,3.00,- Mr. DIN Wai Bun,16,3,TUT,-T04,C&E,Mo 11:30AM - 01:15PM,UCC_205,11/9,Yes,Yes,Dept of Social Work
2026-27 Term 1,2420,SOWK,SOWK2210-,5992,Social Casework 社會個案工作,3.00,- Mr. DIN Wai Bun,16,3,TUT,-T04,C&E,Mo 11:30AM - 01:15PM,UCC_205,11/23,Yes,Yes,Dept of Social Work
2026-27 Term 1,2420,SOWK,SOWK2220-,7429,Social Group Work 社會小組工作,3.00,- Dr. LAW Yee Man,64,10,LEC,-,C&E,Tu 10:30AM - 12:15PM,UCC_C4,"9/8, 9/15, 9/22, 9/29, 10/6, 10/13, 10/20, 10/27, 11/3, 11/10, 11/17, 11/24, 12/1",Yes,Yes,Dept of Social Work
2026-27 Term 1,2420,SOWK,SOWK2220-,7429,Social Group Work 社會小組工作,3.00,- Dr. LAW Yee Man,16,3,TUT,-T01,C&E,Tu 12:30PM - 02:15PM,UCC_C4,9/15,Yes,Yes,Dept of Social Work
2026-27 Term 1,2420,SOWK,SOWK2220-,7429,Social Group Work 社會小組工作,3.00,- Dr. LAW Yee Man,16,3,TUT,-T01,C&E,Tu 12:30PM - 02:15PM,UCC_C4,9/29,Yes,Yes,Dept of Social Work
2026-27 Term 1,2420,SOWK,SOWK2220-,7429,Social Group Work 社會小組工作,3.00,- Dr. LAW Yee Man,16,3,TUT,-T01,C&E,Tu 12:30PM - 02:15PM,UCC_C4,10/13,Yes,Yes,Dept of Social Work
2026-27 Term 1,2420,SOWK,SOWK2220-,7429,Social Group Work 社會小組工作,3.00,- Dr. LAW Yee Man,16,3,TUT,-T01,C&E,Tu 12:30PM - 02:15PM,UCC_C4,10/27,Yes,Yes,Dept of Social Work
2026-27 Term 1,2420,SOWK,SOWK2220-,7429,Social Group Work 社會小組工作,3.00,- Dr. LAW Yee Man,16,3,TUT,-T01,C&E,Tu 12:30PM - 02:15PM,UCC_C4,11/10,Yes,Yes,Dept of Social Work
2026-27 Term 1,2420,SOWK,SOWK2220-,7429,Social Group Work 社會小組工作,3.00,- Dr. LAW Yee Man,16,3,TUT,-T01,C&E,Tu 12:30PM - 02:15PM,UCC_C4,11/24,Yes,Yes,Dept of Social Work
2026-27 Term 1,2420,SOWK,SOWK2220-,7429,Social Group Work 社會小組工作,3.00,- Dr. LAW Yee Man,16,2,TUT,-T02,C&E,Tu 12:30PM - 02:15PM,UCC_C4,9/22,Yes,Yes,Dept of Social Work
2026-27 Term 1,2420,SOWK,SOWK2220-,7429,Social Group Work 社會小組工作,3.00,- Dr. LAW Yee Man,16,2,TUT,-T02,C&E,Tu 12:30PM - 02:15PM,UCC_C4,10/6,Yes,Yes,Dept of Social Work
2026-27 Term 1,2420,SOWK,SOWK2220-,7429,Social Group Work 社會小組工作,3.00,- Dr. LAW Yee Man,16,2,TUT,-T02,C&E,Tu 12:30PM - 02:15PM,UCC_C4,10/20,Yes,Yes,Dept of Social Work
2026-27 Term 1,2420,SOWK,SOWK2220-,7429,Social Group Work 社會小組工作,3.00,- Dr. LAW Yee Man,16,2,TUT,-T02,C&E,Tu 12:30PM - 02:15PM,UCC_C4,11/3,Yes,Yes,Dept of Social Work
2026-27 Term 1,2420,SOWK,SOWK2220-,7429,Social Group Work 社會小組工作,3.00,- Dr. LAW Yee Man,16,2,TUT,-T02,C&E,Tu 12:30PM - 02:15PM,UCC_C4,11/17,Yes,Yes,Dept of Social Work
2026-27 Term 1,2420,SOWK,SOWK2220-,7429,Social Group Work 社會小組工作,3.00,- Dr. LAW Yee Man,16,2,TUT,-T02,C&E,Tu 12:30PM - 02:15PM,UCC_C4,12/1,Yes,Yes,Dept of Social Work
2026-27 Term 1,2420,SOWK,SOWK2220-,7429,Social Group Work 社會小組工作,3.00,- Dr. LAW Yee Man,16,3,TUT,-T03,C&E,Tu 12:30PM - 02:15PM,UCC_109,9/15,Yes,Yes,Dept of Social Work
2026-27 Term 1,2420,SOWK,SOWK2220-,7429,Social Group Work 社會小組工作,3.00,- Dr. LAW Yee Man,16,3,TUT,-T03,C&E,Tu 12:30PM - 02:15PM,UCC_109,9/29,Yes,Yes,Dept of Social Work
2026-27 Term 1,2420,SOWK,SOWK2220-,7429,Social Group Work 社會小組工作,3.00,- Dr. LAW Yee Man,16,3,TUT,-T03,C&E,Tu 12:30PM - 02:15PM,UCC_109,10/13,Yes,Yes,Dept of Social Work
2026-27 Term 1,2420,SOWK,SOWK2220-,7429,Social Group Work 社會小組工作,3.00,- Dr. LAW Yee Man,16,3,TUT,-T03,C&E,Tu 12:30PM - 02:15PM,UCC_109,10/27,Yes,Yes,Dept of Social Work
2026-27 Term 1,2420,SOWK,SOWK2220-,7429,Social Group Work 社會小組工作,3.00,- Dr. LAW Yee Man,16,3,TUT,-T03,C&E,Tu 12:30PM - 02:15PM,UCC_109,11/10,Yes,Yes,Dept of Social Work
2026-27 Term 1,2420,SOWK,SOWK2220-,7429,Social Group Work 社會小組工作,3.00,- Dr. LAW Yee Man,16,3,TUT,-T03,C&E,Tu 12:30PM - 02:15PM,UCC_109,11/24,Yes,Yes,Dept of Social Work
2026-27 Term 1,2420,SOWK,SOWK2220-,7429,Social Group Work 社會小組工作,3.00,- Dr. LAW Yee Man,16,2,TUT,-T04,C&E,We 04:30PM - 06:15PM,UCC_108,9/16,Yes,Yes,Dept of Social Work
2026-27 Term 1,2420,SOWK,SOWK2220-,7429,Social Group Work 社會小組工作,3.00,- Dr. LAW Yee Man,16,2,TUT,-T04,C&E,We 04:30PM - 06:15PM,UCC_108,9/30,Yes,Yes,Dept of Social Work
2026-27 Term 1,2420,SOWK,SOWK2220-,7429,Social Group Work 社會小組工作,3.00,- Dr. LAW Yee Man,16,2,TUT,-T04,C&E,We 04:30PM - 06:15PM,UCC_108,10/14,Yes,Yes,Dept of Social Work
2026-27 Term 1,2420,SOWK,SOWK2220-,7429,Social Group Work 社會小組工作,3.00,- Dr. LAW Yee Man,16,2,TUT,-T04,C&E,We 04:30PM - 06:15PM,UCC_108,"10/28, 11/4, 11/11",Yes,Yes,Dept of Social Work
2026-27 Term 1,2420,SOWK,SOWK3240-,9826,Clinical Soc Wk Theor & Pract 臨床社會工作理論與實踐,3.00,- Professor LEUNG Yuk Ki,60,60,LEC,-,C&E,Th 11:30AM - 01:15PM,UCA_104,"9/10, 9/17, 9/24",,Yes,Dept of Social Work
2026-27 Term 1,2420,SOWK,SOWK3240-,9826,Clinical Soc Wk Theor & Pract 臨床社會工作理論與實踐,3.00,- Professor LEUNG Yuk Ki,60,60,LEC,-,C&E,Th 11:30AM - 01:15PM,UCA_104,"10/8, 10/15, 10/22, 10/29, 11/5, 11/12, 11/19, 11/26, 12/3",,Yes,Dept of Social Work
2026-27 Term 1,2420,SOWK,SOWK3240-,9826,Clinical Soc Wk Theor & Pract 臨床社會工作理論與實踐,3.00,- Professor LEUNG Yuk Ki,15,15,TUT,-T01,C&E,Th 09:30AM - 11:15AM,LSK_306,9/17,,Yes,Dept of Social Work
2026-27 Term 1,2420,SOWK,SOWK3240-,9826,Clinical Soc Wk Theor & Pract 臨床社會工作理論與實踐,3.00,- Professor LEUNG Yuk Ki,15,15,TUT,-T01,C&E,Th 09:30AM - 11:15AM,LSK_306,10/15,,Yes,Dept of Social Work
2026-27 Term 1,2420,SOWK,SOWK3240-,9826,Clinical Soc Wk Theor & Pract 臨床社會工作理論與實踐,3.00,- Professor LEUNG Yuk Ki,15,15,TUT,-T01,C&E,Th 09:30AM - 11:15AM,LSK_306,10/29,,Yes,Dept of Social Work
2026-27 Term 1,2420,SOWK,SOWK3240-,9826,Clinical Soc Wk Theor & Pract 臨床社會工作理論與實踐,3.00,- Professor LEUNG Yuk Ki,15,15,TUT,-T01,C&E,Th 09:30AM - 11:15AM,LSK_306,11/12,,Yes,Dept of Social Work
2026-27 Term 1,2420,SOWK,SOWK3240-,9826,Clinical Soc Wk Theor & Pract 臨床社會工作理論與實踐,3.00,- Professor LEUNG Yuk Ki,15,15,TUT,-T01,C&E,Th 09:30AM - 11:15AM,LSK_306,11/26,,Yes,Dept of Social Work
2026-27 Term 1,2420,SOWK,SOWK3240-,9826,Clinical Soc Wk Theor & Pract 臨床社會工作理論與實踐,3.00,- Professor LEUNG Yuk Ki,15,15,TUT,-T02,C&E,Th 09:30AM - 11:15AM,LSK_306,9/24,,Yes,Dept of Social Work
2026-27 Term 1,2420,SOWK,SOWK3240-,9826,Clinical Soc Wk Theor & Pract 臨床社會工作理論與實踐,3.00,- Professor LEUNG Yuk Ki,15,15,TUT,-T02,C&E,Th 09:30AM - 11:15AM,LSK_306,10/8,,Yes,Dept of Social Work
2026-27 Term 1,2420,SOWK,SOWK3240-,9826,Clinical Soc Wk Theor & Pract 臨床社會工作理論與實踐,3.00,- Professor LEUNG Yuk Ki,15,15,TUT,-T02,C&E,Th 09:30AM - 11:15AM,LSK_306,10/22,,Yes,Dept of Social Work
2026-27 Term 1,2420,SOWK,SOWK3240-,9826,Clinical Soc Wk Theor & Pract 臨床社會工作理論與實踐,3.00,- Professor LEUNG Yuk Ki,15,15,TUT,-T02,C&E,Th 09:30AM - 11:15AM,LSK_306,11/5,,Yes,Dept of Social Work
2026-27 Term 1,2420,SOWK,SOWK3240-,9826,Clinical Soc Wk Theor & Pract 臨床社會工作理論與實踐,3.00,- Professor LEUNG Yuk Ki,15,15,TUT,-T02,C&E,Th 09:30AM - 11:15AM,LSK_306,11/19,,Yes,Dept of Social Work
2026-27 Term 1,2420,SOWK,SOWK3240-,9826,Clinical Soc Wk Theor & Pract 臨床社會工作理論與實踐,3.00,- Professor LEUNG Yuk Ki,15,15,TUT,-T02,C&E,Th 09:30AM - 11:15AM,LSK_306,12/3,,Yes,Dept of Social Work
2026-27 Term 1,2420,SOWK,SOWK3240-,9826,Clinical Soc Wk Theor & Pract 臨床社會工作理論與實踐,3.00,- Professor LEUNG Yuk Ki,15,15,TUT,-T03,C&E,Th 09:30AM - 11:15AM,UCC_102,9/17,,Yes,Dept of Social Work
2026-27 Term 1,2420,SOWK,SOWK3240-,9826,Clinical Soc Wk Theor & Pract 臨床社會工作理論與實踐,3.00,- Professor LEUNG Yuk Ki,15,15,TUT,-T03,C&E,Th 09:30AM - 11:15AM,UCC_102,10/15,,Yes,Dept of Social Work
2026-27 Term 1,2420,SOWK,SOWK3240-,9826,Clinical Soc Wk Theor & Pract 臨床社會工作理論與實踐,3.00,- Professor LEUNG Yuk Ki,15,15,TUT,-T03,C&E,Th 09:30AM - 11:15AM,UCC_102,10/29,,Yes,Dept of Social Work
2026-27 Term 1,2420,SOWK,SOWK3240-,9826,Clinical Soc Wk Theor & Pract 臨床社會工作理論與實踐,3.00,- Professor LEUNG Yuk Ki,15,15,TUT,-T03,C&E,Th 09:30AM - 11:15AM,UCC_102,11/12,,Yes,Dept of Social Work
2026-27 Term 1,2420,SOWK,SOWK3240-,9826,Clinical Soc Wk Theor & Pract 臨床社會工作理論與實踐,3.00,- Professor LEUNG Yuk Ki,15,15,TUT,-T03,C&E,Th 09:30AM - 11:15AM,UCC_102,11/26,,Yes,Dept of Social Work
2026-27 Term 1,2420,SOWK,SOWK3240-,9826,Clinical Soc Wk Theor & Pract 臨床社會工作理論與實踐,3.00,- Professor LEUNG Yuk Ki,15,15,TUT,-T04,C&E,Th 09:30AM - 11:15AM,UCC_102,9/24,,Yes,Dept of Social Work
2026-27 Term 1,2420,SOWK,SOWK3240-,9826,Clinical Soc Wk Theor & Pract 臨床社會工作理論與實踐,3.00,- Professor LEUNG Yuk Ki,15,15,TUT,-T04,C&E,Th 09:30AM - 11:15AM,UCC_102,10/8,,Yes,Dept of Social Work
2026-27 Term 1,2420,SOWK,SOWK3240-,9826,Clinical Soc Wk Theor & Pract 臨床社會工作理論與實踐,3.00,- Professor LEUNG Yuk Ki,15,15,TUT,-T04,C&E,Th 09:30AM - 11:15AM,UCC_102,10/22,,Yes,Dept of Social Work
2026-27 Term 1,2420,SOWK,SOWK3240-,9826,Clinical Soc Wk Theor & Pract 臨床社會工作理論與實踐,3.00,- Professor LEUNG Yuk Ki,15,15,TUT,-T04,C&E,Th 09:30AM - 11:15AM,UCC_102,11/5,,Yes,Dept of Social Work
2026-27 Term 1,2420,SOWK,SOWK3240-,9826,Clinical Soc Wk Theor & Pract 臨床社會工作理論與實踐,3.00,- Professor LEUNG Yuk Ki,15,15,TUT,-T04,C&E,Th 09:30AM - 11:15AM,UCC_102,11/19,,Yes,Dept of Social Work
2026-27 Term 1,2420,SOWK,SOWK3240-,9826,Clinical Soc Wk Theor & Pract 臨床社會工作理論與實踐,3.00,- Professor LEUNG Yuk Ki,15,15,TUT,-T04,C&E,Th 09:30AM - 11:15AM,UCC_102,12/3,,Yes,Dept of Social Work
2026-27 Term 1,2420,SOWK,SOWK3250-,9432,Macro Soc Work Theor & Prac 宏觀社會工作理論與實踐,3.00,- Dr. AU YEUNG Kwok Wai Eric,24,24,LEC,-,C&E,Tu 12:30PM - 02:15PM,UCC_208,"9/8, 9/15, 9/22, 9/29, 10/6, 10/13, 10/20, 10/27, 11/3, 11/10, 11/17, 11/24, 12/1",,Yes,Dept of Social Work
2026-27 Term 1,2420,SOWK,SOWK3250-,9432,Macro Soc Work Theor & Prac 宏觀社會工作理論與實踐,3.00,- Dr. AU YEUNG Kwok Wai Eric,12,12,TUT,-T01,C&E,Tu 10:30AM - 12:15PM,UCC_208,9/15,,Yes,Dept of Social Work
2026-27 Term 1,2420,SOWK,SOWK3250-,9432,Macro Soc Work Theor & Prac 宏觀社會工作理論與實踐,3.00,- Dr. AU YEUNG Kwok Wai Eric,12,12,TUT,-T01,C&E,Tu 10:30AM - 12:15PM,UCC_208,9/29,,Yes,Dept of Social Work
2026-27 Term 1,2420,SOWK,SOWK3250-,9432,Macro Soc Work Theor & Prac 宏觀社會工作理論與實踐,3.00,- Dr. AU YEUNG Kwok Wai Eric,12,12,TUT,-T01,C&E,Tu 10:30AM - 12:15PM,UCC_208,10/13,,Yes,Dept of Social Work
2026-27 Term 1,2420,SOWK,SOWK3250-,9432,Macro Soc Work Theor & Prac 宏觀社會工作理論與實踐,3.00,- Dr. AU YEUNG Kwok Wai Eric,12,12,TUT,-T01,C&E,Tu 10:30AM - 12:15PM,UCC_208,10/27,,Yes,Dept of Social Work
2026-27 Term 1,2420,SOWK,SOWK3250-,9432,Macro Soc Work Theor & Prac 宏觀社會工作理論與實踐,3.00,- Dr. AU YEUNG Kwok Wai Eric,12,12,TUT,-T01,C&E,Tu 10:30AM - 12:15PM,UCC_208,11/10,,Yes,Dept of Social Work
2026-27 Term 1,2420,SOWK,SOWK3250-,9432,Macro Soc Work Theor & Prac 宏觀社會工作理論與實踐,3.00,- Dr. AU YEUNG Kwok Wai Eric,12,12,TUT,-T01,C&E,Tu 10:30AM - 12:15PM,UCC_208,11/24,,Yes,Dept of Social Work
2026-27 Term 1,2420,SOWK,SOWK3250-,9432,Macro Soc Work Theor & Prac 宏觀社會工作理論與實踐,3.00,- Dr. AU YEUNG Kwok Wai Eric,12,12,TUT,-T02,C&E,Tu 10:30AM - 12:15PM,UCC_208,9/22,,Yes,Dept of Social Work
2026-27 Term 1,2420,SOWK,SOWK3250-,9432,Macro Soc Work Theor & Prac 宏觀社會工作理論與實踐,3.00,- Dr. AU YEUNG Kwok Wai Eric,12,12,TUT,-T02,C&E,Tu 10:30AM - 12:15PM,UCC_208,10/6,,Yes,Dept of Social Work
2026-27 Term 1,2420,SOWK,SOWK3250-,9432,Macro Soc Work Theor & Prac 宏觀社會工作理論與實踐,3.00,- Dr. AU YEUNG Kwok Wai Eric,12,12,TUT,-T02,C&E,Tu 10:30AM - 12:15PM,UCC_208,10/20,,Yes,Dept of Social Work
2026-27 Term 1,2420,SOWK,SOWK3250-,9432,Macro Soc Work Theor & Prac 宏觀社會工作理論與實踐,3.00,- Dr. AU YEUNG Kwok Wai Eric,12,12,TUT,-T02,C&E,Tu 10:30AM - 12:15PM,UCC_208,11/3,,Yes,Dept of Social Work
2026-27 Term 1,2420,SOWK,SOWK3250-,9432,Macro Soc Work Theor & Prac 宏觀社會工作理論與實踐,3.00,- Dr. AU YEUNG Kwok Wai Eric,12,12,TUT,-T02,C&E,Tu 10:30AM - 12:15PM,UCC_208,11/17,,Yes,Dept of Social Work
2026-27 Term 1,2420,SOWK,SOWK3250-,9432,Macro Soc Work Theor & Prac 宏觀社會工作理論與實踐,3.00,- Dr. AU YEUNG Kwok Wai Eric,12,12,TUT,-T02,C&E,Tu 10:30AM - 12:15PM,UCC_208,12/1,,Yes,Dept of Social Work
2026-27 Term 1,2420,SOWK,SOWK3340-,7430,Social Policy and Planning 社會政策及規劃,3.00,- Dr. AU YEUNG Kwok Wai Eric,68,12,LEC,-,E,Th 02:30PM - 04:15PM,UCC_C1,"9/10, 9/17, 9/24",,Yes,Dept of Social Work
2026-27 Term 1,2420,SOWK,SOWK3340-,7430,Social Policy and Planning 社會政策及規劃,3.00,- Dr. AU YEUNG Kwok Wai Eric,68,12,LEC,-,E,Th 02:30PM - 04:15PM,UCC_C1,"10/8, 10/15, 10/22, 10/29, 11/5, 11/12, 11/19, 11/26, 12/3",,Yes,Dept of Social Work
2026-27 Term 1,2420,SOWK,SOWK3340-,7430,Social Policy and Planning 社會政策及規劃,3.00,- Dr. AU YEUNG Kwok Wai Eric,17,3,TUT,-T01,E,Th 04:30PM - 06:15PM,UCC_205,9/17,,Yes,Dept of Social Work
2026-27 Term 1,2420,SOWK,SOWK3340-,7430,Social Policy and Planning 社會政策及規劃,3.00,- Dr. AU YEUNG Kwok Wai Eric,17,3,TUT,-T01,E,Th 04:30PM - 06:15PM,UCC_205,10/8,,Yes,Dept of Social Work
2026-27 Term 1,2420,SOWK,SOWK3340-,7430,Social Policy and Planning 社會政策及規劃,3.00,- Dr. AU YEUNG Kwok Wai Eric,17,3,TUT,-T01,E,Th 04:30PM - 06:15PM,UCC_205,10/22,,Yes,Dept of Social Work
2026-27 Term 1,2420,SOWK,SOWK3340-,7430,Social Policy and Planning 社會政策及規劃,3.00,- Dr. AU YEUNG Kwok Wai Eric,17,3,TUT,-T01,E,Th 04:30PM - 06:15PM,UCC_205,11/5,,Yes,Dept of Social Work
2026-27 Term 1,2420,SOWK,SOWK3340-,7430,Social Policy and Planning 社會政策及規劃,3.00,- Dr. AU YEUNG Kwok Wai Eric,17,3,TUT,-T01,E,Th 04:30PM - 06:15PM,UCC_205,11/19,,Yes,Dept of Social Work
2026-27 Term 1,2420,SOWK,SOWK3340-,7430,Social Policy and Planning 社會政策及規劃,3.00,- Dr. AU YEUNG Kwok Wai Eric,17,3,TUT,-T01,E,Th 04:30PM - 06:15PM,UCC_205,12/3,,Yes,Dept of Social Work
2026-27 Term 1,2420,SOWK,SOWK3340-,7430,Social Policy and Planning 社會政策及規劃,3.00,- Dr. AU YEUNG Kwok Wai Eric,17,3,TUT,-T02,E,Th 04:30PM - 06:15PM,UCC_205,9/24,,Yes,Dept of Social Work
2026-27 Term 1,2420,SOWK,SOWK3340-,7430,Social Policy and Planning 社會政策及規劃,3.00,- Dr. AU YEUNG Kwok Wai Eric,17,3,TUT,-T02,E,Th 04:30PM - 06:15PM,UCC_205,10/15,,Yes,Dept of Social Work
2026-27 Term 1,2420,SOWK,SOWK3340-,7430,Social Policy and Planning 社會政策及規劃,3.00,- Dr. AU YEUNG Kwok Wai Eric,17,3,TUT,-T02,E,Th 04:30PM - 06:15PM,UCC_205,10/29,,Yes,Dept of Social Work
2026-27 Term 1,2420,SOWK,SOWK3340-,7430,Social Policy and Planning 社會政策及規劃,3.00,- Dr. AU YEUNG Kwok Wai Eric,17,3,TUT,-T02,E,Th 04:30PM - 06:15PM,UCC_205,11/12,,Yes,Dept of Social Work
2026-27 Term 1,2420,SOWK,SOWK3340-,7430,Social Policy and Planning 社會政策及規劃,3.00,- Dr. AU YEUNG Kwok Wai Eric,17,3,TUT,-T02,E,Th 04:30PM - 06:15PM,UCC_205,11/26,,Yes,Dept of Social Work
2026-27 Term 1,2420,SOWK,SOWK3340-,7430,Social Policy and Planning 社會政策及規劃,3.00,- Dr. AU YEUNG Kwok Wai Eric,17,4,TUT,-T03,E,Th 04:30PM - 06:15PM,UCC_102,9/17,,Yes,Dept of Social Work
2026-27 Term 1,2420,SOWK,SOWK3340-,7430,Social Policy and Planning 社會政策及規劃,3.00,- Dr. AU YEUNG Kwok Wai Eric,17,4,TUT,-T03,E,Th 04:30PM - 06:15PM,UCC_102,10/8,,Yes,Dept of Social Work
2026-27 Term 1,2420,SOWK,SOWK3340-,7430,Social Policy and Planning 社會政策及規劃,3.00,- Dr. AU YEUNG Kwok Wai Eric,17,4,TUT,-T03,E,Th 04:30PM - 06:15PM,UCC_102,10/22,,Yes,Dept of Social Work
2026-27 Term 1,2420,SOWK,SOWK3340-,7430,Social Policy and Planning 社會政策及規劃,3.00,- Dr. AU YEUNG Kwok Wai Eric,17,4,TUT,-T03,E,Th 04:30PM - 06:15PM,UCC_102,11/5,,Yes,Dept of Social Work
2026-27 Term 1,2420,SOWK,SOWK3340-,7430,Social Policy and Planning 社會政策及規劃,3.00,- Dr. AU YEUNG Kwok Wai Eric,17,4,TUT,-T03,E,Th 04:30PM - 06:15PM,UCC_102,11/19,,Yes,Dept of Social Work
2026-27 Term 1,2420,SOWK,SOWK3340-,7430,Social Policy and Planning 社會政策及規劃,3.00,- Dr. AU YEUNG Kwok Wai Eric,17,4,TUT,-T03,E,Th 04:30PM - 06:15PM,UCC_102,12/3,,Yes,Dept of Social Work
2026-27 Term 1,2420,SOWK,SOWK3340-,7430,Social Policy and Planning 社會政策及規劃,3.00,- Dr. AU YEUNG Kwok Wai Eric,17,2,TUT,-T04,E,Th 04:30PM - 06:15PM,UCC_102,9/24,,Yes,Dept of Social Work
2026-27 Term 1,2420,SOWK,SOWK3340-,7430,Social Policy and Planning 社會政策及規劃,3.00,- Dr. AU YEUNG Kwok Wai Eric,17,2,TUT,-T04,E,Th 04:30PM - 06:15PM,UCC_102,10/15,,Yes,Dept of Social Work
2026-27 Term 1,2420,SOWK,SOWK3340-,7430,Social Policy and Planning 社會政策及規劃,3.00,- Dr. AU YEUNG Kwok Wai Eric,17,2,TUT,-T04,E,Th 04:30PM - 06:15PM,UCC_102,10/29,,Yes,Dept of Social Work
2026-27 Term 1,2420,SOWK,SOWK3340-,7430,Social Policy and Planning 社會政策及規劃,3.00,- Dr. AU YEUNG Kwok Wai Eric,17,2,TUT,-T04,E,Th 04:30PM - 06:15PM,UCC_102,11/12,,Yes,Dept of Social Work
2026-27 Term 1,2420,SOWK,SOWK3340-,7430,Social Policy and Planning 社會政策及規劃,3.00,- Dr. AU YEUNG Kwok Wai Eric,17,2,TUT,-T04,E,Th 04:30PM - 06:15PM,UCC_102,11/26,,Yes,Dept of Social Work
2026-27 Term 1,2420,SOWK,SOWK3410-,6114,Field Instruction I 實習指導（一）,4.00,- Dr. AU YEUNG Kwok Wai Eric - Mr. DIN Wai Bun,60,3,FLD,-F01,C&E,TBA,NRR,07/09/2026 - 30/11/2026,Yes,Yes,Dept of Social Work
2026-27 Term 1,2420,SOWK,SOWK3420-,8023,Field Instruction II 實習指導（二）,4.00,- Dr. AU YEUNG Kwok Wai Eric - Mr. DIN Wai Bun,5,3,FLD,-F01,C&E,TBA,NRR,07/09/2026 - 30/11/2026,Yes,Yes,Dept of Social Work
2026-27 Term 1,2420,SOWK,SOWK4350-,8674,Law and Social Work 法律與社工,3.00,- Miss CHOW Ching Yee,60,4,LEC,-,E,We 06:30PM - 09:15PM,ARC_G04,"9/9, 9/16, 9/23, 9/30, 10/7, 10/14, 10/21, 10/28, 11/4, 11/11, 11/18, 11/25, 12/2",Yes,Yes,Dept of Social Work
2026-27 Term 1,2420,SOWK,SOWK4410-,7876,Field Instruction III 實習指導（三）,4.00,- Dr. AU YEUNG Kwok Wai Eric - Mr. DIN Wai Bun,60,11,FLD,-F01,C&E,TBA,NRR,07/09/2026 - 30/11/2026,Yes,Yes,Dept of Social Work
2026-27 Term 1,2420,SOWK,SOWK4420-,6113,Field Instruction IV 實習指導（四）,4.00,- Dr. AU YEUNG Kwok Wai Eric - Mr. DIN Wai Bun,10,8,FLD,-F01,C&E,TBA,NRR,07/09/2026 - 30/11/2026,Yes,Yes,Dept of Social Work
2026-27 Term 1,2420,SOWK,SOWK4510-,9112,Sem I Family-centered Soc Work 專題研討（一）： 家庭為本社會工作,3.00,- Dr. LAW Yee Man,30,0,SEM,-S01,C&E,We 10:30AM - 01:15PM,UCC_509,"9/9, 9/16, 9/23, 9/30, 10/7, 10/14, 10/21, 10/28, 11/4, 11/11, 11/18, 11/25, 12/2",Yes,Yes,Dept of Social Work
2026-27 Term 1,2420,SOWK,SOWK4520-,9512,Seminar II: SW with Young Ppl 專題研討（二）：青少年社會工作,3.00,- Mr CHAN Hiu Fai,30,5,SEM,-S01,C&E,Tu 03:30PM - 06:15PM,UCC_114,"9/8, 9/15, 9/22, 9/29, 10/6, 10/13, 10/20, 10/27, 11/3, 11/10, 11/17, 11/24, 12/1",Yes,Yes,Dept of Social Work
2026-27 Term 1,2420,SOWK,SOWK4570-,6940,Sem VII Art-based SW Practice 專題研討（七）：藝術為本社會工作實務,3.00,- Dr. CHANG Man Yan Fiona,24,0,SEM,-S01,C&E,We 02:30PM - 05:15PM,UCC_509,"9/9, 9/16, 9/23, 9/30, 10/7, 10/14, 10/21, 10/28, 11/4, 11/11, 11/18, 11/25, 12/2",Yes,Yes,Dept of Social Work
2026-27 Term 1,2420,SOWK,SOWK4592A,6941,Seminar XI: Special Seminar 專題研討（十一）：特選專題研討,3.00,- Mr. HO Chun Yu,30,21,SEM,AS01,C&E,Tu 12:30PM - 03:15PM,MMW_705,"9/8, 9/15, 9/22, 9/29, 10/6, 10/13, 10/20, 10/27, 11/3, 11/10, 11/17, 11/24, 12/1",Yes,Yes,Dept of Social Work
2026-27 Term 1,2420,SPAN,SPAN1000A,4923,Spanish I 西班牙語（一）,3.00,- Mr. Mario MONTERRUBIO GANAN,28,28,CLW,AC01,S&E,Mo 10:30AM - 01:15PM,WMY_402,"9/7, 9/14, 9/21, 9/28, 10/5, 10/12",,,Dept of Linguistics & Mod Lang
2026-27 Term 1,2420,SPAN,SPAN1000A,4923,Spanish I 西班牙語（一）,3.00,- Mr. Mario MONTERRUBIO GANAN,28,28,CLW,AC01,S&E,Mo 10:30AM - 01:15PM,WMY_402,"10/26, 11/2, 11/9, 11/16, 11/23, 11/30",,,Dept of Linguistics & Mod Lang
2026-27 Term 1,2420,SPAN,SPAN1000C,7431,Spanish I 西班牙語（一）,3.00,- Dr. Leticia VICENTE RASOAMALALA,28,28,CLW,CC01,S&E,We 02:30PM - 05:15PM,WMY_405,"9/9, 9/16, 9/23, 9/30, 10/7, 10/14, 10/21, 10/28, 11/4, 11/11, 11/18, 11/25, 12/2",,,Dept of Linguistics & Mod Lang
2026-27 Term 1,2420,SPAN,SPAN1000D,5287,Spanish I 西班牙語（一）,3.00,- Miss Maria Del Carmen JORDAN FERNANDEZ,28,28,CLW,DC01,S&E,We 01:30PM - 04:15PM,LSK_306,"9/9, 9/16, 9/23, 9/30, 10/7, 10/14, 10/21, 10/28, 11/4, 11/11, 11/18, 11/25, 12/2",,,Dept of Linguistics & Mod Lang
2026-27 Term 1,2420,SPAN,SPAN1000E,7434,Spanish I 西班牙語（一）,3.00,- Dr. Leticia VICENTE RASOAMALALA,28,28,CLW,EC01,S&E,Mo 02:30PM - 05:15PM,WMY_404,"9/7, 9/14, 9/21, 9/28, 10/5, 10/12",,,Dept of Linguistics & Mod Lang
2026-27 Term 1,2420,SPAN,SPAN1000E,7434,Spanish I 西班牙語（一）,3.00,- Dr. Leticia VICENTE RASOAMALALA,28,28,CLW,EC01,S&E,Mo 02:30PM - 05:15PM,WMY_404,"10/26, 11/2, 11/9, 11/16, 11/23, 11/30",,,Dept of Linguistics & Mod Lang
2026-27 Term 1,2420,SPAN,SPAN1000F,4916,Spanish I 西班牙語（一）,3.00,- Ms. Angela NIETO JIMENEZ,28,28,CLW,FC01,S&E,Th 10:30AM - 01:15PM,ERB_804,"9/10, 9/17, 9/24",,,Dept of Linguistics & Mod Lang
2026-27 Term 1,2420,SPAN,SPAN1000F,4916,Spanish I 西班牙語（一）,3.00,- Ms. Angela NIETO JIMENEZ,28,28,CLW,FC01,S&E,Th 10:30AM - 01:15PM,ERB_804,"10/8, 10/15, 10/22, 10/29, 11/5, 11/12, 11/19, 11/26, 12/3",,,Dept of Linguistics & Mod Lang
2026-27 Term 1,2420,SPAN,SPAN1000G,7432,Spanish I 西班牙語（一）,3.00,- Dr. Leticia VICENTE RASOAMALALA,28,28,CLW,GC01,S&E,We 10:30AM - 01:15PM,WMY_304,"9/9, 9/16, 9/23, 9/30, 10/7, 10/14, 10/21, 10/28, 11/4, 11/11, 11/18, 11/25, 12/2",,,Dept of Linguistics & Mod Lang
2026-27 Term 1,2420,SPAN,SPAN1000H,7433,Spanish I 西班牙語（一）,3.00,- Dr. Leticia VICENTE RASOAMALALA,28,28,CLW,HC01,S&E,Tu 10:30AM - 01:15PM,WMY_403,"9/8, 9/15, 9/22, 9/29, 10/6, 10/13, 10/20, 10/27, 11/3, 11/10, 11/17, 11/24, 12/1",,,Dept of Linguistics & Mod Lang
2026-27 Term 1,2420,SPAN,SPAN1000I,5549,Spanish I 西班牙語（一）,3.00,- Mr. Mario MONTERRUBIO GANAN,28,28,CLW,IC01,S&E,Tu 02:30PM - 05:15PM,LSK_208,"9/8, 9/15, 9/22, 9/29, 10/6, 10/13, 10/20, 10/27, 11/3, 11/10, 11/17, 11/24, 12/1",,,Dept of Linguistics & Mod Lang
2026-27 Term 1,2420,SPAN,SPAN1000J,4918,Spanish I 西班牙語（一）,3.00,- Miss Maria Del Carmen JORDAN FERNANDEZ,28,28,CLW,JC01,S&E,We 09:30AM - 12:15PM,LSK_201,"9/9, 9/16, 9/23, 9/30, 10/7, 10/14, 10/21, 10/28, 11/4, 11/11, 11/18, 11/25, 12/2",,,Dept of Linguistics & Mod Lang
2026-27 Term 1,2420,SPAN,SPAN1000K,5863,Spanish I 西班牙語（一）,3.00,- Dr. Antonio Ramon GARCIA SUSPERREGUI,28,28,CLW,KC01,S&E,Th 09:30AM - 12:15PM,WMY_405,"9/10, 9/17, 9/24",,,Dept of Linguistics & Mod Lang
2026-27 Term 1,2420,SPAN,SPAN1000K,5863,Spanish I 西班牙語（一）,3.00,- Dr. Antonio Ramon GARCIA SUSPERREGUI,28,28,CLW,KC01,S&E,Th 09:30AM - 12:15PM,WMY_405,"10/8, 10/15, 10/22, 10/29, 11/5, 11/12, 11/19, 11/26, 12/3",,,Dept of Linguistics & Mod Lang
2026-27 Term 1,2420,SPAN,SPAN1000L,9708,Spanish I 西班牙語（一）,3.00,- Dr. Antonio Ramon GARCIA SUSPERREGUI,28,28,CLW,LC01,S&E,Th 02:30PM - 05:15PM,ELB_307,"9/10, 9/17, 9/24",,,Dept of Linguistics & Mod Lang
2026-27 Term 1,2420,SPAN,SPAN1000L,9708,Spanish I 西班牙語（一）,3.00,- Dr. Antonio Ramon GARCIA SUSPERREGUI,28,28,CLW,LC01,S&E,Th 02:30PM - 05:15PM,ELB_307,"10/8, 10/15, 10/22, 10/29, 11/5, 11/12, 11/19, 11/26, 12/3",,,Dept of Linguistics & Mod Lang
2026-27 Term 1,2420,SPAN,SPAN1000M,5006,Spanish I 西班牙語（一）,3.00,- Ms. Angela NIETO JIMENEZ,28,28,CLW,MC01,S&E,Fr 08:30AM - 11:15AM,WMY_402,"9/11, 9/18, 9/25, 10/2, 10/9, 10/16, 10/23, 10/30, 11/6, 11/13, 11/20, 11/27, 12/4",,,Dept of Linguistics & Mod Lang
2026-27 Term 1,2420,SPAN,SPAN1001-,6075,First Step in Spanish 西班牙語入門,1.00,- Staff,150,150,LEC,-,S&E,TBA,NRR,07/09/2026 - 30/11/2026,Yes,Yes,Dept of Linguistics & Mod Lang
2026-27 Term 1,2420,SPAN,SPAN1101-,9223,Spa Civilization & Its Lang I 西班牙文明及其語言（一）,3.00,- Dr. Leticia VICENTE RASOAMALALA,28,26,CLW,-C01,S&E,Tu 02:30PM - 05:15PM,YIA_403,"9/8, 9/15, 9/22, 9/29, 10/6, 10/13, 10/20, 10/27, 11/3, 11/10, 11/17, 11/24, 12/1",,,Dept of Linguistics & Mod Lang
2026-27 Term 1,2420,SPAN,SPAN2000A,4931,Spanish II 西班牙語（二）,3.00,- Miss Veronica J. CONSTANTINO CASTILLO,28,28,CLW,AC01,S&E,Mo 10:30AM - 01:15PM,YIA_510,"9/7, 9/14, 9/21, 9/28, 10/5, 10/12",,,Dept of Linguistics & Mod Lang
2026-27 Term 1,2420,SPAN,SPAN2000A,4931,Spanish II 西班牙語（二）,3.00,- Miss Veronica J. CONSTANTINO CASTILLO,28,28,CLW,AC01,S&E,Mo 10:30AM - 01:15PM,YIA_510,"10/26, 11/2, 11/9, 11/16, 11/23, 11/30",,,Dept of Linguistics & Mod Lang
2026-27 Term 1,2420,SPAN,SPAN2000B,4943,Spanish II 西班牙語（二）,3.00,- Miss Veronica J. CONSTANTINO CASTILLO,28,28,CLW,BC01,S&E,Tu 10:30AM - 01:15PM,CKB_108,"9/8, 9/15, 9/22, 9/29, 10/6, 10/13, 10/20, 10/27, 11/3, 11/10, 11/17, 11/24, 12/1",,,Dept of Linguistics & Mod Lang
2026-27 Term 1,2420,SPAN,SPAN2001A,4927,Spanish III 西班牙語（三）,3.00,- Dr. Antonio Ramon GARCIA SUSPERREGUI,28,25,CLW,AC01,S&E,We 09:30AM - 12:15PM,LSK_210,"9/9, 9/16, 9/23, 9/30, 10/7, 10/14, 10/21, 10/28, 11/4, 11/11, 11/18, 11/25, 12/2",,,Dept of Linguistics & Mod Lang
2026-27 Term 1,2420,SPAN,SPAN2001B,4929,Spanish III 西班牙語（三）,3.00,- Dr. Antonio Ramon GARCIA SUSPERREGUI,28,25,CLW,BC01,S&E,We 02:30PM - 05:15PM,HYS_501,"9/9, 9/16, 9/23, 9/30, 10/7, 10/14, 10/21, 10/28, 11/4, 11/11, 11/18, 11/25, 12/2",,,Dept of Linguistics & Mod Lang
2026-27 Term 1,2420,SPAN,SPAN3001A,4945,Spanish V 西班牙語（五）,3.00,- Mr. Mario MONTERRUBIO GANAN,28,27,CLW,AC01,S&E,Tu 10:30AM - 01:15PM,WMY_305,"9/8, 9/15, 9/22, 9/29, 10/6, 10/13, 10/20, 10/27, 11/3, 11/10, 11/17, 11/24, 12/1",,,Dept of Linguistics & Mod Lang
2026-27 Term 1,2420,SPAN,SPAN3001B,4925,Spanish V 西班牙語（五）,3.00,- Mr. Mario MONTERRUBIO GANAN,28,27,CLW,BC01,S&E,Mo 02:30PM - 05:15PM,LSK_201,"9/7, 9/14, 9/21, 9/28, 10/5, 10/12",,,Dept of Linguistics & Mod Lang
2026-27 Term 1,2420,SPAN,SPAN3001B,4925,Spanish V 西班牙語（五）,3.00,- Mr. Mario MONTERRUBIO GANAN,28,27,CLW,BC01,S&E,Mo 02:30PM - 05:15PM,LSK_201,"10/26, 11/2, 11/9, 11/16, 11/23, 11/30",,,Dept of Linguistics & Mod Lang
2026-27 Term 1,2420,SPED,SPED1000-,5770,Introd to Human Movement Sci 人體運動科學導論,3.00,- Professor TSE Choi Yeung Andy,35,33,LEC,-,E,We 08:30AM - 11:15AM,ARC_G02,"9/9, 9/16, 9/23, 9/30, 10/7, 10/14, 10/21, 10/28, 11/4, 11/11, 11/18, 11/25, 12/2",,Yes,Dept of Sports Sc & Phy Edu
2026-27 Term 1,2420,SPED,SPED2010A,8704,Team Sports 隊際運動,1.00,- Dr. MUI Suet Ying Rosetta - Ms. LI Sau Ying,23,23,PRA,AP01,C&E,Mo 10:30AM - 12:15PM,UG,"9/7, 9/14, 9/21, 9/28, 10/5, 10/12",,,Dept of Sports Sc & Phy Edu
2026-27 Term 1,2420,SPED,SPED2010A,8704,Team Sports 隊際運動,1.00,- Dr. MUI Suet Ying Rosetta - Ms. LI Sau Ying,23,23,PRA,AP01,C&E,Mo 10:30AM - 12:15PM,UG,"10/26, 11/2, 11/9, 11/16, 11/23, 11/30",,,Dept of Sports Sc & Phy Edu
2026-27 Term 1,2420,SPED,SPED2010B,8705,Team Sports 隊際運動,1.00,- Dr. MUI Suet Ying Rosetta - Ms. LI Sau Ying,22,22,PRA,BP01,C&E,Mo 12:30PM - 02:15PM,UG,"9/7, 9/14, 9/21, 9/28, 10/5, 10/12",,,Dept of Sports Sc & Phy Edu
2026-27 Term 1,2420,SPED,SPED2010B,8705,Team Sports 隊際運動,1.00,- Dr. MUI Suet Ying Rosetta - Ms. LI Sau Ying,22,22,PRA,BP01,C&E,Mo 12:30PM - 02:15PM,UG,"10/26, 11/2, 11/9, 11/16, 11/23, 11/30",,,Dept of Sports Sc & Phy Edu
2026-27 Term 1,2420,SPED,SPED2011-,8772,Teaching Basketball: T & P 籃球教學：理論與實踐,1.00,- Dr. MUI Suet Ying Rosetta,29,1,PRA,-P01,E,Th 10:30AM - 12:15PM,UG,"9/10, 9/17, 9/24",,Yes,Dept of Sports Sc & Phy Edu
2026-27 Term 1,2420,SPED,SPED2011-,8772,Teaching Basketball: T & P 籃球教學：理論與實踐,1.00,- Dr. MUI Suet Ying Rosetta,29,1,PRA,-P01,E,Th 10:30AM - 12:15PM,UG,"10/8, 10/15, 10/22, 10/29, 11/5, 11/12, 11/19, 11/26, 12/3",,Yes,Dept of Sports Sc & Phy Edu
2026-27 Term 1,2420,SPED,SPED2031-,7076,Teaching Soccer: T & P 足球教學：理論與實踐,1.00,- Dr. John Timothy O'REILLY,26,4,PRA,-P01,E,Th 10:30AM - 12:15PM,HYS_501,"9/10, 9/17, 9/24",,Yes,Dept of Sports Sc & Phy Edu
2026-27 Term 1,2420,SPED,SPED2031-,7076,Teaching Soccer: T & P 足球教學：理論與實踐,1.00,- Dr. John Timothy O'REILLY,26,4,PRA,-P01,E,Th 10:30AM - 12:15PM,HYS_501,"10/8, 10/15, 10/22, 10/29, 11/5, 11/12, 11/19, 11/26, 12/3",,Yes,Dept of Sports Sc & Phy Edu
2026-27 Term 1,2420,SPED,SPED2051A,8841,Teaching Badminton: T & P 羽毛球教學：理論與實踐,1.00,- Dr. MUI Suet Ying Rosetta,13,13,PRA,AP01,E,Tu 10:30AM - 12:15PM,UG,"9/8, 9/15, 9/22, 9/29, 10/6, 10/13, 10/20, 10/27, 11/3, 11/10, 11/17, 11/24, 12/1",,,Dept of Sports Sc & Phy Edu
2026-27 Term 1,2420,SPED,SPED2051B,8827,Teaching Badminton: T & P 羽毛球教學：理論與實踐,1.00,- Dr. MUI Suet Ying Rosetta,13,13,PRA,BP01,E,Tu 12:30PM - 02:15PM,UG,"9/8, 9/15, 9/22, 9/29, 10/6, 10/13, 10/20, 10/27, 11/3, 11/10, 11/17, 11/24, 12/1",,,Dept of Sports Sc & Phy Edu
2026-27 Term 1,2420,SPED,SPED2110A,8826,Individual Sports 個人項目運動,1.00,- Miss MA Man Sum - Ms. LI Sau Ying,23,23,PRA,AP01,C&E,We 02:30PM - 04:15PM,SP,"9/9, 9/16, 9/23, 9/30, 10/7, 10/14, 10/21, 10/28, 11/4, 11/11, 11/18, 11/25, 12/2",,,Dept of Sports Sc & Phy Edu
2026-27 Term 1,2420,SPED,SPED2110B,8692,Individual Sports 個人項目運動,1.00,- Miss MA Man Sum - Ms. LI Sau Ying,22,22,PRA,BP01,C&E,We 04:30PM - 06:15PM,SP,"9/9, 9/16, 9/23, 9/30, 10/7, 10/14, 10/21, 10/28, 11/4, 11/11, 11/18, 11/25, 12/2",,,Dept of Sports Sc & Phy Edu
2026-27 Term 1,2420,SPED,SPED2111A,7910,Teaching Swimming I: T & P 游泳教學 I：理論與實踐,1.00,- Ms. TAM Sze Man Simone,16,15,PRA,AP01,E,TBA,SP,07/09/2026 - 30/11/2026,,,Dept of Sports Sc & Phy Edu
2026-27 Term 1,2420,SPED,SPED2111A,7910,Teaching Swimming I: T & P 游泳教學 I：理論與實踐,1.00,- Ms. TAM Sze Man Simone,16,15,PRA,AP01,E,TBA,SP,07/09/2026 - 30/11/2026,,,Dept of Sports Sc & Phy Edu
2026-27 Term 1,2420,SPED,SPED2111B,7911,Teaching Swimming I: T & P 游泳教學 I：理論與實踐,1.00,- Ms. TAM Sze Man Simone,16,14,PRA,BP01,E,TBA,SP,07/09/2026 - 30/11/2026,,,Dept of Sports Sc & Phy Edu
2026-27 Term 1,2420,SPED,SPED2111B,7911,Teaching Swimming I: T & P 游泳教學 I：理論與實踐,1.00,- Ms. TAM Sze Man Simone,16,14,PRA,BP01,E,TBA,SP,07/09/2026 - 30/11/2026,,,Dept of Sports Sc & Phy Edu
2026-27 Term 1,2420,SPED,SPED2131-,8459,Tea Track & Field I: T & P 田徑教學 I：理論與實踐,1.00,- Ms. TAM Sze Man Simone,30,0,PRA,-P01,E,We 02:30PM - 04:15PM,YIA_402,"9/9, 9/16, 9/23, 9/30, 10/7, 10/14, 10/21, 10/28, 11/4, 11/11, 11/18, 11/25, 12/2",,Yes,Dept of Sports Sc & Phy Edu
2026-27 Term 1,2420,SPED,SPED2141A,8897,Fundamental Mov & Dance 基礎動作與舞蹈,1.00,- Dr. CHEUNG Sin Ting Juanita - Ms. TAM Sze Man Simone,31,29,PRA,AP01,E,We 08:30AM - 10:15AM,UG,"9/9, 9/16, 9/23, 9/30, 10/7, 10/14, 10/21, 10/28, 11/4, 11/11, 11/18, 11/25, 12/2",,Yes,Dept of Sports Sc & Phy Edu
2026-27 Term 1,2420,SPED,SPED2141B,8857,Fundamental Mov & Dance 基礎動作與舞蹈,1.00,- Dr. CHEUNG Sin Ting Juanita - Ms. TAM Sze Man Simone,23,23,PRA,BP01,C&E,Tu 02:30PM - 04:15PM,UG,"9/8, 9/15, 9/22, 9/29, 10/6, 10/13, 10/20, 10/27, 11/3, 11/10, 11/17, 11/24, 12/1",,,Dept of Sports Sc & Phy Edu
2026-27 Term 1,2420,SPED,SPED2141C,8706,Fundamental Mov & Dance 基礎動作與舞蹈,1.00,- Dr. CHEUNG Sin Ting Juanita - Ms. TAM Sze Man Simone,22,22,PRA,CP01,C&E,Tu 04:30PM - 06:15PM,UG,"9/8, 9/15, 9/22, 9/29, 10/6, 10/13, 10/20, 10/27, 11/3, 11/10, 11/17, 11/24, 12/1",,,Dept of Sports Sc & Phy Edu
2026-27 Term 1,2420,SPED,SPED2211A,8773,Teaching Gymnastics: T & P 體操教學：理論與實踐,1.00,- Mr. NG Kiu Chung,13,13,PRA,AP01,E,We 02:30PM - 04:15PM,UG,"9/9, 9/16, 9/23, 9/30, 10/7, 10/14, 10/21, 10/28, 11/4, 11/11, 11/18, 11/25, 12/2",,,Dept of Sports Sc & Phy Edu
2026-27 Term 1,2420,SPED,SPED2211B,8774,Teaching Gymnastics: T & P 體操教學：理論與實踐,1.00,- Mr. NG Kiu Chung,13,13,PRA,BP01,E,We 04:30PM - 06:15PM,UG,"9/9, 9/16, 9/23, 9/30, 10/7, 10/14, 10/21, 10/28, 11/4, 11/11, 11/18, 11/25, 12/2",,,Dept of Sports Sc & Phy Edu
2026-27 Term 1,2420,SPED,SPED2520-,5711,Func'l Human Anatomy & Sp Inj 功能性人體解剖學及運動創傷,3.00,- Mr LO King Yuen,118,114,LEC,-,E,Fr 08:30AM - 11:15AM,CK_TSE,"9/11, 9/18, 9/25, 10/2, 10/9, 10/16, 10/23, 10/30, 11/6, 11/13, 11/20, 11/27, 12/4",,Yes,Dept of Sports Sc & Phy Edu
2026-27 Term 1,2420,SPED,SPED2600A,7146,"Bas Sta, Test & Meas for P.E. 基本體育統計、測檢與量度學",3.00,- Professor Jozo GRGIC,52,23,LEC,A,E,Tu 09:30AM - 11:15AM,HCA_103,"9/8, 9/15, 9/22, 9/29, 10/6, 10/13, 10/20, 10/27, 11/3, 11/10, 11/17, 11/24, 12/1",Yes,Yes,Dept of Sports Sc & Phy Edu
2026-27 Term 1,2420,SPED,SPED2600A,7146,"Bas Sta, Test & Meas for P.E. 基本體育統計、測檢與量度學",3.00,- Professor Jozo GRGIC,52,23,LAB,AL01,E,Tu 11:30AM - 12:15PM,HCA_103,"9/8, 9/15, 9/22, 9/29, 10/6, 10/13, 10/20, 10/27, 11/3, 11/10, 11/17, 11/24, 12/1",Yes,Yes,Dept of Sports Sc & Phy Edu
2026-27 Term 1,2420,SPED,SPED2600B,7148,"Bas Sta, Test & Meas for P.E. 基本體育統計、測檢與量度學",3.00,- Professor Jozo GRGIC,52,50,LEC,B,E,Th 09:30AM - 11:15AM,HCA_103,"9/10, 9/17, 9/24",Yes,Yes,Dept of Sports Sc & Phy Edu
2026-27 Term 1,2420,SPED,SPED2600B,7148,"Bas Sta, Test & Meas for P.E. 基本體育統計、測檢與量度學",3.00,- Professor Jozo GRGIC,52,50,LEC,B,E,Th 09:30AM - 11:15AM,HCA_103,"10/8, 10/15, 10/22, 10/29, 11/5, 11/12, 11/19, 11/26, 12/3",Yes,Yes,Dept of Sports Sc & Phy Edu
2026-27 Term 1,2420,SPED,SPED2600B,7148,"Bas Sta, Test & Meas for P.E. 基本體育統計、測檢與量度學",3.00,- Professor Jozo GRGIC,52,50,LAB,BL01,E,Th 11:30AM - 12:15PM,HCA_103,"9/10, 9/17, 9/24",Yes,Yes,Dept of Sports Sc & Phy Edu
2026-27 Term 1,2420,SPED,SPED2600B,7148,"Bas Sta, Test & Meas for P.E. 基本體育統計、測檢與量度學",3.00,- Professor Jozo GRGIC,52,50,LAB,BL01,E,Th 11:30AM - 12:15PM,HCA_103,"10/8, 10/15, 10/22, 10/29, 11/5, 11/12, 11/19, 11/26, 12/3",Yes,Yes,Dept of Sports Sc & Phy Edu
2026-27 Term 1,2420,SPED,SPED2700-,8439,Principles of Strength T & C 肌力與體能訓練原理,3.00,- Dr. LEE Wai Yuk Justin - Professor Jozo GRGIC - Professor POON Tsz Chun,11,2,LEC,-,E,We 10:30AM - 01:15PM,ELB_206,"9/9, 9/16, 9/23, 9/30, 10/7, 10/14, 10/21, 10/28, 11/4, 11/11, 11/18, 11/25, 12/2",,Yes,Dept of Sports Sc & Phy Edu
2026-27 Term 1,2420,SPED,SPED2720-,8456,Foundation of Phy Ed & Sports 體育與運動基礎,3.00,- Miss MA Man Sum,110,107,LEC,-,E,Th 02:30PM - 05:15PM,YIA_LT7,"9/10, 9/17, 9/24",,Yes,Dept of Sports Sc & Phy Edu
2026-27 Term 1,2420,SPED,SPED2720-,8456,Foundation of Phy Ed & Sports 體育與運動基礎,3.00,- Miss MA Man Sum,110,107,LEC,-,E,Th 02:30PM - 05:15PM,YIA_LT7,"10/8, 10/15, 10/22, 10/29, 11/5, 11/12, 11/19, 11/26, 12/3",,Yes,Dept of Sports Sc & Phy Edu
2026-27 Term 1,2420,SPED,SPED3220A,7083,Alternative Sports 另類運動,1.00,- Ms. LI Sau Ying,15,15,PRA,AP01,E,Tu 02:30PM - 04:15PM,YIA_511,"9/8, 9/15, 9/22, 9/29, 10/6, 10/13, 10/20, 10/27, 11/3, 11/10, 11/17, 11/24, 12/1",,,Dept of Sports Sc & Phy Edu
2026-27 Term 1,2420,SPED,SPED3220B,7084,Alternative Sports 另類運動,1.00,- Ms. LI Sau Ying,14,13,PRA,BP01,E,Tu 04:30PM - 06:15PM,YIA_511,"9/8, 9/15, 9/22, 9/29, 10/6, 10/13, 10/20, 10/27, 11/3, 11/10, 11/17, 11/24, 12/1",,,Dept of Sports Sc & Phy Edu
2026-27 Term 1,2420,SPED,SPED3250-,8767,Tea Dances:TP 舞蹈教學：理論與實踐,1.00,- Ms. YIP Lai Yee,26,3,PRA,-P01,C&E,Th 02:30PM - 04:15PM,USCTT,"9/10, 9/17, 9/24",,Yes,Dept of Sports Sc & Phy Edu
2026-27 Term 1,2420,SPED,SPED3250-,8767,Tea Dances:TP 舞蹈教學：理論與實踐,1.00,- Ms. YIP Lai Yee,26,3,PRA,-P01,C&E,Th 02:30PM - 04:15PM,USCTT,"10/8, 10/15, 10/22, 10/29, 11/5, 11/12, 11/19, 11/26, 12/3",,Yes,Dept of Sports Sc & Phy Edu
2026-27 Term 1,2420,SPED,SPED3410-,8465,Curriculum Planning for P.E. 體育課程設計,3.00,- Ms. LI Sau Ying,40,11,LEC,-,C&E,Th 02:30PM - 05:15PM,CKB_UG04,"9/10, 9/17, 9/24",,Yes,Dept of Sports Sc & Phy Edu
2026-27 Term 1,2420,SPED,SPED3410-,8465,Curriculum Planning for P.E. 體育課程設計,3.00,- Ms. LI Sau Ying,40,11,LEC,-,C&E,Th 02:30PM - 05:15PM,CKB_UG04,"10/8, 10/15, 10/22, 10/29, 11/5, 11/12, 11/19, 11/26, 12/3",,Yes,Dept of Sports Sc & Phy Edu
2026-27 Term 1,2420,SPED,SPED3440-,7085,Pedagogy of Secondary PE 中學體育教學法,3.00,- Dr. CHEUNG Sin Ting Juanita,27,4,LEC,-,C&E,Tu 09:30AM - 11:15AM,ARC_211,"9/8, 9/15, 9/22, 9/29, 10/6, 10/13, 10/20, 10/27, 11/3, 11/10, 11/17, 11/24, 12/1",,Yes,Dept of Sports Sc & Phy Edu
2026-27 Term 1,2420,SPED,SPED3440-,7085,Pedagogy of Secondary PE 中學體育教學法,3.00,- Dr. CHEUNG Sin Ting Juanita,27,4,LAB,-L01,C&E,Tu 11:30AM - 12:15PM,ARC_211,"9/8, 9/15, 9/22, 9/29, 10/6, 10/13, 10/20, 10/27, 11/3, 11/10, 11/17, 11/24, 12/1",,Yes,Dept of Sports Sc & Phy Edu
2026-27 Term 1,2420,SPED,SPED3450-,7088,Pedagogy of Primary Pe 小學體育教學法,3.00,- Dr. CHEUNG Sin Ting Juanita,30,0,LEC,-,E,Mo 12:30PM - 02:15PM,ARC_211,"9/7, 9/14, 9/21, 9/28, 10/5, 10/12",,Yes,Dept of Sports Sc & Phy Edu
2026-27 Term 1,2420,SPED,SPED3450-,7088,Pedagogy of Primary Pe 小學體育教學法,3.00,- Dr. CHEUNG Sin Ting Juanita,30,0,LEC,-,E,Mo 12:30PM - 02:15PM,ARC_211,"10/26, 11/2, 11/9, 11/16, 11/23, 11/30",,Yes,Dept of Sports Sc & Phy Edu
2026-27 Term 1,2420,SPED,SPED3450-,7088,Pedagogy of Primary Pe 小學體育教學法,3.00,- Dr. CHEUNG Sin Ting Juanita,30,0,PRA,-P01,E,Mo 02:30PM - 03:15PM,ARC_211,"9/7, 9/14, 9/21, 9/28, 10/5, 10/12",,Yes,Dept of Sports Sc & Phy Edu
2026-27 Term 1,2420,SPED,SPED3450-,7088,Pedagogy of Primary Pe 小學體育教學法,3.00,- Dr. CHEUNG Sin Ting Juanita,30,0,PRA,-P01,E,Mo 02:30PM - 03:15PM,ARC_211,"10/26, 11/2, 11/9, 11/16, 11/23, 11/30",,Yes,Dept of Sports Sc & Phy Edu
2026-27 Term 1,2420,SPED,SPED3700-,8486,Sports and Health Technology 運動及健康相關科技,3.00,- Professor YU Pak Hung,45,45,LEC,-,E,We 02:30PM - 05:15PM,WMY_403,"9/9, 9/16, 9/23, 9/30, 10/7, 10/14, 10/21, 10/28, 11/4, 11/11, 11/18, 11/25, 12/2",,,Dept of Sports Sc & Phy Edu
2026-27 Term 1,2420,SPED,SPED3731-,8716,Select Topics in Sp Sociology 運動社會學專題研習,3.00,- Professor SUM Kim Wai Raymond,45,45,LEC,-,E,Th 10:30AM - 01:15PM,HTB_B5,"9/10, 9/17, 9/24",,,Dept of Sports Sc & Phy Edu
2026-27 Term 1,2420,SPED,SPED3731-,8716,Select Topics in Sp Sociology 運動社會學專題研習,3.00,- Professor SUM Kim Wai Raymond,45,45,LEC,-,E,Th 10:30AM - 01:15PM,HTB_B5,"10/8, 10/15, 10/22, 10/29, 11/5, 11/12, 11/19, 11/26, 12/3",,,Dept of Sports Sc & Phy Edu
2026-27 Term 1,2420,SPED,SPED3820-,7090,Introd to Exer & Sports Psy 體育運動心理學導論,3.00,- Professor SIT Hui Ping,75,1,LEC,-,E,Tu 09:30AM - 11:15AM,YIA_LT9,"9/8, 9/15, 9/22, 9/29, 10/6, 10/13, 10/20, 10/27, 11/3, 11/10, 11/17, 11/24, 12/1",,Yes,Dept of Sports Sc & Phy Edu
2026-27 Term 1,2420,SPED,SPED3820-,7090,Introd to Exer & Sports Psy 體育運動心理學導論,3.00,- Professor SIT Hui Ping,75,1,LAB,-L01,E,Tu 11:30AM - 12:15PM,YIA_LT9,"9/8, 9/15, 9/22, 9/29, 10/6, 10/13, 10/20, 10/27, 11/3, 11/10, 11/17, 11/24, 12/1",,Yes,Dept of Sports Sc & Phy Edu
2026-27 Term 1,2420,SPED,SPED4400-,6051,Teaching Practice in Secondary 中學教學實習,4.00,- Dr. CHEUNG Sin Ting Juanita - Dr. John Timothy O'REILLY - Dr. MUI Suet Ying Rosetta - Miss MA Man Sum - Ms. LI Sau Ying - Ms. TAM Sze Man Simone,1,0,PRA,-P01,C&E,TBA,NRR,07/09/2026 - 30/11/2026,Yes,Yes,Dept of Sports Sc & Phy Edu
2026-27 Term 1,2420,SPED,SPED4570-,7093,Edu & Promo of Exer & Health 運動與健康教育及推廣,3.00,- Professor WONG Heung Sang Stephen,79,12,LEC,-,E,Tu 02:30PM - 04:15PM,CK_TSE,"9/8, 9/15, 9/22, 9/29, 10/6, 10/13, 10/20, 10/27, 11/3, 11/10, 11/17, 11/24, 12/1",,Yes,Dept of Sports Sc & Phy Edu
2026-27 Term 1,2420,SPED,SPED4570-,7093,Edu & Promo of Exer & Health 運動與健康教育及推廣,3.00,- Professor WONG Heung Sang Stephen,79,12,FLD,-F01,E,Tu 04:30PM - 05:15PM,CK_TSE,"9/8, 9/15, 9/22, 9/29, 10/6, 10/13, 10/20, 10/27, 11/3, 11/10, 11/17, 11/24, 12/1",,Yes,Dept of Sports Sc & Phy Edu
2026-27 Term 1,2420,SPED,SPED4640-,5043,Human Kinematics & Kinetics 運動學及動力學,3.00,- Dr. ZHENG Xiaoping,45,45,LEC,-,E,We 02:30PM - 05:15PM,WMY_406,"9/9, 9/16, 9/23, 9/30, 10/7, 10/14, 10/21, 10/28, 11/4, 11/11, 11/18, 11/25, 12/2",,,Dept of Sports Sc & Phy Edu
2026-27 Term 1,2420,STAR,STAR2000-,6196,UG Research in Science I 科研培訓（一）,1.00,- Staff,30,17,OTH,-O01,C&E,TBA,NRR,07/09/2026 - 30/11/2026,Yes,,Fac Office of Science
2026-27 Term 1,2420,STAR,STAR2050-,7883,Seminar I 學術報告（一）,1.00,- Staff,30,19,SEM,-S01,C&E,TBA,NRR,07/09/2026 - 30/11/2026,Yes,,Fac Office of Science
2026-27 Term 1,2420,STAR,STAR3000-,6037,UG Research in Science II 科研培訓（二）,2.00,- Staff,30,25,OTH,-O01,C&E,TBA,NRR,07/09/2026 - 30/11/2026,Yes,,Fac Office of Science
2026-27 Term 1,2420,STAR,STAR3050-,7884,Seminar II 學術報告（二）,1.00,- Staff,30,27,SEM,-S01,C&E,TBA,NRR,07/09/2026 - 30/11/2026,Yes,,Fac Office of Science
2026-27 Term 1,2420,STAR,STAR4000-,6371,UG Research in Science III 科研培訓（三）,3.00,- Staff,30,29,OTH,-O01,C&E,TBA,NRR,07/09/2026 - 30/11/2026,Yes,,Fac Office of Science
2026-27 Term 1,2420,STAR,STAR4050-,6392,Seminar III 學術報告（三）,1.00,- Staff,30,28,OTH,-O01,C&E,TBA,NRR,07/09/2026 - 30/11/2026,Yes,,Fac Office of Science
2026-27 Term 1,2420,STAT,STAT1011A,9714,Introduction to Statistics 統計導論,3.00,- Dr. HO Kwok Wah,150,147,LEC,A,E,We 02:30PM - 05:15PM,YIA_LT7,"9/9, 9/16, 9/23, 9/30, 10/7, 10/14, 10/21, 10/28, 11/4, 11/11, 11/18, 11/25, 12/2",,,Dept of Stat and Data Sci
2026-27 Term 1,2420,STAT,STAT1011A,9714,Introduction to Statistics 統計導論,3.00,- Dr. HO Kwok Wah,150,147,TUT,AT01,E,TBA,TBA,07/09/2026 - 30/11/2026,,,Dept of Stat and Data Sci
2026-27 Term 1,2420,STAT,STAT1011B,9334,Introduction to Statistics 統計導論,3.00,- Dr. LEUNG Sze Him Isaac,150,150,LEC,B,E,Mo 11:30AM - 12:15PM,YIA_LT6,"9/7, 9/14, 9/21, 9/28, 10/5, 10/12",,,Dept of Stat and Data Sci
2026-27 Term 1,2420,STAT,STAT1011B,9334,Introduction to Statistics 統計導論,3.00,- Dr. LEUNG Sze Him Isaac,150,150,LEC,B,E,Mo 11:30AM - 12:15PM,YIA_LT6,"10/26, 11/2, 11/9, 11/16, 11/23, 11/30",,,Dept of Stat and Data Sci
2026-27 Term 1,2420,STAT,STAT1011B,9334,Introduction to Statistics 統計導論,3.00,- Dr. LEUNG Sze Him Isaac,150,150,LEC,B,E,Th 12:30PM - 02:15PM,YIA_LT6,"9/10, 9/17, 9/24",,,Dept of Stat and Data Sci
2026-27 Term 1,2420,STAT,STAT1011B,9334,Introduction to Statistics 統計導論,3.00,- Dr. LEUNG Sze Him Isaac,150,150,LEC,B,E,Th 12:30PM - 02:15PM,YIA_LT6,"10/8, 10/15, 10/22, 10/29, 11/5, 11/12, 11/19, 11/26, 12/3",,,Dept of Stat and Data Sci
2026-27 Term 1,2420,STAT,STAT1011B,9334,Introduction to Statistics 統計導論,3.00,- Dr. LEUNG Sze Him Isaac,150,150,TUT,BT01,E,TBA,TBA,07/09/2026 - 30/11/2026,,,Dept of Stat and Data Sci
2026-27 Term 1,2420,STAT,STAT1011C,9415,Introduction to Statistics 統計導論,3.00,- Dr. CHAN Chun Man,150,150,LEC,C,E,We 02:30PM - 05:15PM,YIA_LT5,"9/9, 9/16, 9/23, 9/30, 10/7, 10/14, 10/21, 10/28, 11/4, 11/11, 11/18, 11/25, 12/2",,,Dept of Stat and Data Sci
2026-27 Term 1,2420,STAT,STAT1011C,9415,Introduction to Statistics 統計導論,3.00,- Dr. CHAN Chun Man,150,150,TUT,CT01,E,TBA,TBA,07/09/2026 - 30/11/2026,,,Dept of Stat and Data Sci
2026-27 Term 1,2420,STAT,STAT1012A,5289,Statistics for Life Sciences 生命科學統計,3.00,- Dr. OUYANG Ming,100,99,LEC,A,E,Mo 02:30PM - 04:15PM,YIA_LT6,"9/7, 9/14, 9/21, 9/28, 10/5, 10/12",,,Dept of Stat and Data Sci
2026-27 Term 1,2420,STAT,STAT1012A,5289,Statistics for Life Sciences 生命科學統計,3.00,- Dr. OUYANG Ming,100,99,LEC,A,E,Mo 02:30PM - 04:15PM,YIA_LT6,"10/26, 11/2, 11/9, 11/16, 11/23, 11/30",,,Dept of Stat and Data Sci
2026-27 Term 1,2420,STAT,STAT1012A,5289,Statistics for Life Sciences 生命科學統計,3.00,- Dr. OUYANG Ming,100,99,LEC,A,E,We 11:30AM - 12:15PM,YIA_LT7,"9/9, 9/16, 9/23, 9/30, 10/7, 10/14, 10/21, 10/28, 11/4, 11/11, 11/18, 11/25, 12/2",,,Dept of Stat and Data Sci
2026-27 Term 1,2420,STAT,STAT1012A,5289,Statistics for Life Sciences 生命科學統計,3.00,- Dr. OUYANG Ming,100,99,TUT,AT01,E,TBA,TBA,07/09/2026 - 30/11/2026,,,Dept of Stat and Data Sci
2026-27 Term 1,2420,STAT,STAT2001A,5288,Basic Con in Stat & Prob I 統計及概率基本概念（一）,3.00,- Professor LIN Yingxin,160,160,LEC,A,E,Mo 11:30AM - 12:15PM,SC_L1,"9/7, 9/14, 9/21, 9/28, 10/5, 10/12",,,Dept of Stat and Data Sci
2026-27 Term 1,2420,STAT,STAT2001A,5288,Basic Con in Stat & Prob I 統計及概率基本概念（一）,3.00,- Professor LIN Yingxin,160,160,LEC,A,E,Mo 11:30AM - 12:15PM,SC_L1,"10/26, 11/2, 11/9, 11/16, 11/23, 11/30",,,Dept of Stat and Data Sci
2026-27 Term 1,2420,STAT,STAT2001A,5288,Basic Con in Stat & Prob I 統計及概率基本概念（一）,3.00,- Professor LIN Yingxin,160,160,LEC,A,E,We 12:30PM - 02:15PM,BMS_G18,"9/9, 9/16, 9/23, 9/30, 10/7, 10/14, 10/21, 10/28, 11/4, 11/11, 11/18, 11/25, 12/2",,,Dept of Stat and Data Sci
2026-27 Term 1,2420,STAT,STAT2001A,5288,Basic Con in Stat & Prob I 統計及概率基本概念（一）,3.00,- Professor LIN Yingxin,160,160,TUT,AT01,E,TBA,TBA,07/09/2026 - 30/11/2026,,,Dept of Stat and Data Sci
2026-27 Term 1,2420,STAT,STAT2001B,5310,Basic Con in Stat & Prob I 統計及概率基本概念（一）,3.00,- Professor ZHANG Jiacheng,160,160,LEC,B,E,Mo 01:30PM - 02:15PM,BMS_G18,"9/7, 9/14, 9/21, 9/28, 10/5, 10/12",,,Dept of Stat and Data Sci
2026-27 Term 1,2420,STAT,STAT2001B,5310,Basic Con in Stat & Prob I 統計及概率基本概念（一）,3.00,- Professor ZHANG Jiacheng,160,160,LEC,B,E,Mo 01:30PM - 02:15PM,BMS_G18,"10/26, 11/2, 11/9, 11/16, 11/23, 11/30",,,Dept of Stat and Data Sci
2026-27 Term 1,2420,STAT,STAT2001B,5310,Basic Con in Stat & Prob I 統計及概率基本概念（一）,3.00,- Professor ZHANG Jiacheng,160,160,LEC,B,E,We 09:30AM - 11:15AM,HTB_B6,"9/9, 9/16, 9/23, 9/30, 10/7, 10/14, 10/21, 10/28, 11/4, 11/11, 11/18, 11/25, 12/2",,,Dept of Stat and Data Sci
2026-27 Term 1,2420,STAT,STAT2001B,5310,Basic Con in Stat & Prob I 統計及概率基本概念（一）,3.00,- Professor ZHANG Jiacheng,160,160,TUT,BT01,E,TBA,TBA,07/09/2026 - 30/11/2026,,,Dept of Stat and Data Sci
2026-27 Term 1,2420,STAT,STAT2005A,7437,Programming Lang for Stat 統計電腦語言,3.00,- Dr. WONG Tat Wing,150,150,LEC,A,E,Mo 04:30PM - 05:15PM,ERB_LT,"9/7, 9/14, 9/21, 9/28, 10/5, 10/12",,,Dept of Stat and Data Sci
2026-27 Term 1,2420,STAT,STAT2005A,7437,Programming Lang for Stat 統計電腦語言,3.00,- Dr. WONG Tat Wing,150,150,LEC,A,E,Mo 04:30PM - 05:15PM,ERB_LT,"10/26, 11/2, 11/9, 11/16, 11/23, 11/30",,,Dept of Stat and Data Sci
2026-27 Term 1,2420,STAT,STAT2005A,7437,Programming Lang for Stat 統計電腦語言,3.00,- Dr. WONG Tat Wing,150,150,LEC,A,E,We 02:30PM - 04:15PM,ERB_LT,"9/9, 9/16, 9/23, 9/30, 10/7, 10/14, 10/21, 10/28, 11/4, 11/11, 11/18, 11/25, 12/2",,,Dept of Stat and Data Sci
2026-27 Term 1,2420,STAT,STAT2005A,7437,Programming Lang for Stat 統計電腦語言,3.00,- Dr. WONG Tat Wing,150,150,TUT,AT01,E,TBA,TBA,07/09/2026 - 30/11/2026,,,Dept of Stat and Data Sci
2026-27 Term 1,2420,STAT,STAT2006A,9329,Basic Con in Stat & Prob II 統計及概率基本概念（二）,3.00,- Dr. LIU Kin Yat,150,149,LEC,A,E,Mo 02:30PM - 04:15PM,BMS_G18,"9/7, 9/14, 9/21, 9/28, 10/5, 10/12",,,Dept of Stat and Data Sci
2026-27 Term 1,2420,STAT,STAT2006A,9329,Basic Con in Stat & Prob II 統計及概率基本概念（二）,3.00,- Dr. LIU Kin Yat,150,149,LEC,A,E,Mo 02:30PM - 04:15PM,BMS_G18,"10/26, 11/2, 11/9, 11/16, 11/23, 11/30",,,Dept of Stat and Data Sci
2026-27 Term 1,2420,STAT,STAT2006A,9329,Basic Con in Stat & Prob II 統計及概率基本概念（二）,3.00,- Dr. LIU Kin Yat,150,149,LEC,A,E,We 12:30PM - 01:15PM,LSK_LT3,"9/9, 9/16, 9/23, 9/30, 10/7, 10/14, 10/21, 10/28, 11/4, 11/11, 11/18, 11/25, 12/2",,,Dept of Stat and Data Sci
2026-27 Term 1,2420,STAT,STAT2006A,9329,Basic Con in Stat & Prob II 統計及概率基本概念（二）,3.00,- Dr. LIU Kin Yat,150,149,TUT,AT01,E,TBA,TBA,07/09/2026 - 30/11/2026,,,Dept of Stat and Data Sci
2026-27 Term 1,2420,STAT,STAT3003-,8453,Survey Methods 調查方法,3.00,- Professor FAN Xiaodan,120,120,LEC,-,E,Tu 09:30AM - 12:15PM,LSK_LT3,"9/8, 9/15, 9/22, 9/29, 10/6, 10/13, 10/20, 10/27, 11/3, 11/10, 11/17, 11/24, 12/1",,,Dept of Stat and Data Sci
2026-27 Term 1,2420,STAT,STAT3003-,8453,Survey Methods 調查方法,3.00,- Professor FAN Xiaodan,120,120,TUT,-T01,E,TBA,TBA,07/09/2026 - 30/11/2026,,,Dept of Stat and Data Sci
2026-27 Term 1,2420,STAT,STAT3005-,7440,Nonparametric statistics 非參數統計,3.00,- Professor CHAN Kin Wai,100,100,LEC,-,E,We 09:30AM - 12:15PM,LHC_104,"9/9, 9/16, 9/23, 9/30, 10/7, 10/14, 10/21, 10/28, 11/4, 11/11, 11/18, 11/25, 12/2",,,Dept of Stat and Data Sci
2026-27 Term 1,2420,STAT,STAT3005-,7440,Nonparametric statistics 非參數統計,3.00,- Professor CHAN Kin Wai,100,100,TUT,-T01,E,TBA,TBA,07/09/2026 - 30/11/2026,,,Dept of Stat and Data Sci
2026-27 Term 1,2420,STAT,STAT3007A,5823,Intro to Stochastic Processes 隨機過程入門,3.00,- Dr. CHEUNG King Chau,150,150,LEC,A,E,Mo 09:30AM - 12:15PM,LSB_LT6,"9/7, 9/14, 9/21, 9/28, 10/5, 10/12",,,Dept of Stat and Data Sci
2026-27 Term 1,2420,STAT,STAT3007A,5823,Intro to Stochastic Processes 隨機過程入門,3.00,- Dr. CHEUNG King Chau,150,150,LEC,A,E,Mo 09:30AM - 12:15PM,LSB_LT6,"10/26, 11/2, 11/9, 11/16, 11/23, 11/30",,,Dept of Stat and Data Sci
2026-27 Term 1,2420,STAT,STAT3007A,5823,Intro to Stochastic Processes 隨機過程入門,3.00,- Dr. CHEUNG King Chau,150,150,TUT,AT01,E,TBA,TBA,07/09/2026 - 30/11/2026,,,Dept of Stat and Data Sci
2026-27 Term 1,2420,STAT,STAT3008A,5196,Applied Regression Analysis 應用迴歸分析,3.00,- Staff,120,119,LEC,A,E,We 01:30PM - 04:15PM,MMW_LT2,"9/9, 9/16, 9/23, 9/30, 10/7, 10/14, 10/21, 10/28, 11/4, 11/11, 11/18, 11/25, 12/2",,,Dept of Stat and Data Sci
2026-27 Term 1,2420,STAT,STAT3008A,5196,Applied Regression Analysis 應用迴歸分析,3.00,- Staff,120,119,TUT,AT01,E,TBA,TBA,07/09/2026 - 30/11/2026,,,Dept of Stat and Data Sci
2026-27 Term 1,2420,STAT,STAT3008B,5217,Applied Regression Analysis 應用迴歸分析,3.00,- Professor WANG Junhui,120,120,LEC,B,E,Th 09:30AM - 12:15PM,LSB_LT6,"9/10, 9/17, 9/24",,,Dept of Stat and Data Sci
2026-27 Term 1,2420,STAT,STAT3008B,5217,Applied Regression Analysis 應用迴歸分析,3.00,- Professor WANG Junhui,120,120,LEC,B,E,Th 09:30AM - 12:15PM,LSB_LT6,"10/8, 10/15, 10/22, 10/29, 11/5, 11/12, 11/19, 11/26, 12/3",,,Dept of Stat and Data Sci
2026-27 Term 1,2420,STAT,STAT3008B,5217,Applied Regression Analysis 應用迴歸分析,3.00,- Professor WANG Junhui,120,120,TUT,BT01,E,TBA,TBA,07/09/2026 - 30/11/2026,,,Dept of Stat and Data Sci
2026-27 Term 1,2420,STAT,STAT3009-,9532,Recommender Systems 推薦系統,3.00,- Professor DAI Ben,60,60,LEC,-,E,Th 12:30PM - 03:15PM,MMW_710,"9/10, 9/17, 9/24",,,Dept of Stat and Data Sci
2026-27 Term 1,2420,STAT,STAT3009-,9532,Recommender Systems 推薦系統,3.00,- Professor DAI Ben,60,60,LEC,-,E,Th 12:30PM - 03:15PM,MMW_710,"10/8, 10/15, 10/22, 10/29, 11/5, 11/12, 11/19, 11/26, 12/3",,,Dept of Stat and Data Sci
2026-27 Term 1,2420,STAT,STAT3009-,9532,Recommender Systems 推薦系統,3.00,- Professor DAI Ben,60,60,TUT,-T01,E,TBA,TBA,07/09/2026 - 30/11/2026,,,Dept of Stat and Data Sci
2026-27 Term 1,2420,STAT,STAT3210A,5197,Stat Tech in Life Sciences 生命科學之統計方法,3.00,- Dr. LEUNG Sze Him Isaac,110,110,LEC,A,E,Th 03:30PM - 06:15PM,SC_L4,"9/10, 9/17, 9/24",,,Dept of Stat and Data Sci
2026-27 Term 1,2420,STAT,STAT3210A,5197,Stat Tech in Life Sciences 生命科學之統計方法,3.00,- Dr. LEUNG Sze Him Isaac,110,110,LEC,A,E,Th 03:30PM - 06:15PM,SC_L4,"10/8, 10/15, 10/22, 10/29, 11/5, 11/12, 11/19, 11/26, 12/3",,,Dept of Stat and Data Sci
2026-27 Term 1,2420,STAT,STAT3210A,5197,Stat Tech in Life Sciences 生命科學之統計方法,3.00,- Dr. LEUNG Sze Him Isaac,110,110,TUT,AT01,E,TBA,TBA,07/09/2026 - 30/11/2026,,,Dept of Stat and Data Sci
2026-27 Term 1,2420,STAT,STAT4001-,9088,Data Mining & Stat Learning 數據挖掘及統計學習,3.00,- Professor LIN Zhixiang,110,109,LEC,-,E,Mo 02:30PM - 05:15PM,MMW_LT2,"9/7, 9/14, 9/21, 9/28, 10/5, 10/12",,,Dept of Stat and Data Sci
2026-27 Term 1,2420,STAT,STAT4001-,9088,Data Mining & Stat Learning 數據挖掘及統計學習,3.00,- Professor LIN Zhixiang,110,109,LEC,-,E,Mo 02:30PM - 05:15PM,MMW_LT2,"10/26, 11/2, 11/9, 11/16, 11/23, 11/30",,,Dept of Stat and Data Sci
2026-27 Term 1,2420,STAT,STAT4001-,9088,Data Mining & Stat Learning 數據挖掘及統計學習,3.00,- Professor LIN Zhixiang,110,109,TUT,-T01,E,TBA,TBA,07/09/2026 - 30/11/2026,,,Dept of Stat and Data Sci
2026-27 Term 1,2420,STAT,STAT4003-,9355,Statistical Inference 統計推論,3.00,- Professor LIN Yuanyuan,110,110,LEC,-,E,Th 03:30PM - 06:15PM,LSB_LT6,"9/10, 9/17, 9/24",,,Dept of Stat and Data Sci
2026-27 Term 1,2420,STAT,STAT4003-,9355,Statistical Inference 統計推論,3.00,- Professor LIN Yuanyuan,110,110,LEC,-,E,Th 03:30PM - 06:15PM,LSB_LT6,"10/8, 10/15, 10/22, 10/29, 11/5, 11/12, 11/19, 11/26, 12/3",,,Dept of Stat and Data Sci
2026-27 Term 1,2420,STAT,STAT4003-,9355,Statistical Inference 統計推論,3.00,- Professor LIN Yuanyuan,110,110,TUT,-T01,E,TBA,TBA,07/09/2026 - 30/11/2026,,,Dept of Stat and Data Sci
2026-27 Term 1,2420,STAT,STAT4005A,7441,Time Series 時間序列,3.00,- Dr. LEUNG Sze Him Isaac,130,130,LEC,A,E,Mo 05:30PM - 06:15PM,LSK_LT3,"9/7, 9/14, 9/21, 9/28, 10/5, 10/12",,,Dept of Stat and Data Sci
2026-27 Term 1,2420,STAT,STAT4005A,7441,Time Series 時間序列,3.00,- Dr. LEUNG Sze Him Isaac,130,130,LEC,A,E,Mo 05:30PM - 06:15PM,LSK_LT3,"10/26, 11/2, 11/9, 11/16, 11/23, 11/30",,,Dept of Stat and Data Sci
2026-27 Term 1,2420,STAT,STAT4005A,7441,Time Series 時間序列,3.00,- Dr. LEUNG Sze Him Isaac,130,130,LEC,A,E,Tu 12:30PM - 02:15PM,MMW_LT2,"9/8, 9/15, 9/22, 9/29, 10/6, 10/13, 10/20, 10/27, 11/3, 11/10, 11/17, 11/24, 12/1",,,Dept of Stat and Data Sci
2026-27 Term 1,2420,STAT,STAT4005A,7441,Time Series 時間序列,3.00,- Dr. LEUNG Sze Him Isaac,130,130,TUT,AT01,E,TBA,TBA,07/09/2026 - 30/11/2026,,,Dept of Stat and Data Sci
2026-27 Term 1,2420,STAT,STAT4006-,6019,Categorical Data Analysis 範疇性數據分析,3.00,- Dr. John Alexander WRIGHT,110,110,LEC,-,E,Tu 09:30AM - 12:15PM,SC_L4,"9/8, 9/15, 9/22, 9/29, 10/6, 10/13, 10/20, 10/27, 11/3, 11/10, 11/17, 11/24, 12/1",,,Dept of Stat and Data Sci
2026-27 Term 1,2420,STAT,STAT4006-,6019,Categorical Data Analysis 範疇性數據分析,3.00,- Dr. John Alexander WRIGHT,110,110,TUT,-T01,E,TBA,TBA,07/09/2026 - 30/11/2026,,,Dept of Stat and Data Sci
2026-27 Term 1,2420,STAT,STAT4011-,8571,Statistics Projects 統計習作,3.00,- Dr. CHEUNG King Chau - Dr. HO Kwok Wah,130,128,PRJ,-J01,E,Tu 04:30PM - 06:15PM,MMW_LT2,"9/8, 9/15, 9/22, 9/29, 10/6, 10/13, 10/20, 10/27, 11/3, 11/10, 11/17, 11/24, 12/1",,,Dept of Stat and Data Sci
2026-27 Term 1,2420,STAT,STAT4011-,8571,Statistics Projects 統計習作,3.00,- Dr. CHEUNG King Chau - Dr. HO Kwok Wah,33,33,TUT,-T01,E,Mo 05:30PM - 06:15PM,NRR,"9/7, 9/14, 9/21, 9/28, 10/5, 10/12",,,Dept of Stat and Data Sci
2026-27 Term 1,2420,STAT,STAT4011-,8571,Statistics Projects 統計習作,3.00,- Dr. CHEUNG King Chau - Dr. HO Kwok Wah,33,33,TUT,-T01,E,Mo 05:30PM - 06:15PM,NRR,"10/26, 11/2, 11/9, 11/16, 11/23, 11/30",,,Dept of Stat and Data Sci
2026-27 Term 1,2420,STAT,STAT4011-,8571,Statistics Projects 統計習作,3.00,- Dr. CHEUNG King Chau - Dr. HO Kwok Wah,33,33,TUT,-T02,E,We 05:30PM - 06:15PM,NRR,"9/9, 9/16, 9/23, 9/30, 10/7, 10/14, 10/21, 10/28, 11/4, 11/11, 11/18, 11/25, 12/2",,,Dept of Stat and Data Sci
2026-27 Term 1,2420,STAT,STAT4011-,8571,Statistics Projects 統計習作,3.00,- Dr. CHEUNG King Chau - Dr. HO Kwok Wah,32,30,TUT,-T03,E,We 03:30PM - 04:15PM,NRR,"9/9, 9/16, 9/23, 9/30, 10/7, 10/14, 10/21, 10/28, 11/4, 11/11, 11/18, 11/25, 12/2",,,Dept of Stat and Data Sci
2026-27 Term 1,2420,STAT,STAT4011-,8571,Statistics Projects 統計習作,3.00,- Dr. CHEUNG King Chau - Dr. HO Kwok Wah,32,32,TUT,-T04,E,Th 02:30PM - 03:15PM,NRR,"9/10, 9/17, 9/24",,,Dept of Stat and Data Sci
2026-27 Term 1,2420,STAT,STAT4011-,8571,Statistics Projects 統計習作,3.00,- Dr. CHEUNG King Chau - Dr. HO Kwok Wah,32,32,TUT,-T04,E,Th 02:30PM - 03:15PM,NRR,"10/8, 10/15, 10/22, 10/29, 11/5, 11/12, 11/19, 11/26, 12/3",,,Dept of Stat and Data Sci
2026-27 Term 1,2420,STAT,STAT4013-,6372,Practicum 行業實習,3.00,- Professor WANG Junhui,20,13,PRA,-P01,E,TBA,NRR,07/09/2026 - 30/11/2026,Yes,Yes,Dept of Stat and Data Sci
2026-27 Term 1,2420,THAI,THAI1000A,7442,Thai I 泰語（一）,3.00,- Ms. Titima RUNGUPHAN,28,28,CLW,AC01,T&E,We 09:30AM - 12:15PM,ERB_405,"9/9, 9/16, 9/23, 9/30, 10/7, 10/14, 10/21, 10/28, 11/4, 11/11, 11/18, 11/25, 12/2",,,Dept of Linguistics & Mod Lang
2026-27 Term 1,2420,THAI,THAI1000B,5820,Thai I 泰語（一）,3.00,- Ms. Titima RUNGUPHAN,28,28,CLW,BC01,T&E,We 02:30PM - 05:15PM,LSK_301,"9/9, 9/16, 9/23, 9/30, 10/7, 10/14, 10/21, 10/28, 11/4, 11/11, 11/18, 11/25, 12/2",,,Dept of Linguistics & Mod Lang
2026-27 Term 1,2420,THEO,THEO1000-,10104,Approaches to Christian Stud 基督教研究導論,3.00,- Professor IP Hon Ho,50,50,LEC,-,C&E,Th 09:30AM - 12:15PM,ARC_G01,"9/10, 9/17, 9/24",,,Dept of Cultural & Rel Studies
2026-27 Term 1,2420,THEO,THEO1000-,10104,Approaches to Christian Stud 基督教研究導論,3.00,- Professor IP Hon Ho,50,50,LEC,-,C&E,Th 09:30AM - 12:15PM,ARC_G01,"10/8, 10/15, 10/22, 10/29, 11/5, 11/12, 11/19, 11/26, 12/3",,,Dept of Cultural & Rel Studies
2026-27 Term 1,2420,THEO,THEO1211-,6716,Intro to the Hebrew Bible 希伯來聖經導論,3.00,- Professor WONG Sonia Kwok,20,20,LEC,-,C&E,Fr 06:30PM - 08:15PM,FYB_UG02,"9/11, 9/18, 9/25, 10/2, 10/9, 10/16, 10/23, 10/30, 11/6, 11/13, 11/20, 11/27, 12/4",,,Dept of Cultural & Rel Studies
2026-27 Term 1,2420,THEO,THEO1211-,6716,Intro to the Hebrew Bible 希伯來聖經導論,3.00,- Professor WONG Sonia Kwok,10,10,TUT,-T01,C&E,Fr 05:30PM - 06:15PM,FYB_UG02,"9/11, 9/18, 9/25, 10/2, 10/9, 10/16, 10/23, 10/30, 11/6, 11/13, 11/20, 11/27, 12/4",,,Dept of Cultural & Rel Studies
2026-27 Term 1,2420,THEO,THEO1211-,6716,Intro to the Hebrew Bible 希伯來聖經導論,3.00,- Professor WONG Sonia Kwok,10,10,TUT,-T02,C&E,Fr 08:30PM - 09:15PM,FYB_UG02,"9/11, 9/18, 9/25, 10/2, 10/9, 10/16, 10/23, 10/30, 11/6, 11/13, 11/20, 11/27, 12/4",,,Dept of Cultural & Rel Studies
2026-27 Term 1,2420,THEO,THEO2213-,5137,Wisdom and the Psalms 智慧文學與詩篇,3.00,- Dr. LAU Yiu Sang,20,20,LEC,-,C&E,Mo 02:30PM - 05:15PM,WMY_508,"9/7, 9/14, 9/21, 9/28, 10/5, 10/12",,,Dept of Cultural & Rel Studies
2026-27 Term 1,2420,THEO,THEO2213-,5137,Wisdom and the Psalms 智慧文學與詩篇,3.00,- Dr. LAU Yiu Sang,20,20,LEC,-,C&E,Mo 02:30PM - 05:15PM,WMY_508,"10/26, 11/2, 11/9, 11/16, 11/23, 11/30",,,Dept of Cultural & Rel Studies
2026-27 Term 1,2420,THEO,THEO2221-,8587,Early & Medieval Church 早期與中世紀教會,3.00,- Professor Tobias BRANDNER,20,20,LEC,-,E,Tu 09:30AM - 12:15PM,ARC_212,"9/8, 9/15, 9/22, 9/29, 10/6, 10/13, 10/20, 10/27, 11/3, 11/10, 11/17, 11/24, 12/1",,,Dept of Cultural & Rel Studies
2026-27 Term 1,2420,THEO,THEO2235-,6717,Systematic Theology I 系統神學（一）,3.00,- Professor YAM Cheuk Yin Colten,25,25,LEC,-,C&E,Tu 06:30PM - 09:15PM,YIA_502,"9/8, 9/15, 9/22, 9/29, 10/6, 10/13, 10/20, 10/27, 11/3, 11/10, 11/17, 11/24, 12/1",,,Dept of Cultural & Rel Studies
2026-27 Term 1,2420,THEO,THEO3215-,8402,New Testament Greek I 新約希臘文（一）,3.00,- Dr. XIE Ganlin,20,20,LEC,-,C&E,Mo 02:30PM - 04:15PM,WMY_408,"9/7, 9/14, 9/21, 9/28, 10/5, 10/12",,,Dept of Cultural & Rel Studies
2026-27 Term 1,2420,THEO,THEO3215-,8402,New Testament Greek I 新約希臘文（一）,3.00,- Dr. XIE Ganlin,20,20,LEC,-,C&E,Mo 02:30PM - 04:15PM,WMY_408,"10/26, 11/2, 11/9, 11/16, 11/23, 11/30",,,Dept of Cultural & Rel Studies
2026-27 Term 1,2420,THEO,THEO3215-,8402,New Testament Greek I 新約希臘文（一）,3.00,- Dr. XIE Ganlin,20,20,TUT,-T01,C&E,Mo 04:30PM - 05:15PM,WMY_408,"9/7, 9/14, 9/21, 9/28, 10/5, 10/12",,,Dept of Cultural & Rel Studies
2026-27 Term 1,2420,THEO,THEO3215-,8402,New Testament Greek I 新約希臘文（一）,3.00,- Dr. XIE Ganlin,20,20,TUT,-T01,C&E,Mo 04:30PM - 05:15PM,WMY_408,"10/26, 11/2, 11/9, 11/16, 11/23, 11/30",,,Dept of Cultural & Rel Studies
2026-27 Term 1,2420,THEO,THEO3217-,8626,Biblical Hebrew I 聖經希伯來文（一）,3.00,- Dr. LI Kwan Hung Leo,20,20,LEC,-,C&E,Mo 06:30PM - 08:15PM,CCT_T31,"9/7, 9/14, 9/21, 9/28, 10/5, 10/12",,,Dept of Cultural & Rel Studies
2026-27 Term 1,2420,THEO,THEO3217-,8626,Biblical Hebrew I 聖經希伯來文（一）,3.00,- Dr. LI Kwan Hung Leo,20,20,LEC,-,C&E,Mo 06:30PM - 08:15PM,CCT_T31,"10/26, 11/2, 11/9, 11/16, 11/23, 11/30",,,Dept of Cultural & Rel Studies
2026-27 Term 1,2420,THEO,THEO3217-,8626,Biblical Hebrew I 聖經希伯來文（一）,3.00,- Dr. LI Kwan Hung Leo,20,20,TUT,-T01,C&E,Mo 08:30PM - 09:15PM,CCT_T31,"9/7, 9/14, 9/21, 9/28, 10/5, 10/12",,,Dept of Cultural & Rel Studies
2026-27 Term 1,2420,THEO,THEO3217-,8626,Biblical Hebrew I 聖經希伯來文（一）,3.00,- Dr. LI Kwan Hung Leo,20,20,TUT,-T01,C&E,Mo 08:30PM - 09:15PM,CCT_T31,"10/26, 11/2, 11/9, 11/16, 11/23, 11/30",,,Dept of Cultural & Rel Studies
2026-27 Term 1,2420,THEO,THEO3236-,9884,Theol Studies: Sp Topic II 神學：專題研究（二）,3.00,- Professor Naomi Elaine THURSTON,20,20,LEC,-,E,We 06:30PM - 09:15PM,ELB_401,"9/9, 9/16, 9/23, 9/30, 10/7, 10/14, 10/21, 10/28, 11/4, 11/11, 11/18, 11/25, 12/2",,,Dept of Cultural & Rel Studies
2026-27 Term 1,2420,THEO,THEO3241-,9063,Homiletics 講道學,3.00,- Dr. LI Kwan Hung Leo - Professor KWAN Shui Man,20,20,LEC,-,C&E,Tu 02:30PM - 05:15PM,YCT_LG201,"9/8, 9/15, 9/22, 9/29, 10/6, 10/13, 10/20, 10/27, 11/3, 11/10, 11/17, 11/24, 12/1",,,Dept of Cultural & Rel Studies
2026-27 Term 1,2420,THEO,THEO3254-,10141,Christian Ethics 基督教倫理學,3.00,- Professor CHU Ann Gillian,10,10,LEC,-,C&E,Fr 06:30PM - 09:15PM,FYB_UG01,"9/11, 9/18, 9/25, 10/2, 10/9, 10/16, 10/23, 10/30, 11/6, 11/13, 11/20, 11/27, 12/4",,,Dept of Cultural & Rel Studies
2026-27 Term 1,2420,THEO,THEO4241-,8186,Field Education I 實習（一）,2.00,- Rev. YIU Chi Ho,50,50,PRA,-P01,C&E,TBA,NRR,07/09/2026 - 30/11/2026,,,Dept of Cultural & Rel Studies
2026-27 Term 1,2420,THEO,THEO4242-,6492,Field Education II 實習（二）,2.00,- Rev. YIU Chi Ho,50,50,PRA,-P01,C&E,TBA,NRR,07/09/2026 - 30/11/2026,,,Dept of Cultural & Rel Studies
2026-27 Term 1,2420,UGCP,UGCP1001-,6555,Understanding China 認識中國,1.00,- Staff,2400,2400,WBL,-X01,P&E,TBA,NRR,07/09/2026 - 30/11/2026,,,Office of University GE
2026-27 Term 1,2420,UGCP,UGCP1002-,6486,HK-Wider Constitutional Order 國家憲制秩序與香港,1.00,- Staff,2400,2400,WBL,-X01,C&E&P,TBA,NRR,07/09/2026 - 30/11/2026,,,Office of University GE
2026-27 Term 1,2420,UGEA,UGEA1065-,5101,Kunqu and Chinese Culture 崑曲與中國戲曲文化,2.00,- Staff,50,50,LEC,-,P&C,We 04:30PM - 06:15PM,LSK_304,"9/9, 9/16, 9/23, 9/30, 10/7, 10/14, 10/21, 10/28, 11/4, 11/11, 11/18, 11/25, 12/2",,,Dept of Chin Lang & Literature
2026-27 Term 1,2420,UGEA,UGEA1212-,8236,Understand China thr Cul Land 文化景觀 探識中國,2.00,- Professor XU Jiang,90,90,LEC,-,C,Tu 10:30AM - 12:15PM,HTB_B6,"9/8, 9/15, 9/22, 9/29, 10/6, 10/13, 10/20, 10/27, 11/3, 11/10, 11/17, 11/24, 12/1",,,Dept of Geo & Resource Mgt
2026-27 Term 1,2420,UGEA,UGEA1333-,7398,Multiculturalism and China 多元文化與中國,2.00,- Dr. TANG Wai Man,90,90,LEC,-,C,Th 11:30AM - 01:15PM,NAH_213,"9/10, 9/17, 9/24",,,Dept of Anthropology
2026-27 Term 1,2420,UGEA,UGEA1333-,7398,Multiculturalism and China 多元文化與中國,2.00,- Dr. TANG Wai Man,90,90,LEC,-,C,Th 11:30AM - 01:15PM,NAH_213,"10/8, 10/15, 10/22, 10/29, 11/5, 11/12, 11/19, 11/26, 12/3",,,Dept of Anthropology
2026-27 Term 1,2420,UGEA,UGEA1555A,5120,Understanding Modern China 認識現代中國,3.00,- Dr. CHOI Sze Hang,40,40,LEC,A,C,We 02:30PM - 04:15PM,FYB_405,"9/9, 9/16, 9/23, 9/30, 10/7, 10/14, 10/21, 10/28, 11/4, 11/11, 11/18, 11/25, 12/2",,,Office of University GE
2026-27 Term 1,2420,UGEA,UGEA1555A,5120,Understanding Modern China 認識現代中國,3.00,- Dr. CHOI Sze Hang,40,40,TUT,AT01,C,We 04:30PM - 05:15PM,FYB_405,"9/9, 9/16, 9/23, 9/30, 10/7, 10/14, 10/21, 10/28, 11/4, 11/11, 11/18, 11/25, 12/2",,,Office of University GE
2026-27 Term 1,2420,UGEA,UGEA1555B,5123,Understanding Modern China 認識現代中國,3.00,- Dr. SONG Ruifeng,34,34,LEC,B,E,Mo 02:30PM - 04:15PM,FYB_405,"9/7, 9/14, 9/21, 9/28, 10/5, 10/12",,,Office of University GE
2026-27 Term 1,2420,UGEA,UGEA1555B,5123,Understanding Modern China 認識現代中國,3.00,- Dr. SONG Ruifeng,34,34,LEC,B,E,Mo 02:30PM - 04:15PM,FYB_405,"10/26, 11/2, 11/9, 11/16, 11/23, 11/30",,,Office of University GE
2026-27 Term 1,2420,UGEA,UGEA1555B,5123,Understanding Modern China 認識現代中國,3.00,- Dr. SONG Ruifeng,34,34,TUT,BT01,E,Mo 04:30PM - 05:15PM,FYB_405,"9/7, 9/14, 9/21, 9/28, 10/5, 10/12",,,Office of University GE
2026-27 Term 1,2420,UGEA,UGEA1555B,5123,Understanding Modern China 認識現代中國,3.00,- Dr. SONG Ruifeng,34,34,TUT,BT01,E,Mo 04:30PM - 05:15PM,FYB_405,"10/26, 11/2, 11/9, 11/16, 11/23, 11/30",,,Office of University GE
2026-27 Term 1,2420,UGEA,UGEA1555C,5124,Understanding Modern China 認識現代中國,3.00,- Dr. HUANG Yu,40,40,LEC,C,P,Tu 10:30AM - 12:15PM,CKB_109,"9/8, 9/15, 9/22, 9/29, 10/6, 10/13, 10/20, 10/27, 11/3, 11/10, 11/17, 11/24, 12/1",,,Office of University GE
2026-27 Term 1,2420,UGEA,UGEA1555C,5124,Understanding Modern China 認識現代中國,3.00,- Dr. HUANG Yu,40,40,TUT,CT01,P,Tu 12:30PM - 01:15PM,CKB_109,"9/8, 9/15, 9/22, 9/29, 10/6, 10/13, 10/20, 10/27, 11/3, 11/10, 11/17, 11/24, 12/1",,,Office of University GE
2026-27 Term 1,2420,UGEA,UGEA1555D,5126,Understanding Modern China 認識現代中國,3.00,- Staff,40,40,LEC,D,C,Tu 10:30AM - 12:15PM,ELB_308,"9/8, 9/15, 9/22, 9/29, 10/6, 10/13, 10/20, 10/27, 11/3, 11/10, 11/17, 11/24, 12/1",,,Office of University GE
2026-27 Term 1,2420,UGEA,UGEA1555D,5126,Understanding Modern China 認識現代中國,3.00,- Staff,40,40,TUT,DT01,C,Tu 12:30PM - 01:15PM,ELB_308,"9/8, 9/15, 9/22, 9/29, 10/6, 10/13, 10/20, 10/27, 11/3, 11/10, 11/17, 11/24, 12/1",,,Office of University GE
2026-27 Term 1,2420,UGEA,UGEA2100A,7445,Outline of Chinese Culture 中國文化要義,2.00,- Dr WANG Xiaohong,80,80,LEC,A,P,Mo 10:30AM - 12:15PM,KKB_101,"9/7, 9/14, 9/21, 9/28, 10/5, 10/12",,,Dept of Philosophy
2026-27 Term 1,2420,UGEA,UGEA2100A,7445,Outline of Chinese Culture 中國文化要義,2.00,- Dr WANG Xiaohong,80,80,LEC,A,P,Mo 10:30AM - 12:15PM,KKB_101,"10/26, 11/2, 11/9, 11/16, 11/23, 11/30",,,Dept of Philosophy
2026-27 Term 1,2420,UGEA,UGEA2100B,7446,Outline of Chinese Culture 中國文化要義,2.00,- Dr. CHONG Yun Chak,80,80,LEC,B,C,Th 09:30AM - 11:15AM,KKB_101,"9/10, 9/17, 9/24",,,Dept of Philosophy
2026-27 Term 1,2420,UGEA,UGEA2100B,7446,Outline of Chinese Culture 中國文化要義,2.00,- Dr. CHONG Yun Chak,80,80,LEC,B,C,Th 09:30AM - 11:15AM,KKB_101,"10/8, 10/15, 10/22, 10/29, 11/5, 11/12, 11/19, 11/26, 12/3",,,Dept of Philosophy
2026-27 Term 1,2420,UGEA,UGEA2100C,4964,Outline of Chinese Culture 中國文化要義,2.00,- Dr. LAM Hong Ki,80,80,LEC,C,C,Mo 02:30PM - 04:15PM,NAH_115,"9/7, 9/14, 9/21, 9/28, 10/5, 10/12",,,Dept of Philosophy
2026-27 Term 1,2420,UGEA,UGEA2100C,4964,Outline of Chinese Culture 中國文化要義,2.00,- Dr. LAM Hong Ki,80,80,LEC,C,C,Mo 02:30PM - 04:15PM,NAH_115,"10/26, 11/2, 11/9, 11/16, 11/23, 11/30",,,Dept of Philosophy
2026-27 Term 1,2420,UGEA,UGEA2100D,7447,Outline of Chinese Culture 中國文化要義,2.00,- Dr. LAU Po Hei,80,80,LEC,D,C,We 10:30AM - 12:15PM,KKB_101,"9/9, 9/16, 9/23, 9/30, 10/7, 10/14, 10/21, 10/28, 11/4, 11/11, 11/18, 11/25, 12/2",,,Dept of Philosophy
2026-27 Term 1,2420,UGEA,UGEA2100E,7448,Outline of Chinese Culture 中國文化要義,2.00,- Dr. HON Hiu Wah,80,79,LEC,E,C,Mo 12:30PM - 02:15PM,SC_L3,"9/7, 9/14, 9/21, 9/28, 10/5, 10/12",,,Dept of Philosophy
2026-27 Term 1,2420,UGEA,UGEA2100E,7448,Outline of Chinese Culture 中國文化要義,2.00,- Dr. HON Hiu Wah,80,79,LEC,E,C,Mo 12:30PM - 02:15PM,SC_L3,"10/26, 11/2, 11/9, 11/16, 11/23, 11/30",,,Dept of Philosophy
2026-27 Term 1,2420,UGEA,UGEA2100F,7449,Outline of Chinese Culture 中國文化要義,2.00,- Dr. CHAN Leong,80,80,LEC,F,C,Tu 10:30AM - 12:15PM,ARC_G03,"9/8, 9/15, 9/22, 9/29, 10/6, 10/13, 10/20, 10/27, 11/3, 11/10, 11/17, 11/24, 12/1",,,Dept of Philosophy
2026-27 Term 1,2420,UGEA,UGEA2100G,4966,Outline of Chinese Culture 中國文化要義,2.00,- Dr. WONG Chung Kit,80,80,LEC,G,C,Th 12:30PM - 02:15PM,LSB_LT6,"9/10, 9/17, 9/24",,,Dept of Philosophy
2026-27 Term 1,2420,UGEA,UGEA2100G,4966,Outline of Chinese Culture 中國文化要義,2.00,- Dr. WONG Chung Kit,80,80,LEC,G,C,Th 12:30PM - 02:15PM,LSB_LT6,"10/8, 10/15, 10/22, 10/29, 11/5, 11/12, 11/19, 11/26, 12/3",,,Dept of Philosophy
2026-27 Term 1,2420,UGEA,UGEA2100H,9095,Outline of Chinese Culture 中國文化要義,2.00,- Dr. HON Hiu Wah,80,80,LEC,H,C,Mo 04:30PM - 06:15PM,KKB_101,"9/7, 9/14, 9/21, 9/28, 10/5, 10/12",,,Dept of Philosophy
2026-27 Term 1,2420,UGEA,UGEA2100H,9095,Outline of Chinese Culture 中國文化要義,2.00,- Dr. HON Hiu Wah,80,80,LEC,H,C,Mo 04:30PM - 06:15PM,KKB_101,"10/26, 11/2, 11/9, 11/16, 11/23, 11/30",,,Dept of Philosophy
2026-27 Term 1,2420,UGEA,UGEA2100I,7768,Outline of Chinese Culture 中國文化要義,2.00,- Dr. WONG Yiu Hong,80,80,LEC,I,C,Fr 02:30PM - 04:15PM,LHC_103,"9/11, 9/18, 9/25, 10/2, 10/9, 10/16, 10/23, 10/30, 11/6, 11/13, 11/20, 11/27, 12/4",,,Dept of Philosophy
2026-27 Term 1,2420,UGEA,UGEA2100J,9458,Outline of Chinese Culture 中國文化要義,2.00,- Dr. LO Kit Hung,80,80,LEC,J,C,Tu 02:30PM - 04:15PM,KKB_101,"9/8, 9/15, 9/22, 9/29, 10/6, 10/13, 10/20, 10/27, 11/3, 11/10, 11/17, 11/24, 12/1",,,Dept of Philosophy
2026-27 Term 1,2420,UGEA,UGEA2110A,4967,An Intro to Chinese Culture 中國文化導論,3.00,- Dr. WONG Chung Kit,80,80,LEC,A,C,Th 03:30PM - 06:15PM,LSB_LT3,"9/10, 9/17, 9/24",,,Dept of Philosophy
2026-27 Term 1,2420,UGEA,UGEA2110A,4967,An Intro to Chinese Culture 中國文化導論,3.00,- Dr. WONG Chung Kit,80,80,LEC,A,C,Th 03:30PM - 06:15PM,LSB_LT3,"10/8, 10/15, 10/22, 10/29, 11/5, 11/12, 11/19, 11/26, 12/3",,,Dept of Philosophy
2026-27 Term 1,2420,UGEA,UGEA2110B,9527,An Intro to Chinese Culture 中國文化導論,3.00,- Dr. LAU Po Hei,80,80,LEC,B,C,We 03:30PM - 06:15PM,LSK_LT1,"9/9, 9/16, 9/23, 9/30, 10/7, 10/14, 10/21, 10/28, 11/4, 11/11, 11/18, 11/25, 12/2",,,Dept of Philosophy
2026-27 Term 1,2420,UGEA,UGEA2140-,9130,Chi Culture & Modernization 中國文化與現代化,2.00,- Dr. CHONG Yun Chak,80,80,LEC,-,C,Th 04:30PM - 06:15PM,UCC_C1,"9/10, 9/17, 9/24",,,Dept of Philosophy
2026-27 Term 1,2420,UGEA,UGEA2140-,9130,Chi Culture & Modernization 中國文化與現代化,2.00,- Dr. CHONG Yun Chak,80,80,LEC,-,C,Th 04:30PM - 06:15PM,UCC_C1,"10/8, 10/15, 10/22, 10/29, 11/5, 11/12, 11/19, 11/26, 12/3",,,Dept of Philosophy
2026-27 Term 1,2420,UGEA,UGEA2145-,5328,Chinese Music and Culture 中國音樂與文化,2.00,- Professor CHOW Man Ying,80,80,LEC,-,C&E,We 04:30PM - 06:15PM,MMW_710,"9/9, 9/16, 9/23, 9/30, 10/7, 10/14, 10/21, 10/28, 11/4, 11/11, 11/18, 11/25, 12/2",,,Dept of Music
2026-27 Term 1,2420,UGEA,UGEA2150A,7457,Chi Culture & Its Philosophies 中國文化及其哲學,2.00,- Dr. WONG Yiu Hong,80,80,LEC,A,C,Tu 10:30AM - 12:15PM,ERB_803,"9/8, 9/15, 9/22, 9/29, 10/6, 10/13, 10/20, 10/27, 11/3, 11/10, 11/17, 11/24, 12/1",,,Dept of Philosophy
2026-27 Term 1,2420,UGEA,UGEA2150B,9842,Chi Culture & Its Philosophies 中國文化及其哲學,2.00,- Dr. CHIU King Pong,80,80,LEC,B,C,Th 10:30AM - 12:15PM,LSK_LT1,"9/10, 9/17, 9/24",,,Dept of Philosophy
2026-27 Term 1,2420,UGEA,UGEA2150B,9842,Chi Culture & Its Philosophies 中國文化及其哲學,2.00,- Dr. CHIU King Pong,80,80,LEC,B,C,Th 10:30AM - 12:15PM,LSK_LT1,"10/8, 10/15, 10/22, 10/29, 11/5, 11/12, 11/19, 11/26, 12/3",,,Dept of Philosophy
2026-27 Term 1,2420,UGEA,UGEA2150C,7359,Chi Culture & Its Philosophies 中國文化及其哲學,2.00,- Dr. CHAN Leong,80,80,LEC,C,C,Mo 10:30AM - 12:15PM,ERB_803,"9/7, 9/14, 9/21, 9/28, 10/5, 10/12",,,Dept of Philosophy
2026-27 Term 1,2420,UGEA,UGEA2150C,7359,Chi Culture & Its Philosophies 中國文化及其哲學,2.00,- Dr. CHAN Leong,80,80,LEC,C,C,Mo 10:30AM - 12:15PM,ERB_803,"10/26, 11/2, 11/9, 11/16, 11/23, 11/30",,,Dept of Philosophy
2026-27 Term 1,2420,UGEA,UGEA2160A,5449,Mainstream Chinese Phi Thought 中國哲學主流思想,3.00,- Dr. CHONG Yun Chak,60,60,LEC,A,C,We 02:30PM - 05:15PM,LSK_514,"9/9, 9/16, 9/23, 9/30, 10/7, 10/14, 10/21, 10/28, 11/4, 11/11, 11/18, 11/25, 12/2",,,Dept of Philosophy
2026-27 Term 1,2420,UGEA,UGEA2160B,5680,Mainstream Chinese Phi Thought 中國哲學主流思想,3.00,- Dr WANG Xiaohong,60,60,LEC,B,P,Fr 08:30AM - 11:15AM,WMY_303,"9/11, 9/18, 9/25, 10/2, 10/9, 10/16, 10/23, 10/30, 11/6, 11/13, 11/20, 11/27, 12/4",,,Dept of Philosophy
2026-27 Term 1,2420,UGEA,UGEA2163-,9674,Debates on Chi Trad Thoughts 百家爭鳴：中國傳統思想大辯論,2.00,- Dr. HON Hiu Wah,60,60,LEC,-,C,Tu 12:30PM - 02:15PM,LSK_306,"9/8, 9/15, 9/22, 9/29, 10/6, 10/13, 10/20, 10/27, 11/3, 11/10, 11/17, 11/24, 12/1",,,Dept of Philosophy
2026-27 Term 1,2420,UGEA,UGEA2190A,8597,Chinese Society 中國社會,3.00,- Dr. HO Ching Wai,120,120,LEC,A,C,Th 02:30PM - 05:15PM,CK_TSE,"9/10, 9/17, 9/24",,,Dept of Sociology
2026-27 Term 1,2420,UGEA,UGEA2190A,8597,Chinese Society 中國社會,3.00,- Dr. HO Ching Wai,120,120,LEC,A,C,Th 02:30PM - 05:15PM,CK_TSE,"10/8, 10/15, 10/22, 10/29, 11/5, 11/12, 11/19, 11/26, 12/3",,,Dept of Sociology
2026-27 Term 1,2420,UGEA,UGEA2190B,5156,Chinese Society 中國社會,3.00,- Professor SUN Jin,120,120,LEC,B,P,Tu 10:30AM - 01:15PM,CK_TSE,"9/8, 9/15, 9/22, 9/29, 10/6, 10/13, 10/20, 10/27, 11/3, 11/10, 11/17, 11/24, 12/1",,,Dept of Sociology
2026-27 Term 1,2420,UGEA,UGEA2230C,9380,Intro to Transform in Chi Hist 中國歷史變革概論,2.00,- Dr. SIU Kam Wah,100,100,LEC,C,C,Th 10:30AM - 12:15PM,LSK_LT4,"9/10, 9/17, 9/24",,,Dept of History
2026-27 Term 1,2420,UGEA,UGEA2230C,9380,Intro to Transform in Chi Hist 中國歷史變革概論,2.00,- Dr. SIU Kam Wah,100,100,LEC,C,C,Th 10:30AM - 12:15PM,LSK_LT4,"10/8, 10/15, 10/22, 10/29, 11/5, 11/12, 11/19, 11/26, 12/3",,,Dept of History
2026-27 Term 1,2420,UGEA,UGEA2234-,9473,Imperial and Religious Power 皇權與神權：中國社會與文化的變,2.00,- Dr. FOK Yeung Yeung,100,100,LEC,-,C,Th 04:30PM - 06:15PM,LSK_LT4,"9/10, 9/17, 9/24",,,Dept of History
2026-27 Term 1,2420,UGEA,UGEA2234-,9473,Imperial and Religious Power 皇權與神權：中國社會與文化的變,2.00,- Dr. FOK Yeung Yeung,100,100,LEC,-,C,Th 04:30PM - 06:15PM,LSK_LT4,"10/8, 10/15, 10/22, 10/29, 11/5, 11/12, 11/19, 11/26, 12/3",,,Dept of History
2026-27 Term 1,2420,UGEA,UGEA2236-,4908,Intro to Classical Hist Books 歷史經典導讀,2.00,- Dr. SIU Kam Wah,100,100,LEC,-,C,Fr 02:30PM - 04:15PM,MMW_LT2,"9/11, 9/18, 9/25, 10/2, 10/9, 10/16, 10/23, 10/30, 11/6, 11/13, 11/20, 11/27, 12/4",,,Dept of History
2026-27 Term 1,2420,UGEA,UGEA2290A,5472,Chinese Culture and Literature 中國文化與文學,2.00,- Mr CHOR Koon Fai,50,50,LEC,A,C,Mo 09:30AM - 11:15AM,LSK_304,"9/7, 9/14, 9/21, 9/28, 10/5, 10/12",,,Dept of Chin Lang & Literature
2026-27 Term 1,2420,UGEA,UGEA2290A,5472,Chinese Culture and Literature 中國文化與文學,2.00,- Mr CHOR Koon Fai,50,50,LEC,A,C,Mo 09:30AM - 11:15AM,LSK_304,"10/26, 11/2, 11/9, 11/16, 11/23, 11/30",,,Dept of Chin Lang & Literature
2026-27 Term 1,2420,UGEA,UGEA2332-,7562,Culture and Modernity in China 中國的文化及現代性,3.00,- Staff,20,20,LEC,-,E,Mo 10:30AM - 12:15PM,UCC_C3,"9/7, 9/14, 9/21, 9/28, 10/5, 10/12",,,Dept of Anthropology
2026-27 Term 1,2420,UGEA,UGEA2332-,7562,Culture and Modernity in China 中國的文化及現代性,3.00,- Staff,20,20,LEC,-,E,Mo 10:30AM - 12:15PM,UCC_C3,"10/26, 11/2, 11/9, 11/16, 11/23, 11/30",,,Dept of Anthropology
2026-27 Term 1,2420,UGEA,UGEA2332-,7562,Culture and Modernity in China 中國的文化及現代性,3.00,- Staff,20,20,TUT,-T01,E,Mo 12:30PM - 01:15PM,UCC_C3,"9/7, 9/14, 9/21, 9/28, 10/5, 10/12",,,Dept of Anthropology
2026-27 Term 1,2420,UGEA,UGEA2332-,7562,Culture and Modernity in China 中國的文化及現代性,3.00,- Staff,20,20,TUT,-T01,E,Mo 12:30PM - 01:15PM,UCC_C3,"10/26, 11/2, 11/9, 11/16, 11/23, 11/30",,,Dept of Anthropology
2026-27 Term 1,2420,UGEA,UGEA2334A,7565,China Today 今日中國,3.00,- Professor HO Hang Kei,48,47,LEC,A,E,Fr 02:30PM - 04:15PM,UCA_312,"9/11, 9/18, 9/25, 10/2, 10/9, 10/16, 10/23, 10/30, 11/6, 11/13, 11/20, 11/27, 12/4",,,Dept of Anthropology
2026-27 Term 1,2420,UGEA,UGEA2334A,7565,China Today 今日中國,3.00,- Professor HO Hang Kei,48,47,TUT,AT01,E,Fr 04:30PM - 05:15PM,UCA_312,"9/11, 9/18, 9/25, 10/2, 10/9, 10/16, 10/23, 10/30, 11/6, 11/13, 11/20, 11/27, 12/4",,,Dept of Anthropology
2026-27 Term 1,2420,UGEA,UGEA2334B,7567,China Today 今日中國,3.00,- Professor SUN Rui,50,50,LEC,B,P,Tu 03:30PM - 05:15PM,ICS_L1,"9/8, 9/15, 9/22, 9/29, 10/6, 10/13, 10/20, 10/27, 11/3, 11/10, 11/17, 11/24, 12/1",,,Dept of Anthropology
2026-27 Term 1,2420,UGEA,UGEA2334B,7567,China Today 今日中國,3.00,- Professor SUN Rui,50,50,TUT,BT01,P,Tu 05:30PM - 06:15PM,ICS_L1,"9/8, 9/15, 9/22, 9/29, 10/6, 10/13, 10/20, 10/27, 11/3, 11/10, 11/17, 11/24, 12/1",,,Dept of Anthropology
2026-27 Term 1,2420,UGEA,UGEA2433-,7667,Science & Technology in China 中國科技發展導論,3.00,- Dr. William Joseph MORIARTY,30,30,LEC,-,E,Mo 10:30AM - 01:15PM,ARC_G03,"9/7, 9/14, 9/21, 9/28, 10/5, 10/12",,,Centre for China Studies
2026-27 Term 1,2420,UGEA,UGEA2433-,7667,Science & Technology in China 中國科技發展導論,3.00,- Dr. William Joseph MORIARTY,30,30,LEC,-,E,Mo 10:30AM - 01:15PM,ARC_G03,"10/26, 11/2, 11/9, 11/16, 11/23, 11/30",,,Centre for China Studies
2026-27 Term 1,2420,UGEC,UGEC1120-,8237,Greater Bay Area 透視粵港澳大灣區,3.00,- Professor LEE Wai Ying Joanna - Professor YEUNG Wai Chung Henry,30,30,LEC,-,C,Tu 02:30PM - 05:15PM,ELB_LT2,"9/8, 9/15, 9/22, 9/29, 10/6, 10/13, 10/20, 10/27, 11/3, 11/10, 11/17, 11/24, 12/1",,,Dept of Geo & Resource Mgt
2026-27 Term 1,2420,UGEC,UGEC1209-,8331,Intro to Gender Studies 思考性別：性別研究導論,3.00,- Professor SUEN Yiu Tung,10,10,LEC,-,E,Th 02:30PM - 04:15PM,HYS_G05,"9/10, 9/17, 9/24",,,Gender Studies Pgm Comm
2026-27 Term 1,2420,UGEC,UGEC1209-,8331,Intro to Gender Studies 思考性別：性別研究導論,3.00,- Professor SUEN Yiu Tung,10,10,LEC,-,E,Th 02:30PM - 04:15PM,HYS_G05,"10/8, 10/15, 10/22, 10/29, 11/5, 11/12, 11/19, 11/26, 12/3",,,Gender Studies Pgm Comm
2026-27 Term 1,2420,UGEC,UGEC1209-,8331,Intro to Gender Studies 思考性別：性別研究導論,3.00,- Professor SUEN Yiu Tung,10,10,TUT,-T01,E,Th 04:30PM - 05:15PM,HYS_G05,"9/10, 9/17, 9/24",,,Gender Studies Pgm Comm
2026-27 Term 1,2420,UGEC,UGEC1209-,8331,Intro to Gender Studies 思考性別：性別研究導論,3.00,- Professor SUEN Yiu Tung,10,10,TUT,-T01,E,Th 04:30PM - 05:15PM,HYS_G05,"10/8, 10/15, 10/22, 10/29, 11/5, 11/12, 11/19, 11/26, 12/3",,,Gender Studies Pgm Comm
2026-27 Term 1,2420,UGEC,UGEC1232A,5996,Jap Culture & Society 日本文化與社會,3.00,- Mr IP Kin Ho,35,35,LEC,A,C,Th 10:30AM - 01:15PM,LSK_208,"9/10, 9/17, 9/24",,,Dept of Japanese Studies
2026-27 Term 1,2420,UGEC,UGEC1232A,5996,Jap Culture & Society 日本文化與社會,3.00,- Mr IP Kin Ho,35,35,LEC,A,C,Th 10:30AM - 01:15PM,LSK_208,"10/8, 10/15, 10/22, 10/29, 11/5, 11/12, 11/19, 11/26, 12/3",,,Dept of Japanese Studies
2026-27 Term 1,2420,UGEC,UGEC1271A,5997,Jas Pop Cul in Cul Global 日本流行文化與文化全球化,3.00,- Mr. LAU Ching,100,100,LEC,A,C,Mo 10:30AM - 01:15PM,LSK_LT3,"9/7, 9/14, 9/21, 9/28, 10/5, 10/12",,,Dept of Japanese Studies
2026-27 Term 1,2420,UGEC,UGEC1271A,5997,Jas Pop Cul in Cul Global 日本流行文化與文化全球化,3.00,- Mr. LAU Ching,100,100,LEC,A,C,Mo 10:30AM - 01:15PM,LSK_LT3,"10/26, 11/2, 11/9, 11/16, 11/23, 11/30",,,Dept of Japanese Studies
2026-27 Term 1,2420,UGEC,UGEC1271B,5998,Jas Pop Cul in Cul Global 日本流行文化與文化全球化,3.00,- Professor NG Wai Ming,100,100,LEC,B,C,Tu 10:30AM - 01:15PM,LSK_LT4,"9/8, 9/15, 9/22, 9/29, 10/6, 10/13, 10/20, 10/27, 11/3, 11/10, 11/17, 11/24, 12/1",,,Dept of Japanese Studies
2026-27 Term 1,2420,UGEC,UGEC1271C,9119,Jas Pop Cul in Cul Global 日本流行文化與文化全球化,3.00,- Professor NG Wai Ming,100,100,LEC,C,C,We 09:30AM - 12:15PM,LSK_LT4,"9/9, 9/16, 9/23, 9/30, 10/7, 10/14, 10/21, 10/28, 11/4, 11/11, 11/18, 11/25, 12/2",,,Dept of Japanese Studies
2026-27 Term 1,2420,UGEC,UGEC1281A,5999,Understanding Jas Lang & Cult 日本語言文化面面觀,3.00,- Professor HO Chi Ming,40,40,LEC,A,C,Mo 02:30PM - 05:15PM,LPN_LT,"9/7, 9/14, 9/21, 9/28, 10/5, 10/12",,,Dept of Japanese Studies
2026-27 Term 1,2420,UGEC,UGEC1281A,5999,Understanding Jas Lang & Cult 日本語言文化面面觀,3.00,- Professor HO Chi Ming,40,40,LEC,A,C,Mo 02:30PM - 05:15PM,LPN_LT,"10/26, 11/2, 11/9, 11/16, 11/23, 11/30",,,Dept of Japanese Studies
2026-27 Term 1,2420,UGEC,UGEC1302A,9657,Japanese Cinema 日本電影,3.00,- Professor Matthew Stanhope MEWHINNEY,37,37,LEC,A,E,Th 02:30PM - 05:15PM,ERB_803,"9/10, 9/17, 9/24",,,Dept of Japanese Studies
2026-27 Term 1,2420,UGEC,UGEC1302A,9657,Japanese Cinema 日本電影,3.00,- Professor Matthew Stanhope MEWHINNEY,37,37,LEC,A,E,Th 02:30PM - 05:15PM,ERB_803,"10/8, 10/15, 10/22, 10/29, 11/5, 11/12, 11/19, 11/26, 12/3",,,Dept of Japanese Studies
2026-27 Term 1,2420,UGEC,UGEC1511A,7459,Perspectives in Economics 經濟學概觀,3.00,- Miss LEUNG Yuk Chun,78,78,LEC,A,E,Tu 10:30AM - 01:15PM,YIA_LT3,"9/8, 9/15, 9/22, 9/29, 10/6, 10/13, 10/20, 10/27, 11/3, 11/10, 11/17, 11/24, 12/1",,,Dept of Economics
2026-27 Term 1,2420,UGEC,UGEC1511B,7460,Perspectives in Economics 經濟學概觀,3.00,- Miss LEUNG Yuk Chun,80,80,LEC,B,E,We 02:30PM - 05:15PM,CKB_LT3,"9/9, 9/16, 9/23, 9/30, 10/7, 10/14, 10/21, 10/28, 11/4, 11/11, 11/18, 11/25, 12/2",,,Dept of Economics
2026-27 Term 1,2420,UGEC,UGEC1512B,6685,Fundamentals of Government 政治學初基,3.00,- Dr. LI Ho Fai,10,10,LEC,B,E,Th 02:30PM - 05:15PM,LSB_C2,"9/10, 9/17, 9/24",,,Government & Public Admin PC
2026-27 Term 1,2420,UGEC,UGEC1512B,6685,Fundamentals of Government 政治學初基,3.00,- Dr. LI Ho Fai,10,10,LEC,B,E,Th 02:30PM - 05:15PM,LSB_C2,"10/8, 10/15, 10/22, 10/29, 11/5, 11/12, 11/19, 11/26, 12/3",,,Government & Public Admin PC
2026-27 Term 1,2420,UGEC,UGEC1560A,4968,Basic Banking & Finance 銀行與金融概觀,3.00,- Dr. YAN Wai Hin,150,150,LEC,A,C&E,Fr 08:30AM - 11:15AM,LKC_LT1,"9/11, 9/18, 9/25, 10/2, 10/9, 10/16, 10/23, 10/30, 11/6, 11/13, 11/20, 11/27, 12/4",,,Dept of Economics
2026-27 Term 1,2420,UGEC,UGEC1681-,5871,Humans and Culture 人類與文化,3.00,- Professor Adam Daniel LIEBMAN,36,36,LEC,-,E,We 11:30AM - 01:15PM,NAH_213,"9/9, 9/16, 9/23, 9/30, 10/7, 10/14, 10/21, 10/28, 11/4, 11/11, 11/18, 11/25, 12/2",,,Dept of Anthropology
2026-27 Term 1,2420,UGEC,UGEC1681-,5871,Humans and Culture 人類與文化,3.00,- Professor Adam Daniel LIEBMAN,12,12,TUT,-T01,E,We 01:30PM - 02:15PM,UCA_103,"9/9, 9/16, 9/23, 9/30, 10/7, 10/14, 10/21, 10/28, 11/4, 11/11, 11/18, 11/25, 12/2",,,Dept of Anthropology
2026-27 Term 1,2420,UGEC,UGEC1681-,5871,Humans and Culture 人類與文化,3.00,- Professor Adam Daniel LIEBMAN,12,12,TUT,-T02,E,We 02:30PM - 03:15PM,UCA_103,"9/9, 9/16, 9/23, 9/30, 10/7, 10/14, 10/21, 10/28, 11/4, 11/11, 11/18, 11/25, 12/2",,,Dept of Anthropology
2026-27 Term 1,2420,UGEC,UGEC1681-,5871,Humans and Culture 人類與文化,3.00,- Professor Adam Daniel LIEBMAN,12,12,TUT,-T03,E,We 03:30PM - 04:15PM,UCA_103,"9/9, 9/16, 9/23, 9/30, 10/7, 10/14, 10/21, 10/28, 11/4, 11/11, 11/18, 11/25, 12/2",,,Dept of Anthropology
2026-27 Term 1,2420,UGEC,UGEC1835-,5880,Culture of Hong Kong 香港的文化,3.00,- Dr. TANG Wai Man,60,60,LEC,-,C,Mo 11:30AM - 01:15PM,NAH_115,"9/7, 9/14, 9/21, 9/28, 10/5, 10/12",,,Dept of Anthropology
2026-27 Term 1,2420,UGEC,UGEC1835-,5880,Culture of Hong Kong 香港的文化,3.00,- Dr. TANG Wai Man,60,60,LEC,-,C,Mo 11:30AM - 01:15PM,NAH_115,"10/26, 11/2, 11/9, 11/16, 11/23, 11/30",,,Dept of Anthropology
2026-27 Term 1,2420,UGEC,UGEC1835-,5880,Culture of Hong Kong 香港的文化,3.00,- Dr. TANG Wai Man,15,15,TUT,-T01,C&E&P,Mo 01:30PM - 02:15PM,UCC_110,"9/7, 9/14, 9/21, 9/28, 10/5, 10/12",,,Dept of Anthropology
2026-27 Term 1,2420,UGEC,UGEC1835-,5880,Culture of Hong Kong 香港的文化,3.00,- Dr. TANG Wai Man,15,15,TUT,-T01,C&E&P,Mo 01:30PM - 02:15PM,UCC_110,"10/26, 11/2, 11/9, 11/16, 11/23, 11/30",,,Dept of Anthropology
2026-27 Term 1,2420,UGEC,UGEC1835-,5880,Culture of Hong Kong 香港的文化,3.00,- Dr. TANG Wai Man,15,15,TUT,-T02,C&E&P,Mo 02:30PM - 03:15PM,UCC_110,"9/7, 9/14, 9/21, 9/28, 10/5, 10/12",,,Dept of Anthropology
2026-27 Term 1,2420,UGEC,UGEC1835-,5880,Culture of Hong Kong 香港的文化,3.00,- Dr. TANG Wai Man,15,15,TUT,-T02,C&E&P,Mo 02:30PM - 03:15PM,UCC_110,"10/26, 11/2, 11/9, 11/16, 11/23, 11/30",,,Dept of Anthropology
2026-27 Term 1,2420,UGEC,UGEC1835-,5880,Culture of Hong Kong 香港的文化,3.00,- Dr. TANG Wai Man,30,30,TUT,-T03,C&E&P,TBA,NRR,07/09/2026 - 30/11/2026,,,Dept of Anthropology
2026-27 Term 1,2420,UGEC,UGEC1885B,8219,Government of Hong Kong 香港政府,3.00,- Dr. LI Ho Fai,30,30,LEC,B,E,Tu 10:30AM - 01:15PM,UCC_C1,"9/8, 9/15, 9/22, 9/29, 10/6, 10/13, 10/20, 10/27, 11/3, 11/10, 11/17, 11/24, 12/1",,,Government & Public Admin PC
2026-27 Term 1,2420,UGEC,UGEC1920-,6987,Foundations in Public Health 公共衞生學基礎,2.00,- Professor CHUNG Roger Yat Nork,30,30,LEC,-,E,We 11:30AM - 01:15PM,YIA_LT3,"9/9, 9/16, 9/23, 9/30, 10/7, 10/14, 10/21, 10/28, 11/4, 11/11, 11/18, 11/25, 12/2",,,JC Sch of Pub Health Prim Care
2026-27 Term 1,2420,UGEC,UGEC2020-,9789,History of Macau: EW Cultures 澳門史：東西文化的匯聚,2.00,- Miss CHEUNG Ching Man,100,100,LEC,-,C,Mo 10:30AM - 12:15PM,LSK_LT2,"9/7, 9/14, 9/21, 9/28, 10/5, 10/12",,,Dept of History
2026-27 Term 1,2420,UGEC,UGEC2020-,9789,History of Macau: EW Cultures 澳門史：東西文化的匯聚,2.00,- Miss CHEUNG Ching Man,100,100,LEC,-,C,Mo 10:30AM - 12:15PM,LSK_LT2,"10/26, 11/2, 11/9, 11/16, 11/23, 11/30",,,Dept of History
2026-27 Term 1,2420,UGEC,UGEC2022-,6706,Law & Heritage in Hong Kong 香港的法律與文化遺產,3.00,- Professor Steven Brian GALLAGHER,35,35,LEC,-,E,Mo 09:30AM - 12:15PM,NAH_11,"9/7, 9/14, 9/21, 9/28, 10/5, 10/12",,,LLB Pgm Comm
2026-27 Term 1,2420,UGEC,UGEC2022-,6706,Law & Heritage in Hong Kong 香港的法律與文化遺產,3.00,- Professor Steven Brian GALLAGHER,35,35,LEC,-,E,Mo 09:30AM - 12:15PM,NAH_11,"10/26, 11/2, 11/9, 11/16, 11/23, 11/30",,,LLB Pgm Comm
2026-27 Term 1,2420,UGEC,UGEC2041-,4940,Hist of Women in Modern China 近代中國婦女史,2.00,- Dr. WANG Yiqiao,100,100,LEC,-,C,We 02:30PM - 04:15PM,LSK_LT4,"9/9, 9/16, 9/23, 9/30, 10/7, 10/14, 10/21, 10/28, 11/4, 11/11, 11/18, 11/25, 12/2",,,Dept of History
2026-27 Term 1,2420,UGEC,UGEC2117-,8434,Cities of the World 全球城市：城市發展的文化與歷史,2.00,- Professor JIN Ting,48,48,LEC,-,E,We 09:30AM - 11:15AM,HYS_G01,"9/9, 9/16, 9/23, 9/30, 10/7, 10/14, 10/21, 10/28, 11/4, 11/11, 11/18, 11/25, 12/2",,,Dept of Geo & Resource Mgt
2026-27 Term 1,2420,UGEC,UGEC2135-,5245,Decolonizing Classical Music 古典音樂的去殖民化,2.00,- Professor LIAO Yvonne,80,80,LEC,-,C&E,Mo 04:30PM - 06:15PM,LSB_C3,"9/7, 9/14, 9/21, 9/28, 10/5, 10/12",,,Dept of Music
2026-27 Term 1,2420,UGEC,UGEC2135-,5245,Decolonizing Classical Music 古典音樂的去殖民化,2.00,- Professor LIAO Yvonne,80,80,LEC,-,C&E,Mo 04:30PM - 06:15PM,LSB_C3,"10/26, 11/2, 11/9, 11/16, 11/23, 11/30",,,Dept of Music
2026-27 Term 1,2420,UGEC,UGEC2171-,8239,Sustainable Development 可持續發展,3.00,- Professor Jack Laurie HARRIS - Professor LU Xingcheng,15,15,LEC,-,E,Mo 04:30PM - 06:15PM,CKB_UG04,"9/7, 9/14, 9/21, 9/28, 10/5, 10/12",,,Dept of Geo & Resource Mgt
2026-27 Term 1,2420,UGEC,UGEC2171-,8239,Sustainable Development 可持續發展,3.00,- Professor Jack Laurie HARRIS - Professor LU Xingcheng,15,15,LEC,-,E,Mo 04:30PM - 06:15PM,CKB_UG04,"10/26, 11/2, 11/9, 11/16, 11/23, 11/30",,,Dept of Geo & Resource Mgt
2026-27 Term 1,2420,UGEC,UGEC2171-,8239,Sustainable Development 可持續發展,3.00,- Professor Jack Laurie HARRIS - Professor LU Xingcheng,15,15,TUT,-T01,E,TBA,TBA,07/09/2026 - 30/11/2026,,,Dept of Geo & Resource Mgt
2026-27 Term 1,2420,UGEC,UGEC2188-,7695,Hong Kong English 香港英語及其文化,3.00,- Professor PUN Kwok Hung,20,20,LEC,-,E,Mo 02:30PM - 04:15PM,UCC_C2,"9/7, 9/14, 9/21, 9/28, 10/5, 10/12",,,Dept of English
2026-27 Term 1,2420,UGEC,UGEC2188-,7695,Hong Kong English 香港英語及其文化,3.00,- Professor PUN Kwok Hung,20,20,LEC,-,E,Mo 02:30PM - 04:15PM,UCC_C2,"10/26, 11/2, 11/9, 11/16, 11/23, 11/30",,,Dept of English
2026-27 Term 1,2420,UGEC,UGEC2188-,7695,Hong Kong English 香港英語及其文化,3.00,- Professor PUN Kwok Hung,10,10,TUT,-T01,E,Mo 01:30PM - 02:15PM,UCC_C2,"9/7, 9/14, 9/21, 9/28, 10/5, 10/12",,,Dept of English
2026-27 Term 1,2420,UGEC,UGEC2188-,7695,Hong Kong English 香港英語及其文化,3.00,- Professor PUN Kwok Hung,10,10,TUT,-T01,E,Mo 01:30PM - 02:15PM,UCC_C2,"10/26, 11/2, 11/9, 11/16, 11/23, 11/30",,,Dept of English
2026-27 Term 1,2420,UGEC,UGEC2188-,7695,Hong Kong English 香港英語及其文化,3.00,- Professor PUN Kwok Hung,10,10,TUT,-T02,E,Mo 01:30PM - 02:15PM,UCC_205,"9/7, 9/14, 9/21, 9/28, 10/5, 10/12",,,Dept of English
2026-27 Term 1,2420,UGEC,UGEC2188-,7695,Hong Kong English 香港英語及其文化,3.00,- Professor PUN Kwok Hung,10,10,TUT,-T02,E,Mo 01:30PM - 02:15PM,UCC_205,"10/26, 11/2, 11/9, 11/16, 11/23, 11/30",,,Dept of English
2026-27 Term 1,2420,UGEC,UGEC2188-,7695,Hong Kong English 香港英語及其文化,3.00,- Professor PUN Kwok Hung,10,10,TUT,-T03,E,Mo 04:30PM - 05:15PM,UCC_C2,"9/7, 9/14, 9/21, 9/28, 10/5, 10/12",,,Dept of English
2026-27 Term 1,2420,UGEC,UGEC2188-,7695,Hong Kong English 香港英語及其文化,3.00,- Professor PUN Kwok Hung,10,10,TUT,-T03,E,Mo 04:30PM - 05:15PM,UCC_C2,"10/26, 11/2, 11/9, 11/16, 11/23, 11/30",,,Dept of English
2026-27 Term 1,2420,UGEC,UGEC2188-,7695,Hong Kong English 香港英語及其文化,3.00,- Professor PUN Kwok Hung,10,10,TUT,-T04,E,Mo 04:30PM - 05:15PM,UCC_105,"9/7, 9/14, 9/21, 9/28, 10/5, 10/12",,,Dept of English
2026-27 Term 1,2420,UGEC,UGEC2188-,7695,Hong Kong English 香港英語及其文化,3.00,- Professor PUN Kwok Hung,10,10,TUT,-T04,E,Mo 04:30PM - 05:15PM,UCC_105,"10/26, 11/2, 11/9, 11/16, 11/23, 11/30",,,Dept of English
2026-27 Term 1,2420,UGEC,UGEC2188-,7695,Hong Kong English 香港英語及其文化,3.00,- Professor PUN Kwok Hung,10,10,TUT,-T05,E,Mo 04:30PM - 05:15PM,UCC_109,"9/7, 9/14, 9/21, 9/28, 10/5, 10/12",,,Dept of English
2026-27 Term 1,2420,UGEC,UGEC2188-,7695,Hong Kong English 香港英語及其文化,3.00,- Professor PUN Kwok Hung,10,10,TUT,-T05,E,Mo 04:30PM - 05:15PM,UCC_109,"10/26, 11/2, 11/9, 11/16, 11/23, 11/30",,,Dept of English
2026-27 Term 1,2420,UGEC,UGEC2188-,7695,Hong Kong English 香港英語及其文化,3.00,- Professor PUN Kwok Hung,10,10,TUT,-T06,E,Mo 05:30PM - 06:15PM,UCC_102,"9/7, 9/14, 9/21, 9/28, 10/5, 10/12",,,Dept of English
2026-27 Term 1,2420,UGEC,UGEC2188-,7695,Hong Kong English 香港英語及其文化,3.00,- Professor PUN Kwok Hung,10,10,TUT,-T06,E,Mo 05:30PM - 06:15PM,UCC_102,"10/26, 11/2, 11/9, 11/16, 11/23, 11/30",,,Dept of English
2026-27 Term 1,2420,UGEC,UGEC2188-,7695,Hong Kong English 香港英語及其文化,3.00,- Professor PUN Kwok Hung,10,10,TUT,-T07,E,Mo 05:30PM - 06:15PM,UCC_105,"9/7, 9/14, 9/21, 9/28, 10/5, 10/12",,,Dept of English
2026-27 Term 1,2420,UGEC,UGEC2188-,7695,Hong Kong English 香港英語及其文化,3.00,- Professor PUN Kwok Hung,10,10,TUT,-T07,E,Mo 05:30PM - 06:15PM,UCC_105,"10/26, 11/2, 11/9, 11/16, 11/23, 11/30",,,Dept of English
2026-27 Term 1,2420,UGEC,UGEC2188-,7695,Hong Kong English 香港英語及其文化,3.00,- Professor PUN Kwok Hung,20,20,TUT,-T08,E,TBA,NRR,07/09/2026 - 30/11/2026,,,Dept of English
2026-27 Term 1,2420,UGEC,UGEC2189-,7732,World EnglishesTheir Cultures 世界英語及其文化,3.00,- Professor Wilkinson Daniel Ong WONG GONZALES,20,20,LEC,-,E,Tu 02:30PM - 04:15PM,LSK_LT3,"9/8, 9/15, 9/22, 9/29, 10/6, 10/13, 10/20, 10/27, 11/3, 11/10, 11/17, 11/24, 12/1",,,Dept of English
2026-27 Term 1,2420,UGEC,UGEC2189-,7732,World EnglishesTheir Cultures 世界英語及其文化,3.00,- Professor Wilkinson Daniel Ong WONG GONZALES,10,10,TUT,-T01,E,Tu 01:30PM - 02:15PM,LSK_LT3,"9/8, 9/15, 9/22, 9/29, 10/6, 10/13, 10/20, 10/27, 11/3, 11/10, 11/17, 11/24, 12/1",,,Dept of English
2026-27 Term 1,2420,UGEC,UGEC2189-,7732,World EnglishesTheir Cultures 世界英語及其文化,3.00,- Professor Wilkinson Daniel Ong WONG GONZALES,10,10,TUT,-T02,E,Tu 01:30PM - 02:15PM,UCC_105,"9/8, 9/15, 9/22, 9/29, 10/6, 10/13, 10/20, 10/27, 11/3, 11/10, 11/17, 11/24, 12/1",,,Dept of English
2026-27 Term 1,2420,UGEC,UGEC2189-,7732,World EnglishesTheir Cultures 世界英語及其文化,3.00,- Professor Wilkinson Daniel Ong WONG GONZALES,10,10,TUT,-T03,E,Tu 04:30PM - 05:15PM,LSK_LT3,"9/8, 9/15, 9/22, 9/29, 10/6, 10/13, 10/20, 10/27, 11/3, 11/10, 11/17, 11/24, 12/1",,,Dept of English
2026-27 Term 1,2420,UGEC,UGEC2189-,7732,World EnglishesTheir Cultures 世界英語及其文化,3.00,- Professor Wilkinson Daniel Ong WONG GONZALES,10,10,TUT,-T04,E,Tu 04:30PM - 05:15PM,UCC_105,"9/8, 9/15, 9/22, 9/29, 10/6, 10/13, 10/20, 10/27, 11/3, 11/10, 11/17, 11/24, 12/1",,,Dept of English
2026-27 Term 1,2420,UGEC,UGEC2189-,7732,World EnglishesTheir Cultures 世界英語及其文化,3.00,- Professor Wilkinson Daniel Ong WONG GONZALES,10,10,TUT,-T05,E,Tu 04:30PM - 05:15PM,UCC_204,"9/8, 9/15, 9/22, 9/29, 10/6, 10/13, 10/20, 10/27, 11/3, 11/10, 11/17, 11/24, 12/1",,,Dept of English
2026-27 Term 1,2420,UGEC,UGEC2189-,7732,World EnglishesTheir Cultures 世界英語及其文化,3.00,- Professor Wilkinson Daniel Ong WONG GONZALES,10,10,TUT,-T06,E,Tu 05:30PM - 06:15PM,UCC_104,"9/8, 9/15, 9/22, 9/29, 10/6, 10/13, 10/20, 10/27, 11/3, 11/10, 11/17, 11/24, 12/1",,,Dept of English
2026-27 Term 1,2420,UGEC,UGEC2189-,7732,World EnglishesTheir Cultures 世界英語及其文化,3.00,- Professor Wilkinson Daniel Ong WONG GONZALES,10,10,TUT,-T07,E,Tu 05:30PM - 06:15PM,UCC_204,"9/8, 9/15, 9/22, 9/29, 10/6, 10/13, 10/20, 10/27, 11/3, 11/10, 11/17, 11/24, 12/1",,,Dept of English
2026-27 Term 1,2420,UGEC,UGEC2189-,7732,World EnglishesTheir Cultures 世界英語及其文化,3.00,- Professor Wilkinson Daniel Ong WONG GONZALES,20,20,TUT,-T08,E,TBA,NRR,07/09/2026 - 30/11/2026,,,Dept of English
2026-27 Term 1,2420,UGEC,UGEC2192-,8238,Understanding Ecotourism 生態旅遊探索,2.00,- Professor CHAN Chung Shing,30,30,LEC,-,C,Tu 10:30AM - 12:15PM,CYT_209A,"9/8, 9/15, 9/22, 9/29, 10/6, 10/13, 10/20, 10/27, 11/3, 11/10, 11/17, 11/24, 12/1",,,Dept of Geo & Resource Mgt
2026-27 Term 1,2420,UGEC,UGEC2201-,8249,Pursuit of Ideal Living Enviro 理想人居環境的追尋,2.00,- Dr. NG Kit Ying,60,60,LEC,-,C,Mo 09:30AM - 11:15AM,WMY_508,"9/7, 9/14, 9/21, 9/28, 10/5, 10/12",,,Dept of Geo & Resource Mgt
2026-27 Term 1,2420,UGEC,UGEC2201-,8249,Pursuit of Ideal Living Enviro 理想人居環境的追尋,2.00,- Dr. NG Kit Ying,60,60,LEC,-,C,Mo 09:30AM - 11:15AM,WMY_508,"10/26, 11/2, 11/9, 11/16, 11/23, 11/30",,,Dept of Geo & Resource Mgt
2026-27 Term 1,2420,UGEC,UGEC2241-,6959,Hong Kong Cinema 香港電影,3.00,- Dr. LI Mei Ting,10,10,LEC,-,C&E,Mo 03:30PM - 05:15PM,LDS_214,"9/7, 9/14, 9/21, 9/28, 10/5, 10/12",,,Dept of Cultural & Rel Studies
2026-27 Term 1,2420,UGEC,UGEC2241-,6959,Hong Kong Cinema 香港電影,3.00,- Dr. LI Mei Ting,10,10,LEC,-,C&E,Mo 03:30PM - 05:15PM,LDS_214,"10/26, 11/2, 11/9, 11/16, 11/23, 11/30",,,Dept of Cultural & Rel Studies
2026-27 Term 1,2420,UGEC,UGEC2241-,6959,Hong Kong Cinema 香港電影,3.00,- Dr. LI Mei Ting,10,10,TUT,-T01,C&E,Mo 05:30PM - 06:15PM,LDS_214,"9/7, 9/14, 9/21, 9/28, 10/5, 10/12",,,Dept of Cultural & Rel Studies
2026-27 Term 1,2420,UGEC,UGEC2241-,6959,Hong Kong Cinema 香港電影,3.00,- Dr. LI Mei Ting,10,10,TUT,-T01,C&E,Mo 05:30PM - 06:15PM,LDS_214,"10/26, 11/2, 11/9, 11/16, 11/23, 11/30",,,Dept of Cultural & Rel Studies
2026-27 Term 1,2420,UGEC,UGEC2273-,8396,Feminisms: Thoughts & Movement 女權主義：思想與運動,3.00,- Dr. PANG Ka Wei,20,20,LEC,-,C&E,We 10:30AM - 12:15PM,LSK_302,"9/9, 9/16, 9/23, 9/30, 10/7, 10/14, 10/21, 10/28, 11/4, 11/11, 11/18, 11/25, 12/2",,,Dept of Cultural & Rel Studies
2026-27 Term 1,2420,UGEC,UGEC2273-,8396,Feminisms: Thoughts & Movement 女權主義：思想與運動,3.00,- Dr. PANG Ka Wei,20,20,TUT,-T01,C&E,We 12:30PM - 01:15PM,LSK_302,"9/9, 9/16, 9/23, 9/30, 10/7, 10/14, 10/21, 10/28, 11/4, 11/11, 11/18, 11/25, 12/2",,,Dept of Cultural & Rel Studies
2026-27 Term 1,2420,UGEC,UGEC2353-,8371,World Economic Order 世界經濟秩序,3.00,- Dr. Efstratios POURZITAKIS,10,10,LEC,-,E,Tu 02:30PM - 05:15PM,NAH_114,"9/8, 9/15, 9/22, 9/29, 10/6, 10/13, 10/20, 10/27, 11/3, 11/10, 11/17, 11/24, 12/1",,,Global Studies Pgm Comm
2026-27 Term 1,2420,UGEC,UGEC2436-,6988,Emotional Landscapes in China 當代中國社會的情感經驗,3.00,- Dr. SUN Lin,30,30,LEC,-,P,Tu 02:30PM - 05:15PM,LSK_LT1,"9/8, 9/15, 9/22, 9/29, 10/6, 10/13, 10/20, 10/27, 11/3, 11/10, 11/17, 11/24, 12/1",,,Centre for China Studies
2026-27 Term 1,2420,UGEC,UGEC2610-,8220,International Politics 國際政治,3.00,- Professor WONG Seanon Si Lon,15,15,LEC,-,E,We 09:30AM - 12:15PM,LSK_LT3,"9/9, 9/16, 9/23, 9/30, 10/7, 10/14, 10/21, 10/28, 11/4, 11/11, 11/18, 11/25, 12/2",,,Government & Public Admin PC
2026-27 Term 1,2420,UGEC,UGEC2656-,7574,Working Cultures 工作文化 - 認識廿十一世紀的,3.00,- Dr. Tim ROSENKRANZ,15,15,LEC,-,E,Tu 01:30PM - 03:15PM,NAH_11,"9/8, 9/15, 9/22, 9/29, 10/6, 10/13, 10/20, 10/27, 11/3, 11/10, 11/17, 11/24, 12/1",,,Dept of Anthropology
2026-27 Term 1,2420,UGEC,UGEC2656-,7574,Working Cultures 工作文化 - 認識廿十一世紀的,3.00,- Dr. Tim ROSENKRANZ,7,7,TUT,-T01,E,Tu 04:30PM - 05:15PM,UCC_206,"9/8, 9/15, 9/22, 9/29, 10/6, 10/13, 10/20, 10/27, 11/3, 11/10, 11/17, 11/24, 12/1",,,Dept of Anthropology
2026-27 Term 1,2420,UGEC,UGEC2656-,7574,Working Cultures 工作文化 - 認識廿十一世紀的,3.00,- Dr. Tim ROSENKRANZ,8,8,TUT,-T02,E,Tu 05:30PM - 06:15PM,UCC_206,"9/8, 9/15, 9/22, 9/29, 10/6, 10/13, 10/20, 10/27, 11/3, 11/10, 11/17, 11/24, 12/1",,,Dept of Anthropology
2026-27 Term 1,2420,UGEC,UGEC2821-,7318,Cultural Per of Chi Med 中醫藥之文化內涵,3.00,- Dr. CHAN Sze Nga - Dr. LIN Wai Ling - Dr. LIONG Ching - Dr. MOK Tik Lun - Dr. TSOI Yan Wang,50,50,LEC,-,C,Fr 08:30AM - 11:15AM,FYB_UG01,"9/11, 9/18, 9/25, 10/2, 10/9, 10/16, 10/23, 10/30, 11/6, 11/13, 11/20, 11/27, 12/4",,,Sch of Chinese Medicine
2026-27 Term 1,2420,UGEC,UGEC2853-,8613,Sexuality and Culture 性與文化,3.00,- Professor YEUNG Tak Lap,60,60,LEC,-,C&E,Mo 01:30PM - 04:15PM,LSK_308,"9/7, 9/14, 9/21, 9/28, 10/5, 10/12",,,Dept of Philosophy
2026-27 Term 1,2420,UGEC,UGEC2853-,8613,Sexuality and Culture 性與文化,3.00,- Professor YEUNG Tak Lap,60,60,LEC,-,C&E,Mo 01:30PM - 04:15PM,LSK_308,"10/26, 11/2, 11/9, 11/16, 11/23, 11/30",,,Dept of Philosophy
2026-27 Term 1,2420,UGEC,UGEC2858-,7615,Animals & Soc: A PHI Approach 動物與社會：哲學研究,3.00,- Dr. KWOK Pak Nin,60,60,LEC,-,C&E,Tu 03:30PM - 05:15PM,YIA_505,"9/8, 9/15, 9/22, 9/29, 10/6, 10/13, 10/20, 10/27, 11/3, 11/10, 11/17, 11/24, 12/1",,,Dept of Philosophy
2026-27 Term 1,2420,UGEC,UGEC2858-,7615,Animals & Soc: A PHI Approach 動物與社會：哲學研究,3.00,- Dr. KWOK Pak Nin,60,60,DIS,-D01,C&E,Tu 05:30PM - 06:15PM,YIA_505,"9/8, 9/15, 9/22, 9/29, 10/6, 10/13, 10/20, 10/27, 11/3, 11/10, 11/17, 11/24, 12/1",,,Dept of Philosophy
2026-27 Term 1,2420,UGEC,UGEC2883-,8222,Eco Ref'm & Soc Impacts in Chi 中國的經濟改革與社會影響,3.00,- Professor ZHU Ling,20,20,LEC,-,E,Tu 04:30PM - 06:15PM,ELB_LT3,"9/8, 9/15, 9/22, 9/29, 10/6, 10/13, 10/20, 10/27, 11/3, 11/10, 11/17, 11/24, 12/1",,,Dept of Sociology
2026-27 Term 1,2420,UGEC,UGEC2883-,8222,Eco Ref'm & Soc Impacts in Chi 中國的經濟改革與社會影響,3.00,- Professor ZHU Ling,20,20,TUT,-T01,E,TBA,NRR,07/09/2026 - 30/11/2026,,,Dept of Sociology
2026-27 Term 1,2420,UGEC,UGEC2910-,9675,"Money, Land and Housing 金錢、土地與房屋",2.00,- Dr. LI Jing,45,45,LEC,-,C&E,Mo 02:30PM - 04:15PM,ARC_G02,"9/7, 9/14, 9/21, 9/28, 10/5, 10/12",,,Urban Studies Pgm Comm
2026-27 Term 1,2420,UGEC,UGEC2910-,9675,"Money, Land and Housing 金錢、土地與房屋",2.00,- Dr. LI Jing,45,45,LEC,-,C&E,Mo 02:30PM - 04:15PM,ARC_G02,"10/26, 11/2, 11/9, 11/16, 11/23, 11/30",,,Urban Studies Pgm Comm
2026-27 Term 1,2420,UGEC,UGEC2941-,4941,Islam in HK 伊斯蘭在香港,2.00,- Dr. FOK Yeung Yeung,100,100,LEC,-,C,Mo 04:30PM - 06:15PM,LSK_LT4,"9/7, 9/14, 9/21, 9/28, 10/5, 10/12",,,Dept of History
2026-27 Term 1,2420,UGEC,UGEC2941-,4941,Islam in HK 伊斯蘭在香港,2.00,- Dr. FOK Yeung Yeung,100,100,LEC,-,C,Mo 04:30PM - 06:15PM,LSK_LT4,"10/26, 11/2, 11/9, 11/16, 11/23, 11/30",,,Dept of History
2026-27 Term 1,2420,UGEC,UGEC2945-,5455,History of Hong Kong 香港史,2.00,- Miss CHEUNG Ching Man,100,100,LEC,-,C,Mo 02:30PM - 04:15PM,LSK_LT2,"9/7, 9/14, 9/21, 9/28, 10/5, 10/12",,,Dept of History
2026-27 Term 1,2420,UGEC,UGEC2945-,5455,History of Hong Kong 香港史,2.00,- Miss CHEUNG Ching Man,100,100,LEC,-,C,Mo 02:30PM - 04:15PM,LSK_LT2,"10/26, 11/2, 11/9, 11/16, 11/23, 11/30",,,Dept of History
2026-27 Term 1,2420,UGEC,UGEC3215-,8333,Media Representations 少數族群在香港的媒體呈現,3.00,- Dr. LEE Chi Shing,10,10,LEC,-,E,Th 10:30AM - 12:15PM,ELB_308,"9/10, 9/17, 9/24",,,Gender Studies Pgm Comm
2026-27 Term 1,2420,UGEC,UGEC3215-,8333,Media Representations 少數族群在香港的媒體呈現,3.00,- Dr. LEE Chi Shing,10,10,LEC,-,E,Th 10:30AM - 12:15PM,ELB_308,"10/8, 10/15, 10/22, 10/29, 11/5, 11/12, 11/19, 11/26, 12/3",,,Gender Studies Pgm Comm
2026-27 Term 1,2420,UGEC,UGEC3215-,8333,Media Representations 少數族群在香港的媒體呈現,3.00,- Dr. LEE Chi Shing,10,10,DIS,-D01,E,Th 12:30PM - 01:15PM,ELB_308,"9/10, 9/17, 9/24",,,Gender Studies Pgm Comm
2026-27 Term 1,2420,UGEC,UGEC3215-,8333,Media Representations 少數族群在香港的媒體呈現,3.00,- Dr. LEE Chi Shing,10,10,DIS,-D01,E,Th 12:30PM - 01:15PM,ELB_308,"10/8, 10/15, 10/22, 10/29, 11/5, 11/12, 11/19, 11/26, 12/3",,,Gender Studies Pgm Comm
2026-27 Term 1,2420,UGEC,UGEC3224-,8336,Family and Society 家庭與社會,3.00,- Professor TAM Siu Mi Maria,15,15,LEC,-,E,Tu 02:30PM - 04:15PM,WMY_507,"9/8, 9/15, 9/22, 9/29, 10/6, 10/13, 10/20, 10/27, 11/3, 11/10, 11/17, 11/24, 12/1",,,Gender Studies Pgm Comm
2026-27 Term 1,2420,UGEC,UGEC3224-,8336,Family and Society 家庭與社會,3.00,- Professor TAM Siu Mi Maria,15,15,TUT,-T01,E,Tu 04:30PM - 05:15PM,WMY_507,"9/8, 9/15, 9/22, 9/29, 10/6, 10/13, 10/20, 10/27, 11/3, 11/10, 11/17, 11/24, 12/1",,,Gender Studies Pgm Comm
2026-27 Term 1,2420,UGEC,UGEC3483-,8212,Korean Media & Popular Culture 韓國媒體與大眾文化,3.00,- Professor LEE Yongwoo,20,20,LEC,-,E,Tu 02:30PM - 04:15PM,LSK_515,"9/8, 9/15, 9/22, 9/29, 10/6, 10/13, 10/20, 10/27, 11/3, 11/10, 11/17, 11/24, 12/1",,,Dept of Cultural & Rel Studies
2026-27 Term 1,2420,UGEC,UGEC3483-,8212,Korean Media & Popular Culture 韓國媒體與大眾文化,3.00,- Professor LEE Yongwoo,20,20,TUT,-T01,E,Tu 04:30PM - 05:15PM,LSK_515,"9/8, 9/15, 9/22, 9/29, 10/6, 10/13, 10/20, 10/27, 11/3, 11/10, 11/17, 11/24, 12/1",,,Dept of Cultural & Rel Studies
2026-27 Term 1,2420,UGEC,UGEC3893-,5934,Intro. to Global Sociology 全球社會學導論,3.00,- Professor SUN Jin,20,20,LEC,-,E,Th 01:30PM - 04:15PM,WMY_507,"9/10, 9/17, 9/24",,,Dept of Sociology
2026-27 Term 1,2420,UGEC,UGEC3893-,5934,Intro. to Global Sociology 全球社會學導論,3.00,- Professor SUN Jin,20,20,LEC,-,E,Th 01:30PM - 04:15PM,WMY_507,"10/8, 10/15, 10/22, 10/29, 11/5, 11/12, 11/19, 11/26, 12/3",,,Dept of Sociology
2026-27 Term 1,2420,UGED,UGED1084-,8302,Understanding Musicals 音樂劇賞析：從百老匯出發,2.00,- Professor WONG Hei Yin,80,80,LEC,-,C&E,Mo 02:30PM - 04:15PM,KKB_101,"9/7, 9/14, 9/21, 9/28, 10/5, 10/12",,,Dept of Music
2026-27 Term 1,2420,UGED,UGED1084-,8302,Understanding Musicals 音樂劇賞析：從百老匯出發,2.00,- Professor WONG Hei Yin,80,80,LEC,-,C&E,Mo 02:30PM - 04:15PM,KKB_101,"10/26, 11/2, 11/9, 11/16, 11/23, 11/30",,,Dept of Music
2026-27 Term 1,2420,UGED,UGED1111A,7461,Logic 邏輯,2.00,- Dr. KOU Kei Chun,80,80,LEC,A,C&E,Tu 04:30PM - 06:15PM,NAH_11,"9/8, 9/15, 9/22, 9/29, 10/6, 10/13, 10/20, 10/27, 11/3, 11/10, 11/17, 11/24, 12/1",,,Dept of Philosophy
2026-27 Term 1,2420,UGED,UGED1111B,4977,Logic 邏輯,2.00,- Dr. CHAN Kin Lok,80,80,LEC,B,C&E,Fr 09:30AM - 11:15AM,LSK_LT2,"9/11, 9/18, 9/25, 10/2, 10/9, 10/16, 10/23, 10/30, 11/6, 11/13, 11/20, 11/27, 12/4",,,Dept of Philosophy
2026-27 Term 1,2420,UGED,UGED1111C,7470,Logic 邏輯,2.00,- Dr. CHEUNG Ka Fu,80,80,LEC,C,C&E,Th 04:30PM - 06:15PM,NAH_115,"9/10, 9/17, 9/24",,,Dept of Philosophy
2026-27 Term 1,2420,UGED,UGED1111C,7470,Logic 邏輯,2.00,- Dr. CHEUNG Ka Fu,80,80,LEC,C,C&E,Th 04:30PM - 06:15PM,NAH_115,"10/8, 10/15, 10/22, 10/29, 11/5, 11/12, 11/19, 11/26, 12/3",,,Dept of Philosophy
2026-27 Term 1,2420,UGED,UGED1111D,7289,Logic 邏輯,2.00,- Dr CHIN Chin Shing Arthur,80,80,LEC,D,C&E,Mo 04:30PM - 06:15PM,NAH_114,"9/7, 9/14, 9/21, 9/28, 10/5, 10/12",,,Dept of Philosophy
2026-27 Term 1,2420,UGED,UGED1111D,7289,Logic 邏輯,2.00,- Dr CHIN Chin Shing Arthur,80,80,LEC,D,C&E,Mo 04:30PM - 06:15PM,NAH_114,"10/26, 11/2, 11/9, 11/16, 11/23, 11/30",,,Dept of Philosophy
2026-27 Term 1,2420,UGED,UGED1111E,7290,Logic 邏輯,2.00,- Miss CHAN Hei Man,80,80,LEC,E,C&E,Th 10:30AM - 12:15PM,LSB_C2,"9/10, 9/17, 9/24",,,Dept of Philosophy
2026-27 Term 1,2420,UGED,UGED1111E,7290,Logic 邏輯,2.00,- Miss CHAN Hei Man,80,80,LEC,E,C&E,Th 10:30AM - 12:15PM,LSB_C2,"10/8, 10/15, 10/22, 10/29, 11/5, 11/12, 11/19, 11/26, 12/3",,,Dept of Philosophy
2026-27 Term 1,2420,UGED,UGED1111F,7769,Logic 邏輯,2.00,- Dr. KWOK Pak Nin,80,80,LEC,F,C&E,Fr 01:30PM - 03:15PM,KKB_101,"9/11, 9/18, 9/25, 10/2, 10/9, 10/16, 10/23, 10/30, 11/6, 11/13, 11/20, 11/27, 12/4",,,Dept of Philosophy
2026-27 Term 1,2420,UGED,UGED1111G,7368,Logic 邏輯,2.00,- Dr ZHANG Haipeng,80,80,LEC,G,P&E,We 10:30AM - 12:15PM,YIA_LT5,"9/9, 9/16, 9/23, 9/30, 10/7, 10/14, 10/21, 10/28, 11/4, 11/11, 11/18, 11/25, 12/2",,,Dept of Philosophy
2026-27 Term 1,2420,UGED,UGED1111H,7190,Logic 邏輯,2.00,- Professor Nicholas K RIMELL,77,77,LEC,H,E,Th 09:30AM - 11:15AM,NAH_213,"9/10, 9/17, 9/24",,,Dept of Philosophy
2026-27 Term 1,2420,UGED,UGED1111H,7190,Logic 邏輯,2.00,- Professor Nicholas K RIMELL,77,77,LEC,H,E,Th 09:30AM - 11:15AM,NAH_213,"10/8, 10/15, 10/22, 10/29, 11/5, 11/12, 11/19, 11/26, 12/3",,,Dept of Philosophy
2026-27 Term 1,2420,UGED,UGED1111I,5212,Logic 邏輯,2.00,- Miss CHAN Hei Man,80,80,LEC,I,C&E,Th 01:30PM - 03:15PM,LSB_LT3,"9/10, 9/17, 9/24",,,Dept of Philosophy
2026-27 Term 1,2420,UGED,UGED1111I,5212,Logic 邏輯,2.00,- Miss CHAN Hei Man,80,80,LEC,I,C&E,Th 01:30PM - 03:15PM,LSB_LT3,"10/8, 10/15, 10/22, 10/29, 11/5, 11/12, 11/19, 11/26, 12/3",,,Dept of Philosophy
2026-27 Term 1,2420,UGED,UGED1112-,5550,Logic and Argumentation 邏輯與論辯,3.00,- Dr. KOU Kei Chun,60,60,LEC,-,C&E,Th 02:30PM - 04:15PM,FYB_UG01,"9/10, 9/17, 9/24",,,Dept of Philosophy
2026-27 Term 1,2420,UGED,UGED1112-,5550,Logic and Argumentation 邏輯與論辯,3.00,- Dr. KOU Kei Chun,60,60,LEC,-,C&E,Th 02:30PM - 04:15PM,FYB_UG01,"10/8, 10/15, 10/22, 10/29, 11/5, 11/12, 11/19, 11/26, 12/3",,,Dept of Philosophy
2026-27 Term 1,2420,UGED,UGED1112-,5550,Logic and Argumentation 邏輯與論辯,3.00,- Dr. KOU Kei Chun,60,60,TUT,-T01,C&E,TBA,NRR,07/09/2026 - 30/11/2026,,,Dept of Philosophy
2026-27 Term 1,2420,UGED,UGED1146-,5878,"Chi Lang, Cul & Lang Learning 中國語言及文化與語言學習",3.00,- Dr. LEE Siu Lun,40,40,LEC,-,P&E,We 09:30AM - 12:15PM,ARC_G03,"9/9, 9/16, 9/23, 9/30, 10/7, 10/14, 10/21, 10/28, 11/4, 11/11, 11/18, 11/25, 12/2",,,Yale-China Chin Lang Acad
2026-27 Term 1,2420,UGED,UGED1252A,8573,The Successful Self 成功自我,3.00,- Dr. ZHAO Yukun,30,30,LEC,A,E,Th 09:30AM - 10:15AM,SB_UG06,"9/10, 9/17, 9/24",,,Fac Office of Social Science
2026-27 Term 1,2420,UGED,UGED1252A,8573,The Successful Self 成功自我,3.00,- Dr. ZHAO Yukun,30,30,LEC,A,E,Th 09:30AM - 10:15AM,SB_UG06,"10/8, 10/15, 10/22, 10/29, 11/5, 11/12, 11/19, 11/26, 12/3",,,Fac Office of Social Science
2026-27 Term 1,2420,UGED,UGED1252A,8573,The Successful Self 成功自我,3.00,- Dr. ZHAO Yukun,30,30,WKS,AW01,E,Th 10:30AM - 12:15PM,SB_UG06,"9/10, 9/17, 9/24",,,Fac Office of Social Science
2026-27 Term 1,2420,UGED,UGED1252A,8573,The Successful Self 成功自我,3.00,- Dr. ZHAO Yukun,30,30,WKS,AW01,E,Th 10:30AM - 12:15PM,SB_UG06,"10/8, 10/15, 10/22, 10/29, 11/5, 11/12, 11/19, 11/26, 12/3",,,Fac Office of Social Science
2026-27 Term 1,2420,UGED,UGED1252B,8556,The Successful Self 成功自我,3.00,- Dr. ZHAO Yukun,30,30,LEC,B,P,We 09:30AM - 10:15AM,SB_UG06,"9/9, 9/16, 9/23, 9/30, 10/7, 10/14, 10/21, 10/28, 11/4, 11/11, 11/18, 11/25, 12/2",,,Fac Office of Social Science
2026-27 Term 1,2420,UGED,UGED1252B,8556,The Successful Self 成功自我,3.00,- Dr. ZHAO Yukun,30,30,WKS,BW01,P,We 10:30AM - 12:15PM,SB_UG06,"9/9, 9/16, 9/23, 9/30, 10/7, 10/14, 10/21, 10/28, 11/4, 11/11, 11/18, 11/25, 12/2",,,Fac Office of Social Science
2026-27 Term 1,2420,UGED,UGED1400-,8377,World Religions 世界宗教,3.00,- Professor James D FRANKEL,20,20,LEC,-,E,We 02:30PM - 04:15PM,LSK_302,"9/9, 9/16, 9/23, 9/30, 10/7, 10/14, 10/21, 10/28, 11/4, 11/11, 11/18, 11/25, 12/2",,,Dept of Cultural & Rel Studies
2026-27 Term 1,2420,UGED,UGED1400-,8377,World Religions 世界宗教,3.00,- Professor James D FRANKEL,20,20,TUT,-T01,E,We 04:30PM - 05:15PM,LSK_302,"9/9, 9/16, 9/23, 9/30, 10/7, 10/14, 10/21, 10/28, 11/4, 11/11, 11/18, 11/25, 12/2",,,Dept of Cultural & Rel Studies
2026-27 Term 1,2420,UGED,UGED1520-,8381,Study of Christianity 基督宗教研究,3.00,- Professor LAI Pan Chiu,20,20,LEC,-,C&E,Tu 10:30AM - 12:15PM,YIA_503,"9/8, 9/15, 9/22, 9/29, 10/6, 10/13, 10/20, 10/27, 11/3, 11/10, 11/17, 11/24, 12/1",,,Dept of Cultural & Rel Studies
2026-27 Term 1,2420,UGED,UGED1520-,8381,Study of Christianity 基督宗教研究,3.00,- Professor LAI Pan Chiu,20,20,TUT,-T01,C&E,Tu 12:30PM - 01:15PM,YIA_503,"9/8, 9/15, 9/22, 9/29, 10/6, 10/13, 10/20, 10/27, 11/3, 11/10, 11/17, 11/24, 12/1",,,Dept of Cultural & Rel Studies
2026-27 Term 1,2420,UGED,UGED1553A,7095,Live to Flourish 豐盛人生：正向心理學的理論與實,2.00,- Dr. GONG An Tong,40,40,LEC,A,E,Mo 09:30AM - 10:15AM,SB_UG06,"9/7, 9/14, 9/21, 9/28, 10/5, 10/12",,,Dept of Psychology
2026-27 Term 1,2420,UGED,UGED1553A,7095,Live to Flourish 豐盛人生：正向心理學的理論與實,2.00,- Dr. GONG An Tong,40,40,LEC,A,E,Mo 09:30AM - 10:15AM,SB_UG06,"10/26, 11/2, 11/9, 11/16, 11/23, 11/30",,,Dept of Psychology
2026-27 Term 1,2420,UGED,UGED1553A,7095,Live to Flourish 豐盛人生：正向心理學的理論與實,2.00,- Dr. GONG An Tong,40,40,TUT,AT01,E,Mo 10:30AM - 11:15AM,SB_UG06,"9/7, 9/14, 9/21, 9/28, 10/5, 10/12",,,Dept of Psychology
2026-27 Term 1,2420,UGED,UGED1553A,7095,Live to Flourish 豐盛人生：正向心理學的理論與實,2.00,- Dr. GONG An Tong,40,40,TUT,AT01,E,Mo 10:30AM - 11:15AM,SB_UG06,"10/26, 11/2, 11/9, 11/16, 11/23, 11/30",,,Dept of Psychology
2026-27 Term 1,2420,UGED,UGED1553B,7685,Live to Flourish 豐盛人生：正向心理學的理論與實,2.00,- Miss LEE Wan Ying Anita,40,40,LEC,B,C,Tu 02:30PM - 03:15PM,HYS_G04,"9/8, 9/15, 9/22, 9/29, 10/6, 10/13, 10/20, 10/27, 11/3, 11/10, 11/17, 11/24, 12/1",,,Dept of Psychology
2026-27 Term 1,2420,UGED,UGED1553B,7685,Live to Flourish 豐盛人生：正向心理學的理論與實,2.00,- Miss LEE Wan Ying Anita,40,40,TUT,BT01,C,Tu 03:30PM - 04:15PM,HYS_G04,"9/8, 9/15, 9/22, 9/29, 10/6, 10/13, 10/20, 10/27, 11/3, 11/10, 11/17, 11/24, 12/1",,,Dept of Psychology
2026-27 Term 1,2420,UGED,UGED1553C,7097,Live to Flourish 豐盛人生：正向心理學的理論與實,2.00,- Miss LEE Wan Ying Anita,40,40,LEC,C,C,We 04:30PM - 05:15PM,SB_UG06,"9/9, 9/16, 9/23, 9/30, 10/7, 10/14, 10/21, 10/28, 11/4, 11/11, 11/18, 11/25, 12/2",,,Dept of Psychology
2026-27 Term 1,2420,UGED,UGED1553C,7097,Live to Flourish 豐盛人生：正向心理學的理論與實,2.00,- Miss LEE Wan Ying Anita,40,40,TUT,CT01,C,We 05:30PM - 06:15PM,SB_UG06,"9/9, 9/16, 9/23, 9/30, 10/7, 10/14, 10/21, 10/28, 11/4, 11/11, 11/18, 11/25, 12/2",,,Dept of Psychology
2026-27 Term 1,2420,UGED,UGED1554A,6283,Positive Psy in Everyday 正向心理學的生活應用,1.00,- Dr. GONG An Tong,160,160,WBL,AX01,E,TBA,NRR,07/09/2026 - 30/11/2026,,,Dept of Psychology
2026-27 Term 1,2420,UGED,UGED1600A,5932,Choices in Life:Self Develop’t 生命的選擇：個人成長之旅,3.00,- Dr. HO Wai Ming,45,45,LEC,A,C,Tu 10:30AM - 01:15PM,UCC_C3,"9/8, 9/15, 9/22, 9/29, 10/6, 10/13, 10/20, 10/27, 11/3, 11/10, 11/17, 11/24, 12/1",,,Dept of Social Work
2026-27 Term 1,2420,UGED,UGED1651A,7462,"Movies, Life and Social Work 電影、人生與社工",3.00,- Mr. CHAN Kar Choi,40,40,LEC,A,C,Tu 02:30PM - 05:15PM,UCC_C4,"9/8, 9/15, 9/22, 9/29, 10/6, 10/13, 10/20, 10/27, 11/3, 11/10, 11/17, 11/24, 12/1",,,Dept of Social Work
2026-27 Term 1,2420,UGED,UGED1651B,8244,"Movies, Life and Social Work 電影、人生與社工",3.00,- Staff,40,40,LEC,B,C,We 02:30PM - 05:15PM,UCC_C1,"9/9, 9/16, 9/23, 9/30, 10/7, 10/14, 10/21, 10/28, 11/4, 11/11, 11/18, 11/25, 12/2",,,Dept of Social Work
2026-27 Term 1,2420,UGED,UGED1651C,5933,"Movies, Life and Social Work 電影、人生與社工",3.00,- Ms HUNG Fai,40,40,LEC,C,C,We 10:30AM - 01:15PM,YIA_405,"9/9, 9/16, 9/23, 9/30, 10/7, 10/14, 10/21, 10/28, 11/4, 11/11, 11/18, 11/25, 12/2",,,Dept of Social Work
2026-27 Term 1,2420,UGED,UGED1796-,7764,Anatomy of an Entrepreneur 創業家解構,3.00,- Professor CHAN Chi Bong Dominic,20,20,LEC,-,E,Tu 10:30AM - 01:15PM,ELB_LT3,"9/8, 9/15, 9/22, 9/29, 10/6, 10/13, 10/20, 10/27, 11/3, 11/10, 11/17, 11/24, 12/1",,,EPIN Minor Pgm Comm
2026-27 Term 1,2420,UGED,UGED1810-,5792,Critical Thinking 批判思考,2.00,- Dr CHIN Chin Shing Arthur,80,80,LEC,-,C&E,Mo 12:30PM - 02:15PM,ERB_803,"9/7, 9/14, 9/21, 9/28, 10/5, 10/12",,,Dept of Philosophy
2026-27 Term 1,2420,UGED,UGED1810-,5792,Critical Thinking 批判思考,2.00,- Dr CHIN Chin Shing Arthur,80,80,LEC,-,C&E,Mo 12:30PM - 02:15PM,ERB_803,"10/26, 11/2, 11/9, 11/16, 11/23, 11/30",,,Dept of Philosophy
2026-27 Term 1,2420,UGED,UGED1815-,9346,Philosophy as a Way of Life 哲學與生活之道,2.00,- Dr. KOU Kei Chun,60,60,LEC,-,C&E,We 04:30PM - 06:15PM,LSK_306,"9/9, 9/16, 9/23, 9/30, 10/7, 10/14, 10/21, 10/28, 11/4, 11/11, 11/18, 11/25, 12/2",,,Dept of Philosophy
2026-27 Term 1,2420,UGED,UGED1997-,8076,Understanding Hearing Loss 認識聽力損失,1.00,- Miss TANG Hoi Man Mandy,150,150,WBL,-X01,E,TBA,NRR,07/09/2026 - 30/11/2026,,,Dept of Linguistics & Mod Lang
2026-27 Term 1,2420,UGED,UGED1998-,6895,Understand ADHD 認識注意力不足/過度活躍症與腦,1.00,- Professor LAM Yu Hin,100,100,WBL,-X01,E,TBA,NRR,07/09/2026 - 30/11/2026,,,Dept of Educational Psychology
2026-27 Term 1,2420,UGED,UGED2133-,8303,Music in Film 電影中的音樂,3.00,- Dr. WONG Chun Wai,80,80,LEC,-,C&E,We 10:30AM - 01:15PM,UCC_C2,"9/9, 9/16, 9/23, 9/30, 10/7, 10/14, 10/21, 10/28, 11/4, 11/11, 11/18, 11/25, 12/2",,,Dept of Music
2026-27 Term 1,2420,UGED,UGED2172-,7740,Existentialism and Literature 存在主義與文學作品,3.00,- Professor Eli Park SORENSEN,20,20,LEC,-,E,We 02:30PM - 04:15PM,UCC_C2,"9/9, 9/16, 9/23, 9/30, 10/7, 10/14, 10/21, 10/28, 11/4, 11/11, 11/18, 11/25, 12/2",,,Dept of English
2026-27 Term 1,2420,UGED,UGED2172-,7740,Existentialism and Literature 存在主義與文學作品,3.00,- Professor Eli Park SORENSEN,10,10,TUT,-T01,E,We 01:30PM - 02:15PM,UCC_C2,"9/9, 9/16, 9/23, 9/30, 10/7, 10/14, 10/21, 10/28, 11/4, 11/11, 11/18, 11/25, 12/2",,,Dept of English
2026-27 Term 1,2420,UGED,UGED2172-,7740,Existentialism and Literature 存在主義與文學作品,3.00,- Professor Eli Park SORENSEN,10,10,TUT,-T02,E,We 01:30PM - 02:15PM,UCC_109,"9/9, 9/16, 9/23, 9/30, 10/7, 10/14, 10/21, 10/28, 11/4, 11/11, 11/18, 11/25, 12/2",,,Dept of English
2026-27 Term 1,2420,UGED,UGED2172-,7740,Existentialism and Literature 存在主義與文學作品,3.00,- Professor Eli Park SORENSEN,10,10,TUT,-T03,E,We 04:30PM - 05:15PM,UCC_C2,"9/9, 9/16, 9/23, 9/30, 10/7, 10/14, 10/21, 10/28, 11/4, 11/11, 11/18, 11/25, 12/2",,,Dept of English
2026-27 Term 1,2420,UGED,UGED2172-,7740,Existentialism and Literature 存在主義與文學作品,3.00,- Professor Eli Park SORENSEN,10,10,TUT,-T04,E,We 04:30PM - 05:15PM,UCC_114,"9/9, 9/16, 9/23, 9/30, 10/7, 10/14, 10/21, 10/28, 11/4, 11/11, 11/18, 11/25, 12/2",,,Dept of English
2026-27 Term 1,2420,UGED,UGED2172-,7740,Existentialism and Literature 存在主義與文學作品,3.00,- Professor Eli Park SORENSEN,10,10,TUT,-T05,E,We 04:30PM - 05:15PM,UCA_111,"9/9, 9/16, 9/23, 9/30, 10/7, 10/14, 10/21, 10/28, 11/4, 11/11, 11/18, 11/25, 12/2",,,Dept of English
2026-27 Term 1,2420,UGED,UGED2172-,7740,Existentialism and Literature 存在主義與文學作品,3.00,- Professor Eli Park SORENSEN,10,10,TUT,-T06,E,We 12:30PM - 01:15PM,UCC_103,"9/9, 9/16, 9/23, 9/30, 10/7, 10/14, 10/21, 10/28, 11/4, 11/11, 11/18, 11/25, 12/2",,,Dept of English
2026-27 Term 1,2420,UGED,UGED2172-,7740,Existentialism and Literature 存在主義與文學作品,3.00,- Professor Eli Park SORENSEN,10,10,TUT,-T07,E,We 12:30PM - 01:15PM,UCC_104,"9/9, 9/16, 9/23, 9/30, 10/7, 10/14, 10/21, 10/28, 11/4, 11/11, 11/18, 11/25, 12/2",,,Dept of English
2026-27 Term 1,2420,UGED,UGED2172-,7740,Existentialism and Literature 存在主義與文學作品,3.00,- Professor Eli Park SORENSEN,20,20,TUT,-T08,E,TBA,NRR,07/09/2026 - 30/11/2026,,,Dept of English
2026-27 Term 1,2420,UGED,UGED2194-,7514,Children's Literature 兒童文學,3.00,- Professor Jason Gawain GLECKMAN,20,20,LEC,-,E,Th 02:30PM - 04:15PM,NAH_11,"9/10, 9/17, 9/24",,,Dept of English
2026-27 Term 1,2420,UGED,UGED2194-,7514,Children's Literature 兒童文學,3.00,- Professor Jason Gawain GLECKMAN,20,20,LEC,-,E,Th 02:30PM - 04:15PM,NAH_11,"10/8, 10/15, 10/22, 10/29, 11/5, 11/12, 11/19, 11/26, 12/3",,,Dept of English
2026-27 Term 1,2420,UGED,UGED2194-,7514,Children's Literature 兒童文學,3.00,- Professor Jason Gawain GLECKMAN,10,10,TUT,-T01,E,Th 01:30PM - 02:15PM,NAH_11,"9/10, 9/17, 9/24",,,Dept of English
2026-27 Term 1,2420,UGED,UGED2194-,7514,Children's Literature 兒童文學,3.00,- Professor Jason Gawain GLECKMAN,10,10,TUT,-T01,E,Th 01:30PM - 02:15PM,NAH_11,"10/8, 10/15, 10/22, 10/29, 11/5, 11/12, 11/19, 11/26, 12/3",,,Dept of English
2026-27 Term 1,2420,UGED,UGED2194-,7514,Children's Literature 兒童文學,3.00,- Professor Jason Gawain GLECKMAN,10,10,TUT,-T02,E,Th 01:30PM - 02:15PM,UCC_111,"9/10, 9/17, 9/24",,,Dept of English
2026-27 Term 1,2420,UGED,UGED2194-,7514,Children's Literature 兒童文學,3.00,- Professor Jason Gawain GLECKMAN,10,10,TUT,-T02,E,Th 01:30PM - 02:15PM,UCC_111,"10/8, 10/15, 10/22, 10/29, 11/5, 11/12, 11/19, 11/26, 12/3",,,Dept of English
2026-27 Term 1,2420,UGED,UGED2194-,7514,Children's Literature 兒童文學,3.00,- Professor Jason Gawain GLECKMAN,10,10,TUT,-T03,E,Th 04:30PM - 05:15PM,NAH_11,"9/10, 9/17, 9/24",,,Dept of English
2026-27 Term 1,2420,UGED,UGED2194-,7514,Children's Literature 兒童文學,3.00,- Professor Jason Gawain GLECKMAN,10,10,TUT,-T03,E,Th 04:30PM - 05:15PM,NAH_11,"10/8, 10/15, 10/22, 10/29, 11/5, 11/12, 11/19, 11/26, 12/3",,,Dept of English
2026-27 Term 1,2420,UGED,UGED2194-,7514,Children's Literature 兒童文學,3.00,- Professor Jason Gawain GLECKMAN,10,10,TUT,-T04,E,Th 04:30PM - 05:15PM,UCC_109,"9/10, 9/17, 9/24",,,Dept of English
2026-27 Term 1,2420,UGED,UGED2194-,7514,Children's Literature 兒童文學,3.00,- Professor Jason Gawain GLECKMAN,10,10,TUT,-T04,E,Th 04:30PM - 05:15PM,UCC_109,"10/8, 10/15, 10/22, 10/29, 11/5, 11/12, 11/19, 11/26, 12/3",,,Dept of English
2026-27 Term 1,2420,UGED,UGED2194-,7514,Children's Literature 兒童文學,3.00,- Professor Jason Gawain GLECKMAN,10,10,TUT,-T05,E,Th 04:30PM - 05:15PM,LDS_218,"9/10, 9/17, 9/24",,,Dept of English
2026-27 Term 1,2420,UGED,UGED2194-,7514,Children's Literature 兒童文學,3.00,- Professor Jason Gawain GLECKMAN,10,10,TUT,-T05,E,Th 04:30PM - 05:15PM,LDS_218,"10/8, 10/15, 10/22, 10/29, 11/5, 11/12, 11/19, 11/26, 12/3",,,Dept of English
2026-27 Term 1,2420,UGED,UGED2194-,7514,Children's Literature 兒童文學,3.00,- Professor Jason Gawain GLECKMAN,10,10,TUT,-T06,E,Th 05:30PM - 06:15PM,UCC_108,"9/10, 9/17, 9/24",,,Dept of English
2026-27 Term 1,2420,UGED,UGED2194-,7514,Children's Literature 兒童文學,3.00,- Professor Jason Gawain GLECKMAN,10,10,TUT,-T06,E,Th 05:30PM - 06:15PM,UCC_108,"10/8, 10/15, 10/22, 10/29, 11/5, 11/12, 11/19, 11/26, 12/3",,,Dept of English
2026-27 Term 1,2420,UGED,UGED2194-,7514,Children's Literature 兒童文學,3.00,- Professor Jason Gawain GLECKMAN,10,10,TUT,-T07,E,Th 05:30PM - 06:15PM,UCC_109,"9/10, 9/17, 9/24",,,Dept of English
2026-27 Term 1,2420,UGED,UGED2194-,7514,Children's Literature 兒童文學,3.00,- Professor Jason Gawain GLECKMAN,10,10,TUT,-T07,E,Th 05:30PM - 06:15PM,UCC_109,"10/8, 10/15, 10/22, 10/29, 11/5, 11/12, 11/19, 11/26, 12/3",,,Dept of English
2026-27 Term 1,2420,UGED,UGED2194-,7514,Children's Literature 兒童文學,3.00,- Professor Jason Gawain GLECKMAN,20,20,TUT,-T08,E,TBA,NRR,07/09/2026 - 30/11/2026,,,Dept of English
2026-27 Term 1,2420,UGED,UGED2197-,7525,Gods Behaving Badly 神之惡：世界神話與傳說,3.00,- Dr. LUI Chung Man,20,20,LEC,-,E,We 10:30AM - 12:15PM,UCC_C5,"9/9, 9/16, 9/23, 9/30, 10/7, 10/14, 10/21, 10/28, 11/4, 11/11, 11/18, 11/25, 12/2",,,Dept of English
2026-27 Term 1,2420,UGED,UGED2197-,7525,Gods Behaving Badly 神之惡：世界神話與傳說,3.00,- Dr. LUI Chung Man,10,10,TUT,-T01,E,We 09:30AM - 10:15AM,UCC_C5,"9/9, 9/16, 9/23, 9/30, 10/7, 10/14, 10/21, 10/28, 11/4, 11/11, 11/18, 11/25, 12/2",,,Dept of English
2026-27 Term 1,2420,UGED,UGED2197-,7525,Gods Behaving Badly 神之惡：世界神話與傳說,3.00,- Dr. LUI Chung Man,10,10,TUT,-T02,E,We 09:30AM - 10:15AM,UCC_204,"9/9, 9/16, 9/23, 9/30, 10/7, 10/14, 10/21, 10/28, 11/4, 11/11, 11/18, 11/25, 12/2",,,Dept of English
2026-27 Term 1,2420,UGED,UGED2197-,7525,Gods Behaving Badly 神之惡：世界神話與傳說,3.00,- Dr. LUI Chung Man,10,10,TUT,-T03,E,We 12:30PM - 01:15PM,UCC_C5,"9/9, 9/16, 9/23, 9/30, 10/7, 10/14, 10/21, 10/28, 11/4, 11/11, 11/18, 11/25, 12/2",,,Dept of English
2026-27 Term 1,2420,UGED,UGED2197-,7525,Gods Behaving Badly 神之惡：世界神話與傳說,3.00,- Dr. LUI Chung Man,10,10,TUT,-T04,E,We 12:30PM - 01:15PM,UCC_204,"9/9, 9/16, 9/23, 9/30, 10/7, 10/14, 10/21, 10/28, 11/4, 11/11, 11/18, 11/25, 12/2",,,Dept of English
2026-27 Term 1,2420,UGED,UGED2197-,7525,Gods Behaving Badly 神之惡：世界神話與傳說,3.00,- Dr. LUI Chung Man,10,10,TUT,-T05,E,We 12:30PM - 01:15PM,UCC_105,"9/9, 9/16, 9/23, 9/30, 10/7, 10/14, 10/21, 10/28, 11/4, 11/11, 11/18, 11/25, 12/2",,,Dept of English
2026-27 Term 1,2420,UGED,UGED2197-,7525,Gods Behaving Badly 神之惡：世界神話與傳說,3.00,- Dr. LUI Chung Man,10,10,TUT,-T06,E,We 01:30PM - 02:15PM,UCC_104,"9/9, 9/16, 9/23, 9/30, 10/7, 10/14, 10/21, 10/28, 11/4, 11/11, 11/18, 11/25, 12/2",,,Dept of English
2026-27 Term 1,2420,UGED,UGED2197-,7525,Gods Behaving Badly 神之惡：世界神話與傳說,3.00,- Dr. LUI Chung Man,10,10,TUT,-T07,E,We 01:30PM - 02:15PM,LSK_203,"9/9, 9/16, 9/23, 9/30, 10/7, 10/14, 10/21, 10/28, 11/4, 11/11, 11/18, 11/25, 12/2",,,Dept of English
2026-27 Term 1,2420,UGED,UGED2197-,7525,Gods Behaving Badly 神之惡：世界神話與傳說,3.00,- Dr. LUI Chung Man,20,20,TUT,-T08,E,TBA,NRR,07/09/2026 - 30/11/2026,,,Dept of English
2026-27 Term 1,2420,UGED,UGED2261-,4976,Philosophy and Human Life 哲學與人生,2.00,- Professor MANG Fan Lun,60,60,LEC,-,C&E,We 10:30AM - 12:15PM,UCA_104,"9/9, 9/16, 9/23, 9/30, 10/7, 10/14, 10/21, 10/28, 11/4, 11/11, 11/18, 11/25, 12/2",,,Dept of Philosophy
2026-27 Term 1,2420,UGED,UGED2327-,6646,"""The Book of Changes"" & Wisdom 《易經》與人生智慧",3.00,- Professor LAI Tsz Pang,45,45,LEC,-,C&E,Tu 02:30PM - 04:15PM,LDS_214,"9/8, 9/15, 9/22, 9/29, 10/6, 10/13, 10/20, 10/27, 11/3, 11/10, 11/17, 11/24, 12/1",,,Dept of Cultural & Rel Studies
2026-27 Term 1,2420,UGED,UGED2327-,6646,"""The Book of Changes"" & Wisdom 《易經》與人生智慧",3.00,- Professor LAI Tsz Pang,45,45,TUT,-T01,C&E,Tu 04:30PM - 05:15PM,LDS_214,"9/8, 9/15, 9/22, 9/29, 10/6, 10/13, 10/20, 10/27, 11/3, 11/10, 11/17, 11/24, 12/1",,,Dept of Cultural & Rel Studies
2026-27 Term 1,2420,UGED,UGED2338-,5112,Reading Chinese Painting 閱讀中國繪畫,3.00,- Professor HO Ka Yi,20,20,LEC,-,P,Tu 02:30PM - 04:15PM,UCC_C5,"9/8, 9/15, 9/22, 9/29, 10/6, 10/13, 10/20, 10/27, 11/3, 11/10, 11/17, 11/24, 12/1",,,Dept of Fine Arts
2026-27 Term 1,2420,UGED,UGED2338-,5112,Reading Chinese Painting 閱讀中國繪畫,3.00,- Professor HO Ka Yi,20,20,TUT,-T01,P,Tu 04:30PM - 05:15PM,UCC_C5,"9/8, 9/15, 9/22, 9/29, 10/6, 10/13, 10/20, 10/27, 11/3, 11/10, 11/17, 11/24, 12/1",,,Dept of Fine Arts
2026-27 Term 1,2420,UGED,UGED2637A,5993,Understanding Movies 認識電影,3.00,- Dr CHOW Pui Ha,15,15,LEC,A,C,Th 09:30AM - 12:15PM,UCC_C3,"9/10, 9/17, 9/24",,,Sch of Journalism and Comm
2026-27 Term 1,2420,UGED,UGED2637A,5993,Understanding Movies 認識電影,3.00,- Dr CHOW Pui Ha,15,15,LEC,A,C,Th 09:30AM - 12:15PM,UCC_C3,"10/8, 10/15, 10/22, 10/29, 11/5, 11/12, 11/19, 11/26, 12/3",,,Sch of Journalism and Comm
2026-27 Term 1,2420,UGED,UGED2666-,7577,Ethics and Experience 倫理與人類體驗,3.00,- Professor KUAN Teresa,20,20,LEC,-,E,Th 10:30AM - 12:15PM,UCC_C2,"9/10, 9/17, 9/24",,,Dept of Anthropology
2026-27 Term 1,2420,UGED,UGED2666-,7577,Ethics and Experience 倫理與人類體驗,3.00,- Professor KUAN Teresa,20,20,LEC,-,E,Th 10:30AM - 12:15PM,UCC_C2,"10/8, 10/15, 10/22, 10/29, 11/5, 11/12, 11/19, 11/26, 12/3",,,Dept of Anthropology
2026-27 Term 1,2420,UGED,UGED2666-,7577,Ethics and Experience 倫理與人類體驗,3.00,- Professor KUAN Teresa,10,10,TUT,-T01,E,Th 04:30PM - 05:15PM,UCC_110,"9/10, 9/17, 9/24",,,Dept of Anthropology
2026-27 Term 1,2420,UGED,UGED2666-,7577,Ethics and Experience 倫理與人類體驗,3.00,- Professor KUAN Teresa,10,10,TUT,-T01,E,Th 04:30PM - 05:15PM,UCC_110,"10/8, 10/15, 10/22, 10/29, 11/5, 11/12, 11/19, 11/26, 12/3",,,Dept of Anthropology
2026-27 Term 1,2420,UGED,UGED2666-,7577,Ethics and Experience 倫理與人類體驗,3.00,- Professor KUAN Teresa,10,10,TUT,-T02,E,Th 05:30PM - 06:15PM,UCC_110,"9/10, 9/17, 9/24",,,Dept of Anthropology
2026-27 Term 1,2420,UGED,UGED2666-,7577,Ethics and Experience 倫理與人類體驗,3.00,- Professor KUAN Teresa,10,10,TUT,-T02,E,Th 05:30PM - 06:15PM,UCC_110,"10/8, 10/15, 10/22, 10/29, 11/5, 11/12, 11/19, 11/26, 12/3",,,Dept of Anthropology
2026-27 Term 1,2420,UGED,UGED2852-,8612,Freedom and Destiny 自由與命運,2.00,- Professor Gregory Scott MOSS,57,57,LEC,-,E,Tu 10:30AM - 12:15PM,LSK_306,"9/8, 9/15, 9/22, 9/29, 10/6, 10/13, 10/20, 10/27, 11/3, 11/10, 11/17, 11/24, 12/1",,,Dept of Philosophy
2026-27 Term 1,2420,UGED,UGED2891-,5728,Philosophy of Love 愛情哲學,3.00,- Dr. MA Chun Fai,60,60,LEC,-,C&E,Th 01:30PM - 04:15PM,LSK_302,"9/10, 9/17, 9/24",,,Dept of Philosophy
2026-27 Term 1,2420,UGED,UGED2891-,5728,Philosophy of Love 愛情哲學,3.00,- Dr. MA Chun Fai,60,60,LEC,-,C&E,Th 01:30PM - 04:15PM,LSK_302,"10/8, 10/15, 10/22, 10/29, 11/5, 11/12, 11/19, 11/26, 12/3",,,Dept of Philosophy
2026-27 Term 1,2420,UGED,UGED2892-,9423,Philosophy of Travel 旅行哲學,3.00,- Dr WONG Kim Fan,60,60,LEC,-,C&E,We 02:30PM - 05:15PM,KKB_101,"9/9, 9/16, 9/23, 9/30, 10/7, 10/14, 10/21, 10/28, 11/4, 11/11, 11/18, 11/25, 12/2",,,Dept of Philosophy
2026-27 Term 1,2420,UGED,UGED2901-,5384,Death and Immortality 死亡與不朽,2.00,- Professor TAO Kwok Cheung,60,60,LEC,-,C&E,Mo 04:30PM - 06:15PM,LSK_514,"9/7, 9/14, 9/21, 9/28, 10/5, 10/12",,,Dept of Philosophy
2026-27 Term 1,2420,UGED,UGED2901-,5384,Death and Immortality 死亡與不朽,2.00,- Professor TAO Kwok Cheung,60,60,LEC,-,C&E,Mo 04:30PM - 06:15PM,LSK_514,"10/26, 11/2, 11/9, 11/16, 11/23, 11/30",,,Dept of Philosophy
2026-27 Term 1,2420,UGED,UGED2921-,5776,"Philosophy, Film and Life 哲學、電影與人生",3.00,- Dr WONG Kim Fan,60,60,LEC,-,C&E,Mo 02:30PM - 05:15PM,WMY_407,"9/7, 9/14, 9/21, 9/28, 10/5, 10/12",,,Dept of Philosophy
2026-27 Term 1,2420,UGED,UGED2921-,5776,"Philosophy, Film and Life 哲學、電影與人生",3.00,- Dr WONG Kim Fan,60,60,LEC,-,C&E,Mo 02:30PM - 05:15PM,WMY_407,"10/26, 11/2, 11/9, 11/16, 11/23, 11/30",,,Dept of Philosophy
2026-27 Term 1,2420,UGED,UGED2923-,7758,Sign Lang & Deaf Communities 探索手語及聾人社群,3.00,- Dr. ZHAO Wenjing,50,50,LEC,-,C&E,Tu 01:30PM - 03:15PM,LSK_206,"9/8, 9/15, 9/22, 9/29, 10/6, 10/13, 10/20, 10/27, 11/3, 11/10, 11/17, 11/24, 12/1",,,Dept of Linguistics & Mod Lang
2026-27 Term 1,2420,UGED,UGED2923-,7758,Sign Lang & Deaf Communities 探索手語及聾人社群,3.00,- Dr. ZHAO Wenjing,50,50,TUT,-T01,C&E,Tu 03:30PM - 04:15PM,LSK_206,"9/8, 9/15, 9/22, 9/29, 10/6, 10/13, 10/20, 10/27, 11/3, 11/10, 11/17, 11/24, 12/1",,,Dept of Linguistics & Mod Lang
2026-27 Term 1,2420,UGED,UGED2980-,5881,Meanings of Life 生活的意義,3.00,- Professor Gordon Clark MATHEWS,30,30,LEC,-,E,Th 01:30PM - 03:15PM,NAH_115,"9/10, 9/17, 9/24",,,Dept of Anthropology
2026-27 Term 1,2420,UGED,UGED2980-,5881,Meanings of Life 生活的意義,3.00,- Professor Gordon Clark MATHEWS,30,30,LEC,-,E,Th 01:30PM - 03:15PM,NAH_115,"10/8, 10/15, 10/22, 10/29, 11/5, 11/12, 11/19, 11/26, 12/3",,,Dept of Anthropology
2026-27 Term 1,2420,UGED,UGED2980-,5881,Meanings of Life 生活的意義,3.00,- Professor Gordon Clark MATHEWS,8,8,TUT,-T01,E,Th 04:30PM - 05:15PM,UCC_114,"9/10, 9/17, 9/24",,,Dept of Anthropology
2026-27 Term 1,2420,UGED,UGED2980-,5881,Meanings of Life 生活的意義,3.00,- Professor Gordon Clark MATHEWS,8,8,TUT,-T01,E,Th 04:30PM - 05:15PM,UCC_114,"10/8, 10/15, 10/22, 10/29, 11/5, 11/12, 11/19, 11/26, 12/3",,,Dept of Anthropology
2026-27 Term 1,2420,UGED,UGED2980-,5881,Meanings of Life 生活的意義,3.00,- Professor Gordon Clark MATHEWS,8,8,TUT,-T02,E,Th 05:30PM - 06:15PM,UCC_114,"9/10, 9/17, 9/24",,,Dept of Anthropology
2026-27 Term 1,2420,UGED,UGED2980-,5881,Meanings of Life 生活的意義,3.00,- Professor Gordon Clark MATHEWS,8,8,TUT,-T02,E,Th 05:30PM - 06:15PM,UCC_114,"10/8, 10/15, 10/22, 10/29, 11/5, 11/12, 11/19, 11/26, 12/3",,,Dept of Anthropology
2026-27 Term 1,2420,UGED,UGED2980-,5881,Meanings of Life 生活的意義,3.00,- Professor Gordon Clark MATHEWS,7,7,TUT,-T03,E,Th 03:30PM - 04:15PM,UCC_102,"9/10, 9/17, 9/24",,,Dept of Anthropology
2026-27 Term 1,2420,UGED,UGED2980-,5881,Meanings of Life 生活的意義,3.00,- Professor Gordon Clark MATHEWS,7,7,TUT,-T03,E,Th 03:30PM - 04:15PM,UCC_102,"10/8, 10/15, 10/22, 10/29, 11/5, 11/12, 11/19, 11/26, 12/3",,,Dept of Anthropology
2026-27 Term 1,2420,UGED,UGED2980-,5881,Meanings of Life 生活的意義,3.00,- Professor Gordon Clark MATHEWS,7,7,TUT,-T04,E,TBA,NRR,07/09/2026 - 30/11/2026,,,Dept of Anthropology
2026-27 Term 1,2420,UGED,UGED3322-,8399,Buddhism and Contemporary Life 佛教與現代生活,3.00,- Staff,20,20,LEC,-,E,Mo 11:30AM - 01:15PM,LSK_514,"9/7, 9/14, 9/21, 9/28, 10/5, 10/12",,,Dept of Cultural & Rel Studies
2026-27 Term 1,2420,UGED,UGED3322-,8399,Buddhism and Contemporary Life 佛教與現代生活,3.00,- Staff,20,20,LEC,-,E,Mo 11:30AM - 01:15PM,LSK_514,"10/26, 11/2, 11/9, 11/16, 11/23, 11/30",,,Dept of Cultural & Rel Studies
2026-27 Term 1,2420,UGED,UGED3322-,8399,Buddhism and Contemporary Life 佛教與現代生活,3.00,- Staff,20,20,TUT,-T01,E,Mo 01:30PM - 02:15PM,LSK_514,"9/7, 9/14, 9/21, 9/28, 10/5, 10/12",,,Dept of Cultural & Rel Studies
2026-27 Term 1,2420,UGED,UGED3322-,8399,Buddhism and Contemporary Life 佛教與現代生活,3.00,- Staff,20,20,TUT,-T01,E,Mo 01:30PM - 02:15PM,LSK_514,"10/26, 11/2, 11/9, 11/16, 11/23, 11/30",,,Dept of Cultural & Rel Studies
2026-27 Term 1,2420,UGFN,UGFN1000A,5793,In Dialogue With Nature 與自然對話,3.00,- Dr. YIP Lo Ming,137,128,LEC,A,C,Fr 01:30PM - 02:15PM,LKC_LT1,"9/11, 9/18, 9/25, 10/2, 10/9, 10/16, 10/23, 10/30, 11/6, 11/13, 11/20, 11/27, 12/4",,,Office of University GE
2026-27 Term 1,2420,UGFN,UGFN1000A,5793,In Dialogue With Nature 與自然對話,3.00,- Dr. YIP Lo Ming,20,16,TUT,AT01,C,Tu 09:30AM - 11:15AM,YIA_509,"9/8, 9/15, 9/22, 9/29, 10/6, 10/13, 10/20, 10/27, 11/3, 11/10, 11/17, 11/24, 12/1",,,Office of University GE
2026-27 Term 1,2420,UGFN,UGFN1000A,5793,In Dialogue With Nature 與自然對話,3.00,- Dr. YIP Lo Ming,23,20,TUT,AT02,C,Tu 11:30AM - 01:15PM,YIA_509,"9/8, 9/15, 9/22, 9/29, 10/6, 10/13, 10/20, 10/27, 11/3, 11/10, 11/17, 11/24, 12/1",,,Office of University GE
2026-27 Term 1,2420,UGFN,UGFN1000A,5793,In Dialogue With Nature 與自然對話,3.00,- Dr. YIP Lo Ming,21,21,TUT,AT03,C,We 09:30AM - 11:15AM,YIA_508,"9/9, 9/16, 9/23, 9/30, 10/7, 10/14, 10/21, 10/28, 11/4, 11/11, 11/18, 11/25, 12/2",,,Office of University GE
2026-27 Term 1,2420,UGFN,UGFN1000A,5793,In Dialogue With Nature 與自然對話,3.00,- Dr. YIP Lo Ming,24,24,TUT,AT04,C,We 11:30AM - 01:15PM,YIA_508,"9/9, 9/16, 9/23, 9/30, 10/7, 10/14, 10/21, 10/28, 11/4, 11/11, 11/18, 11/25, 12/2",,,Office of University GE
2026-27 Term 1,2420,UGFN,UGFN1000A,5793,In Dialogue With Nature 與自然對話,3.00,- Dr. YIP Lo Ming,25,24,TUT,AT05,C,Th 09:30AM - 11:15AM,WMY_501,"9/10, 9/17, 9/24",,,Office of University GE
2026-27 Term 1,2420,UGFN,UGFN1000A,5793,In Dialogue With Nature 與自然對話,3.00,- Dr. YIP Lo Ming,25,24,TUT,AT05,C,Th 09:30AM - 11:15AM,WMY_501,"10/8, 10/15, 10/22, 10/29, 11/5, 11/12, 11/19, 11/26, 12/3",,,Office of University GE
2026-27 Term 1,2420,UGFN,UGFN1000A,5793,In Dialogue With Nature 與自然對話,3.00,- Dr. YIP Lo Ming,24,23,TUT,AT06,C,Th 11:30AM - 01:15PM,WMY_501,"9/10, 9/17, 9/24",,,Office of University GE
2026-27 Term 1,2420,UGFN,UGFN1000A,5793,In Dialogue With Nature 與自然對話,3.00,- Dr. YIP Lo Ming,24,23,TUT,AT06,C,Th 11:30AM - 01:15PM,WMY_501,"10/8, 10/15, 10/22, 10/29, 11/5, 11/12, 11/19, 11/26, 12/3",,,Office of University GE
2026-27 Term 1,2420,UGFN,UGFN1000B,9196,In Dialogue With Nature 與自然對話,3.00,- Dr. LAI Chi Wai,141,138,LEC,B,E,Fr 01:30PM - 02:15PM,YIA_LT4,"9/11, 9/18, 9/25, 10/2, 10/9, 10/16, 10/23, 10/30, 11/6, 11/13, 11/20, 11/27, 12/4",,,Office of University GE
2026-27 Term 1,2420,UGFN,UGFN1000B,9196,In Dialogue With Nature 與自然對話,3.00,- Dr. LAI Chi Wai,25,25,TUT,BT01,E,Mo 02:30PM - 04:15PM,YIA_508,"9/7, 9/14, 9/21, 9/28, 10/5, 10/12",,,Office of University GE
2026-27 Term 1,2420,UGFN,UGFN1000B,9196,In Dialogue With Nature 與自然對話,3.00,- Dr. LAI Chi Wai,25,25,TUT,BT01,E,Mo 02:30PM - 04:15PM,YIA_508,"10/26, 11/2, 11/9, 11/16, 11/23, 11/30",,,Office of University GE
2026-27 Term 1,2420,UGFN,UGFN1000B,9196,In Dialogue With Nature 與自然對話,3.00,- Dr. LAI Chi Wai,23,23,TUT,BT02,E,Mo 04:30PM - 06:15PM,YIA_508,"9/7, 9/14, 9/21, 9/28, 10/5, 10/12",,,Office of University GE
2026-27 Term 1,2420,UGFN,UGFN1000B,9196,In Dialogue With Nature 與自然對話,3.00,- Dr. LAI Chi Wai,23,23,TUT,BT02,E,Mo 04:30PM - 06:15PM,YIA_508,"10/26, 11/2, 11/9, 11/16, 11/23, 11/30",,,Office of University GE
2026-27 Term 1,2420,UGFN,UGFN1000B,9196,In Dialogue With Nature 與自然對話,3.00,- Dr. LAI Chi Wai,20,20,TUT,BT03,E,Tu 01:30PM - 03:15PM,WMY_501,"9/8, 9/15, 9/22, 9/29, 10/6, 10/13, 10/20, 10/27, 11/3, 11/10, 11/17, 11/24, 12/1",,,Office of University GE
2026-27 Term 1,2420,UGFN,UGFN1000B,9196,In Dialogue With Nature 與自然對話,3.00,- Dr. LAI Chi Wai,24,23,TUT,BT04,E,Tu 03:30PM - 05:15PM,WMY_501,"9/8, 9/15, 9/22, 9/29, 10/6, 10/13, 10/20, 10/27, 11/3, 11/10, 11/17, 11/24, 12/1",,,Office of University GE
2026-27 Term 1,2420,UGFN,UGFN1000B,9196,In Dialogue With Nature 與自然對話,3.00,- Dr. LAI Chi Wai,24,24,TUT,BT05,E,Th 12:30PM - 02:15PM,YIA_504,"9/10, 9/17, 9/24",,,Office of University GE
2026-27 Term 1,2420,UGFN,UGFN1000B,9196,In Dialogue With Nature 與自然對話,3.00,- Dr. LAI Chi Wai,24,24,TUT,BT05,E,Th 12:30PM - 02:15PM,YIA_504,"10/8, 10/15, 10/22, 10/29, 11/5, 11/12, 11/19, 11/26, 12/3",,,Office of University GE
2026-27 Term 1,2420,UGFN,UGFN1000B,9196,In Dialogue With Nature 與自然對話,3.00,- Dr. LAI Chi Wai,25,23,TUT,BT06,E,Th 02:30PM - 04:15PM,YIA_504,"9/10, 9/17, 9/24",,,Office of University GE
2026-27 Term 1,2420,UGFN,UGFN1000B,9196,In Dialogue With Nature 與自然對話,3.00,- Dr. LAI Chi Wai,25,23,TUT,BT06,E,Th 02:30PM - 04:15PM,YIA_504,"10/8, 10/15, 10/22, 10/29, 11/5, 11/12, 11/19, 11/26, 12/3",,,Office of University GE
2026-27 Term 1,2420,UGFN,UGFN1000C,5743,In Dialogue With Nature 與自然對話,3.00,- Dr. LO Chun Yeung,136,130,LEC,C,C,Fr 02:30PM - 03:15PM,LSK_LT3,"9/11, 9/18, 9/25, 10/2, 10/9, 10/16, 10/23, 10/30, 11/6, 11/13, 11/20, 11/27, 12/4",,,Office of University GE
2026-27 Term 1,2420,UGFN,UGFN1000C,5743,In Dialogue With Nature 與自然對話,3.00,- Dr. LO Chun Yeung,22,21,TUT,CT01,C,Tu 08:30AM - 10:15AM,YIA_510,"9/8, 9/15, 9/22, 9/29, 10/6, 10/13, 10/20, 10/27, 11/3, 11/10, 11/17, 11/24, 12/1",,,Office of University GE
2026-27 Term 1,2420,UGFN,UGFN1000C,5743,In Dialogue With Nature 與自然對話,3.00,- Dr. LO Chun Yeung,20,16,TUT,CT02,C,Tu 10:30AM - 12:15PM,YIA_510,"9/8, 9/15, 9/22, 9/29, 10/6, 10/13, 10/20, 10/27, 11/3, 11/10, 11/17, 11/24, 12/1",,,Office of University GE
2026-27 Term 1,2420,UGFN,UGFN1000C,5743,In Dialogue With Nature 與自然對話,3.00,- Dr. LO Chun Yeung,21,21,TUT,CT03,C,Tu 01:30PM - 03:15PM,YIA_509,"9/8, 9/15, 9/22, 9/29, 10/6, 10/13, 10/20, 10/27, 11/3, 11/10, 11/17, 11/24, 12/1",,,Office of University GE
2026-27 Term 1,2420,UGFN,UGFN1000C,5743,In Dialogue With Nature 與自然對話,3.00,- Dr. LO Chun Yeung,25,25,TUT,CT04,C,Th 08:30AM - 10:15AM,ELB_305,"9/10, 9/17, 9/24",,,Office of University GE
2026-27 Term 1,2420,UGFN,UGFN1000C,5743,In Dialogue With Nature 與自然對話,3.00,- Dr. LO Chun Yeung,25,25,TUT,CT04,C,Th 08:30AM - 10:15AM,ELB_305,"10/8, 10/15, 10/22, 10/29, 11/5, 11/12, 11/19, 11/26, 12/3",,,Office of University GE
2026-27 Term 1,2420,UGFN,UGFN1000C,5743,In Dialogue With Nature 與自然對話,3.00,- Dr. LO Chun Yeung,24,23,TUT,CT05,C,Th 10:30AM - 12:15PM,ELB_305,"9/10, 9/17, 9/24",,,Office of University GE
2026-27 Term 1,2420,UGFN,UGFN1000C,5743,In Dialogue With Nature 與自然對話,3.00,- Dr. LO Chun Yeung,24,23,TUT,CT05,C,Th 10:30AM - 12:15PM,ELB_305,"10/8, 10/15, 10/22, 10/29, 11/5, 11/12, 11/19, 11/26, 12/3",,,Office of University GE
2026-27 Term 1,2420,UGFN,UGFN1000C,5743,In Dialogue With Nature 與自然對話,3.00,- Dr. LO Chun Yeung,24,24,TUT,CT06,C,Th 01:30PM - 03:15PM,WMY_501,"9/10, 9/17, 9/24",,,Office of University GE
2026-27 Term 1,2420,UGFN,UGFN1000C,5743,In Dialogue With Nature 與自然對話,3.00,- Dr. LO Chun Yeung,24,24,TUT,CT06,C,Th 01:30PM - 03:15PM,WMY_501,"10/8, 10/15, 10/22, 10/29, 11/5, 11/12, 11/19, 11/26, 12/3",,,Office of University GE
2026-27 Term 1,2420,UGFN,UGFN1000D,7528,In Dialogue With Nature 與自然對話,3.00,- Dr. WONG Wing Hung,24,23,LEC,D,C,Tu 05:30PM - 06:15PM,YIA_509,"9/8, 9/15, 9/22, 9/29, 10/6, 10/13, 10/20, 10/27, 11/3, 11/10, 11/17, 11/24, 12/1",,,Office of University GE
2026-27 Term 1,2420,UGFN,UGFN1000D,7528,In Dialogue With Nature 與自然對話,3.00,- Dr. WONG Wing Hung,24,23,TUT,DT01,C,Tu 03:30PM - 05:15PM,YIA_509,"9/8, 9/15, 9/22, 9/29, 10/6, 10/13, 10/20, 10/27, 11/3, 11/10, 11/17, 11/24, 12/1",,,Office of University GE
2026-27 Term 1,2420,UGFN,UGFN1000E,7389,In Dialogue With Nature 與自然對話,3.00,- Dr. Klaus John Charles COLANERO,143,141,LEC,E,E,Fr 02:30PM - 03:15PM,YIA_LT4,"9/11, 9/18, 9/25, 10/2, 10/9, 10/16, 10/23, 10/30, 11/6, 11/13, 11/20, 11/27, 12/4",,,Office of University GE
2026-27 Term 1,2420,UGFN,UGFN1000E,7389,In Dialogue With Nature 與自然對話,3.00,- Dr. Klaus John Charles COLANERO,23,22,TUT,ET01,E,Tu 10:30AM - 12:15PM,WMY_503,"9/8, 9/15, 9/22, 9/29, 10/6, 10/13, 10/20, 10/27, 11/3, 11/10, 11/17, 11/24, 12/1",,,Office of University GE
2026-27 Term 1,2420,UGFN,UGFN1000E,7389,In Dialogue With Nature 與自然對話,3.00,- Dr. Klaus John Charles COLANERO,23,23,TUT,ET02,E,Tu 02:30PM - 04:15PM,YIA_407,"9/8, 9/15, 9/22, 9/29, 10/6, 10/13, 10/20, 10/27, 11/3, 11/10, 11/17, 11/24, 12/1",,,Office of University GE
2026-27 Term 1,2420,UGFN,UGFN1000E,7389,In Dialogue With Nature 與自然對話,3.00,- Dr. Klaus John Charles COLANERO,25,25,TUT,ET03,E,We 10:30AM - 12:15PM,YIA_501,"9/9, 9/16, 9/23, 9/30, 10/7, 10/14, 10/21, 10/28, 11/4, 11/11, 11/18, 11/25, 12/2",,,Office of University GE
2026-27 Term 1,2420,UGFN,UGFN1000E,7389,In Dialogue With Nature 與自然對話,3.00,- Dr. Klaus John Charles COLANERO,24,23,TUT,ET04,E,We 02:30PM - 04:15PM,WMY_501,"9/9, 9/16, 9/23, 9/30, 10/7, 10/14, 10/21, 10/28, 11/4, 11/11, 11/18, 11/25, 12/2",,,Office of University GE
2026-27 Term 1,2420,UGFN,UGFN1000E,7389,In Dialogue With Nature 與自然對話,3.00,- Dr. Klaus John Charles COLANERO,23,23,TUT,ET05,E,Th 11:30AM - 01:15PM,HYS_G01,"9/10, 9/17, 9/24",,,Office of University GE
2026-27 Term 1,2420,UGFN,UGFN1000E,7389,In Dialogue With Nature 與自然對話,3.00,- Dr. Klaus John Charles COLANERO,23,23,TUT,ET05,E,Th 11:30AM - 01:15PM,HYS_G01,"10/8, 10/15, 10/22, 10/29, 11/5, 11/12, 11/19, 11/26, 12/3",,,Office of University GE
2026-27 Term 1,2420,UGFN,UGFN1000E,7389,In Dialogue With Nature 與自然對話,3.00,- Dr. Klaus John Charles COLANERO,25,25,TUT,ET06,E,Th 03:30PM - 05:15PM,ELB_206,"9/10, 9/17, 9/24",,,Office of University GE
2026-27 Term 1,2420,UGFN,UGFN1000E,7389,In Dialogue With Nature 與自然對話,3.00,- Dr. Klaus John Charles COLANERO,25,25,TUT,ET06,E,Th 03:30PM - 05:15PM,ELB_206,"10/8, 10/15, 10/22, 10/29, 11/5, 11/12, 11/19, 11/26, 12/3",,,Office of University GE
2026-27 Term 1,2420,UGFN,UGFN1000F,5567,In Dialogue With Nature 與自然對話,3.00,- Dr. PANG Kam Moon,143,139,LEC,F,E,Fr 02:30PM - 03:15PM,YIA_LT7,"9/11, 9/18, 9/25, 10/2, 10/9, 10/16, 10/23, 10/30, 11/6, 11/13, 11/20, 11/27, 12/4",,,Office of University GE
2026-27 Term 1,2420,UGFN,UGFN1000F,5567,In Dialogue With Nature 與自然對話,3.00,- Dr. PANG Kam Moon,23,22,TUT,FT01,E,We 08:30AM - 10:15AM,FYB_603,"9/9, 9/16, 9/23, 9/30, 10/7, 10/14, 10/21, 10/28, 11/4, 11/11, 11/18, 11/25, 12/2",,,Office of University GE
2026-27 Term 1,2420,UGFN,UGFN1000F,5567,In Dialogue With Nature 與自然對話,3.00,- Dr. PANG Kam Moon,23,23,TUT,FT02,E,We 12:30PM - 02:15PM,YIA_501,"9/9, 9/16, 9/23, 9/30, 10/7, 10/14, 10/21, 10/28, 11/4, 11/11, 11/18, 11/25, 12/2",,,Office of University GE
2026-27 Term 1,2420,UGFN,UGFN1000F,5567,In Dialogue With Nature 與自然對話,3.00,- Dr. PANG Kam Moon,24,22,TUT,FT03,E,We 03:30PM - 05:15PM,YIA_504,"9/9, 9/16, 9/23, 9/30, 10/7, 10/14, 10/21, 10/28, 11/4, 11/11, 11/18, 11/25, 12/2",,,Office of University GE
2026-27 Term 1,2420,UGFN,UGFN1000F,5567,In Dialogue With Nature 與自然對話,3.00,- Dr. PANG Kam Moon,24,24,TUT,FT04,E,Th 09:30AM - 11:15AM,YIA_410,"9/10, 9/17, 9/24",,,Office of University GE
2026-27 Term 1,2420,UGFN,UGFN1000F,5567,In Dialogue With Nature 與自然對話,3.00,- Dr. PANG Kam Moon,24,24,TUT,FT04,E,Th 09:30AM - 11:15AM,YIA_410,"10/8, 10/15, 10/22, 10/29, 11/5, 11/12, 11/19, 11/26, 12/3",,,Office of University GE
2026-27 Term 1,2420,UGFN,UGFN1000F,5567,In Dialogue With Nature 與自然對話,3.00,- Dr. PANG Kam Moon,25,24,TUT,FT05,E,Th 02:30PM - 04:15PM,FYB_603,"9/10, 9/17, 9/24",,,Office of University GE
2026-27 Term 1,2420,UGFN,UGFN1000F,5567,In Dialogue With Nature 與自然對話,3.00,- Dr. PANG Kam Moon,25,24,TUT,FT05,E,Th 02:30PM - 04:15PM,FYB_603,"10/8, 10/15, 10/22, 10/29, 11/5, 11/12, 11/19, 11/26, 12/3",,,Office of University GE
2026-27 Term 1,2420,UGFN,UGFN1000F,5567,In Dialogue With Nature 與自然對話,3.00,- Dr. PANG Kam Moon,24,24,TUT,FT06,E,Fr 09:30AM - 11:15AM,YIA_509,"9/11, 9/18, 9/25, 10/2, 10/9, 10/16, 10/23, 10/30, 11/6, 11/13, 11/20, 11/27, 12/4",,,Office of University GE
2026-27 Term 1,2420,UGFN,UGFN1000G,9836,In Dialogue With Nature 與自然對話,3.00,- Dr. WONG Wing Hung,23,22,LEC,G,E,Tu 12:30PM - 01:15PM,CYT_215,"9/8, 9/15, 9/22, 9/29, 10/6, 10/13, 10/20, 10/27, 11/3, 11/10, 11/17, 11/24, 12/1",,,Office of University GE
2026-27 Term 1,2420,UGFN,UGFN1000G,9836,In Dialogue With Nature 與自然對話,3.00,- Dr. WONG Wing Hung,23,22,TUT,GT01,E,Tu 10:30AM - 12:15PM,CYT_215,"9/8, 9/15, 9/22, 9/29, 10/6, 10/13, 10/20, 10/27, 11/3, 11/10, 11/17, 11/24, 12/1",,,Office of University GE
2026-27 Term 1,2420,UGFN,UGFN1000H,9763,In Dialogue With Nature 與自然對話,3.00,- Dr. YU Hiu Yan,145,145,LEC,H,C,Fr 02:30PM - 03:15PM,ELB_LT2,"9/11, 9/18, 9/25, 10/2, 10/9, 10/16, 10/23, 10/30, 11/6, 11/13, 11/20, 11/27, 12/4",,,Office of University GE
2026-27 Term 1,2420,UGFN,UGFN1000H,9763,In Dialogue With Nature 與自然對話,3.00,- Dr. YU Hiu Yan,23,23,TUT,HT01,C,Mo 02:30PM - 04:15PM,YIA_501,"9/7, 9/14, 9/21, 9/28, 10/5, 10/12",,,Office of University GE
2026-27 Term 1,2420,UGFN,UGFN1000H,9763,In Dialogue With Nature 與自然對話,3.00,- Dr. YU Hiu Yan,23,23,TUT,HT01,C,Mo 02:30PM - 04:15PM,YIA_501,"10/26, 11/2, 11/9, 11/16, 11/23, 11/30",,,Office of University GE
2026-27 Term 1,2420,UGFN,UGFN1000H,9763,In Dialogue With Nature 與自然對話,3.00,- Dr. YU Hiu Yan,25,25,TUT,HT02,C,Mo 04:30PM - 06:15PM,YIA_501,"9/7, 9/14, 9/21, 9/28, 10/5, 10/12",,,Office of University GE
2026-27 Term 1,2420,UGFN,UGFN1000H,9763,In Dialogue With Nature 與自然對話,3.00,- Dr. YU Hiu Yan,25,25,TUT,HT02,C,Mo 04:30PM - 06:15PM,YIA_501,"10/26, 11/2, 11/9, 11/16, 11/23, 11/30",,,Office of University GE
2026-27 Term 1,2420,UGFN,UGFN1000H,9763,In Dialogue With Nature 與自然對話,3.00,- Dr. YU Hiu Yan,23,23,TUT,HT03,C,We 12:30PM - 02:15PM,YIA_511,"9/9, 9/16, 9/23, 9/30, 10/7, 10/14, 10/21, 10/28, 11/4, 11/11, 11/18, 11/25, 12/2",,,Office of University GE
2026-27 Term 1,2420,UGFN,UGFN1000H,9763,In Dialogue With Nature 與自然對話,3.00,- Dr. YU Hiu Yan,25,25,TUT,HT04,C,We 02:30PM - 04:15PM,YIA_511,"9/9, 9/16, 9/23, 9/30, 10/7, 10/14, 10/21, 10/28, 11/4, 11/11, 11/18, 11/25, 12/2",,,Office of University GE
2026-27 Term 1,2420,UGFN,UGFN1000H,9763,In Dialogue With Nature 與自然對話,3.00,- Dr. YU Hiu Yan,24,24,TUT,HT05,C,Th 12:30PM - 02:15PM,YIA_509,"9/10, 9/17, 9/24",,,Office of University GE
2026-27 Term 1,2420,UGFN,UGFN1000H,9763,In Dialogue With Nature 與自然對話,3.00,- Dr. YU Hiu Yan,24,24,TUT,HT05,C,Th 12:30PM - 02:15PM,YIA_509,"10/8, 10/15, 10/22, 10/29, 11/5, 11/12, 11/19, 11/26, 12/3",,,Office of University GE
2026-27 Term 1,2420,UGFN,UGFN1000H,9763,In Dialogue With Nature 與自然對話,3.00,- Dr. YU Hiu Yan,25,25,TUT,HT06,C,Th 02:30PM - 04:15PM,YIA_509,"9/10, 9/17, 9/24",,,Office of University GE
2026-27 Term 1,2420,UGFN,UGFN1000H,9763,In Dialogue With Nature 與自然對話,3.00,- Dr. YU Hiu Yan,25,25,TUT,HT06,C,Th 02:30PM - 04:15PM,YIA_509,"10/8, 10/15, 10/22, 10/29, 11/5, 11/12, 11/19, 11/26, 12/3",,,Office of University GE
2026-27 Term 1,2420,UGFN,UGFN1000J,8551,In Dialogue With Nature 與自然對話,3.00,- Dr. WU Jun,48,47,LEC,J,C,Fr 01:30PM - 02:15PM,ARC_G02,"9/11, 9/18, 9/25, 10/2, 10/9, 10/16, 10/23, 10/30, 11/6, 11/13, 11/20, 11/27, 12/4",,,Office of University GE
2026-27 Term 1,2420,UGFN,UGFN1000J,8551,In Dialogue With Nature 與自然對話,3.00,- Dr. WU Jun,25,25,TUT,JT01,C,We 10:30AM - 12:15PM,ELB_303,"9/9, 9/16, 9/23, 9/30, 10/7, 10/14, 10/21, 10/28, 11/4, 11/11, 11/18, 11/25, 12/2",,,Office of University GE
2026-27 Term 1,2420,UGFN,UGFN1000J,8551,In Dialogue With Nature 與自然對話,3.00,- Dr. WU Jun,23,22,TUT,JT02,C,We 01:30PM - 03:15PM,CYT_214,"9/9, 9/16, 9/23, 9/30, 10/7, 10/14, 10/21, 10/28, 11/4, 11/11, 11/18, 11/25, 12/2",,,Office of University GE
2026-27 Term 1,2420,UGFN,UGFN1000L,5569,In Dialogue With Nature 與自然對話,3.00,- Dr. LI Ming,136,126,LEC,L,C,Fr 01:30PM - 02:15PM,ELB_LT3,"9/11, 9/18, 9/25, 10/2, 10/9, 10/16, 10/23, 10/30, 11/6, 11/13, 11/20, 11/27, 12/4",,,Office of University GE
2026-27 Term 1,2420,UGFN,UGFN1000L,5569,In Dialogue With Nature 與自然對話,3.00,- Dr. LI Ming,20,16,TUT,LT01,C,Tu 10:30AM - 12:15PM,YIA_504,"9/8, 9/15, 9/22, 9/29, 10/6, 10/13, 10/20, 10/27, 11/3, 11/10, 11/17, 11/24, 12/1",,,Office of University GE
2026-27 Term 1,2420,UGFN,UGFN1000L,5569,In Dialogue With Nature 與自然對話,3.00,- Dr. LI Ming,21,21,TUT,LT02,C,Tu 01:30PM - 03:15PM,WMY_503,"9/8, 9/15, 9/22, 9/29, 10/6, 10/13, 10/20, 10/27, 11/3, 11/10, 11/17, 11/24, 12/1",,,Office of University GE
2026-27 Term 1,2420,UGFN,UGFN1000L,5569,In Dialogue With Nature 與自然對話,3.00,- Dr. LI Ming,24,23,TUT,LT03,C,We 10:30AM - 12:15PM,YIA_509,"9/9, 9/16, 9/23, 9/30, 10/7, 10/14, 10/21, 10/28, 11/4, 11/11, 11/18, 11/25, 12/2",,,Office of University GE
2026-27 Term 1,2420,UGFN,UGFN1000L,5569,In Dialogue With Nature 與自然對話,3.00,- Dr. LI Ming,23,20,TUT,LT04,C,We 01:30PM - 03:15PM,WMY_401,"9/9, 9/16, 9/23, 9/30, 10/7, 10/14, 10/21, 10/28, 11/4, 11/11, 11/18, 11/25, 12/2",,,Office of University GE
2026-27 Term 1,2420,UGFN,UGFN1000L,5569,In Dialogue With Nature 與自然對話,3.00,- Dr. LI Ming,24,23,TUT,LT05,C,Th 10:30AM - 12:15PM,CKB_122,"9/10, 9/17, 9/24",,,Office of University GE
2026-27 Term 1,2420,UGFN,UGFN1000L,5569,In Dialogue With Nature 與自然對話,3.00,- Dr. LI Ming,24,23,TUT,LT05,C,Th 10:30AM - 12:15PM,CKB_122,"10/8, 10/15, 10/22, 10/29, 11/5, 11/12, 11/19, 11/26, 12/3",,,Office of University GE
2026-27 Term 1,2420,UGFN,UGFN1000L,5569,In Dialogue With Nature 與自然對話,3.00,- Dr. LI Ming,24,23,TUT,LT06,C,Th 01:30PM - 03:15PM,YIA_404,"9/10, 9/17, 9/24",,,Office of University GE
2026-27 Term 1,2420,UGFN,UGFN1000L,5569,In Dialogue With Nature 與自然對話,3.00,- Dr. LI Ming,24,23,TUT,LT06,C,Th 01:30PM - 03:15PM,YIA_404,"10/8, 10/15, 10/22, 10/29, 11/5, 11/12, 11/19, 11/26, 12/3",,,Office of University GE
2026-27 Term 1,2420,UGFN,UGFN1000M,7532,In Dialogue With Nature 與自然對話,3.00,- Dr. MA Hok Lun,25,24,LEC,M,C,Tu 04:30PM - 05:15PM,HYS_G06,"9/8, 9/15, 9/22, 9/29, 10/6, 10/13, 10/20, 10/27, 11/3, 11/10, 11/17, 11/24, 12/1",,,Office of University GE
2026-27 Term 1,2420,UGFN,UGFN1000M,7532,In Dialogue With Nature 與自然對話,3.00,- Dr. MA Hok Lun,25,24,TUT,MT01,C,Tu 02:30PM - 04:15PM,HYS_G06,"9/8, 9/15, 9/22, 9/29, 10/6, 10/13, 10/20, 10/27, 11/3, 11/10, 11/17, 11/24, 12/1",,,Office of University GE
2026-27 Term 1,2420,UGFN,UGFN1000N,9293,In Dialogue With Nature 與自然對話,3.00,- Dr. NG Ka Leung,140,131,LEC,N,C,Fr 01:30PM - 02:15PM,YIA_LT3,"9/11, 9/18, 9/25, 10/2, 10/9, 10/16, 10/23, 10/30, 11/6, 11/13, 11/20, 11/27, 12/4",,,Office of University GE
2026-27 Term 1,2420,UGFN,UGFN1000N,9293,In Dialogue With Nature 與自然對話,3.00,- Dr. NG Ka Leung,23,19,TUT,NT01,C,Mo 02:30PM - 04:15PM,YIA_507,"9/7, 9/14, 9/21, 9/28, 10/5, 10/12",,,Office of University GE
2026-27 Term 1,2420,UGFN,UGFN1000N,9293,In Dialogue With Nature 與自然對話,3.00,- Dr. NG Ka Leung,23,19,TUT,NT01,C,Mo 02:30PM - 04:15PM,YIA_507,"10/26, 11/2, 11/9, 11/16, 11/23, 11/30",,,Office of University GE
2026-27 Term 1,2420,UGFN,UGFN1000N,9293,In Dialogue With Nature 與自然對話,3.00,- Dr. NG Ka Leung,23,19,TUT,NT02,C,Mo 04:30PM - 06:15PM,YIA_507,"9/7, 9/14, 9/21, 9/28, 10/5, 10/12",,,Office of University GE
2026-27 Term 1,2420,UGFN,UGFN1000N,9293,In Dialogue With Nature 與自然對話,3.00,- Dr. NG Ka Leung,23,19,TUT,NT02,C,Mo 04:30PM - 06:15PM,YIA_507,"10/26, 11/2, 11/9, 11/16, 11/23, 11/30",,,Office of University GE
2026-27 Term 1,2420,UGFN,UGFN1000N,9293,In Dialogue With Nature 與自然對話,3.00,- Dr. NG Ka Leung,21,21,TUT,NT03,C,We 09:30AM - 11:15AM,YIA_510,"9/9, 9/16, 9/23, 9/30, 10/7, 10/14, 10/21, 10/28, 11/4, 11/11, 11/18, 11/25, 12/2",,,Office of University GE
2026-27 Term 1,2420,UGFN,UGFN1000N,9293,In Dialogue With Nature 與自然對話,3.00,- Dr. NG Ka Leung,25,25,TUT,NT04,C,We 11:30AM - 01:15PM,YIA_510,"9/9, 9/16, 9/23, 9/30, 10/7, 10/14, 10/21, 10/28, 11/4, 11/11, 11/18, 11/25, 12/2",,,Office of University GE
2026-27 Term 1,2420,UGFN,UGFN1000N,9293,In Dialogue With Nature 與自然對話,3.00,- Dr. NG Ka Leung,24,24,TUT,NT05,C,We 03:30PM - 05:15PM,YIA_401,"9/9, 9/16, 9/23, 9/30, 10/7, 10/14, 10/21, 10/28, 11/4, 11/11, 11/18, 11/25, 12/2",,,Office of University GE
2026-27 Term 1,2420,UGFN,UGFN1000N,9293,In Dialogue With Nature 與自然對話,3.00,- Dr. NG Ka Leung,24,23,TUT,NT06,C,Fr 09:30AM - 11:15AM,YIA_510,"9/11, 9/18, 9/25, 10/2, 10/9, 10/16, 10/23, 10/30, 11/6, 11/13, 11/20, 11/27, 12/4",,,Office of University GE
2026-27 Term 1,2420,UGFN,UGFN1000P,5733,In Dialogue With Nature 與自然對話,3.00,- Dr. WU Jun,91,79,LEC,P,P,Fr 02:30PM - 03:15PM,YIA_LT8,"9/11, 9/18, 9/25, 10/2, 10/9, 10/16, 10/23, 10/30, 11/6, 11/13, 11/20, 11/27, 12/4",,,Office of University GE
2026-27 Term 1,2420,UGFN,UGFN1000P,5733,In Dialogue With Nature 與自然對話,3.00,- Dr. WU Jun,22,19,TUT,PT01,P,Tu 10:30AM - 12:15PM,YIA_409,"9/8, 9/15, 9/22, 9/29, 10/6, 10/13, 10/20, 10/27, 11/3, 11/10, 11/17, 11/24, 12/1",,,Office of University GE
2026-27 Term 1,2420,UGFN,UGFN1000P,5733,In Dialogue With Nature 與自然對話,3.00,- Dr. WU Jun,21,18,TUT,PT02,P,Tu 01:30PM - 03:15PM,CKB_123,"9/8, 9/15, 9/22, 9/29, 10/6, 10/13, 10/20, 10/27, 11/3, 11/10, 11/17, 11/24, 12/1",,,Office of University GE
2026-27 Term 1,2420,UGFN,UGFN1000P,5733,In Dialogue With Nature 與自然對話,3.00,- Dr. WU Jun,24,21,TUT,PT03,P,Th 10:30AM - 12:15PM,WMY_302,"9/10, 9/17, 9/24",,,Office of University GE
2026-27 Term 1,2420,UGFN,UGFN1000P,5733,In Dialogue With Nature 與自然對話,3.00,- Dr. WU Jun,24,21,TUT,PT03,P,Th 10:30AM - 12:15PM,WMY_302,"10/8, 10/15, 10/22, 10/29, 11/5, 11/12, 11/19, 11/26, 12/3",,,Office of University GE
2026-27 Term 1,2420,UGFN,UGFN1000P,5733,In Dialogue With Nature 與自然對話,3.00,- Dr. WU Jun,24,21,TUT,PT04,P,Th 01:30PM - 03:15PM,FYB_106,"9/10, 9/17, 9/24",,,Office of University GE
2026-27 Term 1,2420,UGFN,UGFN1000P,5733,In Dialogue With Nature 與自然對話,3.00,- Dr. WU Jun,24,21,TUT,PT04,P,Th 01:30PM - 03:15PM,FYB_106,"10/8, 10/15, 10/22, 10/29, 11/5, 11/12, 11/19, 11/26, 12/3",,,Office of University GE
2026-27 Term 1,2420,UGFN,UGFN1000Q,5710,In Dialogue With Nature 與自然對話,3.00,- Dr. YANG Jie,145,138,LEC,Q,P,Fr 01:30PM - 02:15PM,YIA_LT7,"9/11, 9/18, 9/25, 10/2, 10/9, 10/16, 10/23, 10/30, 11/6, 11/13, 11/20, 11/27, 12/4",,,Office of University GE
2026-27 Term 1,2420,UGFN,UGFN1000Q,5710,In Dialogue With Nature 與自然對話,3.00,- Dr. YANG Jie,25,25,TUT,QT01,P,Mo 02:30PM - 04:15PM,ELB_305,"9/7, 9/14, 9/21, 9/28, 10/5, 10/12",,,Office of University GE
2026-27 Term 1,2420,UGFN,UGFN1000Q,5710,In Dialogue With Nature 與自然對話,3.00,- Dr. YANG Jie,25,25,TUT,QT01,P,Mo 02:30PM - 04:15PM,ELB_305,"10/26, 11/2, 11/9, 11/16, 11/23, 11/30",,,Office of University GE
2026-27 Term 1,2420,UGFN,UGFN1000Q,5710,In Dialogue With Nature 與自然對話,3.00,- Dr. YANG Jie,25,25,TUT,QT02,P,Mo 04:30PM - 06:15PM,ELB_305,"9/7, 9/14, 9/21, 9/28, 10/5, 10/12",,,Office of University GE
2026-27 Term 1,2420,UGFN,UGFN1000Q,5710,In Dialogue With Nature 與自然對話,3.00,- Dr. YANG Jie,25,25,TUT,QT02,P,Mo 04:30PM - 06:15PM,ELB_305,"10/26, 11/2, 11/9, 11/16, 11/23, 11/30",,,Office of University GE
2026-27 Term 1,2420,UGFN,UGFN1000Q,5710,In Dialogue With Nature 與自然對話,3.00,- Dr. YANG Jie,22,18,TUT,QT03,P,Tu 09:30AM - 11:15AM,YIA_502,"9/8, 9/15, 9/22, 9/29, 10/6, 10/13, 10/20, 10/27, 11/3, 11/10, 11/17, 11/24, 12/1",,,Office of University GE
2026-27 Term 1,2420,UGFN,UGFN1000Q,5710,In Dialogue With Nature 與自然對話,3.00,- Dr. YANG Jie,25,23,TUT,QT04,P,Tu 12:30PM - 02:15PM,CKB_706B,"9/8, 9/15, 9/22, 9/29, 10/6, 10/13, 10/20, 10/27, 11/3, 11/10, 11/17, 11/24, 12/1",,,Office of University GE
2026-27 Term 1,2420,UGFN,UGFN1000Q,5710,In Dialogue With Nature 與自然對話,3.00,- Dr. YANG Jie,25,25,TUT,QT05,P,We 10:30AM - 12:15PM,ELB_305,"9/9, 9/16, 9/23, 9/30, 10/7, 10/14, 10/21, 10/28, 11/4, 11/11, 11/18, 11/25, 12/2",,,Office of University GE
2026-27 Term 1,2420,UGFN,UGFN1000Q,5710,In Dialogue With Nature 與自然對話,3.00,- Dr. YANG Jie,23,22,TUT,QT06,P,We 01:30PM - 03:15PM,YIA_408,"9/9, 9/16, 9/23, 9/30, 10/7, 10/14, 10/21, 10/28, 11/4, 11/11, 11/18, 11/25, 12/2",,,Office of University GE
2026-27 Term 1,2420,UGFN,UGFN1000S,9837,In Dialogue With Nature 與自然對話,3.00,- Dr. HOI Wan Heng,140,140,LEC,S,E,Fr 01:30PM - 02:15PM,HTB_B6,"9/11, 9/18, 9/25, 10/2, 10/9, 10/16, 10/23, 10/30, 11/6, 11/13, 11/20, 11/27, 12/4",,,Office of University GE
2026-27 Term 1,2420,UGFN,UGFN1000S,9837,In Dialogue With Nature 與自然對話,3.00,- Dr. HOI Wan Heng,23,23,TUT,ST01,E,Tu 09:30AM - 11:15AM,ARC_G04,"9/8, 9/15, 9/22, 9/29, 10/6, 10/13, 10/20, 10/27, 11/3, 11/10, 11/17, 11/24, 12/1",,,Office of University GE
2026-27 Term 1,2420,UGFN,UGFN1000S,9837,In Dialogue With Nature 與自然對話,3.00,- Dr. HOI Wan Heng,23,23,TUT,ST02,E,Tu 12:30PM - 02:15PM,WMY_405,"9/8, 9/15, 9/22, 9/29, 10/6, 10/13, 10/20, 10/27, 11/3, 11/10, 11/17, 11/24, 12/1",,,Office of University GE
2026-27 Term 1,2420,UGFN,UGFN1000S,9837,In Dialogue With Nature 與自然對話,3.00,- Dr. HOI Wan Heng,21,21,TUT,ST03,E,We 09:30AM - 11:15AM,YIA_410,"9/9, 9/16, 9/23, 9/30, 10/7, 10/14, 10/21, 10/28, 11/4, 11/11, 11/18, 11/25, 12/2",,,Office of University GE
2026-27 Term 1,2420,UGFN,UGFN1000S,9837,In Dialogue With Nature 與自然對話,3.00,- Dr. HOI Wan Heng,24,24,TUT,ST04,E,We 03:30PM - 05:15PM,CKB_122,"9/9, 9/16, 9/23, 9/30, 10/7, 10/14, 10/21, 10/28, 11/4, 11/11, 11/18, 11/25, 12/2",,,Office of University GE
2026-27 Term 1,2420,UGFN,UGFN1000S,9837,In Dialogue With Nature 與自然對話,3.00,- Dr. HOI Wan Heng,25,25,TUT,ST05,E,Th 09:30AM - 11:15AM,FYB_106,"9/10, 9/17, 9/24",,,Office of University GE
2026-27 Term 1,2420,UGFN,UGFN1000S,9837,In Dialogue With Nature 與自然對話,3.00,- Dr. HOI Wan Heng,25,25,TUT,ST05,E,Th 09:30AM - 11:15AM,FYB_106,"10/8, 10/15, 10/22, 10/29, 11/5, 11/12, 11/19, 11/26, 12/3",,,Office of University GE
2026-27 Term 1,2420,UGFN,UGFN1000S,9837,In Dialogue With Nature 與自然對話,3.00,- Dr. HOI Wan Heng,24,24,TUT,ST06,E,Th 01:30PM - 03:15PM,WMY_503,"9/10, 9/17, 9/24",,,Office of University GE
2026-27 Term 1,2420,UGFN,UGFN1000S,9837,In Dialogue With Nature 與自然對話,3.00,- Dr. HOI Wan Heng,24,24,TUT,ST06,E,Th 01:30PM - 03:15PM,WMY_503,"10/8, 10/15, 10/22, 10/29, 11/5, 11/12, 11/19, 11/26, 12/3",,,Office of University GE
2026-27 Term 1,2420,UGFN,UGFN1000T,9722,In Dialogue With Nature 與自然對話,3.00,- Dr. LAM To Kam,141,140,LEC,T,E,Fr 01:30PM - 02:15PM,YIA_LT6,"9/11, 9/18, 9/25, 10/2, 10/9, 10/16, 10/23, 10/30, 11/6, 11/13, 11/20, 11/27, 12/4",,,Office of University GE
2026-27 Term 1,2420,UGFN,UGFN1000T,9722,In Dialogue With Nature 與自然對話,3.00,- Dr. LAM To Kam,23,23,TUT,TT01,E,Tu 11:30AM - 01:15PM,UCC_108,"9/8, 9/15, 9/22, 9/29, 10/6, 10/13, 10/20, 10/27, 11/3, 11/10, 11/17, 11/24, 12/1",,,Office of University GE
2026-27 Term 1,2420,UGFN,UGFN1000T,9722,In Dialogue With Nature 與自然對話,3.00,- Dr. LAM To Kam,23,23,TUT,TT02,E,Tu 02:30PM - 04:15PM,YIA_507,"9/8, 9/15, 9/22, 9/29, 10/6, 10/13, 10/20, 10/27, 11/3, 11/10, 11/17, 11/24, 12/1",,,Office of University GE
2026-27 Term 1,2420,UGFN,UGFN1000T,9722,In Dialogue With Nature 與自然對話,3.00,- Dr. LAM To Kam,25,25,TUT,TT03,E,We 10:30AM - 12:15PM,YIA_411,"9/9, 9/16, 9/23, 9/30, 10/7, 10/14, 10/21, 10/28, 11/4, 11/11, 11/18, 11/25, 12/2",,,Office of University GE
2026-27 Term 1,2420,UGFN,UGFN1000T,9722,In Dialogue With Nature 與自然對話,3.00,- Dr. LAM To Kam,22,22,TUT,TT04,E,We 01:30PM - 03:15PM,CYT_215,"9/9, 9/16, 9/23, 9/30, 10/7, 10/14, 10/21, 10/28, 11/4, 11/11, 11/18, 11/25, 12/2",,,Office of University GE
2026-27 Term 1,2420,UGFN,UGFN1000T,9722,In Dialogue With Nature 與自然對話,3.00,- Dr. LAM To Kam,24,24,TUT,TT05,E,Th 10:30AM - 12:15PM,YIA_407,"9/10, 9/17, 9/24",,,Office of University GE
2026-27 Term 1,2420,UGFN,UGFN1000T,9722,In Dialogue With Nature 與自然對話,3.00,- Dr. LAM To Kam,24,24,TUT,TT05,E,Th 10:30AM - 12:15PM,YIA_407,"10/8, 10/15, 10/22, 10/29, 11/5, 11/12, 11/19, 11/26, 12/3",,,Office of University GE
2026-27 Term 1,2420,UGFN,UGFN1000T,9722,In Dialogue With Nature 與自然對話,3.00,- Dr. LAM To Kam,24,23,TUT,TT06,E,Th 01:30PM - 03:15PM,WMY_407,"9/10, 9/17, 9/24",,,Office of University GE
2026-27 Term 1,2420,UGFN,UGFN1000T,9722,In Dialogue With Nature 與自然對話,3.00,- Dr. LAM To Kam,24,23,TUT,TT06,E,Th 01:30PM - 03:15PM,WMY_407,"10/8, 10/15, 10/22, 10/29, 11/5, 11/12, 11/19, 11/26, 12/3",,,Office of University GE
2026-27 Term 1,2420,UGFN,UGFN1000U,8544,In Dialogue With Nature 與自然對話,3.00,- Mr PONG Sze Ho Cecil,47,47,LEC,U,E,Fr 03:30PM - 04:15PM,ARC_G02,"9/11, 9/18, 9/25, 10/2, 10/9, 10/16, 10/23, 10/30, 11/6, 11/13, 11/20, 11/27, 12/4",,,Office of University GE
2026-27 Term 1,2420,UGFN,UGFN1000U,8544,In Dialogue With Nature 與自然對話,3.00,- Mr PONG Sze Ho Cecil,23,23,TUT,UT01,E,Tu 12:30PM - 02:15PM,HYS_G03,"9/8, 9/15, 9/22, 9/29, 10/6, 10/13, 10/20, 10/27, 11/3, 11/10, 11/17, 11/24, 12/1",,,Office of University GE
2026-27 Term 1,2420,UGFN,UGFN1000U,8544,In Dialogue With Nature 與自然對話,3.00,- Mr PONG Sze Ho Cecil,24,24,TUT,UT02,E,Tu 03:30PM - 05:15PM,HYS_G01,"9/8, 9/15, 9/22, 9/29, 10/6, 10/13, 10/20, 10/27, 11/3, 11/10, 11/17, 11/24, 12/1",,,Office of University GE
2026-27 Term 1,2420,UGFN,UGFN1000W,7610,In Dialogue With Nature 與自然對話,3.00,- Dr. WONG Wing Hung,24,24,LEC,W,E,We 03:30PM - 04:15PM,YIA_508,"9/9, 9/16, 9/23, 9/30, 10/7, 10/14, 10/21, 10/28, 11/4, 11/11, 11/18, 11/25, 12/2",,,Office of University GE
2026-27 Term 1,2420,UGFN,UGFN1000W,7610,In Dialogue With Nature 與自然對話,3.00,- Dr. WONG Wing Hung,24,24,TUT,WT01,E,We 01:30PM - 03:15PM,YIA_508,"9/9, 9/16, 9/23, 9/30, 10/7, 10/14, 10/21, 10/28, 11/4, 11/11, 11/18, 11/25, 12/2",,,Office of University GE
2026-27 Term 1,2420,UGFN,UGFN1000Z,9838,In Dialogue With Nature 與自然對話,3.00,- Dr. SZETO Wai Man,149,149,LEC,Z,C,Fr 02:30PM - 03:15PM,YIA_LT6,"9/11, 9/18, 9/25, 10/2, 10/9, 10/16, 10/23, 10/30, 11/6, 11/13, 11/20, 11/27, 12/4",,,Office of University GE
2026-27 Term 1,2420,UGFN,UGFN1000Z,9838,In Dialogue With Nature 與自然對話,3.00,- Dr. SZETO Wai Man,24,24,TUT,ZT01,C,Tu 12:30PM - 02:15PM,YIA_510,"9/8, 9/15, 9/22, 9/29, 10/6, 10/13, 10/20, 10/27, 11/3, 11/10, 11/17, 11/24, 12/1",,,Office of University GE
2026-27 Term 1,2420,UGFN,UGFN1000Z,9838,In Dialogue With Nature 與自然對話,3.00,- Dr. SZETO Wai Man,25,25,TUT,ZT02,C,Tu 02:30PM - 04:15PM,YIA_510,"9/8, 9/15, 9/22, 9/29, 10/6, 10/13, 10/20, 10/27, 11/3, 11/10, 11/17, 11/24, 12/1",,,Office of University GE
2026-27 Term 1,2420,UGFN,UGFN1000Z,9838,In Dialogue With Nature 與自然對話,3.00,- Dr. SZETO Wai Man,25,25,TUT,ZT03,C,We 02:30PM - 04:15PM,ELB_305,"9/9, 9/16, 9/23, 9/30, 10/7, 10/14, 10/21, 10/28, 11/4, 11/11, 11/18, 11/25, 12/2",,,Office of University GE
2026-27 Term 1,2420,UGFN,UGFN1000Z,9838,In Dialogue With Nature 與自然對話,3.00,- Dr. SZETO Wai Man,25,25,TUT,ZT04,C,We 04:30PM - 06:15PM,ELB_305,"9/9, 9/16, 9/23, 9/30, 10/7, 10/14, 10/21, 10/28, 11/4, 11/11, 11/18, 11/25, 12/2",,,Office of University GE
2026-27 Term 1,2420,UGFN,UGFN1000Z,9838,In Dialogue With Nature 與自然對話,3.00,- Dr. SZETO Wai Man,25,25,TUT,ZT05,C,Th 02:30PM - 04:15PM,YIA_510,"9/10, 9/17, 9/24",,,Office of University GE
2026-27 Term 1,2420,UGFN,UGFN1000Z,9838,In Dialogue With Nature 與自然對話,3.00,- Dr. SZETO Wai Man,25,25,TUT,ZT05,C,Th 02:30PM - 04:15PM,YIA_510,"10/8, 10/15, 10/22, 10/29, 11/5, 11/12, 11/19, 11/26, 12/3",,,Office of University GE
2026-27 Term 1,2420,UGFN,UGFN1000Z,9838,In Dialogue With Nature 與自然對話,3.00,- Dr. SZETO Wai Man,25,25,TUT,ZT06,C,Th 04:30PM - 06:15PM,YIA_510,"9/10, 9/17, 9/24",,,Office of University GE
2026-27 Term 1,2420,UGFN,UGFN1000Z,9838,In Dialogue With Nature 與自然對話,3.00,- Dr. SZETO Wai Man,25,25,TUT,ZT06,C,Th 04:30PM - 06:15PM,YIA_510,"10/8, 10/15, 10/22, 10/29, 11/5, 11/12, 11/19, 11/26, 12/3",,,Office of University GE
2026-27 Term 1,2420,URSP,URSP1001-,5473,Introduction to Urban Studies 城巿研究導論,3.00,- Dr. WONG Yu Hin Sampson,110,110,LEC,-,E,Tu 09:30AM - 11:15AM,YIA_LT6,"9/8, 9/15, 9/22, 9/29, 10/6, 10/13, 10/20, 10/27, 11/3, 11/10, 11/17, 11/24, 12/1",,,Urban Studies Pgm Comm
2026-27 Term 1,2420,URSP,URSP1001-,5473,Introduction to Urban Studies 城巿研究導論,3.00,- Dr. WONG Yu Hin Sampson,55,55,TUT,-T01,E,Tu 11:30AM - 12:15PM,WMY_508,"9/8, 9/15, 9/22, 9/29, 10/6, 10/13, 10/20, 10/27, 11/3, 11/10, 11/17, 11/24, 12/1",,,Urban Studies Pgm Comm
2026-27 Term 1,2420,URSP,URSP1001-,5473,Introduction to Urban Studies 城巿研究導論,3.00,- Dr. WONG Yu Hin Sampson,55,55,TUT,-T02,E,Tu 11:30AM - 12:15PM,ARC_G04,"9/8, 9/15, 9/22, 9/29, 10/6, 10/13, 10/20, 10/27, 11/3, 11/10, 11/17, 11/24, 12/1",,,Urban Studies Pgm Comm
2026-27 Term 1,2420,URSP,URSP2001-,6484,Field Studies 實地考察,2.00,- Dr. LI Jing,35,9,FLD,-F01,E,TBA,NRR,07/09/2026 - 30/11/2026,Yes,Yes,Urban Studies Pgm Comm
2026-27 Term 1,2420,URSP,URSP2040-,9740,Real Estate Construction Econ 房地產和建築經濟學,3.00,- Dr. LI Jing,30,30,LEC,-,E,Th 09:30AM - 11:15AM,CKB_706C,"9/10, 9/17, 9/24",,,Urban Studies Pgm Comm
2026-27 Term 1,2420,URSP,URSP2040-,9740,Real Estate Construction Econ 房地產和建築經濟學,3.00,- Dr. LI Jing,30,30,LEC,-,E,Th 09:30AM - 11:15AM,CKB_706C,"10/8, 10/15, 10/22, 10/29, 11/5, 11/12, 11/19, 11/26, 12/3",,,Urban Studies Pgm Comm
2026-27 Term 1,2420,URSP,URSP2040-,9740,Real Estate Construction Econ 房地產和建築經濟學,3.00,- Dr. LI Jing,30,30,TUT,-T01,E,Th 11:30AM - 12:15PM,CKB_706C,"9/10, 9/17, 9/24",,,Urban Studies Pgm Comm
2026-27 Term 1,2420,URSP,URSP2040-,9740,Real Estate Construction Econ 房地產和建築經濟學,3.00,- Dr. LI Jing,30,30,TUT,-T01,E,Th 11:30AM - 12:15PM,CKB_706C,"10/8, 10/15, 10/22, 10/29, 11/5, 11/12, 11/19, 11/26, 12/3",,,Urban Studies Pgm Comm
2026-27 Term 1,2420,URSP,URSP2060-,5353,Understand City Thr Field Trip 城市遊方,3.00,- Dr. WONG Yu Hin Sampson,40,40,LEC,-,E,Th 02:30PM - 05:15PM,ELB_308,"9/10, 9/17, 9/24",,,Urban Studies Pgm Comm
2026-27 Term 1,2420,URSP,URSP2060-,5353,Understand City Thr Field Trip 城市遊方,3.00,- Dr. WONG Yu Hin Sampson,40,40,LEC,-,E,Th 02:30PM - 05:15PM,ELB_308,"10/8, 10/15, 10/22, 10/29, 11/5, 11/12, 11/19, 11/26, 12/3",,,Urban Studies Pgm Comm
2026-27 Term 1,2420,URSP,URSP2060-,5353,Understand City Thr Field Trip 城市遊方,3.00,- Dr. WONG Yu Hin Sampson,40,40,FLD,-F01,E,TBA,NRR,07/09/2026 - 30/11/2026,,,Urban Studies Pgm Comm
2026-27 Term 1,2420,URSP,URSP2100-,5990,Urban Sustainability 城市可持續發展,3.00,- Professor MO Kar Him,45,16,LEC,-,E,Tu 02:30PM - 04:15PM,ARC_G02,"9/8, 9/15, 9/22, 9/29, 10/6, 10/13, 10/20, 10/27, 11/3, 11/10, 11/17, 11/24, 12/1",,,Urban Studies Pgm Comm
2026-27 Term 1,2420,URSP,URSP2100-,5990,Urban Sustainability 城市可持續發展,3.00,- Professor MO Kar Him,45,16,TUT,-T01,E,Tu 04:30PM - 05:15PM,ARC_G02,"9/8, 9/15, 9/22, 9/29, 10/6, 10/13, 10/20, 10/27, 11/3, 11/10, 11/17, 11/24, 12/1",,,Urban Studies Pgm Comm
2026-27 Term 1,2420,URSP,URSP2300-,6985,Urban Design and Place Making 城巿設計及地方營造工作室,3.00,- Professor Hendrik TIEBEN,30,5,LEC,-,E,Mo 02:30PM - 05:15PM,WMY_303,"9/7, 9/14, 9/21, 9/28, 10/5, 10/12",,,Urban Studies Pgm Comm
2026-27 Term 1,2420,URSP,URSP2300-,6985,Urban Design and Place Making 城巿設計及地方營造工作室,3.00,- Professor Hendrik TIEBEN,30,5,LEC,-,E,Mo 02:30PM - 05:15PM,WMY_303,"10/26, 11/2, 11/9, 11/16, 11/23, 11/30",,,Urban Studies Pgm Comm
2026-27 Term 1,2420,URSP,URSP2300-,6985,Urban Design and Place Making 城巿設計及地方營造工作室,3.00,- Professor Hendrik TIEBEN,30,5,TUT,-T01,E,TBA,NRR,07/09/2026 - 30/11/2026,,,Urban Studies Pgm Comm
2026-27 Term 1,2420,URSP,URSP2400-,9160,Studies of Cities 城巿比較研究,3.00,- Dr. WONG Yu Hin Sampson,50,21,LEC,-,E,We 02:30PM - 04:15PM,ELB_207,"9/9, 9/16, 9/23, 9/30, 10/7, 10/14, 10/21, 10/28, 11/4, 11/11, 11/18, 11/25, 12/2",,,Urban Studies Pgm Comm
2026-27 Term 1,2420,URSP,URSP2400-,9160,Studies of Cities 城巿比較研究,3.00,- Dr. WONG Yu Hin Sampson,50,21,TUT,-T01,E,We 04:30PM - 05:15PM,ELB_207,"9/9, 9/16, 9/23, 9/30, 10/7, 10/14, 10/21, 10/28, 11/4, 11/11, 11/18, 11/25, 12/2",,,Urban Studies Pgm Comm
2026-27 Term 1,2420,URSP,URSP2700-,8871,Urban Visualisation Studio 城市視覺化工作室,3.00,- Professor MO Kar Him,35,35,LEC,-,E,Th 09:30AM - 11:15AM,CKB_222,"9/10, 9/17, 9/24",,,Urban Studies Pgm Comm
2026-27 Term 1,2420,URSP,URSP2700-,8871,Urban Visualisation Studio 城市視覺化工作室,3.00,- Professor MO Kar Him,35,35,LEC,-,E,Th 09:30AM - 11:15AM,CKB_222,"10/8, 10/15, 10/22, 10/29, 11/5, 11/12, 11/19, 11/26, 12/3",,,Urban Studies Pgm Comm
2026-27 Term 1,2420,URSP,URSP2700-,8871,Urban Visualisation Studio 城市視覺化工作室,3.00,- Professor MO Kar Him,35,35,TUT,-T01,E,Th 11:30AM - 12:15PM,CKB_222,"9/10, 9/17, 9/24",,,Urban Studies Pgm Comm
2026-27 Term 1,2420,URSP,URSP2700-,8871,Urban Visualisation Studio 城市視覺化工作室,3.00,- Professor MO Kar Him,35,35,TUT,-T01,E,Th 11:30AM - 12:15PM,CKB_222,"10/8, 10/15, 10/22, 10/29, 11/5, 11/12, 11/19, 11/26, 12/3",,,Urban Studies Pgm Comm
2026-27 Term 1,2420,URSP,URSP2800-,4787,UrbFormSenseofPlaceWell-being 城市面貌，地方感和身心社靈健康,3.00,- Professor Hendrik TIEBEN,45,45,LEC,-,E,We 09:30AM - 11:15AM,ELB_205,"9/9, 9/16, 9/23, 9/30, 10/7, 10/14, 10/21, 10/28, 11/4, 11/11, 11/18, 11/25, 12/2",,,Urban Studies Pgm Comm
2026-27 Term 1,2420,URSP,URSP2800-,4787,UrbFormSenseofPlaceWell-being 城市面貌，地方感和身心社靈健康,3.00,- Professor Hendrik TIEBEN,45,45,TUT,-T01,E,We 11:30AM - 12:15PM,ELB_205,"9/9, 9/16, 9/23, 9/30, 10/7, 10/14, 10/21, 10/28, 11/4, 11/11, 11/18, 11/25, 12/2",,,Urban Studies Pgm Comm
2026-27 Term 1,2420,URSP,URSP3400-,4750,Essentials of Land Dev Process 土地發展過程綱要,3.00,- Dr. LI Jing,45,21,LEC,-,E,We 02:30PM - 04:15PM,ELB_205,"9/9, 9/16, 9/23, 9/30, 10/7, 10/14, 10/21, 10/28, 11/4, 11/11, 11/18, 11/25, 12/2",,,Urban Studies Pgm Comm
2026-27 Term 1,2420,URSP,URSP3400-,4750,Essentials of Land Dev Process 土地發展過程綱要,3.00,- Dr. LI Jing,45,21,TUT,-T01,E,We 04:30PM - 05:15PM,ELB_205,"9/9, 9/16, 9/23, 9/30, 10/7, 10/14, 10/21, 10/28, 11/4, 11/11, 11/18, 11/25, 12/2",,,Urban Studies Pgm Comm
2026-27 Term 1,2420,URSP,URSP3600-,4789,Designing Smart Cities 設計智慧城市,3.00,- Professor LAM Tat,35,35,LEC,-,E,Mo 09:30AM - 11:15AM,ARC_G04,"9/7, 9/14, 9/21, 9/28, 10/5, 10/12",,,Urban Studies Pgm Comm
2026-27 Term 1,2420,URSP,URSP3600-,4789,Designing Smart Cities 設計智慧城市,3.00,- Professor LAM Tat,35,35,LEC,-,E,Mo 09:30AM - 11:15AM,ARC_G04,"10/26, 11/2, 11/9, 11/16, 11/23, 11/30",,,Urban Studies Pgm Comm
2026-27 Term 1,2420,URSP,URSP3600-,4789,Designing Smart Cities 設計智慧城市,3.00,- Professor LAM Tat,35,35,PRJ,-J01,E,Mo 11:30AM - 12:15PM,ARC_G04,"9/7, 9/14, 9/21, 9/28, 10/5, 10/12",,,Urban Studies Pgm Comm
2026-27 Term 1,2420,URSP,URSP3600-,4789,Designing Smart Cities 設計智慧城市,3.00,- Professor LAM Tat,35,35,PRJ,-J01,E,Mo 11:30AM - 12:15PM,ARC_G04,"10/26, 11/2, 11/9, 11/16, 11/23, 11/30",,,Urban Studies Pgm Comm
2026-27 Term 1,2420,URSP,URSP4001-,6575,Capstone Thesis I 城市研究畢業論文（一）,3.00,- Dr. LI Jing - Dr. WONG Yu Hin Sampson - Professor CHUNG King Lam Calvin - Professor MO Kar Him,20,0,PRJ,-J01,E,TBA,NRR,07/09/2026 - 30/11/2026,Yes,Yes,Urban Studies Pgm Comm
2026-27 Term 1,2420,URSP,URSP4003-,6455,Capstone Project I 城市研究畢業報告（一）,3.00,- Professor Hendrik TIEBEN - Professor MO Kar Him,30,27,PRJ,-J01,E,TBA,NRR,07/09/2026 - 30/11/2026,Yes,Yes,Urban Studies Pgm Comm
2026-27 Term 1,2420,URSP,URSP4100-,9525,Urban Planning TheoryPractice 城市規劃理論與實踐,3.00,- Professor CHUNG King Lam Calvin,45,22,LEC,-,E,Mo 02:30PM - 04:15PM,SB_UG06,"9/7, 9/14, 9/21, 9/28, 10/5, 10/12",,,Urban Studies Pgm Comm
2026-27 Term 1,2420,URSP,URSP4100-,9525,Urban Planning TheoryPractice 城市規劃理論與實踐,3.00,- Professor CHUNG King Lam Calvin,45,22,LEC,-,E,Mo 02:30PM - 04:15PM,SB_UG06,"10/26, 11/2, 11/9, 11/16, 11/23, 11/30",,,Urban Studies Pgm Comm
2026-27 Term 1,2420,URSP,URSP4100-,9525,Urban Planning TheoryPractice 城市規劃理論與實踐,3.00,- Professor CHUNG King Lam Calvin,45,22,TUT,-T01,E,Mo 04:30PM - 05:15PM,SB_UG06,"9/7, 9/14, 9/21, 9/28, 10/5, 10/12",,,Urban Studies Pgm Comm
2026-27 Term 1,2420,URSP,URSP4100-,9525,Urban Planning TheoryPractice 城市規劃理論與實踐,3.00,- Professor CHUNG King Lam Calvin,45,22,TUT,-T01,E,Mo 04:30PM - 05:15PM,SB_UG06,"10/26, 11/2, 11/9, 11/16, 11/23, 11/30",,,Urban Studies Pgm Comm