term_code,class_nbr,course_code,class_code,section_code,primary_component,career,language,units,course_title_en,course_title_zh,teaching_staff,quota_total,vacancy,add_consent,drop_consent,course_offering_dept,source_snapshot_id,source_kind,captured_at
2420,9637,ACCT1111,ACCT1111A,A,LEC,Undergraduate,E,3,Foundations in Financial Acctg,基礎財務會計,- Dr. WONG Kin Ho,70,69,,,Sch of Accountancy,2026-08-15T01-53-13+08-00-full-term-1,current,
2420,9602,ACCT1111,ACCT1111B,B,LEC,Undergraduate,E,3,Foundations in Financial Acctg,基礎財務會計,- Dr. WONG Kin Ho,77,73,,,Sch of Accountancy,2026-08-15T01-53-13+08-00-full-term-1,current,
2420,5857,ACCT1111,ACCT1111C,C,LEC,Undergraduate,E,3,Foundations in Financial Acctg,基礎財務會計,- Dr. WONG Kin Ho,70,70,,,Sch of Accountancy,2026-08-15T01-53-13+08-00-full-term-1,current,
2420,5652,ACCT2111,ACCT2111A,A,LEC,Undergraduate,E,3,Introductory Fin'l Accounting,財務會計導論,- Professor GENG Lingfeng,130,89,,,Sch of Accountancy,2026-08-15T01-53-13+08-00-full-term-1,current,
2420,7071,ACCT2111,ACCT2111B,B,LEC,Undergraduate,E,3,Introductory Fin'l Accounting,財務會計導論,- Professor Janja BRENDEL,130,73,,,Sch of Accountancy,2026-08-15T01-53-13+08-00-full-term-1,current,
2420,7035,ACCT2111,ACCT2111C,C,LEC,Undergraduate,E,3,Introductory Fin'l Accounting,財務會計導論,- Professor GENG Lingfeng,130,50,,,Sch of Accountancy,2026-08-15T01-53-13+08-00-full-term-1,current,
2420,7069,ACCT2111,ACCT2111D,D,LEC,Undergraduate,E,3,Introductory Fin'l Accounting,財務會計導論,- Professor Janja BRENDEL,130,54,,,Sch of Accountancy,2026-08-15T01-53-13+08-00-full-term-1,current,
2420,7287,ACCT2111,ACCT2111E,E,LEC,Undergraduate,E,3,Introductory Fin'l Accounting,財務會計導論,- Professor GENG Lingfeng,130,56,,,Sch of Accountancy,2026-08-15T01-53-13+08-00-full-term-1,current,
2420,9076,ACCT2121,ACCT2121A,A,LEC,Undergraduate,E,3,Introductory Mgt Accounting,管理會計導論,- Professor KANG Ya,60,0,,,Sch of Accountancy,2026-08-15T01-53-13+08-00-full-term-1,current,
2420,9690,ACCT2121,ACCT2121B,B,LEC,Undergraduate,E,3,Introductory Mgt Accounting,管理會計導論,- Professor KANG Ya,60,5,,,Sch of Accountancy,2026-08-15T01-53-13+08-00-full-term-1,current,
2420,9446,ACCT2121,ACCT2121C,C,LEC,Undergraduate,E,3,Introductory Mgt Accounting,管理會計導論,- Professor KANG Ya,60,13,,,Sch of Accountancy,2026-08-15T01-53-13+08-00-full-term-1,current,
2420,9133,ACCT2151,ACCT2151A,A,LEC,Undergraduate,E,2,Legal Environment for Business,商業法律環境,- Dr. SO Lok Kan,75,46,,,Sch of Accountancy,2026-08-15T01-53-13+08-00-full-term-1,current,
2420,9600,ACCT2151,ACCT2151B,B,LEC,Undergraduate,E,2,Legal Environment for Business,商業法律環境,- Dr. SO Lok Kan,75,56,,,Sch of Accountancy,2026-08-15T01-53-13+08-00-full-term-1,current,
2420,9134,ACCT2151,ACCT2151C,C,LEC,Undergraduate,E,2,Legal Environment for Business,商業法律環境,- Dr. SO Lok Kan,75,58,,,Sch of Accountancy,2026-08-15T01-53-13+08-00-full-term-1,current,
2420,5580,ACCT3111,ACCT3111A,A,LEC,Undergraduate,E,3,Financial Reporting I,財務報告（一）,- Dr. GUAN Yanling,60,58,,,Sch of Accountancy,2026-08-15T01-53-13+08-00-full-term-1,current,
2420,5447,ACCT3112,ACCT3112A,A,LEC,Undergraduate,E,3,Financial Reporting II,財務報告（二）,- Professor Erik Thomas ELFRINK,60,49,,,Sch of Accountancy,2026-08-15T01-53-13+08-00-full-term-1,current,
2420,7395,ACCT3112,ACCT3112B,B,LEC,Undergraduate,E,3,Financial Reporting II,財務報告（二）,- Professor Erik Thomas ELFRINK,60,53,,,Sch of Accountancy,2026-08-15T01-53-13+08-00-full-term-1,current,
2420,5939,ACCT3112,ACCT3112C,C,LEC,Undergraduate,E,3,Financial Reporting II,財務報告（二）,- Professor Erik Thomas ELFRINK,60,54,,,Sch of Accountancy,2026-08-15T01-53-13+08-00-full-term-1,current,
2420,5581,ACCT3121,ACCT3121A,A,LEC,Undergraduate,E,3,Cost and Management Accounting,成本及管理會計,- Professor YIN Laiyi,50,43,,,Sch of Accountancy,2026-08-15T01-53-13+08-00-full-term-1,current,
2420,5582,ACCT3121,ACCT3121B,B,LEC,Undergraduate,E,3,Cost and Management Accounting,成本及管理會計,- Professor YIN Laiyi,50,41,,,Sch of Accountancy,2026-08-15T01-53-13+08-00-full-term-1,current,
2420,9421,ACCT3121,ACCT3121C,C,LEC,Undergraduate,E,3,Cost and Management Accounting,成本及管理會計,- Professor YIN Laiyi,60,51,,,Sch of Accountancy,2026-08-15T01-53-13+08-00-full-term-1,current,
2420,9689,ACCT3142,ACCT3142A,A,LEC,Undergraduate,E,3,Accounting Information Systems,會計資訊系統,- Dr. WONG Ka Lok,50,11,,,Sch of Accountancy,2026-08-15T01-53-13+08-00-full-term-1,current,
2420,9601,ACCT3142,ACCT3142B,B,LEC,Undergraduate,E,3,Accounting Information Systems,會計資訊系統,- Dr. WONG Ka Lok,50,9,,,Sch of Accountancy,2026-08-15T01-53-13+08-00-full-term-1,current,
2420,5677,ACCT3151,ACCT3151A,A,LEC,Undergraduate,E,3,Business Law,商業法,- Dr. LAW Man Wai Anthony,77,70,,,Sch of Accountancy,2026-08-15T01-53-13+08-00-full-term-1,current,
2420,5404,ACCT3151,ACCT3151B,B,LEC,Undergraduate,E,3,Business Law,商業法,- Dr. LAW Man Wai Anthony,76,70,,,Sch of Accountancy,2026-08-15T01-53-13+08-00-full-term-1,current,
2420,7153,ACCT3152,ACCT3152A,A,LEC,Undergraduate,E,3,Company Law,公司法,- Dr. SO Lok Kan,65,0,,,Sch of Accountancy,2026-08-15T01-53-13+08-00-full-term-1,current,
2420,5405,ACCT3161,ACCT3161A,A,LEC,Undergraduate,E,3,Taxation,稅務學,- Dr. BUTT Yiu Yu,60,47,,,Sch of Accountancy,2026-08-15T01-53-13+08-00-full-term-1,current,
2420,7154,ACCT3161,ACCT3161B,B,LEC,Undergraduate,E,3,Taxation,稅務學,- Dr. BUTT Yiu Yu,60,38,,,Sch of Accountancy,2026-08-15T01-53-13+08-00-full-term-1,current,
2420,9764,ACCT3241,ACCT3241A,AT01,TUT,Undergraduate,E,3,Intro Python- BusAcctAnalytic,商業與會計分析的Python入門基礎,- Professor WU Fan,50,19,,,Sch of Accountancy,2026-08-15T01-53-13+08-00-full-term-1,current,
2420,7710,ACCT4001,ACCT4001A,AJ01,PRJ,Undergraduate,E,2,Cap Proj: Bus Ethics & Entrep,頂點項目：商業道德與企業研究,- Professor XU Ruoxi,30,0,,,Sch of Accountancy,2026-08-15T01-53-13+08-00-full-term-1,current,
2420,7711,ACCT4001,ACCT4001B,BJ01,PRJ,Undergraduate,E,2,Cap Proj: Bus Ethics & Entrep,頂點項目：商業道德與企業研究,- Professor XU Ruoxi,30,0,,,Sch of Accountancy,2026-08-15T01-53-13+08-00-full-term-1,current,
2420,9628,ACCT4111,ACCT4111A,A,LEC,Undergraduate,E,3,Advanced Financial Accounting,高級財務會計,- Mr. LEUNG Yiu Wing Eric,50,0,,,Sch of Accountancy,2026-08-15T01-53-13+08-00-full-term-1,current,
2420,9629,ACCT4111,ACCT4111B,B,LEC,Undergraduate,E,3,Advanced Financial Accounting,高級財務會計,- Mr. LEUNG Yiu Wing Eric,50,0,,,Sch of Accountancy,2026-08-15T01-53-13+08-00-full-term-1,current,
2420,9521,ACCT4111,ACCT4111C,C,LEC,Undergraduate,E,3,Advanced Financial Accounting,高級財務會計,- Mr. LEUNG Yiu Wing Eric,50,18,,,Sch of Accountancy,2026-08-15T01-53-13+08-00-full-term-1,current,
2420,5653,ACCT4131,ACCT4131A,A,LEC,Undergraduate,E,3,Auditing,審計學,- Professor ZHAO Meiling,53,13,,,Sch of Accountancy,2026-08-15T01-53-13+08-00-full-term-1,current,
2420,5845,ACCT4131,ACCT4131B,B,LEC,Undergraduate,E,3,Auditing,審計學,- Professor ZHAO Meiling,47,15,,,Sch of Accountancy,2026-08-15T01-53-13+08-00-full-term-1,current,
2420,9291,ACCT4131,ACCT4131C,C,LEC,Undergraduate,E,3,Auditing,審計學,- Professor ZHAO Meiling,50,43,,,Sch of Accountancy,2026-08-15T01-53-13+08-00-full-term-1,current,
2420,7079,ACCT4215,ACCT4215A,A,LEC,Undergraduate,E,3,Cont Acct Iss in Global Market,全球市場中的當代會計問題,- Mr. LEUNG Yiu Wing Eric,50,47,,,Sch of Accountancy,2026-08-15T01-53-13+08-00-full-term-1,current,
2420,9558,ACCT4244,ACCT4244A,A,LEC,Undergraduate,E,3,Blockchain Fund'tal for Acct,會計師區塊鏈基礎知識,- Professor XU Ruoxi,50,18,,,Sch of Accountancy,2026-08-15T01-53-13+08-00-full-term-1,current,
2420,7160,ACCT4262,ACCT4262A,A,LEC,Undergraduate,E,3,China Taxation,中國稅法,- Dr. GUAN Yanling,50,0,,,Sch of Accountancy,2026-08-15T01-53-13+08-00-full-term-1,current,
2420,4729,ACCT4290,ACCT4290A,AP01,PRA,Undergraduate,E,3,Pro Acct Intern,專業會計實習,- Dr. SO Lok Kan,100,100,Yes,Yes,Sch of Accountancy,2026-08-15T01-53-13+08-00-full-term-1,current,
2420,7644,AIST1000,AIST1000-,-J01,PRJ,Undergraduate,E,1,Introduction to AI & ML,人工智能與機器學習入門,- Professor XU Qiang,50,49,,,Dept of Computer Sci & Engg,2026-08-15T01-53-13+08-00-full-term-1,current,
2420,4810,AIST2010,AIST2010-,-L01,LAB,Undergraduate,E,3,Intro to Computer Music,電腦音樂導論,- Dr. CHAU Chuck Jee,50,21,,,Dept of Computer Sci & Engg,2026-08-15T01-53-13+08-00-full-term-1,current,
2420,9823,AIST3030,AIST3030-,-T01,TUT,Undergraduate,E,3,Numerical Optimization,數值優化,- Professor Farzan FARNIA,50,38,,,Dept of Computer Sci & Engg,2026-08-15T01-53-13+08-00-full-term-1,current,
2420,7215,AIST4010,AIST4010-,-T01,TUT,Undergraduate,E,3,Foundation of Applied DL,應用深度學習基礎,- Professor LI Yu,68,43,,,Dept of Computer Sci & Engg,2026-08-15T01-53-13+08-00-full-term-1,current,
2420,5095,AIST4040,AIST4040-,-T01,TUT,Undergraduate,E,3,Math Foundations of DL,深度學習的數學基礎,- Professor LIU Weiyang,60,49,,,Dept of Computer Sci & Engg,2026-08-15T01-53-13+08-00-full-term-1,current,
2420,8131,AIST4998,AIST4998A,AJ01,PRJ,Undergraduate,E,3,Final Year Project I,畢業專題研究（一）,- Professor PAN Jialin,10,8,Yes,Yes,Dept of Computer Sci & Engg,2026-08-15T01-53-13+08-00-full-term-1,current,
2420,8148,AIST4998,AIST4998AA,AAJ1,PRJ,Undergraduate,E,3,Final Year Project I,畢業專題研究（一）,- Professor YOUNG Fung Yu,10,10,Yes,Yes,Dept of Computer Sci & Engg,2026-08-15T01-53-13+08-00-full-term-1,current,
2420,6603,AIST4998,AIST4998AB,ABJ1,PRJ,Undergraduate,E,3,Final Year Project I,畢業專題研究（一）,- Professor YU Bei,10,10,Yes,Yes,Dept of Computer Sci & Engg,2026-08-15T01-53-13+08-00-full-term-1,current,
2420,6604,AIST4998,AIST4998AC,ACJ1,PRJ,Undergraduate,E,3,Final Year Project I,畢業專題研究（一）,- Dr. CHAU Chuck Jee,10,8,Yes,Yes,Dept of Computer Sci & Engg,2026-08-15T01-53-13+08-00-full-term-1,current,
2420,6218,AIST4998,AIST4998AD,ADJ1,PRJ,Undergraduate,E,3,Final Year Project I,畢業專題研究（一）,- Dr. CHEONG Chi Hong,10,10,Yes,Yes,Dept of Computer Sci & Engg,2026-08-15T01-53-13+08-00-full-term-1,current,
2420,8152,AIST4998,AIST4998AE,AEJ1,PRJ,Undergraduate,E,3,Final Year Project I,畢業專題研究（一）,- Dr. CHUI Yim Pan,10,8,Yes,Yes,Dept of Computer Sci & Engg,2026-08-15T01-53-13+08-00-full-term-1,current,
2420,8168,AIST4998,AIST4998AF,AFJ1,PRJ,Undergraduate,E,3,Final Year Project I,畢業專題研究（一）,- Dr. KAM Ho Chuen,10,10,Yes,Yes,Dept of Computer Sci & Engg,2026-08-15T01-53-13+08-00-full-term-1,current,
2420,8169,AIST4998,AIST4998AG,AGJ1,PRJ,Undergraduate,E,3,Final Year Project I,畢業專題研究（一）,- Dr. LAM King Tin,10,6,Yes,Yes,Dept of Computer Sci & Engg,2026-08-15T01-53-13+08-00-full-term-1,current,
2420,6324,AIST4998,AIST4998AH,AHJ1,PRJ,Undergraduate,E,3,Final Year Project I,畢業專題研究（一）,- Dr. LAW Yat Chiu,10,10,Yes,Yes,Dept of Computer Sci & Engg,2026-08-15T01-53-13+08-00-full-term-1,current,
2420,6230,AIST4998,AIST4998AI,AIJ1,PRJ,Undergraduate,E,3,Final Year Project I,畢業專題研究（一）,- Professor LU Songtao,10,10,Yes,Yes,Dept of Computer Sci & Engg,2026-08-15T01-53-13+08-00-full-term-1,current,
2420,8149,AIST4998,AIST4998AJ,AJJ1,PRJ,Undergraduate,E,3,Final Year Project I,畢業專題研究（一）,- Dr. SUM Kwok Wing,10,10,Yes,Yes,Dept of Computer Sci & Engg,2026-08-15T01-53-13+08-00-full-term-1,current,
2420,6211,AIST4998,AIST4998AK,AKJ1,PRJ,Undergraduate,E,3,Final Year Project I,畢業專題研究（一）,- Dr. YU Michael Ruisi,10,10,Yes,Yes,Dept of Computer Sci & Engg,2026-08-15T01-53-13+08-00-full-term-1,current,
2420,8150,AIST4998,AIST4998AL,ALJ1,PRJ,Undergraduate,E,3,Final Year Project I,畢業專題研究（一）,- Dr. TSANG Siu Chung,10,9,Yes,Yes,Dept of Computer Sci & Engg,2026-08-15T01-53-13+08-00-full-term-1,current,
2420,8170,AIST4998,AIST4998AM,AMJ1,PRJ,Undergraduate,E,3,Final Year Project I,畢業專題研究（一）,- Professor Lauren Marcelyn PICK,10,10,Yes,Yes,Dept of Computer Sci & Engg,2026-08-15T01-53-13+08-00-full-term-1,current,
2420,8175,AIST4998,AIST4998AN,ANJ1,PRJ,Undergraduate,E,3,Final Year Project I,畢業專題研究（一）,- Professor ZHANG Hanrui,10,10,Yes,Yes,Dept of Computer Sci & Engg,2026-08-15T01-53-13+08-00-full-term-1,current,
2420,8117,AIST4998,AIST4998AO,AOJ1,PRJ,Undergraduate,E,3,Final Year Project I,畢業專題研究（一）,- Professor XU Qiang,10,10,Yes,Yes,Dept of Computer Sci & Engg,2026-08-15T01-53-13+08-00-full-term-1,current,
2420,8094,AIST4998,AIST4998AP,APJ1,PRJ,Undergraduate,E,3,Final Year Project I,畢業專題研究（一）,- Professor KING Kuo Chin Irwin,10,8,Yes,Yes,Dept of Computer Sci & Engg,2026-08-15T01-53-13+08-00-full-term-1,current,
2420,8171,AIST4998,AIST4998AQ,AQJ1,PRJ,Undergraduate,E,3,Final Year Project I,畢業專題研究（一）,- Professor YUAN Yixuan,10,9,Yes,Yes,Dept of Computer Sci & Engg,2026-08-15T01-53-13+08-00-full-term-1,current,
2420,4812,AIST4998,AIST4998B,BJ01,PRJ,Undergraduate,E,3,Final Year Project I,畢業專題研究（一）,- Staff,10,10,Yes,Yes,Dept of Computer Sci & Engg,2026-08-15T01-53-13+08-00-full-term-1,current,
2420,6219,AIST4998,AIST4998C,CJ01,PRJ,Undergraduate,E,3,Final Year Project I,畢業專題研究（一）,- Professor CHENG James,10,10,Yes,Yes,Dept of Computer Sci & Engg,2026-08-15T01-53-13+08-00-full-term-1,current,
2420,8134,AIST4998,AIST4998D,DJ01,PRJ,Undergraduate,E,3,Final Year Project I,畢業專題研究（一）,- Professor DOU Qi,10,9,Yes,Yes,Dept of Computer Sci & Engg,2026-08-15T01-53-13+08-00-full-term-1,current,
2420,6209,AIST4998,AIST4998E,EJ01,PRJ,Undergraduate,E,3,Final Year Project I,畢業專題研究（一）,- Professor Farzan FARNIA,10,10,Yes,Yes,Dept of Computer Sci & Engg,2026-08-15T01-53-13+08-00-full-term-1,current,
2420,6425,AIST4998,AIST4998F,FJ01,PRJ,Undergraduate,E,3,Final Year Project I,畢業專題研究（一）,- Professor FU Chi Wing,10,10,Yes,Yes,Dept of Computer Sci & Engg,2026-08-15T01-53-13+08-00-full-term-1,current,
2420,8135,AIST4998,AIST4998G,GJ01,PRJ,Undergraduate,E,3,Final Year Project I,畢業專題研究（一）,- Professor LIANG Zhiding,10,10,Yes,Yes,Dept of Computer Sci & Engg,2026-08-15T01-53-13+08-00-full-term-1,current,
2420,8136,AIST4998,AIST4998H,HJ01,PRJ,Undergraduate,E,3,Final Year Project I,畢業專題研究（一）,- Professor HO Tsung Yi,10,9,Yes,Yes,Dept of Computer Sci & Engg,2026-08-15T01-53-13+08-00-full-term-1,current,
2420,8137,AIST4998,AIST4998I,IJ01,PRJ,Undergraduate,E,3,Final Year Project I,畢業專題研究（一）,- Professor LI Shaohua,10,8,Yes,Yes,Dept of Computer Sci & Engg,2026-08-15T01-53-13+08-00-full-term-1,current,
2420,8139,AIST4998,AIST4998J,JJ01,PRJ,Undergraduate,E,3,Final Year Project I,畢業專題研究（一）,- Professor LIU Shengchao,10,7,Yes,Yes,Dept of Computer Sci & Engg,2026-08-15T01-53-13+08-00-full-term-1,current,
2420,6322,AIST4998,AIST4998K,KJ01,PRJ,Undergraduate,E,3,Final Year Project I,畢業專題研究（一）,- Staff,10,10,Yes,Yes,Dept of Computer Sci & Engg,2026-08-15T01-53-13+08-00-full-term-1,current,
2420,8140,AIST4998,AIST4998L,LJ01,PRJ,Undergraduate,E,3,Final Year Project I,畢業專題研究（一）,- Professor LEE Pak Ching,10,10,Yes,Yes,Dept of Computer Sci & Engg,2026-08-15T01-53-13+08-00-full-term-1,current,
2420,8132,AIST4998,AIST4998M,MJ01,PRJ,Undergraduate,E,3,Final Year Project I,畢業專題研究（一）,- Dr. JIANG Yuli,10,10,Yes,Yes,Dept of Computer Sci & Engg,2026-08-15T01-53-13+08-00-full-term-1,current,
2420,8141,AIST4998,AIST4998N,NJ01,PRJ,Undergraduate,E,3,Final Year Project I,畢業專題研究（一）,- Professor LI Yu,10,10,Yes,Yes,Dept of Computer Sci & Engg,2026-08-15T01-53-13+08-00-full-term-1,current,
2420,8138,AIST4998,AIST4998O,OJ01,PRJ,Undergraduate,E,3,Final Year Project I,畢業專題研究（一）,- Professor LO Chi Lik Eric,10,10,Yes,Yes,Dept of Computer Sci & Engg,2026-08-15T01-53-13+08-00-full-term-1,current,
2420,6217,AIST4998,AIST4998P,PJ01,PRJ,Undergraduate,E,3,Final Year Project I,畢業專題研究（一）,- Professor LYU Rung Tsong Michael,10,5,Yes,Yes,Dept of Computer Sci & Engg,2026-08-15T01-53-13+08-00-full-term-1,current,
2420,8145,AIST4998,AIST4998Q,QJ01,PRJ,Undergraduate,E,3,Final Year Project I,畢業專題研究（一）,- Professor MENG Wei,10,10,Yes,Yes,Dept of Computer Sci & Engg,2026-08-15T01-53-13+08-00-full-term-1,current,
2420,8142,AIST4998,AIST4998R,RJ01,PRJ,Undergraduate,E,3,Final Year Project I,畢業專題研究（一）,- Professor SHAO Zili,10,10,Yes,Yes,Dept of Computer Sci & Engg,2026-08-15T01-53-13+08-00-full-term-1,current,
2420,8146,AIST4998,AIST4998S,SJ01,PRJ,Undergraduate,E,3,Final Year Project I,畢業專題研究（一）,- Professor TAO Yufei,10,10,Yes,Yes,Dept of Computer Sci & Engg,2026-08-15T01-53-13+08-00-full-term-1,current,
2420,8133,AIST4998,AIST4998T,TJ01,PRJ,Undergraduate,E,3,Final Year Project I,畢業專題研究（一）,- Professor LIANG Xiao,10,10,Yes,Yes,Dept of Computer Sci & Engg,2026-08-15T01-53-13+08-00-full-term-1,current,
2420,6323,AIST4998,AIST4998U,UJ01,PRJ,Undergraduate,E,3,Final Year Project I,畢業專題研究（一）,- Professor WANG Liwei,10,10,Yes,Yes,Dept of Computer Sci & Engg,2026-08-15T01-53-13+08-00-full-term-1,current,
2420,8151,AIST4998,AIST4998V,VJ01,PRJ,Undergraduate,E,3,Final Year Project I,畢業專題研究（一）,- Dr. TIAN Yusheng,10,9,Yes,Yes,Dept of Computer Sci & Engg,2026-08-15T01-53-13+08-00-full-term-1,current,
2420,8143,AIST4998,AIST4998W,WJ01,PRJ,Undergraduate,E,3,Final Year Project I,畢業專題研究（一）,- Professor LIU Weiyang,10,8,Yes,Yes,Dept of Computer Sci & Engg,2026-08-15T01-53-13+08-00-full-term-1,current,
2420,6210,AIST4998,AIST4998X,XJ01,PRJ,Undergraduate,E,3,Final Year Project I,畢業專題研究（一）,- Professor XU Hong,10,9,Yes,Yes,Dept of Computer Sci & Engg,2026-08-15T01-53-13+08-00-full-term-1,current,
2420,8144,AIST4998,AIST4998Y,YJ01,PRJ,Undergraduate,E,3,Final Year Project I,畢業專題研究（一）,- Professor WANG Zhengrong,10,10,Yes,Yes,Dept of Computer Sci & Engg,2026-08-15T01-53-13+08-00-full-term-1,current,
2420,8147,AIST4998,AIST4998Z,ZJ01,PRJ,Undergraduate,E,3,Final Year Project I,畢業專題研究（一）,- Professor YANG Ming Chang,10,10,Yes,Yes,Dept of Computer Sci & Engg,2026-08-15T01-53-13+08-00-full-term-1,current,
2420,6321,AIST4999,AIST4999-,-J01,PRJ,Undergraduate,E,3,Final Year Project II,畢業專題研究（二）,- Staff,10,10,Yes,Yes,Dept of Computer Sci & Engg,2026-08-15T01-53-13+08-00-full-term-1,current,
2420,9353,ANTH1010,ANTH1010-,-T03,TUT,Undergraduate,E,3,Humans and Culture,人類與文化,- Professor Adam Daniel LIEBMAN,12,12,,,Dept of Anthropology,2026-08-15T01-53-13+08-00-full-term-1,current,
2420,7536,ANTH1020,ANTH1020-,-T01,TUT,Undergraduate,E,3,Anth: The Study of Global Huma,人類學：環球人類研究,- Professor CHENG Sea Ling,80,76,,,Dept of Anthropology,2026-08-15T01-53-13+08-00-full-term-1,current,
2420,9345,ANTH1100,ANTH1100-,-T01,TUT,Undergraduate,E,3,Understanding Anthropology,認識人類學,- Staff,40,38,,,Dept of Anthropology,2026-08-15T01-53-13+08-00-full-term-1,current,
2420,9086,ANTH1410,ANTH1410-,-T03,TUT,Undergraduate,C&E&P,3,Culture of Hong Kong,香港的文化,- Dr. TANG Wai Man,30,30,,,Dept of Anthropology,2026-08-15T01-53-13+08-00-full-term-1,current,
2420,7538,ANTH2110,ANTH2110-,-T03,TUT,Undergraduate,E,3,History of Anth Theory,人類學理論歷史,- Dr. Tim ROSENKRANZ,20,20,,,Dept of Anthropology,2026-08-15T01-53-13+08-00-full-term-1,current,
2420,9513,ANTH2350,ANTH2350-,-T04,TUT,Undergraduate,E,3,Meanings of Life,生活的意義,- Professor Gordon Clark MATHEWS,15,15,,,Dept of Anthropology,2026-08-15T01-53-13+08-00-full-term-1,current,
2420,7161,ANTH2360,ANTH2360-,-T02,TUT,Undergraduate,E,3,Ethics and Experience,倫理與人類體驗,- Professor KUAN Teresa,10,7,,,Dept of Anthropology,2026-08-15T01-53-13+08-00-full-term-1,current,
2420,9504,ANTH2370,ANTH2370-,-T02,TUT,Undergraduate,C,3,Intangible Heritage in HK,香港的非物質文化遺產,- Professor CHEUNG Chin Hung Sidney,12,9,,,Dept of Anthropology,2026-08-15T01-53-13+08-00-full-term-1,current,
2420,5215,ANTH2403,ANTH2403-,-T01,TUT,Undergraduate,E,3,Topics in Ethnography III,民族誌專題（三）,- Professor Aaron Jeffrey HAMES,20,18,,,Dept of Anthropology,2026-08-15T01-53-13+08-00-full-term-1,current,
2420,7540,ANTH2420,ANTH2420-,-T01,TUT,Undergraduate,E,3,Culture and Modernity in China,中國的文化及現代性,- Staff,20,18,,,Dept of Anthropology,2026-08-15T01-53-13+08-00-full-term-1,current,
2420,5142,ANTH2550,ANTH2550-,-T02,TUT,Undergraduate,E,3,Working Cultures,工作文化 - 認識廿十一世紀的,- Dr. Tim ROSENKRANZ,7,7,,,Dept of Anthropology,2026-08-15T01-53-13+08-00-full-term-1,current,
2420,9704,ANTH2710,ANTH2710-,-T01,TUT,Undergraduate,C,3,Archaeology of China,中國考古學,- Professor WONG Wai Yee,30,26,,,Dept of Anthropology,2026-08-15T01-53-13+08-00-full-term-1,current,
2420,5139,ANTH2720,ANTH2720-,-T02,TUT,Undergraduate,C,3,Archaeology of Hong Kong,香港考古學,- Professor WONG Wai Yee,15,13,,,Dept of Anthropology,2026-08-15T01-53-13+08-00-full-term-1,current,
2420,7561,ANTH2810,ANTH2810-,-T01,TUT,Undergraduate,E,3,Human Evolution,人類的演化,- Staff,20,18,,,Dept of Anthropology,2026-08-15T01-53-13+08-00-full-term-1,current,
2420,5286,ANTH3321,ANTH3321-,-T01,TUT,Undergraduate,E,3,Topics in Anthropology I,人類學專題（一）,- Professor TAM Man Kei,20,18,,,Dept of Anthropology,2026-08-15T01-53-13+08-00-full-term-1,current,
2420,4736,ANTH3323,ANTH3323A,AT01,TUT,Undergraduate,E,3,Topics in Anthropology III,人類學專題（三）,- Professor Francesco VECCHIO,25,18,,,Dept of Anthropology,2026-08-15T01-53-13+08-00-full-term-1,current,
2420,4734,ANTH3323,ANTH3323B,BT01,TUT,Undergraduate,C,3,Topics in Anthropology III,人類學專題（三）,- Professor LAM Weng Cheong,20,5,,,Dept of Anthropology,2026-08-15T01-53-13+08-00-full-term-1,current,
2420,8445,ANTH3350,ANTH3350-,-T01,TUT,Undergraduate,C,3,Food and Culture,飲食與文化,- Professor CHEUNG Chin Hung Sidney,25,18,,,Dept of Anthropology,2026-08-15T01-53-13+08-00-full-term-1,current,
2420,6523,ANTH4300,ANTH4300-,-J01,PRJ,Undergraduate,E,3,Field Project I,人類學田野研究（一）,- Dr. TANG Wai Man,50,49,Yes,Yes,Dept of Anthropology,2026-08-15T01-53-13+08-00-full-term-1,current,
2420,6524,ANTH4301,ANTH4301-,-J01,PRJ,Undergraduate,E,3,Field Project II,人類學田野研究（二）,- Dr. TANG Wai Man,30,30,Yes,Yes,Dept of Anthropology,2026-08-15T01-53-13+08-00-full-term-1,current,
2420,5040,ANTH4321,ANTH4321-,-T01,TUT,Undergraduate,E,3,Topics in Anthropology,人類學專題,- Staff,30,16,,,Dept of Anthropology,2026-08-15T01-53-13+08-00-full-term-1,current,
2420,9459,ARAB1000,ARAB1000A,AC01,CLW,Undergraduate,A&E,3,Arabic I,阿拉伯語（一）,- Mr. Ammar SALEH,28,26,,,Dept of Linguistics & Mod Lang,2026-08-15T01-53-13+08-00-full-term-1,current,
2420,5638,ARAB1000,ARAB1000B,BC01,CLW,Undergraduate,A&E,3,Arabic I,阿拉伯語（一）,- Mr. Ammar SALEH,28,26,,,Dept of Linguistics & Mod Lang,2026-08-15T01-53-13+08-00-full-term-1,current,
2420,8750,ARCH2111,ARCH2111A,AU01,STD,Undergraduate,E,5,Intro to Arch Design I,建築設計導論（一）,- Dr. Pedram GHELICHI,20,8,Yes,Yes,Sch of Architecture,2026-08-15T01-53-13+08-00-full-term-1,current,
2420,8760,ARCH2111,ARCH2111B,BU01,STD,Undergraduate,E,5,Intro to Arch Design I,建築設計導論（一）,- Dr. XU Liang,20,8,Yes,Yes,Sch of Architecture,2026-08-15T01-53-13+08-00-full-term-1,current,
2420,8764,ARCH2111,ARCH2111C,CU01,STD,Undergraduate,E,5,Intro to Arch Design I,建築設計導論（一）,- Miss Caroline Barbara WUETHRICH,20,9,Yes,Yes,Sch of Architecture,2026-08-15T01-53-13+08-00-full-term-1,current,
2420,8751,ARCH2111,ARCH2111D,DU01,STD,Undergraduate,E,5,Intro to Arch Design I,建築設計導論（一）,- Staff,20,20,Yes,Yes,Sch of Architecture,2026-08-15T01-53-13+08-00-full-term-1,current,
2420,6965,ARCH2222,ARCH2222-,-,LEC,Undergraduate,E,3,Digital Media,數碼媒體,- Mr. FINGRUT Adam,70,37,Yes,Yes,Sch of Architecture,2026-08-15T01-53-13+08-00-full-term-1,current,
2420,9202,ARCH2322,ARCH2322-,-,LEC,Undergraduate,E,3,Cultural Contexts I,文化脈絡（一）,- Professor Adam Jasper SMITH,70,38,Yes,Yes,Sch of Architecture,2026-08-15T01-53-13+08-00-full-term-1,current,
2420,8762,ARCH3113,ARCH3113A,AU01,STD,Undergraduate,E,5,Architectural Design Studio I,建築設計工作室（一）,- Professor SHINOHARA Hiroyuki,20,8,Yes,Yes,Sch of Architecture,2026-08-15T01-53-13+08-00-full-term-1,current,
2420,8768,ARCH3113,ARCH3113B,BU01,STD,Undergraduate,E,5,Architectural Design Studio I,建築設計工作室（一）,- Miss KO Kar Yeung Rina,20,8,Yes,Yes,Sch of Architecture,2026-08-15T01-53-13+08-00-full-term-1,current,
2420,8771,ARCH3113,ARCH3113C,CU01,STD,Undergraduate,E,5,Architectural Design Studio I,建築設計工作室（一）,- Mr. FINGRUT Adam,20,9,Yes,Yes,Sch of Architecture,2026-08-15T01-53-13+08-00-full-term-1,current,
2420,8256,ARCH3321,ARCH3321-,-T04,TUT,Undergraduate,E,3,Arch and Global Culture,建築學與全球文化,- Professor Adam Jasper SMITH,20,12,Yes,Yes,Sch of Architecture,2026-08-15T01-53-13+08-00-full-term-1,current,
2420,8769,ARCH4115,ARCH4115A,AU01,STD,Undergraduate,E,5,Arch Design Studio III,建築設計工作室（三）,- Professor MA Kit Yi,20,20,Yes,Yes,Sch of Architecture,2026-08-15T01-53-13+08-00-full-term-1,current,
2420,8778,ARCH4115,ARCH4115B,BU01,STD,Undergraduate,E,5,Arch Design Studio III,建築設計工作室（三）,- Dr. HAN Man,20,20,Yes,Yes,Sch of Architecture,2026-08-15T01-53-13+08-00-full-term-1,current,
2420,5135,ARCH4115,ARCH4115C,CU01,STD,Undergraduate,E,5,Arch Design Studio III,建築設計工作室（三）,- Professor WANG Zhenfei,20,20,Yes,Yes,Sch of Architecture,2026-08-15T01-53-13+08-00-full-term-1,current,
2420,8770,ARCH4115,ARCH4115D,DU01,STD,Undergraduate,E,5,Arch Design Studio III,建築設計工作室（三）,- Mr. SHINJI Wataru,20,20,Yes,Yes,Sch of Architecture,2026-08-15T01-53-13+08-00-full-term-1,current,
2420,5093,ARCH4131,ARCH4131A,A,LEC,Undergraduate,E,3,Topical Stud in Design Theory,設計理論專題研究,- Professor ZHANG Lily Jing,16,0,,,Sch of Architecture,2026-08-15T01-53-13+08-00-full-term-1,current,
2420,5092,ARCH4331,ARCH4331A,A,LEC,Undergraduate,E,3,Topical Std in History Theory,歷史理論及批評專題研究,- Professor YIU Hoi Lam Melody,16,0,,,Sch of Architecture,2026-08-15T01-53-13+08-00-full-term-1,current,
2420,5424,ARCH4425,ARCH4425-,-,LEC,Undergraduate,E,3,Building Systems Integration,建築技術綜合設計,- Mr. CHOW Kelly Chi Wai,70,28,Yes,Yes,Sch of Architecture,2026-08-15T01-53-13+08-00-full-term-1,current,
2420,5134,ARCH4431,ARCH4431A,A,LEC,Undergraduate,E,3,Top Studies in Bldg Technology,建築技術專題研究,- Professor WANG Shuaizhong,37,0,Yes,,Sch of Architecture,2026-08-15T01-53-13+08-00-full-term-1,current,
2420,7715,ASEI3010,ASEI3010-,-T01,TUT,Undergraduate,E,3,Rocket and Spacecraft Dynamics,火箭和航天器動力學,- Dr. YIM Shing Yik,50,37,,,ASEIN & X Double Major PC,2026-08-15T01-53-13+08-00-full-term-1,current,
2420,5070,ASEI3020,ASEI3020-,-T01,TUT,Undergraduate,E,3,Earth & Space Sensor Systems,地球與太空觀測傳感器系統,- Professor WU Zherong,50,38,,,ASEIN & X Double Major PC,2026-08-15T01-53-13+08-00-full-term-1,current,
2420,5407,BCHE2030,BCHE2030-,-,LEC,Undergraduate,E,3,Fundamentals of Biochemistry,基礎生物化學,- Professor AU Wing Ngor Shannon - Professor LAU Kwok Fai,300,169,,,Biochemistry Pgm Comm,2026-08-15T01-53-13+08-00-full-term-1,current,
2420,8089,BCHE2070,BCHE2070-,-J01,PRJ,Undergraduate,E,2,Research Internship,研究實習,- Professor CHAN Ting Fung Philos,30,30,Yes,Yes,Biochemistry Pgm Comm,2026-08-15T01-53-13+08-00-full-term-1,current,
2420,6699,BCHE3030,BCHE3030-,-,LEC,Undergraduate,E,3,Methods in Biochemistry,生物化學方法,- Professor AU Wing Ngor Shannon - Professor CHEN Sijie - Professor NGO Chi Ki Jacky,127,41,,,Biochemistry Pgm Comm,2026-08-15T01-53-13+08-00-full-term-1,current,
2420,5464,BCHE3092,BCHE3092A,AS01,SEM,Undergraduate,E,3,Self-study Modules in BCH & Dv,生物化學自學單元及專業發展,- Professor AU Wing Ngor Shannon,8,5,,,Biochemistry Pgm Comm,2026-08-15T01-53-13+08-00-full-term-1,current,
2420,6700,BCHE3092,BCHE3092B,BS01,SEM,Undergraduate,E,3,Self-study Modules in BCH & Dv,生物化學自學單元及專業發展,- Professor AU Wing Ngor Shannon - Professor CHEN Zhefan,8,7,,,Biochemistry Pgm Comm,2026-08-15T01-53-13+08-00-full-term-1,current,
2420,5465,BCHE3092,BCHE3092C,CS01,SEM,Undergraduate,E,3,Self-study Modules in BCH & Dv,生物化學自學單元及專業發展,- Professor AU Wing Ngor Shannon - Professor CHAN Ting Fung Philos,8,7,,,Biochemistry Pgm Comm,2026-08-15T01-53-13+08-00-full-term-1,current,
2420,5466,BCHE3092,BCHE3092D,DS01,SEM,Undergraduate,E,3,Self-study Modules in BCH & Dv,生物化學自學單元及專業發展,- Dr. LO Fai Hang - Professor AU Wing Ngor Shannon,8,8,,,Biochemistry Pgm Comm,2026-08-15T01-53-13+08-00-full-term-1,current,
2420,5467,BCHE3092,BCHE3092E,ES01,SEM,Undergraduate,E,3,Self-study Modules in BCH & Dv,生物化學自學單元及專業發展,- Professor AU Wing Ngor Shannon - Professor NGO Chi Ki Jacky,8,6,,,Biochemistry Pgm Comm,2026-08-15T01-53-13+08-00-full-term-1,current,
2420,5468,BCHE3092,BCHE3092F,FS01,SEM,Undergraduate,E,3,Self-study Modules in BCH & Dv,生物化學自學單元及專業發展,- Dr. NGAI Hung Kui - Professor AU Wing Ngor Shannon,8,8,,,Biochemistry Pgm Comm,2026-08-15T01-53-13+08-00-full-term-1,current,
2420,5469,BCHE3092,BCHE3092G,GS01,SEM,Undergraduate,E,3,Self-study Modules in BCH & Dv,生物化學自學單元及專業發展,- Professor AU Wing Ngor Shannon,8,8,,,Biochemistry Pgm Comm,2026-08-15T01-53-13+08-00-full-term-1,current,
2420,8732,BCHE3730,BCHE3730-,-L01,LAB,Undergraduate,E,2,Analytical Biochemistry Lab,分析生物化學實驗,- Dr. NGAI Hung Kui,40,0,,,Biochemistry Pgm Comm,2026-08-15T01-53-13+08-00-full-term-1,current,
2420,6701,BCHE4040,BCHE4040-,-,LEC,Undergraduate,E,3,Aspects of Neuroscience,神經科學概論,- Professor CHEN Zhefan - Professor LAU Kwok Fai,70,50,,,Biochemistry Pgm Comm,2026-08-15T01-53-13+08-00-full-term-1,current,
2420,5408,BCHE4060,BCHE4060-,-,LEC,Undergraduate,E,3,Basic & Applied Immunology,基礎及應用免疫學,- Dr. KOON Chun Alex - Professor KONG Siu Kai,70,38,,,Biochemistry Pgm Comm,2026-08-15T01-53-13+08-00-full-term-1,current,
2420,8700,BCHE4080,BCHE4080-,-,LEC,Undergraduate,E,2,Biochem for Forensic Sciences,生物化學鑑證,- Dr. LAM Yiu Man - Professor LAU Kwok Fai - Professor SHAW Pang Chui,50,25,,,Biochemistry Pgm Comm,2026-08-15T01-53-13+08-00-full-term-1,current,
2420,8691,BCHE4760,BCHE4760-,-L01,LAB,Undergraduate,E,2,Immunology and Haematology Lab,免疫學及血液學實驗,- Dr. LO Fai Hang,25,0,,,Biochemistry Pgm Comm,2026-08-15T01-53-13+08-00-full-term-1,current,
2420,7055,BCHE4902,BCHE4902-,-J01,PRJ,Undergraduate,E,2,Senior Experimental Proj II,實驗專題討論（二）,- Professor CHAN Ho Yin Edwin - Professor CHAN Ting Fung Philos - Professor KWAN Kin Ming - Professor LAM Hon Ming - Professor LAU Kwok Fai - Professor LI Cheng - Professor LUO Haiwei - Professor NGO Chi Ki Jacky - Professor TSUI Tsz Ki Martin -,70,50,Yes,Yes,Biochemistry Pgm Comm,2026-08-15T01-53-13+08-00-full-term-1,current,
2420,6001,BCME1206,BCME1206-,-T01,TUT,Undergraduate,P&C,4,Basic Theory of Chi Med,中醫基礎理論,- Dr. CHAN Sze Nga - Miss CHU Oi Yu - Mr. LU Guoan - Professor JIANG Yuanan,50,50,Yes,Yes,Sch of Chinese Medicine,2026-08-15T01-53-13+08-00-full-term-1,current,
2420,5583,BCME1403,BCME1403-,-,LEC,Undergraduate,C&E,4,Anatomy,解剖學,- Dr. CHEUNG Wing Shing David - Dr. POON Hong Kit - Dr. Robert George JESKY - Dr. TANG Mei Kuen - Dr. WAI Sen Mun - Dr. WONG Wai Kai - Professor JIANG Xiaohua,50,14,Yes,Yes,Sch of Chinese Medicine,2026-08-15T01-53-13+08-00-full-term-1,current,
2420,7131,BCME1600,BCME1600-,-P01,PRA,Undergraduate,C&E,2,Fundamental Physiology I,基礎生理學（一）,- Dr. CHEUNG Wing Shing David - Dr. HWANG Shui Shan Isabel - Dr. KEE Francis - Dr. SEE Christopher Yew Hong - Dr. WONG Pui Man Molly - Professor LAM Fu Yuen,50,16,Yes,Yes,Sch of Chinese Medicine,2026-08-15T01-53-13+08-00-full-term-1,current,
2420,5986,BCME2103,BCME2103-,-,LEC,Undergraduate,C,5,Funda in Chi Materia Medica,基礎中藥學,- Dr. LAU Tai Wai David - Dr. SO Tsz Ho - Miss CHU Oi Yu - Mr. LU Guoan - Professor XIAN Yanfang,50,16,Yes,Yes,Sch of Chinese Medicine,2026-08-15T01-53-13+08-00-full-term-1,current,
2420,7132,BCME2107,BCME2107-,-,LEC,Undergraduate,C&E,4,Introduction to Diseases I,西醫臨床學科I,- Professor KANG Wei - Professor TSE Man Kit Gary,50,25,Yes,Yes,Sch of Chinese Medicine,2026-08-15T01-53-13+08-00-full-term-1,current,
2420,6961,BCME2202,BCME2202-,-,LEC,Undergraduate,P&C,3,Chi Med Classic-Shang-Han-Lun,傷寒論選讀,- Dr. MOK Tik Lun - Mr. LU Guoan - Professor JIANG Yuanan,50,25,Yes,Yes,Sch of Chinese Medicine,2026-08-15T01-53-13+08-00-full-term-1,current,
2420,5413,BCME2209,BCME2209-,-,LEC,Undergraduate,C&E,4,Intro to West Med Practice I,西醫診治方法原理(一),- Professor DAO Man Chi - Professor TSE Sut Yee - Professor WAI Heung On Jonathan - Professor WONG Chi Lung - Professor WONG Tsz Kau,35,8,Yes,Yes,Sch of Chinese Medicine,2026-08-15T01-53-13+08-00-full-term-1,current,
2420,6055,BCME2401,BCME2401-,-,LEC,Undergraduate,P&C,1,Clinical Training I,臨牀見習（一）,- Dr. HUA Heyu - Miss HUNG Hing Yu,60,26,Yes,Yes,Sch of Chinese Medicine,2026-08-15T01-53-13+08-00-full-term-1,current,
2420,6152,BCME2402,BCME2402-,-,LEC,Undergraduate,P&C,1,Clinical Training II,臨牀見習（二）,- Dr. HUA Heyu - Miss HUNG Hing Yu,60,35,Yes,Yes,Sch of Chinese Medicine,2026-08-15T01-53-13+08-00-full-term-1,current,
2420,6054,BCME2403,BCME2403-,-,LEC,Undergraduate,P&C,1,Clinical Training III,臨牀見習（三）,- Dr. HUA Heyu - Miss HUNG Hing Yu,60,33,Yes,Yes,Sch of Chinese Medicine,2026-08-15T01-53-13+08-00-full-term-1,current,
2420,6053,BCME2405,BCME2405-,-,LEC,Undergraduate,P&C,1,Clinical Training V,臨牀見習（五）,- Dr. HUA Heyu - Miss HUNG Hing Yu,60,41,Yes,Yes,Sch of Chinese Medicine,2026-08-15T01-53-13+08-00-full-term-1,current,
2420,6986,BCME3102,BCME3102-,-,LEC,Undergraduate,P&C,4,Internal Medicine I,中醫內科學（一）,- Dr. HUA Heyu - Dr. LIONG Ching - Professor ZHANG Baoting,26,1,Yes,Yes,Sch of Chinese Medicine,2026-08-15T01-53-13+08-00-full-term-1,current,
2420,5410,BCME3103,BCME3103-,-,LEC,Undergraduate,P&C,3,Specialties in CM: Feb Dise,溫病學說,- Dr. HUA Heyu - Dr. LIONG Ching,30,11,Yes,Yes,Sch of Chinese Medicine,2026-08-15T01-53-13+08-00-full-term-1,current,
2420,5411,BCME3106,BCME3106-,-P01,PRA,Undergraduate,P&C,4,Acupuncture,針灸科,- Miss HUNG Hing Yu - Professor WANG Qian,50,25,Yes,Yes,Sch of Chinese Medicine,2026-08-15T01-53-13+08-00-full-term-1,current,
2420,8851,BCME3108,BCME3108-,-,LEC,Undergraduate,P&C,2,Massage Therapy in Chi Med,推拿學,- Dr. TSOI Yan Wang - Miss HUNG Hing Yu - Professor ZHANG Jianguo,50,23,Yes,Yes,Sch of Chinese Medicine,2026-08-15T01-53-13+08-00-full-term-1,current,
2420,5412,BCME3110,BCME3110-,-,LEC,Undergraduate,P&C,3,Surgery and Topical Diseases,中醫外科學,- Dr. CHUANG Fong Fei - Professor FU Wenshu,50,23,Yes,Yes,Sch of Chinese Medicine,2026-08-15T01-53-13+08-00-full-term-1,current,
2420,7133,BCME3208,BCME3208-,-,LEC,Undergraduate,C&E,1,Hong Kong Medical System,香港醫療制度,- Dr. CHAN Kam Leung - Dr. CHAN Sze Nga - Dr. TSOI Yan Wang - Professor HO Fat Yee - Professor WONG Tak Yu Louisa,50,31,Yes,Yes,Sch of Chinese Medicine,2026-08-15T01-53-13+08-00-full-term-1,current,
2420,8663,BCME4103,BCME4103-,-,LEC,Undergraduate,P&C,12,Clinical Study II,臨牀實習（二）,- Dr ZHANG Hongwei - Dr. CHAN Kam Leung - Dr. HUA Heyu - Mr. LU Guoan,60,34,Yes,Yes,Sch of Chinese Medicine,2026-08-15T01-53-13+08-00-full-term-1,current,
2420,5425,BCME4107,BCME4107-,-,LEC,Undergraduate,C&E,4,Ent and Ophthalmology,五官科,- Dr. CHUANG Fong Fei - Dr. MOK Tik Lun - Professor CHANG Wai Tsz,30,11,Yes,Yes,Sch of Chinese Medicine,2026-08-15T01-53-13+08-00-full-term-1,current,
2420,5426,BCME4108,BCME4108-,-T01,TUT,Undergraduate,P&C,3,Paediatrics,兒科學,- Dr. HUA Heyu - Dr. MOK Tik Lun - Professor MIAO Jiang Xia,30,11,Yes,Yes,Sch of Chinese Medicine,2026-08-15T01-53-13+08-00-full-term-1,current,
2420,9198,BCME4109,BCME4109-,-,LEC,Undergraduate,C,3,Different Schools of Chi Med,中醫學術流派,- Dr. LAU Chiu King Martin - Dr. MOK Tik Lun - Dr. SO Tsz Ho - Miss CHU Oi Yu,50,23,Yes,Yes,Sch of Chinese Medicine,2026-08-15T01-53-13+08-00-full-term-1,current,
2420,6067,BCME4200,BCME4200-,-J01,PRJ,Undergraduate,P&C,3,Research Methodologies in CM,中醫學研究方法,- Dr ZHANG Hongwei - Dr. CHAN Kam Leung - Dr. HUA Heyu - Dr. LIN Wai Ling - Dr. LIONG Ching - Dr. MOK Tik Lun - Dr. TSOI Yan Wang - Miss HUNG Hing Yu - Mr. LU Guoan - Professor CHUNG Kiu Lam - Professor JIANG Yuanan - Professor LIN Zhixiu - P,50,32,Yes,Yes,Sch of Chinese Medicine,2026-08-15T01-53-13+08-00-full-term-1,current,
2420,8962,BECE2110,BECE2110-,-,LEC,Undergraduate,E,3,Prin of CI Design for ECE,幼兒教育教學設計的原則,- Miss LEUNG Ai Kei Annie,35,35,,Yes,BA(ECE) Pgm Comm,2026-08-15T01-53-13+08-00-full-term-1,current,
2420,9802,BECE2210,BECE2210-,-,LEC,Undergraduate,E,3,Foundations of Education,教育基礎,- Dr. LAM LAI Sin Ting,40,39,,Yes,BA(ECE) Pgm Comm,2026-08-15T01-53-13+08-00-full-term-1,current,
2420,9356,BECE2310,BECE2310-,-,LEC,Undergraduate,E,3,Psycho Develop of Young Child,幼兒心理發展,- Professor WONG Tracy Ka Yee,35,35,,Yes,BA(ECE) Pgm Comm,2026-08-15T01-53-13+08-00-full-term-1,current,
2420,8419,BECE2330,BECE2330-,-,LEC,Undergraduate,E,3,Phys & Motor Develop of Child,幼兒身體與動作技能發展,- Dr. CHAN Hoi Sze Cecilia,35,12,,Yes,BA(ECE) Pgm Comm,2026-08-15T01-53-13+08-00-full-term-1,current,
2420,8353,BECE2510,BECE2510-,-,LEC,Undergraduate,C&E,3,"Health,Nutrit'nSafe for Child",幼兒健康、營養與安全,- Mr CHEUNG Chi Leung,30,7,,Yes,BA(ECE) Pgm Comm,2026-08-15T01-53-13+08-00-full-term-1,current,
2420,8638,BECE3110,BECE3110-,-,LEC,Undergraduate,C&E,3,Classroom Comm for EC Teachers,幼兒教師的課室溝通,- Staff,35,31,,Yes,BA(ECE) Pgm Comm,2026-08-15T01-53-13+08-00-full-term-1,current,
2420,8476,BECE3160,BECE3160-,-,LEC,Undergraduate,C&E,3,Advances in Curr Study in ECE,進階幼兒教育課程學,- Miss SO Yan Yi,40,25,,Yes,BA(ECE) Pgm Comm,2026-08-15T01-53-13+08-00-full-term-1,current,
2420,8427,BECE3220,BECE3220-,-,LEC,Undergraduate,C&E,3,Multicultural Early Years Edu,香港多元文化學前教育,- Staff,30,30,,Yes,BA(ECE) Pgm Comm,2026-08-15T01-53-13+08-00-full-term-1,current,
2420,7135,BECE4020,BECE4020-,-F01,FLD,Undergraduate,C&E,5,Teaching Practice II,教學實踐（二）,- Professor LEUNG Kit Ying Suzannie,30,8,,Yes,BA(ECE) Pgm Comm,2026-08-15T01-53-13+08-00-full-term-1,current,
2420,6100,BEHM4000,BEHM4000-,-P01,PRA,Undergraduate,C&E,1,Internship,實習,- Professor WONG Wing Tak Jack,30,16,Yes,Yes,"Biotech, Entrep&Healthc Mgt PC",2026-08-15T01-53-13+08-00-full-term-1,current,
2420,6369,BEHM4001,BEHM4001-,-M01,TMC,Undergraduate,C&E,3,Capstone Project I,總結項目(一),- Professor WONG Wing Tak Jack,30,12,Yes,Yes,"Biotech, Entrep&Healthc Mgt PC",2026-08-15T01-53-13+08-00-full-term-1,current,
2420,6101,BEHM4002,BEHM4002-,-T01,TUT,Undergraduate,C&E,3,Capstone Project II,總結項目(二),- Professor WONG Wing Tak Jack,30,22,Yes,Yes,"Biotech, Entrep&Healthc Mgt PC",2026-08-15T01-53-13+08-00-full-term-1,current,
2420,5849,BIOL2120,BIOL2120-,-,LEC,Undergraduate,E,3,Cell Biology,細胞生物學,- Dr. CHIU Chi Ming Lawrence,300,109,,,Biology Pgm Comm,2026-08-15T01-53-13+08-00-full-term-1,current,
2420,8852,BIOL3012,BIOL3012A,AL01,LAB,Undergraduate,E,2,Biodiversity Laboratory I,生物多樣性實驗（一）,- Miss YAM Kwan Mei,26,20,,,Biology Pgm Comm,2026-08-15T01-53-13+08-00-full-term-1,current,
2420,9018,BIOL3012,BIOL3012B,BL01,LAB,Undergraduate,E,2,Biodiversity Laboratory I,生物多樣性實驗（一）,- Miss YAM Kwan Mei,26,16,,,Biology Pgm Comm,2026-08-15T01-53-13+08-00-full-term-1,current,
2420,5428,BIOL3410,BIOL3410-,-,LEC,Undergraduate,E,3,General Microbiology,普通微生物學,- Professor LUO Haiwei,130,68,,,Biology Pgm Comm,2026-08-15T01-53-13+08-00-full-term-1,current,
2420,6997,BIOL3510,BIOL3510-,-,LEC,Undergraduate,E,2,Palaeobiology,古生物學,- Professor Michael David PITTMAN,50,24,,,Biology Pgm Comm,2026-08-15T01-53-13+08-00-full-term-1,current,
2420,7358,BIOL3560,BIOL3560-,-,LEC,Undergraduate,E,2,Biol Fungi & Non-Vasc Plants,真菌及非維管束植物生物學,- Professor ZHONG Silin - Professor ZHUANG Xiaohong,60,9,,,Biology Pgm Comm,2026-08-15T01-53-13+08-00-full-term-1,current,
2420,5429,BIOL3610,BIOL3610-,-,LEC,Undergraduate,E,2,Invertebrate Form & Function,無脊椎動物型態及功能,- Professor HUI Jerome Ho Lam,81,31,,,Biology Pgm Comm,2026-08-15T01-53-13+08-00-full-term-1,current,
2420,7468,BIOL3630,BIOL3630-,-,LEC,Undergraduate,E,3,Animal Physiology,動物生理學,- Miss YAM Kwan Mei,50,14,,,Biology Pgm Comm,2026-08-15T01-53-13+08-00-full-term-1,current,
2420,5554,BIOL3710,BIOL3710-,-,LEC,Undergraduate,E,3,Marine Biology,海洋生物學,- Professor CHUI Pui Yi - Professor TSANG Ling Ming,82,61,,,Biology Pgm Comm,2026-08-15T01-53-13+08-00-full-term-1,current,
2420,9546,BIOL4010,BIOL4010-,-,LEC,Undergraduate,E,3,Evolutionary Biology,演化生物學,- Professor Michael David PITTMAN,63,7,,,Biology Pgm Comm,2026-08-15T01-53-13+08-00-full-term-1,current,
2420,8853,BIOL4012,BIOL4012-,-L01,LAB,Undergraduate,E,2,Field & Environmental Biology,野外考察及環境生物學,- Dr. LAW Man Suet Michelle,40,6,,,Biology Pgm Comm,2026-08-15T01-53-13+08-00-full-term-1,current,
2420,7469,BIOL4120,BIOL4120-,-,LEC,Undergraduate,E,3,Developmental Biology,發育生物學,- Professor KWAN Kin Ming,40,21,,,Biology Pgm Comm,2026-08-15T01-53-13+08-00-full-term-1,current,
2420,9706,BIOL4230,BIOL4230-,-,LEC,Undergraduate,E,3,Global Change Biology,全球變化生物學,- Professor Shelby Eileen MC SHARRY MC ILROY,60,52,,,Biology Pgm Comm,2026-08-15T01-53-13+08-00-full-term-1,current,
2420,5848,BIOL4240,BIOL4240-,-,LEC,Undergraduate,E,3,Environmental Impact Assessmen,環境影響評估,- Dr. LAW Man Suet Michelle,35,35,,,Biology Pgm Comm,2026-08-15T01-53-13+08-00-full-term-1,current,
2420,9460,BIOL4242,BIOL4242-,-L01,LAB,Undergraduate,E,2,Environ Impact Assessmt Lab,環境影響評估實驗,- Dr. LAW Man Suet Michelle,15,15,,,Biology Pgm Comm,2026-08-15T01-53-13+08-00-full-term-1,current,
2420,7765,BIOL4610,BIOL4610-,-,LEC,Undergraduate,E,3,Foundation Sec Sch Biol Teach,中學生物教學基礎課程,- Dr. KOON Chun Alex - Miss YAM Kwan Mei - Professor CHAN Ho Yin Edwin - Professor HUI Jerome Ho Lam - Professor KANG Byung Ho - Professor LAU Kwok Chi - Professor NGO Chi Ki Jacky - Professor ZHUANG Xiaohong,50,0,,,Biology Pgm Comm,2026-08-15T01-53-13+08-00-full-term-1,current,
2420,7061,BIOL4902,BIOL4902-,-J01,PRJ,Undergraduate,E,2,Senior Experimental Project II,實驗專題討論（二）,- Professor AU Wing Ngor Shannon - Professor CHAN Ting Fung Philos - Professor CHEN Sijie - Professor CHUI Pui Yi - Professor HUI Jerome Ho Lam - Professor LI Cheng - Professor LUO Haiwei - Professor Michael David PITTMAN - Professor TSANG Ling M,20,5,Yes,Yes,Biology Pgm Comm,2026-08-15T01-53-13+08-00-full-term-1,current,
2420,6525,BIOL4906,BIOL4906-,-J01,PRJ,Undergraduate,E,2,Internship,專題實習,- Dr. CHIU Chi Ming Lawrence,20,9,Yes,Yes,Biology Pgm Comm,2026-08-15T01-53-13+08-00-full-term-1,current,
2420,7760,BMBL1001,BMBL1001-,-T01,TUT,Undergraduate,E,3,Intro to Sign Lang and Bimodal,手語與雙渠道雙語概論,- Professor TANG Wai Lan Gladys,50,44,,,Dept of Linguistics & Mod Lang,2026-08-15T01-53-13+08-00-full-term-1,current,
2420,7762,BMBL2001,BMBL2001-,-T01,TUT,Undergraduate,E,3,Sign Linguistics I: Phonetics,手語語言學（一）：語音學與音系學,- Professor David Philip THIERFELDER,50,48,,,Dept of Linguistics & Mod Lang,2026-08-15T01-53-13+08-00-full-term-1,current,
2420,7772,BMBL2003,BMBL2003-,-T01,TUT,Undergraduate,E,3,"Sign Linguistics III: Syntax,",手語語言學（三）：句法學、語義學與語用學,- Dr. LI Jieqiong,50,32,,,Dept of Linguistics & Mod Lang,2026-08-15T01-53-13+08-00-full-term-1,current,
2420,7774,BMBL2004,BMBL2004-,-T01,TUT,Undergraduate,E,3,Language Acquisition of Deaf C,聾童語言獲得,- Dr. LI Jieqiong,50,33,,,Dept of Linguistics & Mod Lang,2026-08-15T01-53-13+08-00-full-term-1,current,
2420,7776,BMBL3002,BMBL3002-,-T01,TUT,Undergraduate,E,3,Intro to SL Interpreting,手語傳譯概論,- Miss FUNG Hiu Man Cat,50,34,,,Dept of Linguistics & Mod Lang,2026-08-15T01-53-13+08-00-full-term-1,current,
2420,6026,BMBL4101,BMBL4101-,-J01,PRJ,Undergraduate,E,0,Research Project I,專題研究（一）,- Dr. LI Jieqiong - Dr. ZHAO Wenjing - Professor David Philip THIERFELDER - Professor TANG Wai Lan Gladys,20,8,Yes,Yes,Dept of Linguistics & Mod Lang,2026-08-15T01-53-13+08-00-full-term-1,current,
2420,9899,BMBL4102,BMBL4102-,-J01,PRJ,Undergraduate,E,3,Research Project II,專題研究（二）,- Professor TANG Wai Lan Gladys,2,0,Yes,Yes,Dept of Linguistics & Mod Lang,2026-08-15T01-53-13+08-00-full-term-1,current,
2420,6045,BMBL4201,BMBL4201-,-P01,PRA,Undergraduate,C&E,0,Service Learning I,服務研習（一）,- Professor YIU Kun Man,20,14,,,Dept of Linguistics & Mod Lang,2026-08-15T01-53-13+08-00-full-term-1,current,
2420,4776,BMED3011,BMED3011-,-,LEC,Undergraduate,E,3,Maths Curriculum & Teach'g I,數學課程與教學法,- Dr. CHIA Hui Min,24,6,,Yes,Maths & Maths Education PC,2026-08-15T01-53-13+08-00-full-term-1,current,
2420,4777,BMED3021,BMED3021-,-,LEC,Undergraduate,E,3,Math Curri and Teach'n II STEM,數學課程與教學法II,- Professor LEUNG Allen Yuk Lun - Professor NG Oi Lam,24,3,,Yes,Maths & Maths Education PC,2026-08-15T01-53-13+08-00-full-term-1,current,
2420,4778,BMED3031,BMED3031-,-,LEC,Undergraduate,C&E,3,Math Literacy Problem Solving,數學素養與解難,- Dr. CHAN To - Professor NG Oi Lam,24,10,,Yes,Maths & Maths Education PC,2026-08-15T01-53-13+08-00-full-term-1,current,
2420,4795,BMED3051,BMED3051-,-,LEC,Undergraduate,E,3,The Teach'g of Number Algebra,數與代數的教學,- Dr. CHIA Hui Min,24,5,,Yes,Maths & Maths Education PC,2026-08-15T01-53-13+08-00-full-term-1,current,
2420,4796,BMED3091,BMED3091-,-,LEC,Undergraduate,C&E,3,Contemporary Issues in Math Ed,數學教育專題,- Professor NG Oi Lam,24,11,,Yes,Maths & Maths Education PC,2026-08-15T01-53-13+08-00-full-term-1,current,
2420,7167,BMEG2001,BMEG2001-,-,LEC,Undergraduate,E,1,Intro Biomedical Engineering,生物醫學工程導論,- Professor CHAN Pui Barbara - Professor CHANG Hing Chiu - Professor CHOI Chung Hang Jonathan - Professor DUAN Liting - Professor GAO Zhaoli - Professor HO Ho Pui - Professor LI Zhong - Professor MAK Wing Cheung - Professor MAO Chuanbin - Profes,80,79,Yes,Yes,Dept of Biomedical Engineering,2026-08-15T01-53-13+08-00-full-term-1,current,
2420,5014,BMEG2210,BMEG2210-,-T01,TUT,Undergraduate,E,3,Orthop Biomech & Muscle Inj,骨科生物力學和肌肉骨骼損傷,- Dr. LOU Wutao - Professor CHENG Guangyao,81,11,,Yes,Dept of Biomedical Engineering,2026-08-15T01-53-13+08-00-full-term-1,current,
2420,7171,BMEG2410,BMEG2410-,-T02,TUT,Undergraduate,E,3,Com Analys & Diff Equa,複分析與微分方程式的應用,- Professor YUAN Wu,41,6,,Yes,Dept of Biomedical Engineering,2026-08-15T01-53-13+08-00-full-term-1,current,
2420,8679,BMEG3103,BMEG3103-,-T01,TUT,Undergraduate,E,3,Big Data in HealthCare,醫療大數據分析,- Professor CHANG Hing Chiu,40,8,,,Dept of Biomedical Engineering,2026-08-15T01-53-13+08-00-full-term-1,current,
2420,7174,BMEG3105,BMEG3105-,-T01,TUT,Undergraduate,E,3,Data Ana for Personalized Geno,精準醫療和個人化基因組學之數據分析,- Professor LI Yu,71,57,,,Dept of Biomedical Engineering,2026-08-15T01-53-13+08-00-full-term-1,current,
2420,7176,BMEG3111,BMEG3111-,-T01,TUT,Undergraduate,E,2,Med Instrumentation & Design,醫學儀器和設計,- Professor GAO Zhaoli - Professor TONG Kai Yu,76,52,,Yes,Dept of Biomedical Engineering,2026-08-15T01-53-13+08-00-full-term-1,current,
2420,7177,BMEG3140,BMEG3140-,-L01,LAB,Undergraduate,E,3,Molecular & Cellular Engg Lab,分子和細胞工程實驗,- Professor CHOI Chung Hang Jonathan - Professor DUAN Liting,20,2,Yes,Yes,Dept of Biomedical Engineering,2026-08-15T01-53-13+08-00-full-term-1,current,
2420,7179,BMEG3320,BMEG3320-,-T03,TUT,Undergraduate,E,3,Biomedical Imaging,生物醫學影像,- Dr. LOU Wutao - Professor Thierry Albert Jean Louis BLU,25,21,,Yes,Dept of Biomedical Engineering,2026-08-15T01-53-13+08-00-full-term-1,current,
2420,7180,BMEG3330,BMEG3330-,-T01,TUT,Undergraduate,E,3,Neuroengineering,神經工程學,- Dr. LOU Wutao - Professor DUAN Liting - Professor TONG Kai Yu,76,66,,,Dept of Biomedical Engineering,2026-08-15T01-53-13+08-00-full-term-1,current,
2420,7184,BMEG3430,BMEG3430-,-T01,TUT,Undergraduate,E,3,Biomaterials and Tissue Engg,生物材料與組織工程學,- Professor LI Zhong - Professor MAK Wing Cheung,76,47,,Yes,Dept of Biomedical Engineering,2026-08-15T01-53-13+08-00-full-term-1,current,
2420,8042,BMEG3910,BMEG3910-,-T01,TUT,Undergraduate,E,3,Undergrad Research in BME,生物醫學工程本科研究,- Staff,5,5,Yes,Yes,Dept of Biomedical Engineering,2026-08-15T01-53-13+08-00-full-term-1,current,
2420,8013,BMEG3910,BMEG3910-,-T02,TUT,Undergraduate,E,3,Undergrad Research in BME,生物醫學工程本科研究,- Staff,5,5,Yes,Yes,Dept of Biomedical Engineering,2026-08-15T01-53-13+08-00-full-term-1,current,
2420,8416,BMEG3910,BMEG3910-,-T03,TUT,Undergraduate,E,3,Undergrad Research in BME,生物醫學工程本科研究,- Staff,5,5,Yes,Yes,Dept of Biomedical Engineering,2026-08-15T01-53-13+08-00-full-term-1,current,
2420,7185,BMEG4220,BMEG4220-,-T01,TUT,Undergraduate,E,3,Wearable Biomed Dev & Personal,可穿戴生物醫學設備和個人化醫療,- Professor MAK Wing Cheung,70,53,,,Dept of Biomedical Engineering,2026-08-15T01-53-13+08-00-full-term-1,current,
2420,5033,BMEG4998,BMEG4998A,AJ01,PRJ,Undergraduate,E,3,Final Year Project I,畢業專題研究（一）,- Professor POON Ngar Yun Ellen,10,8,Yes,Yes,Dept of Biomedical Engineering,2026-08-15T01-53-13+08-00-full-term-1,current,
2420,6539,BMEG4998,BMEG4998AA,AAJ1,PRJ,Undergraduate,E,3,Final Year Project I,畢業專題研究（一）,- Professor LI Zhong,10,8,Yes,Yes,Dept of Biomedical Engineering,2026-08-15T01-53-13+08-00-full-term-1,current,
2420,6538,BMEG4998,BMEG4998AB,ABJ1,PRJ,Undergraduate,E,3,Final Year Project I,畢業專題研究（一）,- Professor MAO Chuanbin,10,8,Yes,Yes,Dept of Biomedical Engineering,2026-08-15T01-53-13+08-00-full-term-1,current,
2420,6541,BMEG4998,BMEG4998AC,ACJ1,PRJ,Undergraduate,E,3,Final Year Project I,畢業專題研究（一）,- Professor LAU Tat Ming,10,7,Yes,Yes,Dept of Biomedical Engineering,2026-08-15T01-53-13+08-00-full-term-1,current,
2420,6542,BMEG4998,BMEG4998AD,ADJ1,PRJ,Undergraduate,E,3,Final Year Project I,畢業專題研究（一）,- Professor HO Ho Pui,10,7,Yes,Yes,Dept of Biomedical Engineering,2026-08-15T01-53-13+08-00-full-term-1,current,
2420,6063,BMEG4998,BMEG4998B,BJ01,PRJ,Undergraduate,E,3,Final Year Project I,畢業專題研究（一）,- Professor Anna Maria BLOCKI,10,9,Yes,Yes,Dept of Biomedical Engineering,2026-08-15T01-53-13+08-00-full-term-1,current,
2420,6380,BMEG4998,BMEG4998C,CJ01,PRJ,Undergraduate,E,3,Final Year Project I,畢業專題研究（一）,- Professor LI Zheng,10,8,Yes,Yes,Dept of Biomedical Engineering,2026-08-15T01-53-13+08-00-full-term-1,current,
2420,6064,BMEG4998,BMEG4998D,DJ01,PRJ,Undergraduate,E,3,Final Year Project I,畢業專題研究（一）,- Professor ZHANG Li,10,9,Yes,Yes,Dept of Biomedical Engineering,2026-08-15T01-53-13+08-00-full-term-1,current,
2420,4992,BMEG4998,BMEG4998E,EJ01,PRJ,Undergraduate,E,3,Final Year Project I,畢業專題研究（一）,- Professor REN Hongliang,10,9,Yes,Yes,Dept of Biomedical Engineering,2026-08-15T01-53-13+08-00-full-term-1,current,
2420,6065,BMEG4998,BMEG4998F,FJ01,PRJ,Undergraduate,E,3,Final Year Project I,畢業專題研究（一）,- Professor LI Yu,10,9,Yes,Yes,Dept of Biomedical Engineering,2026-08-15T01-53-13+08-00-full-term-1,current,
2420,6066,BMEG4998,BMEG4998G,GJ01,PRJ,Undergraduate,E,3,Final Year Project I,畢業專題研究（一）,- Dr. LOU Wutao,10,5,Yes,Yes,Dept of Biomedical Engineering,2026-08-15T01-53-13+08-00-full-term-1,current,
2420,6102,BMEG4998,BMEG4998H,HJ01,PRJ,Undergraduate,E,3,Final Year Project I,畢業專題研究（一）,- Professor CHOI Chung Hang Jonathan,10,7,Yes,Yes,Dept of Biomedical Engineering,2026-08-15T01-53-13+08-00-full-term-1,current,
2420,6103,BMEG4998,BMEG4998I,IJ01,PRJ,Undergraduate,E,3,Final Year Project I,畢業專題研究（一）,- Professor CHAN Pui Barbara,10,5,Yes,Yes,Dept of Biomedical Engineering,2026-08-15T01-53-13+08-00-full-term-1,current,
2420,4993,BMEG4998,BMEG4998L,LJ01,PRJ,Undergraduate,E,3,Final Year Project I,畢業專題研究（一）,- Professor SHAO Baihao,10,9,Yes,Yes,Dept of Biomedical Engineering,2026-08-15T01-53-13+08-00-full-term-1,current,
2420,6390,BMEG4998,BMEG4998M,MJ01,PRJ,Undergraduate,E,3,Final Year Project I,畢業專題研究（一）,- Professor YUAN Wu,10,8,Yes,Yes,Dept of Biomedical Engineering,2026-08-15T01-53-13+08-00-full-term-1,current,
2420,6391,BMEG4998,BMEG4998N,NJ01,PRJ,Undergraduate,E,3,Final Year Project I,畢業專題研究（一）,- Professor GAO Zhaoli,10,6,Yes,Yes,Dept of Biomedical Engineering,2026-08-15T01-53-13+08-00-full-term-1,current,
2420,6379,BMEG4998,BMEG4998Q,QJ01,PRJ,Undergraduate,E,3,Final Year Project I,畢業專題研究（一）,- Professor XUE Yang,10,9,Yes,Yes,Dept of Biomedical Engineering,2026-08-15T01-53-13+08-00-full-term-1,current,
2420,7914,BMEG4998,BMEG4998R,RJ01,PRJ,Undergraduate,E,3,Final Year Project I,畢業專題研究（一）,- Professor CHANG Hing Chiu,12,9,Yes,Yes,Dept of Biomedical Engineering,2026-08-15T01-53-13+08-00-full-term-1,current,
2420,7915,BMEG4998,BMEG4998S,SJ01,PRJ,Undergraduate,E,3,Final Year Project I,畢業專題研究（一）,- Professor ZHANG Ning,12,11,Yes,Yes,Dept of Biomedical Engineering,2026-08-15T01-53-13+08-00-full-term-1,current,
2420,7916,BMEG4998,BMEG4998T,TJ01,PRJ,Undergraduate,E,3,Final Year Project I,畢業專題研究（一）,- Professor TONG Kai Yu,12,10,Yes,Yes,Dept of Biomedical Engineering,2026-08-15T01-53-13+08-00-full-term-1,current,
2420,7917,BMEG4998,BMEG4998V,VJ01,PRJ,Undergraduate,E,3,Final Year Project I,畢業專題研究（一）,- Professor ZHOU Renjie,12,11,Yes,Yes,Dept of Biomedical Engineering,2026-08-15T01-53-13+08-00-full-term-1,current,
2420,7918,BMEG4998,BMEG4998X,XJ01,PRJ,Undergraduate,E,3,Final Year Project I,畢業專題研究（一）,- Professor CHAN Kai Fung,12,9,Yes,Yes,Dept of Biomedical Engineering,2026-08-15T01-53-13+08-00-full-term-1,current,
2420,7919,BMEG4998,BMEG4998Y,YJ01,PRJ,Undergraduate,E,3,Final Year Project I,畢業專題研究（一）,- Professor MAK Wing Cheung,12,11,Yes,Yes,Dept of Biomedical Engineering,2026-08-15T01-53-13+08-00-full-term-1,current,
2420,6490,BMEG4998,BMEG4998Z,ZJ01,PRJ,Undergraduate,E,3,Final Year Project I,畢業專題研究（一）,- Professor TUAN Rocky Sung Chi,5,3,Yes,Yes,Dept of Biomedical Engineering,2026-08-15T01-53-13+08-00-full-term-1,current,
2420,5000,BMEG4999,BMEG4999A,AJ01,PRJ,Undergraduate,E,3,Final Year Project II,畢業專題研究（二）,- Professor CHAN Kai Fung,10,9,Yes,Yes,Dept of Biomedical Engineering,2026-08-15T01-53-13+08-00-full-term-1,current,
2420,5001,BMEG4999,BMEG4999B,BJ01,PRJ,Undergraduate,E,3,Final Year Project II,畢業專題研究（二）,- Professor LI Zheng,12,11,Yes,Yes,Dept of Biomedical Engineering,2026-08-15T01-53-13+08-00-full-term-1,current,
2420,5002,BMEG4999,BMEG4999D,DJ01,PRJ,Undergraduate,E,3,Final Year Project II,畢業專題研究（二）,- Professor WAN Chao,12,11,Yes,Yes,Dept of Biomedical Engineering,2026-08-15T01-53-13+08-00-full-term-1,current,
2420,6216,CDAS4998,CDAS4998A,AJ01,PRJ,Undergraduate,E,3,Final Year Project I,畢業專題研究（一）,- Dr. CHAN Chun Man,10,9,Yes,Yes,Computational Data Science PC,2026-08-15T01-53-13+08-00-full-term-1,current,
2420,6215,CDAS4998,CDAS4998B,BJ01,PRJ,Undergraduate,E,3,Final Year Project I,畢業專題研究（一）,- Professor SIT Tony,10,8,Yes,Yes,Computational Data Science PC,2026-08-15T01-53-13+08-00-full-term-1,current,
2420,6417,CDAS4998,CDAS4998C,CJ01,PRJ,Undergraduate,E,3,Final Year Project I,畢業專題研究（一）,- Dr. HO Kwok Wah,10,9,Yes,Yes,Computational Data Science PC,2026-08-15T01-53-13+08-00-full-term-1,current,
2420,6410,CDAS4998,CDAS4998D,DJ01,PRJ,Undergraduate,E,3,Final Year Project I,畢業專題研究（一）,- Dr. LIU Kin Yat,10,8,Yes,Yes,Computational Data Science PC,2026-08-15T01-53-13+08-00-full-term-1,current,
2420,6411,CDAS4998,CDAS4998E,EJ01,PRJ,Undergraduate,E,3,Final Year Project I,畢業專題研究（一）,- Professor ZHU Huichen,10,8,Yes,Yes,Computational Data Science PC,2026-08-15T01-53-13+08-00-full-term-1,current,
2420,6412,CDAS4998,CDAS4998F,FJ01,PRJ,Undergraduate,E,3,Final Year Project I,畢業專題研究（一）,- Professor CHAN Kin Wai,10,8,Yes,Yes,Computational Data Science PC,2026-08-15T01-53-13+08-00-full-term-1,current,
2420,6413,CDAS4998,CDAS4998G,GJ01,PRJ,Undergraduate,E,3,Final Year Project I,畢業專題研究（一）,- Professor LI Gen,10,9,Yes,Yes,Computational Data Science PC,2026-08-15T01-53-13+08-00-full-term-1,current,
2420,6414,CDAS4998,CDAS4998H,HJ01,PRJ,Undergraduate,E,3,Final Year Project I,畢業專題研究（一）,- Dr. LEUNG Sze Him Isaac,10,8,Yes,Yes,Computational Data Science PC,2026-08-15T01-53-13+08-00-full-term-1,current,
2420,4770,CDAS4998,CDAS4998I,IJ01,PRJ,Undergraduate,E,3,Final Year Project I,畢業專題研究（一）,- Professor SONG Xinyuan,10,9,Yes,Yes,Computational Data Science PC,2026-08-15T01-53-13+08-00-full-term-1,current,
2420,6419,CDAS4998,CDAS4998J,JJ01,PRJ,Undergraduate,E,3,Final Year Project I,畢業專題研究（一）,- Dr. John Alexander WRIGHT,10,9,Yes,Yes,Computational Data Science PC,2026-08-15T01-53-13+08-00-full-term-1,current,
2420,6550,CDAS4998,CDAS4998K,KJ01,PRJ,Undergraduate,E,3,Final Year Project I,畢業專題研究（一）,- Professor Farzan FARNIA,10,9,Yes,Yes,Computational Data Science PC,2026-08-15T01-53-13+08-00-full-term-1,current,
2420,6551,CDAS4998,CDAS4998L,LJ01,PRJ,Undergraduate,E,3,Final Year Project I,畢業專題研究（一）,- Dr. LAW Yat Chiu,10,9,Yes,Yes,Computational Data Science PC,2026-08-15T01-53-13+08-00-full-term-1,current,
2420,6552,CDAS4998,CDAS4998M,MJ01,PRJ,Undergraduate,E,3,Final Year Project I,畢業專題研究（一）,- Professor TAO Yufei,10,8,Yes,Yes,Computational Data Science PC,2026-08-15T01-53-13+08-00-full-term-1,current,
2420,6117,CDAS4998,CDAS4998N,NJ01,PRJ,Undergraduate,E,3,Final Year Project I,畢業專題研究（一）,- Professor LIU Weiyang,10,9,Yes,Yes,Computational Data Science PC,2026-08-15T01-53-13+08-00-full-term-1,current,
2420,9881,CDAS4998,CDAS4998O,OJ01,PRJ,Undergraduate,E,3,Final Year Project I,畢業專題研究（一）,- Dr. YU Michael Ruisi,10,8,Yes,Yes,Computational Data Science PC,2026-08-15T01-53-13+08-00-full-term-1,current,
2420,9880,CDAS4998,CDAS4998P,PJ01,PRJ,Undergraduate,E,3,Final Year Project I,畢業專題研究（一）,- Professor ZHANG Hanrui,10,9,Yes,Yes,Computational Data Science PC,2026-08-15T01-53-13+08-00-full-term-1,current,
2420,6415,CDAS4999,CDAS4999-,-J01,PRJ,Undergraduate,E,3,Final Year Project II,畢業專題研究（二）,- Professor CHAN Kin Wai,10,10,Yes,Yes,Computational Data Science PC,2026-08-15T01-53-13+08-00-full-term-1,current,
2420,8649,CENG2010,CENG2010-,-,LEC,Undergraduate,E,1,Digital Logic Design Lab,數字邏輯設計實驗,- Dr. SUM Kwok Wing,50,47,,,Dept of Computer Sci & Engg,2026-08-15T01-53-13+08-00-full-term-1,current,
2420,7246,CENG2400,CENG2400-,-L01,LAB,Undergraduate,E,3,Embedded System Design,嵌入式系統設計,- Professor XU Qiang,50,33,,,Dept of Computer Sci & Engg,2026-08-15T01-53-13+08-00-full-term-1,current,
2420,8469,CENG4480,CENG4480-,-T01,TUT,Undergraduate,E,3,Embedded System Dev & Apps,嵌入式系統開發及應用,- Professor YU Bei,50,44,,,Dept of Computer Sci & Engg,2026-08-15T01-53-13+08-00-full-term-1,current,
2420,8119,CENG4998,CENG4998A,AJ01,PRJ,Undergraduate,E,3,Final Year Project I,畢業專題研究（一）,- Professor PAN Jialin,10,6,Yes,Yes,Dept of Computer Sci & Engg,2026-08-15T01-53-13+08-00-full-term-1,current,
2420,6206,CENG4998,CENG4998AA,AAJ1,PRJ,Undergraduate,E,3,Final Year Project I,畢業專題研究（一）,- Professor YOUNG Fung Yu,10,7,Yes,Yes,Dept of Computer Sci & Engg,2026-08-15T01-53-13+08-00-full-term-1,current,
2420,6238,CENG4998,CENG4998AB,ABJ1,PRJ,Undergraduate,E,3,Final Year Project I,畢業專題研究（一）,- Professor YU Bei,10,9,Yes,Yes,Dept of Computer Sci & Engg,2026-08-15T01-53-13+08-00-full-term-1,current,
2420,8158,CENG4998,CENG4998AC,ACJ1,PRJ,Undergraduate,E,3,Final Year Project I,畢業專題研究（一）,- Dr. CHAU Chuck Jee,10,10,Yes,Yes,Dept of Computer Sci & Engg,2026-08-15T01-53-13+08-00-full-term-1,current,
2420,6381,CENG4998,CENG4998AD,ADJ1,PRJ,Undergraduate,E,3,Final Year Project I,畢業專題研究（一）,- Dr. CHEONG Chi Hong,10,10,Yes,Yes,Dept of Computer Sci & Engg,2026-08-15T01-53-13+08-00-full-term-1,current,
2420,8155,CENG4998,CENG4998AE,AEJ1,PRJ,Undergraduate,E,3,Final Year Project I,畢業專題研究（一）,- Dr. CHUI Yim Pan,10,10,Yes,Yes,Dept of Computer Sci & Engg,2026-08-15T01-53-13+08-00-full-term-1,current,
2420,6383,CENG4998,CENG4998AF,AFJ1,PRJ,Undergraduate,E,3,Final Year Project I,畢業專題研究（一）,- Dr. KAM Ho Chuen,10,10,Yes,Yes,Dept of Computer Sci & Engg,2026-08-15T01-53-13+08-00-full-term-1,current,
2420,7949,CENG4998,CENG4998AG,AGJ1,PRJ,Undergraduate,E,3,Final Year Project I,畢業專題研究（一）,- Dr. LAM King Tin,10,10,Yes,Yes,Dept of Computer Sci & Engg,2026-08-15T01-53-13+08-00-full-term-1,current,
2420,8156,CENG4998,CENG4998AH,AHJ1,PRJ,Undergraduate,E,3,Final Year Project I,畢業專題研究（一）,- Dr. LAW Yat Chiu,10,10,Yes,Yes,Dept of Computer Sci & Engg,2026-08-15T01-53-13+08-00-full-term-1,current,
2420,7950,CENG4998,CENG4998AI,AIJ1,PRJ,Undergraduate,E,3,Final Year Project I,畢業專題研究（一）,- Professor LU Songtao,10,9,Yes,Yes,Dept of Computer Sci & Engg,2026-08-15T01-53-13+08-00-full-term-1,current,
2420,6201,CENG4998,CENG4998AJ,AJJ1,PRJ,Undergraduate,E,3,Final Year Project I,畢業專題研究（一）,- Dr. SUM Kwok Wing,10,6,Yes,Yes,Dept of Computer Sci & Engg,2026-08-15T01-53-13+08-00-full-term-1,current,
2420,8177,CENG4998,CENG4998AK,AKJ1,PRJ,Undergraduate,E,3,Final Year Project I,畢業專題研究（一）,- Professor LYU Rung Tsong Michael,10,10,Yes,Yes,Dept of Computer Sci & Engg,2026-08-15T01-53-13+08-00-full-term-1,current,
2420,6213,CENG4998,CENG4998AL,ALJ1,PRJ,Undergraduate,E,3,Final Year Project I,畢業專題研究（一）,- Dr. TSANG Siu Chung,10,10,Yes,Yes,Dept of Computer Sci & Engg,2026-08-15T01-53-13+08-00-full-term-1,current,
2420,6406,CENG4998,CENG4998AM,AMJ1,PRJ,Undergraduate,E,3,Final Year Project I,畢業專題研究（一）,- Professor Lauren Marcelyn PICK,10,10,Yes,Yes,Dept of Computer Sci & Engg,2026-08-15T01-53-13+08-00-full-term-1,current,
2420,6407,CENG4998,CENG4998AN,ANJ1,PRJ,Undergraduate,E,3,Final Year Project I,畢業專題研究（一）,- Professor ZHANG Hanrui,10,10,Yes,Yes,Dept of Computer Sci & Engg,2026-08-15T01-53-13+08-00-full-term-1,current,
2420,7951,CENG4998,CENG4998AO,AOJ1,PRJ,Undergraduate,E,3,Final Year Project I,畢業專題研究（一）,- Professor XU Qiang,10,10,Yes,Yes,Dept of Computer Sci & Engg,2026-08-15T01-53-13+08-00-full-term-1,current,
2420,7952,CENG4998,CENG4998AP,APJ1,PRJ,Undergraduate,E,3,Final Year Project I,畢業專題研究（一）,- Professor KING Kuo Chin Irwin,10,9,Yes,Yes,Dept of Computer Sci & Engg,2026-08-15T01-53-13+08-00-full-term-1,current,
2420,7953,CENG4998,CENG4998AQ,AQJ1,PRJ,Undergraduate,E,3,Final Year Project I,畢業專題研究（一）,- Staff,10,10,Yes,Yes,Dept of Computer Sci & Engg,2026-08-15T01-53-13+08-00-full-term-1,current,
2420,4813,CENG4998,CENG4998B,BJ01,PRJ,Undergraduate,E,3,Final Year Project I,畢業專題研究（一）,- Staff,10,10,Yes,Yes,Dept of Computer Sci & Engg,2026-08-15T01-53-13+08-00-full-term-1,current,
2420,6403,CENG4998,CENG4998C,CJ01,PRJ,Undergraduate,E,3,Final Year Project I,畢業專題研究（一）,- Professor CHENG James,10,10,Yes,Yes,Dept of Computer Sci & Engg,2026-08-15T01-53-13+08-00-full-term-1,current,
2420,8172,CENG4998,CENG4998D,DJ01,PRJ,Undergraduate,E,3,Final Year Project I,畢業專題研究（一）,- Professor DOU Qi,10,9,Yes,Yes,Dept of Computer Sci & Engg,2026-08-15T01-53-13+08-00-full-term-1,current,
2420,8120,CENG4998,CENG4998E,EJ01,PRJ,Undergraduate,E,3,Final Year Project I,畢業專題研究（一）,- Professor Farzan FARNIA,10,9,Yes,Yes,Dept of Computer Sci & Engg,2026-08-15T01-53-13+08-00-full-term-1,current,
2420,8125,CENG4998,CENG4998F,FJ01,PRJ,Undergraduate,E,3,Final Year Project I,畢業專題研究（一）,- Professor FU Chi Wing,10,10,Yes,Yes,Dept of Computer Sci & Engg,2026-08-15T01-53-13+08-00-full-term-1,current,
2420,8126,CENG4998,CENG4998G,GJ01,PRJ,Undergraduate,E,3,Final Year Project I,畢業專題研究（一）,- Professor LIANG Zhiding,10,10,Yes,Yes,Dept of Computer Sci & Engg,2026-08-15T01-53-13+08-00-full-term-1,current,
2420,6318,CENG4998,CENG4998H,HJ01,PRJ,Undergraduate,E,3,Final Year Project I,畢業專題研究（一）,- Professor HO Tsung Yi,10,9,Yes,Yes,Dept of Computer Sci & Engg,2026-08-15T01-53-13+08-00-full-term-1,current,
2420,8121,CENG4998,CENG4998I,IJ01,PRJ,Undergraduate,E,3,Final Year Project I,畢業專題研究（一）,- Professor LI Shaohua,10,10,Yes,Yes,Dept of Computer Sci & Engg,2026-08-15T01-53-13+08-00-full-term-1,current,
2420,8127,CENG4998,CENG4998J,JJ01,PRJ,Undergraduate,E,3,Final Year Project I,畢業專題研究（一）,- Professor LIU Shengchao,10,10,Yes,Yes,Dept of Computer Sci & Engg,2026-08-15T01-53-13+08-00-full-term-1,current,
2420,6319,CENG4998,CENG4998K,KJ01,PRJ,Undergraduate,E,3,Final Year Project I,畢業專題研究（一）,- Staff,10,10,Yes,Yes,Dept of Computer Sci & Engg,2026-08-15T01-53-13+08-00-full-term-1,current,
2420,6212,CENG4998,CENG4998L,LJ01,PRJ,Undergraduate,E,3,Final Year Project I,畢業專題研究（一）,- Professor LEE Pak Ching,10,8,Yes,Yes,Dept of Computer Sci & Engg,2026-08-15T01-53-13+08-00-full-term-1,current,
2420,8122,CENG4998,CENG4998M,MJ01,PRJ,Undergraduate,E,3,Final Year Project I,畢業專題研究（一）,- Dr. JIANG Yuli,10,9,Yes,Yes,Dept of Computer Sci & Engg,2026-08-15T01-53-13+08-00-full-term-1,current,
2420,8128,CENG4998,CENG4998N,NJ01,PRJ,Undergraduate,E,3,Final Year Project I,畢業專題研究（一）,- Professor LI Yu,10,9,Yes,Yes,Dept of Computer Sci & Engg,2026-08-15T01-53-13+08-00-full-term-1,current,
2420,8129,CENG4998,CENG4998O,OJ01,PRJ,Undergraduate,E,3,Final Year Project I,畢業專題研究（一）,- Professor LO Chi Lik Eric,10,9,Yes,Yes,Dept of Computer Sci & Engg,2026-08-15T01-53-13+08-00-full-term-1,current,
2420,8153,CENG4998,CENG4998P,PJ01,PRJ,Undergraduate,E,3,Final Year Project I,畢業專題研究（一）,- Professor LYU Rung Tsong Michael,10,10,Yes,Yes,Dept of Computer Sci & Engg,2026-08-15T01-53-13+08-00-full-term-1,current,
2420,8173,CENG4998,CENG4998Q,QJ01,PRJ,Undergraduate,E,3,Final Year Project I,畢業專題研究（一）,- Professor MENG Wei,10,10,Yes,Yes,Dept of Computer Sci & Engg,2026-08-15T01-53-13+08-00-full-term-1,current,
2420,8154,CENG4998,CENG4998R,RJ01,PRJ,Undergraduate,E,3,Final Year Project I,畢業專題研究（一）,- Professor SHAO Zili,10,10,Yes,Yes,Dept of Computer Sci & Engg,2026-08-15T01-53-13+08-00-full-term-1,current,
2420,8123,CENG4998,CENG4998S,SJ01,PRJ,Undergraduate,E,3,Final Year Project I,畢業專題研究（一）,- Professor TAO Yufei,10,10,Yes,Yes,Dept of Computer Sci & Engg,2026-08-15T01-53-13+08-00-full-term-1,current,
2420,6404,CENG4998,CENG4998T,TJ01,PRJ,Undergraduate,E,3,Final Year Project I,畢業專題研究（一）,- Professor LIANG Xiao,10,9,Yes,Yes,Dept of Computer Sci & Engg,2026-08-15T01-53-13+08-00-full-term-1,current,
2420,6405,CENG4998,CENG4998U,UJ01,PRJ,Undergraduate,E,3,Final Year Project I,畢業專題研究（一）,- Professor WANG Liwei,10,10,Yes,Yes,Dept of Computer Sci & Engg,2026-08-15T01-53-13+08-00-full-term-1,current,
2420,8174,CENG4998,CENG4998V,VJ01,PRJ,Undergraduate,E,3,Final Year Project I,畢業專題研究（一）,- Dr. TIAN Yusheng,10,10,Yes,Yes,Dept of Computer Sci & Engg,2026-08-15T01-53-13+08-00-full-term-1,current,
2420,8157,CENG4998,CENG4998W,WJ01,PRJ,Undergraduate,E,3,Final Year Project I,畢業專題研究（一）,- Professor LIU Weiyang,10,10,Yes,Yes,Dept of Computer Sci & Engg,2026-08-15T01-53-13+08-00-full-term-1,current,
2420,8124,CENG4998,CENG4998X,XJ01,PRJ,Undergraduate,E,3,Final Year Project I,畢業專題研究（一）,- Professor XU Hong,10,10,Yes,Yes,Dept of Computer Sci & Engg,2026-08-15T01-53-13+08-00-full-term-1,current,
2420,8176,CENG4998,CENG4998Y,YJ01,PRJ,Undergraduate,E,3,Final Year Project I,畢業專題研究（一）,- Professor WANG Zhengrong,10,10,Yes,Yes,Dept of Computer Sci & Engg,2026-08-15T01-53-13+08-00-full-term-1,current,
2420,6204,CENG4998,CENG4998Z,ZJ01,PRJ,Undergraduate,E,3,Final Year Project I,畢業專題研究（一）,- Professor YANG Ming Chang,10,5,Yes,Yes,Dept of Computer Sci & Engg,2026-08-15T01-53-13+08-00-full-term-1,current,
2420,8093,CENG4999,CENG4999-,-J01,PRJ,Undergraduate,E,3,Final Year Project II,畢業專題研究（二）,- Staff,10,10,Yes,Yes,Dept of Computer Sci & Engg,2026-08-15T01-53-13+08-00-full-term-1,current,
2420,5704,CHED3160,CHED3160-,-,LEC,Undergraduate,C&E,3,Children’s Play in ECE,幼兒教育中的兒童遊戲,- Miss AU Wai Yin,30,30,,Yes,BA(ECE) Pgm Comm,2026-08-15T01-53-13+08-00-full-term-1,current,
2420,7136,CHED4150,CHED4150-,-,LEC,Undergraduate,C&E,2,Children’s Literature,兒童文學,- Miss SIN Long Yee Stephanie Donna,28,20,,Yes,BA(ECE) Pgm Comm,2026-08-15T01-53-13+08-00-full-term-1,current,
2420,9222,CHED4210,CHED4210-,-,LEC,Undergraduate,C&E,3,Leadership & Management in EC,幼兒教育場景的領導與管理,- Dr. KOO Wai Sze,55,24,,Yes,BA(ECE) Pgm Comm,2026-08-15T01-53-13+08-00-full-term-1,current,
2420,8354,CHED4310,CHED4310-,-,LEC,Undergraduate,C&E,3,Aes Exp & Creative Expre in EC,幼兒的美感經驗與創造性表現,- Miss AU Wai Yin,45,12,,Yes,BA(ECE) Pgm Comm,2026-08-15T01-53-13+08-00-full-term-1,current,
2420,8355,CHED4330,CHED4330-,-,LEC,Undergraduate,C&E,2,Personal Growth of Teachers,教師個人成長,- Ms. TANG Elizabeth,28,7,,Yes,BA(ECE) Pgm Comm,2026-08-15T01-53-13+08-00-full-term-1,current,
2420,8356,CHED4340,CHED4340-,-,LEC,Undergraduate,C&E,3,Support Preschool Child w SEN,支援學前有特殊教育需要的兒童,- Ms. CHENG Wan Yee,55,19,,Yes,BA(ECE) Pgm Comm,2026-08-15T01-53-13+08-00-full-term-1,current,
2420,5452,CHED4360,CHED4360-,-,LEC,Undergraduate,C&E,3,Advanced Study of EC Develop,幼兒發展進深課程,- Dr. LAU Cin Yee Cindy,30,30,,Yes,BA(ECE) Pgm Comm,2026-08-15T01-53-13+08-00-full-term-1,current,
2420,8474,CHED4410,CHED4410-,-,LEC,Undergraduate,C&E,3,Fundamental Move Skill & Rhyth,幼兒基礎活動和節奏律動,- Dr. CHAN Hoi Sze Cecilia,45,11,,Yes,BA(ECE) Pgm Comm,2026-08-15T01-53-13+08-00-full-term-1,current,
2420,9683,CHED4510,CHED4510-,-,LEC,Undergraduate,C&E,2,Values Education in ECE,幼兒教育中的價值教育,- Dr. WONG Ping Man,50,11,,Yes,BA(ECE) Pgm Comm,2026-08-15T01-53-13+08-00-full-term-1,current,
2420,8357,CHED4520,CHED4520-,-,LEC,Undergraduate,C&E,3,Guided Study in Issues of Chil,兒童發展議題導讀,- Dr. LAU Cin Yee Cindy,40,10,,Yes,BA(ECE) Pgm Comm,2026-08-15T01-53-13+08-00-full-term-1,current,
2420,8737,CHED4530,CHED4530-,-,LEC,Undergraduate,C&E,3,Contemporary Issues in ECE,幼兒教育的當代議題及發展,- Miss LEUNG Ai Kei Annie,50,10,,Yes,BA(ECE) Pgm Comm,2026-08-15T01-53-13+08-00-full-term-1,current,
2420,5548,CHEM1070,CHEM1070A,AT01,TUT,Undergraduate,C&E&P,3,Principles of Modern Chemistry,現代化學概論,- Professor CHAN Tak Wah Dominic - Professor XIA Jiang,249,240,,,Dept of Chemistry,2026-08-15T01-53-13+08-00-full-term-1,current,
2420,7438,CHEM1072,CHEM1072-,-T01,TUT,Undergraduate,C&E&P,3,General Chemistry,基礎化學,- Dr. LO Chui Man,80,73,,,Dept of Chemistry,2026-08-15T01-53-13+08-00-full-term-1,current,
2420,7713,CHEM1280,CHEM1280A,AT01,TUT,Undergraduate,C&E&P,3,Intro to Org Chm & Biomolecule,有機化學與生物分子導論,- Dr. MAK Kin Wah,100,99,,,Dept of Chemistry,2026-08-15T01-53-13+08-00-full-term-1,current,
2420,9748,CHEM1300,CHEM1300A,AT01,TUT,Undergraduate,E,2,Fundamentals in Physical Chem.,物理化學基礎,- Professor TSE Ying Lung - Professor ZHANG Xinglong,50,49,,,Dept of Chemistry,2026-08-15T01-53-13+08-00-full-term-1,current,
2420,5448,CHEM1380,CHEM1380A,AT01,TUT,Undergraduate,C&E&P,3,Basic Chemistry for Engineers,基礎工程化學,- Professor WAN Qingyun,50,44,,,Dept of Chemistry,2026-08-15T01-53-13+08-00-full-term-1,current,
2420,8805,CHEM1870,CHEM1870A,AL01,LAB,Undergraduate,C&E&P,2,Chem Lab: STEM and Daily Life,化學實驗：STEM 與日常生活,- Dr. CHEUNG Yu San - Dr. LO Chui Man,24,23,,,Dept of Chemistry,2026-08-15T01-53-13+08-00-full-term-1,current,
2420,5513,CHEM2120,CHEM2120-,-T01,TUT,Undergraduate,C&E&P,2,Main Group Chemistry,主族元素化學,- Professor LYU Hairong,80,13,Yes,Yes,Dept of Chemistry,2026-08-15T01-53-13+08-00-full-term-1,current,
2420,5268,CHEM2200,CHEM2200-,-,LEC,Undergraduate,E,3,Functional Groups Chemistry,有機官能團的結構和反應,- Professor KWONG Fuk Yee - Professor TSUI Chit,80,24,Yes,Yes,Dept of Chemistry,2026-08-15T01-53-13+08-00-full-term-1,current,
2420,5923,CHEM2300,CHEM2300-,-,LEC,Undergraduate,E,3,Thermody & Chm Equilibrium,熱力學與化學平衡,- Professor KWOK Man Hin - Professor NGAI To,90,18,Yes,Yes,Dept of Chemistry,2026-08-15T01-53-13+08-00-full-term-1,current,
2420,9062,CHEM2860,CHEM2860A,AL01,LAB,Undergraduate,C&E&P,4,Integrated Chemistry Lab I,綜合化學實驗（一）,- Dr. HAU Chun Kit - Dr. MAK Kin Wah,16,16,,,Dept of Chemistry,2026-08-15T01-53-13+08-00-full-term-1,current,
2420,8420,CHEM2860,CHEM2860B,BL01,LAB,Undergraduate,C&E&P,4,Integrated Chemistry Lab I,綜合化學實驗（一）,- Dr. HAU Chun Kit - Dr. MAK Kin Wah,16,16,,,Dept of Chemistry,2026-08-15T01-53-13+08-00-full-term-1,current,
2420,8666,CHEM2860,CHEM2860C,CL01,LAB,Undergraduate,C&E&P,4,Integrated Chemistry Lab I,綜合化學實驗（一）,- Dr. HAU Chun Kit - Dr. MAK Kin Wah,16,16,,,Dept of Chemistry,2026-08-15T01-53-13+08-00-full-term-1,current,
2420,8422,CHEM2860,CHEM2860D,DL01,LAB,Undergraduate,C&E&P,4,Integrated Chemistry Lab I,綜合化學實驗（一）,- Dr. HAU Chun Kit - Dr. MAK Kin Wah,16,15,,,Dept of Chemistry,2026-08-15T01-53-13+08-00-full-term-1,current,
2420,8840,CHEM2868,CHEM2868A,AL01,LAB,Undergraduate,C&E&P,2,Basic Integrated Chem Lab I,基礎綜合化學實驗（一）,- Dr. HAU Chun Kit - Dr. MAK Kin Wah,6,6,,,Dept of Chemistry,2026-08-15T01-53-13+08-00-full-term-1,current,
2420,8421,CHEM2868,CHEM2868B,BL01,LAB,Undergraduate,C&E&P,2,Basic Integrated Chem Lab I,基礎綜合化學實驗（一）,- Dr. HAU Chun Kit - Dr. MAK Kin Wah,6,6,,,Dept of Chemistry,2026-08-15T01-53-13+08-00-full-term-1,current,
2420,9045,CHEM2868,CHEM2868C,CL01,LAB,Undergraduate,C&E&P,2,Basic Integrated Chem Lab I,基礎綜合化學實驗（一）,- Dr. HAU Chun Kit - Dr. MAK Kin Wah,6,6,,,Dept of Chemistry,2026-08-15T01-53-13+08-00-full-term-1,current,
2420,8423,CHEM2868,CHEM2868D,DL01,LAB,Undergraduate,C&E&P,2,Basic Integrated Chem Lab I,基礎綜合化學實驗（一）,- Dr. HAU Chun Kit - Dr. MAK Kin Wah,6,6,,,Dept of Chemistry,2026-08-15T01-53-13+08-00-full-term-1,current,
2420,8899,CHEM2868,CHEM2868E,EL01,LAB,Undergraduate,C&E&P,2,Basic Integrated Chem Lab I,基礎綜合化學實驗（一）,- Dr. HAU Chun Kit - Dr. MAK Kin Wah,12,12,,,Dept of Chemistry,2026-08-15T01-53-13+08-00-full-term-1,current,
2420,5651,CHEM3220,CHEM3220-,-T01,TUT,Undergraduate,C&E&P,2,Organic Reactivity,有機反應和選擇性,- Professor YEUNG Ying Yeung,90,11,Yes,Yes,Dept of Chemistry,2026-08-15T01-53-13+08-00-full-term-1,current,
2420,5740,CHEM3320,CHEM3320-,-,LEC,Undergraduate,E,3,Chemical Kinetics,化學動力學,- Professor HUANG Zhifeng,85,0,,,Dept of Chemistry,2026-08-15T01-53-13+08-00-full-term-1,current,
2420,5515,CHEM3410,CHEM3410-,-,LEC,Undergraduate,E,3,Instrumental Analysis,儀器分析,- Professor CHAN Tak Wah Dominic,80,2,Yes,Yes,Dept of Chemistry,2026-08-15T01-53-13+08-00-full-term-1,current,
2420,8813,CHEM3810,CHEM3810A,AL01,LAB,Undergraduate,C&E&P,2,Organic Chemistry Lab,有機化學實驗,- Dr. MAK Kin Wah - Professor YEUNG Ying Yeung,36,0,Yes,Yes,Dept of Chemistry,2026-08-15T01-53-13+08-00-full-term-1,current,
2420,8814,CHEM3810,CHEM3810B,BL01,LAB,Undergraduate,C&E&P,2,Organic Chemistry Lab,有機化學實驗,- Dr. MAK Kin Wah - Professor YEUNG Ying Yeung,36,0,Yes,Yes,Dept of Chemistry,2026-08-15T01-53-13+08-00-full-term-1,current,
2420,8927,CHEM3830,CHEM3830A,AL01,LAB,Undergraduate,C&E&P,2,Physical Chemistry Lab I,物理化學實驗( 一),- Dr. CHEUNG Yu San - Professor HUANG Zhifeng,36,4,,,Dept of Chemistry,2026-08-15T01-53-13+08-00-full-term-1,current,
2420,8935,CHEM3830,CHEM3830B,BL01,LAB,Undergraduate,C&E&P,2,Physical Chemistry Lab I,物理化學實驗( 一),- Dr. CHEUNG Yu San - Professor HUANG Zhifeng,36,0,,,Dept of Chemistry,2026-08-15T01-53-13+08-00-full-term-1,current,
2420,8815,CHEM3870,CHEM3870A,AL01,LAB,Undergraduate,C&E&P,2,Instrumental Analysis Lab,儀器分析實驗,- Dr. CHAN Ka Long Donald - Professor CHAN Tak Wah Dominic,24,0,Yes,Yes,Dept of Chemistry,2026-08-15T01-53-13+08-00-full-term-1,current,
2420,8816,CHEM3870,CHEM3870B,BL01,LAB,Undergraduate,C&E&P,2,Instrumental Analysis Lab,儀器分析實驗,- Dr. CHAN Ka Long Donald - Professor CHAN Tak Wah Dominic,24,0,Yes,Yes,Dept of Chemistry,2026-08-15T01-53-13+08-00-full-term-1,current,
2420,8817,CHEM3870,CHEM3870C,CL01,LAB,Undergraduate,C&E&P,2,Instrumental Analysis Lab,儀器分析實驗,- Dr. CHAN Ka Long Donald - Professor CHAN Tak Wah Dominic,24,3,Yes,Yes,Dept of Chemistry,2026-08-15T01-53-13+08-00-full-term-1,current,
2420,8165,CHEM4030,CHEM4030-,-,LEC,Undergraduate,C&E,0,Problem-based Learning I (Chm),化學專題研習（一）,- Dr. CHAN Ka Long Donald - Dr. CHEUNG Yu San - Dr. HAU Chun Kit - Dr. LO Chui Man - Dr. MAK Kin Wah,61,3,Yes,Yes,Dept of Chemistry,2026-08-15T01-53-13+08-00-full-term-1,current,
2420,6135,CHEM4040,CHEM4040-,-,LEC,Undergraduate,C&E,4,Problem-based Learning II(Chm),化學專題研習(二),- Dr. CHAN Ka Long Donald - Dr. CHEUNG Yu San - Dr. HAU Chun Kit - Dr. LO Chui Man - Dr. MAK Kin Wah,3,0,Yes,Yes,Dept of Chemistry,2026-08-15T01-53-13+08-00-full-term-1,current,
2420,5361,CHEM4300,CHEM4300-,-,LEC,Undergraduate,E,2,Advanced Physical Chemistry,高等物理化學,- Professor ZHANG Xinglong,40,26,,,Dept of Chemistry,2026-08-15T01-53-13+08-00-full-term-1,current,
2420,7074,CHEM4303,CHEM4303-,-,LEC,Undergraduate,E,2,Intro to Nanosci & Nanotech,納米科學與技術概論,- Professor CHEN Ye - Professor HUANG Zhifeng,40,3,,,Dept of Chemistry,2026-08-15T01-53-13+08-00-full-term-1,current,
2420,9224,CHEM4440,CHEM4440-,-,LEC,Undergraduate,E,3,Food & Environmental Analysis,食物測試及環境分析,- Professor TAM Shuk Ching Elaine,40,11,,,Dept of Chemistry,2026-08-15T01-53-13+08-00-full-term-1,current,
2420,6530,CHEM4471,CHEM4471-,-P01,PRA,Undergraduate,E,1,Internship,實習課程,- Dr. CHAN Ka Long Donald - Dr. CHEUNG Yu San - Professor LI Hung Wing,15,6,Yes,Yes,Dept of Chemistry,2026-08-15T01-53-13+08-00-full-term-1,current,
2420,5223,CHEM4535,CHEM4535-,-,LEC,Undergraduate,E,3,Chemical Treatment Process,化學處理程序,- Dr. CHAN Ka Long Donald,40,20,Yes,,Dept of Chemistry,2026-08-15T01-53-13+08-00-full-term-1,current,
2420,9225,CHEM4786,CHEM4786-,-T01,TUT,Undergraduate,C&E,2,Prin. & App Coating Chem,塗層化學原理和應用,- Dr. CHAN Cho Yee - Dr. NG Weng Sang - Professor KAM Tat Ting - Professor LO Wai Yin,40,1,,,Dept of Chemistry,2026-08-15T01-53-13+08-00-full-term-1,current,
2420,6471,CHEM4960,CHEM4960-,-T01,TUT,Undergraduate,C&E,2,Research in Chem Sci I,化學專題研究（一）,- Dr. CHAN Ka Long Donald - Dr. LO Chui Man,10,6,Yes,Yes,Dept of Chemistry,2026-08-15T01-53-13+08-00-full-term-1,current,
2420,6935,CHEM4980,CHEM4980-,-J01,PRJ,Undergraduate,C&E,0,Undergraduate Thesis I,畢業論文（一）,- Professor CHAN Tak Wah Dominic - Professor CHEN Ye - Professor KWONG Fuk Yee - Professor NG Kee Pui Dennis - Professor XIA Jiang - Professor YEUNG Ying Yeung,4,0,Yes,Yes,Dept of Chemistry,2026-08-15T01-53-13+08-00-full-term-1,current,
2420,9816,CHES1000,CHES1000-,-,LEC,Undergraduate,E,3,Intro to Chinese Studies,中國研究導論,- Dr. VAN DEN TROOST Kristof,50,49,Yes,Yes,Centre for China Studies,2026-08-15T01-53-13+08-00-full-term-1,current,
2420,9409,CHES1101,CHES1101-,-,LEC,Undergraduate,E,3,China in Global Perspectives,全球視角下的中國,- Professor Timothy Andrew SUMMERS,75,74,,,Centre for China Studies,2026-08-15T01-53-13+08-00-full-term-1,current,
2420,9461,CHES2002,CHES2002-,-,LEC,Undergraduate,E,3,Chinese Culture and Society,變遷中的中國文化與社會,- Professor ZHAO Xuyi,60,51,,,Centre for China Studies,2026-08-15T01-53-13+08-00-full-term-1,current,
2420,9734,CHES2004,CHES2004-,-,LEC,Undergraduate,E,3,Chinese Lit and Adaptation,中國古代文學與改編,- Dr. GAO Yunwen,60,57,,,Centre for China Studies,2026-08-15T01-53-13+08-00-full-term-1,current,
2420,7048,CHES2005,CHES2005-,-,LEC,Undergraduate,P,3,Emotional Landscapes in China,當代中國社會的情感經驗,- Dr. SUN Lin,50,45,,,Centre for China Studies,2026-08-15T01-53-13+08-00-full-term-1,current,
2420,5076,CHES2006,CHES2006-,-,LEC,Undergraduate,E,3,Sound Culture in Contemp China,當代中國的聽覺文化,- Dr. GAO Yunwen,60,39,,,Centre for China Studies,2026-08-15T01-53-13+08-00-full-term-1,current,
2420,7666,CHES2107,CHES2107-,-,LEC,Undergraduate,E,3,Science & Technology in China,中國科技發展導論,- Dr. William Joseph MORIARTY,35,23,,,Centre for China Studies,2026-08-15T01-53-13+08-00-full-term-1,current,
2420,5338,CHES3002,CHES3002-,-,LEC,Undergraduate,E,3,China’s Financial Reform,中國金融改革,- Professor LI Chen,20,11,,,Centre for China Studies,2026-08-15T01-53-13+08-00-full-term-1,current,
2420,9462,CHES3102,CHES3102-,-,LEC,Undergraduate,E,3,East Asian Film Genres,全球化下的東亞電影類型,- Dr. Abraham OVERBEEKE,20,14,,,Centre for China Studies,2026-08-15T01-53-13+08-00-full-term-1,current,
2420,5042,CHES3103,CHES3103-,-,LEC,Undergraduate,E,3,Art in Contemporary China,當代中國的藝術,- Staff,30,12,,,Centre for China Studies,2026-08-15T01-53-13+08-00-full-term-1,current,
2420,5045,CHES3105,CHES3105-,-,LEC,Undergraduate,E,3,Cultural History of China,中國文化史,- Professor SHI Yu,30,21,,,Centre for China Studies,2026-08-15T01-53-13+08-00-full-term-1,current,
2420,5077,CHES3108,CHES3108-,-,LEC,Undergraduate,E,3,Infrastructure and Development,基礎設施與發展,- Professor ZHAO Xuyi,30,21,,,Centre for China Studies,2026-08-15T01-53-13+08-00-full-term-1,current,
2420,8520,CHES3201,CHES3201-,-D01,DIS,Undergraduate,E,3,Spec Topics in Chinese Studies,中國研究專題,- Professor SHI Yu,30,18,,,Centre for China Studies,2026-08-15T01-53-13+08-00-full-term-1,current,
2420,8095,CHES3402,CHES3402-,-J01,PRJ,Undergraduate,E,3,China Experience Internship,中國見習,- Staff,5,5,Yes,Yes,Centre for China Studies,2026-08-15T01-53-13+08-00-full-term-1,current,
2420,9434,CHES3500,CHES3500-,-,LEC,Undergraduate,E,3,Chi Studies Research Methods,中國研究研究方法,- Professor MIEGE Pierre Jean baptiste Edouard,35,13,Yes,Yes,Centre for China Studies,2026-08-15T01-53-13+08-00-full-term-1,current,
2420,5010,CHLL1110,CHLL1110A,AT01,TUT,Undergraduate,C,3,Intro to Chinese Linguistics,中國語言學概論,- Professor TANG Sze Wing,80,71,,Yes,Dept of Chin Lang & Literature,2026-08-15T01-53-13+08-00-full-term-1,current,
2420,8266,CHLL1110,CHLL1110B,BT01,TUT,Undergraduate,P,3,Intro to Chinese Linguistics,中國語言學概論,- Professor SUN Yenan,70,67,,Yes,Dept of Chin Lang & Literature,2026-08-15T01-53-13+08-00-full-term-1,current,
2420,5589,CHLL1401,CHLL1401A,AT02,TUT,Undergraduate,P&C,3,Introduction to Literature,文學概論,- Professor HOYAN Hang Fung Carole,40,37,,Yes,Dept of Chin Lang & Literature,2026-08-15T01-53-13+08-00-full-term-1,current,
2420,5590,CHLL1401,CHLL1401B,BT02,TUT,Undergraduate,C,3,Introduction to Literature,文學概論,- Professor WONG Nim Yan,40,37,,Yes,Dept of Chin Lang & Literature,2026-08-15T01-53-13+08-00-full-term-1,current,
2420,5371,CHLL1902,CHLL1902-,-,LEC,Undergraduate,C,3,Class of Chi Hum:Guided Read’g,中國人文經典導讀,- Professor TSUI Wai,80,70,,,Dept of Chin Lang & Literature,2026-08-15T01-53-13+08-00-full-term-1,current,
2420,8271,CHLL2121,CHLL2121A,AT01,TUT,Undergraduate,P,3,Intro to Chinese Philology,文字學導論,- Professor SHEN Pei,75,17,,Yes,Dept of Chin Lang & Literature,2026-08-15T01-53-13+08-00-full-term-1,current,
2420,5160,CHLL2121,CHLL2121B,B,LEC,Undergraduate,C,3,Intro to Chinese Philology,文字學導論,- Dr. HUNG Yeuk Chun,75,15,,Yes,Dept of Chin Lang & Literature,2026-08-15T01-53-13+08-00-full-term-1,current,
2420,7109,CHLL2131,CHLL2131A,AT02,TUT,Undergraduate,C,3,Intro to Chinese Phonology,音韻學導論,- Professor KWOK Bit Chee,35,10,,Yes,Dept of Chin Lang & Literature,2026-08-15T01-53-13+08-00-full-term-1,current,
2420,7305,CHLL2131,CHLL2131B,B,LEC,Undergraduate,P,3,Intro to Chinese Phonology,音韻學導論,- Professor DENG Dun,70,23,,Yes,Dept of Chin Lang & Literature,2026-08-15T01-53-13+08-00-full-term-1,current,
2420,5903,CHLL2212,CHLL2212A,A,LEC,Undergraduate,C,3,Intro to Class Chi Texts Study,古文獻學概論,- Dr. LEUNG Tak Wah,75,9,,Yes,Dept of Chin Lang & Literature,2026-08-15T01-53-13+08-00-full-term-1,current,
2420,5012,CHLL2212,CHLL2212B,B,LEC,Undergraduate,P&C,3,Intro to Class Chi Texts Study,古文獻學概論,- Dr. CHENG Lai Kuen,75,25,,Yes,Dept of Chin Lang & Literature,2026-08-15T01-53-13+08-00-full-term-1,current,
2420,8276,CHLL3142,CHLL3142-,-T01,TUT,Undergraduate,P,3,Comparative Grammar in C & E,漢英比較語法,- Professor SUN Yenan,68,39,,,Dept of Chin Lang & Literature,2026-08-15T01-53-13+08-00-full-term-1,current,
2420,7045,CHLL3314,CHLL3314-,-T02,TUT,Undergraduate,C,3,Major Author(s) (Ci Poetry),專家詞,- Professor SIU Chun Ho,27,7,,,Dept of Chin Lang & Literature,2026-08-15T01-53-13+08-00-full-term-1,current,
2420,8289,CHLL3321,CHLL3321-,-T01,TUT,Undergraduate,P,3,Classical Chi Fiction (S S),古典短篇小說,- Professor ZHOU Jianyu,68,28,,,Dept of Chin Lang & Literature,2026-08-15T01-53-13+08-00-full-term-1,current,
2420,5372,CHLL3406,CHLL3406-,-T02,TUT,Undergraduate,P,3,Modern Chi Fiction(NovellaSS),現代小說（中、短篇）,- Professor CUI Wendong,34,8,,,Dept of Chin Lang & Literature,2026-08-15T01-53-13+08-00-full-term-1,current,
2420,5165,CHLL4001,CHLL4001A,AJ01,PRJ,Undergraduate,P,0,Independent Research I,專題研究（一）,- Professor SUN Yenan,5,0,Yes,Yes,Dept of Chin Lang & Literature,2026-08-15T01-53-13+08-00-full-term-1,current,
2420,5166,CHLL4001,CHLL4001B,BJ01,PRJ,Undergraduate,C,0,Independent Research I,專題研究（一）,- Professor KWOK Bit Chee,5,0,Yes,Yes,Dept of Chin Lang & Literature,2026-08-15T01-53-13+08-00-full-term-1,current,
2420,8910,CHLL4001,CHLL4001C,CJ01,PRJ,Undergraduate,P,0,Independent Research I,專題研究（一）,- Professor DENG Dun,5,0,Yes,Yes,Dept of Chin Lang & Literature,2026-08-15T01-53-13+08-00-full-term-1,current,
2420,7196,CHLL4001,CHLL4001D,DJ01,PRJ,Undergraduate,C,0,Independent Research I,專題研究（一）,- Professor TANG Sze Wing,5,0,Yes,Yes,Dept of Chin Lang & Literature,2026-08-15T01-53-13+08-00-full-term-1,current,
2420,8911,CHLL4001,CHLL4001E,EJ01,PRJ,Undergraduate,C,0,Independent Research I,專題研究（一）,- Professor HO Che Wah,5,0,Yes,Yes,Dept of Chin Lang & Literature,2026-08-15T01-53-13+08-00-full-term-1,current,
2420,5164,CHLL4001,CHLL4001F,FJ01,PRJ,Undergraduate,C,0,Independent Research I,專題研究（一）,- Professor CHEUNG Kam Siu,5,0,Yes,Yes,Dept of Chin Lang & Literature,2026-08-15T01-53-13+08-00-full-term-1,current,
2420,8914,CHLL4001,CHLL4001G,GJ01,PRJ,Undergraduate,P,0,Independent Research I,專題研究（一）,- Professor LING Chao,6,2,Yes,Yes,Dept of Chin Lang & Literature,2026-08-15T01-53-13+08-00-full-term-1,current,
2420,8912,CHLL4001,CHLL4001H,HJ01,PRJ,Undergraduate,C,0,Independent Research I,專題研究（一）,- Professor TSUI Wai,6,0,Yes,Yes,Dept of Chin Lang & Literature,2026-08-15T01-53-13+08-00-full-term-1,current,
2420,5370,CHLL4001,CHLL4001J,JJ01,PRJ,Undergraduate,C,0,Independent Research I,專題研究（一）,- Professor CHAN Nicholas Louis,6,0,Yes,Yes,Dept of Chin Lang & Literature,2026-08-15T01-53-13+08-00-full-term-1,current,
2420,8915,CHLL4001,CHLL4001K,KJ01,PRJ,Undergraduate,C,0,Independent Research I,專題研究（一）,- Professor SIU Chun Ho,6,0,Yes,Yes,Dept of Chin Lang & Literature,2026-08-15T01-53-13+08-00-full-term-1,current,
2420,8902,CHLL4001,CHLL4001L,LJ01,PRJ,Undergraduate,C,0,Independent Research I,專題研究（一）,- Professor YIM Chi Hung,6,0,Yes,Yes,Dept of Chin Lang & Literature,2026-08-15T01-53-13+08-00-full-term-1,current,
2420,8916,CHLL4001,CHLL4001M,MJ01,PRJ,Undergraduate,C,0,Independent Research I,專題研究（一）,- Professor HOYAN Hang Fung Carole,6,0,Yes,Yes,Dept of Chin Lang & Literature,2026-08-15T01-53-13+08-00-full-term-1,current,
2420,8293,CHLL4001,CHLL4001N,NJ01,PRJ,Undergraduate,P,0,Independent Research I,專題研究（一）,- Professor TENG Shao Hung,6,0,Yes,Yes,Dept of Chin Lang & Literature,2026-08-15T01-53-13+08-00-full-term-1,current,
2420,8923,CHLL4001,CHLL4001P,PJ01,PRJ,Undergraduate,C,0,Independent Research I,專題研究（一）,- Professor WONG Nim Yan,6,1,Yes,Yes,Dept of Chin Lang & Literature,2026-08-15T01-53-13+08-00-full-term-1,current,
2420,8913,CHLL4001,CHLL4001Q,QJ01,PRJ,Undergraduate,C,0,Independent Research I,專題研究（一）,- Dr. YIP Ka Wing,6,0,Yes,Yes,Dept of Chin Lang & Literature,2026-08-15T01-53-13+08-00-full-term-1,current,
2420,8909,CHLL4001,CHLL4001R,RJ01,PRJ,Undergraduate,C,0,Independent Research I,專題研究（一）,- Professor KWONG Ho Yee Connie,6,0,Yes,Yes,Dept of Chin Lang & Literature,2026-08-15T01-53-13+08-00-full-term-1,current,
2420,8292,CHLL4001,CHLL4001S,SJ01,PRJ,Undergraduate,C,0,Independent Research I,專題研究（一）,- Dr. YAU Ting Kit Kevin,6,0,Yes,Yes,Dept of Chin Lang & Literature,2026-08-15T01-53-13+08-00-full-term-1,current,
2420,5227,CHLL4001,CHLL4001X,XJ01,PRJ,Undergraduate,P&C,0,Independent Research I,專題研究（一）,- Staff,6,6,Yes,Yes,Dept of Chin Lang & Literature,2026-08-15T01-53-13+08-00-full-term-1,current,
2420,5228,CHLL4001,CHLL4001Y,YJ01,PRJ,Undergraduate,P&C,0,Independent Research I,專題研究（一）,- Staff,6,6,Yes,Yes,Dept of Chin Lang & Literature,2026-08-15T01-53-13+08-00-full-term-1,current,
2420,8295,CHLL4224,CHLL4224-,-T01,TUT,Undergraduate,C,3,Zuo Zhuan,左傳,- Professor CHEUNG Kam Siu,68,53,,,Dept of Chin Lang & Literature,2026-08-15T01-53-13+08-00-full-term-1,current,
2420,5377,CHLL4242,CHLL4242-,-T02,TUT,Undergraduate,C,3,Zhuang Zi,莊子,- Professor HO Che Wah,34,13,,,Dept of Chin Lang & Literature,2026-08-15T01-53-13+08-00-full-term-1,current,
2420,8316,CHLL4314,CHLL4314-,-T01,TUT,Undergraduate,C,3,Prose of Liu Zongyuan,柳宗元文,- Dr. CHING Chung Shan,68,57,,,Dept of Chin Lang & Literature,2026-08-15T01-53-13+08-00-full-term-1,current,
2420,8318,CHLL4340,CHLL4340-,-T01,TUT,Undergraduate,P,3,Literature of Jian'an Period,建安文學,- Professor LING Chao,65,45,,,Dept of Chin Lang & Literature,2026-08-15T01-53-13+08-00-full-term-1,current,
2420,7080,CHLL4401,CHLL4401-,-T02,TUT,Undergraduate,C,3,Literature and Art,文學與藝術,- Professor KWONG Ho Yee Connie,34,17,,,Dept of Chin Lang & Literature,2026-08-15T01-53-13+08-00-full-term-1,current,
2420,8322,CHLL4407,CHLL4407-,-T01,TUT,Undergraduate,C,3,Sel Top in Modern Chi Lit I,現代文學專題（一）,- Dr. YAU Ting Kit Kevin,55,32,,,Dept of Chin Lang & Literature,2026-08-15T01-53-13+08-00-full-term-1,current,
2420,8443,CHLL4411,CHLL4411-,-T02,TUT,Undergraduate,P,3,Lu Xun,魯迅研究,- Professor CUI Wendong,27,14,,,Dept of Chin Lang & Literature,2026-08-15T01-53-13+08-00-full-term-1,current,
2420,8605,CHLT1001,CHLT1001AA,AA,LEC,Undergraduate,C,3,University Chinese I,大學中文（一）,- Dr. MAN Ying Ha,25,23,,,Dept of Chin Lang & Literature,2026-08-15T18-34-00+08-00-gap-recapture,gap_recapture,
2420,5290,CHLT1001,CHLT1001AB,AB,LEC,Undergraduate,C,3,University Chinese I,大學中文（一）,- Dr. NG Ka Yi,25,24,,,Dept of Chin Lang & Literature,2026-08-15T18-34-00+08-00-gap-recapture,gap_recapture,
2420,5291,CHLT1001,CHLT1001AC,AC,LEC,Undergraduate,C,3,University Chinese I,大學中文（一）,- Dr. CHEUNG Wing Mui,25,24,,,Dept of Chin Lang & Literature,2026-08-15T18-34-00+08-00-gap-recapture,gap_recapture,
2420,5337,CHLT1001,CHLT1001AD,AD,LEC,Undergraduate,C,3,University Chinese I,大學中文（一）,- Dr. LEUNG Shu Fung,25,25,,,Dept of Chin Lang & Literature,2026-08-15T18-34-00+08-00-gap-recapture,gap_recapture,
2420,5368,CHLT1001,CHLT1001AE,AE,LEC,Undergraduate,P,3,University Chinese I,大學中文（一）,- Dr. WONG Siu Yung,25,24,,,Dept of Chin Lang & Literature,2026-08-15T18-34-00+08-00-gap-recapture,gap_recapture,
2420,5618,CHLT1001,CHLT1001AF,AF,LEC,Undergraduate,C,3,University Chinese I,大學中文（一）,- Dr. POON Wai Ting,25,25,,,Dept of Chin Lang & Literature,2026-08-15T18-34-00+08-00-gap-recapture,gap_recapture,
2420,7754,CHLT1001,CHLT1001AG,AG,LEC,Undergraduate,C,3,University Chinese I,大學中文（一）,- Dr. YIM Chi Sing,25,25,,,Dept of Chin Lang & Literature,2026-08-15T18-34-00+08-00-gap-recapture,gap_recapture,
2420,5013,CHLT1001,CHLT1001AH,AH,LEC,Undergraduate,C,3,University Chinese I,大學中文（一）,- Ms. LEUNG Wai Sze,25,25,,,Dept of Chin Lang & Literature,2026-08-15T18-34-00+08-00-gap-recapture,gap_recapture,
2420,7755,CHLT1001,CHLT1001AY,AY,LEC,Undergraduate,C,3,University Chinese I,大學中文（一）,- Staff,0,0,,,Dept of Chin Lang & Literature,2026-08-15T18-34-00+08-00-gap-recapture,gap_recapture,
2420,5714,CHLT1001,CHLT1001BA,BA,LEC,Undergraduate,C,3,University Chinese I,大學中文（一）,- Dr. MAN Ying Ha,25,24,,,Dept of Chin Lang & Literature,2026-08-15T18-34-00+08-00-gap-recapture,gap_recapture,
2420,7296,CHLT1001,CHLT1001BB,BB,LEC,Undergraduate,C,3,University Chinese I,大學中文（一）,- Dr. NG Ting Yan,25,24,,,Dept of Chin Lang & Literature,2026-08-15T18-34-00+08-00-gap-recapture,gap_recapture,
2420,7110,CHLT1001,CHLT1001BC,BC,LEC,Undergraduate,C,3,University Chinese I,大學中文（一）,- Dr. NG Ka Yi,25,24,,,Dept of Chin Lang & Literature,2026-08-15T18-34-00+08-00-gap-recapture,gap_recapture,
2420,5027,CHLT1001,CHLT1001BD,BD,LEC,Undergraduate,C,3,University Chinese I,大學中文（一）,- Miss WONG Ling Ling,25,25,,,Dept of Chin Lang & Literature,2026-08-15T18-34-00+08-00-gap-recapture,gap_recapture,
2420,5959,CHLT1001,CHLT1001BE,BE,LEC,Undergraduate,C,3,University Chinese I,大學中文（一）,- Dr. WONG Wun Yu,25,25,,,Dept of Chin Lang & Literature,2026-08-15T18-34-00+08-00-gap-recapture,gap_recapture,
2420,7230,CHLT1001,CHLT1001BF,BF,LEC,Undergraduate,C,3,University Chinese I,大學中文（一）,- Dr. POON Wai Ting,25,25,,,Dept of Chin Lang & Literature,2026-08-15T18-34-00+08-00-gap-recapture,gap_recapture,
2420,7226,CHLT1001,CHLT1001BG,BG,LEC,Undergraduate,C,3,University Chinese I,大學中文（一）,- Dr. LAI Pit Shun,25,25,,,Dept of Chin Lang & Literature,2026-08-15T18-34-00+08-00-gap-recapture,gap_recapture,
2420,5619,CHLT1001,CHLT1001BH,BH,LEC,Undergraduate,P,3,University Chinese I,大學中文（一）,- Dr. LO Ki Wai,25,23,,,Dept of Chin Lang & Literature,2026-08-15T18-34-00+08-00-gap-recapture,gap_recapture,
2420,5028,CHLT1001,CHLT1001BJ,BJ,LEC,Undergraduate,C,3,University Chinese I,大學中文（一）,- Mr WONG Nap Hei,25,25,,,Dept of Chin Lang & Literature,2026-08-15T18-34-00+08-00-gap-recapture,gap_recapture,
2420,5244,CHLT1001,CHLT1001BY,BY,LEC,Undergraduate,C,3,University Chinese I,大學中文（一）,- Staff,0,0,,,Dept of Chin Lang & Literature,2026-08-15T18-34-00+08-00-gap-recapture,gap_recapture,
2420,7122,CHLT1001,CHLT1001CA,CA,LEC,Undergraduate,C,3,University Chinese I,大學中文（一）,- Dr. NG Ting Yan,25,24,,,Dept of Chin Lang & Literature,2026-08-15T18-34-00+08-00-gap-recapture,gap_recapture,
2420,7285,CHLT1001,CHLT1001CB,CB,LEC,Undergraduate,C,3,University Chinese I,大學中文（一）,- Dr. NG Ka Yi,25,24,,,Dept of Chin Lang & Literature,2026-08-15T18-34-00+08-00-gap-recapture,gap_recapture,
2420,5029,CHLT1001,CHLT1001CC,CC,LEC,Undergraduate,C,3,University Chinese I,大學中文（一）,- Miss WONG Ling Ling,25,25,,,Dept of Chin Lang & Literature,2026-08-15T18-34-00+08-00-gap-recapture,gap_recapture,
2420,7067,CHLT1001,CHLT1001CD,CD,LEC,Undergraduate,P,3,University Chinese I,大學中文（一）,- Dr. WONG Siu Yung,25,25,,,Dept of Chin Lang & Literature,2026-08-15T18-34-00+08-00-gap-recapture,gap_recapture,
2420,5703,CHLT1001,CHLT1001CE,CE,LEC,Undergraduate,C,3,University Chinese I,大學中文（一）,- Dr. YIM Chi Sing,25,25,,,Dept of Chin Lang & Literature,2026-08-15T18-34-00+08-00-gap-recapture,gap_recapture,
2420,5030,CHLT1001,CHLT1001CF,CF,LEC,Undergraduate,C,3,University Chinese I,大學中文（一）,- Dr. CHENG Lai Kuen,25,25,,,Dept of Chin Lang & Literature,2026-08-15T18-34-00+08-00-gap-recapture,gap_recapture,
2420,5161,CHLT1001,CHLT1001CY,CY,LEC,Undergraduate,C,3,University Chinese I,大學中文（一）,- Staff,0,0,,,Dept of Chin Lang & Literature,2026-08-15T18-34-00+08-00-gap-recapture,gap_recapture,
2420,5612,CHLT1001,CHLT1001DA,DA,LEC,Undergraduate,C,3,University Chinese I,大學中文（一）,- Dr. MAN Ying Ha,25,24,,,Dept of Chin Lang & Literature,2026-08-15T18-34-00+08-00-gap-recapture,gap_recapture,
2420,5231,CHLT1001,CHLT1001DB,DB,LEC,Undergraduate,C,3,University Chinese I,大學中文（一）,- Dr. CHEUNG Wing Mui,25,25,,,Dept of Chin Lang & Literature,2026-08-15T18-34-00+08-00-gap-recapture,gap_recapture,
2420,5613,CHLT1001,CHLT1001DC,DC,LEC,Undergraduate,C,3,University Chinese I,大學中文（一）,- Dr. LEUNG Shu Fung,25,25,,,Dept of Chin Lang & Literature,2026-08-15T18-34-00+08-00-gap-recapture,gap_recapture,
2420,5614,CHLT1001,CHLT1001DD,DD,LEC,Undergraduate,P,3,University Chinese I,大學中文（一）,- Dr. CHAN Ning,25,24,,,Dept of Chin Lang & Literature,2026-08-15T18-34-00+08-00-gap-recapture,gap_recapture,
2420,5616,CHLT1001,CHLT1001DE,DE,LEC,Undergraduate,P,3,University Chinese I,大學中文（一）,- Dr. WONG Siu Yung,25,25,,,Dept of Chin Lang & Literature,2026-08-15T18-34-00+08-00-gap-recapture,gap_recapture,
2420,5367,CHLT1001,CHLT1001DF,DF,LEC,Undergraduate,C,3,University Chinese I,大學中文（一）,- Dr. WONG Wun Yu,25,25,,,Dept of Chin Lang & Literature,2026-08-15T18-34-00+08-00-gap-recapture,gap_recapture,
2420,5615,CHLT1001,CHLT1001DG,DG,LEC,Undergraduate,C,3,University Chinese I,大學中文（一）,- Dr. LAI Pit Shun,25,25,,,Dept of Chin Lang & Literature,2026-08-15T18-34-00+08-00-gap-recapture,gap_recapture,
2420,5109,CHLT1001,CHLT1001DH,DH,LEC,Undergraduate,C,3,University Chinese I,大學中文（一）,- Dr. POON Weng Fong Alex,25,25,,,Dept of Chin Lang & Literature,2026-08-15T18-34-00+08-00-gap-recapture,gap_recapture,
2420,5046,CHLT1001,CHLT1001DJ,DJ,LEC,Undergraduate,C,3,University Chinese I,大學中文（一）,- Mr. TSANG Heung Kam,25,25,,,Dept of Chin Lang & Literature,2026-08-15T18-34-00+08-00-gap-recapture,gap_recapture,
2420,5047,CHLT1001,CHLT1001DK,DK,LEC,Undergraduate,C,3,University Chinese I,大學中文（一）,- Dr. WONG Kam Pang,25,25,,,Dept of Chin Lang & Literature,2026-08-15T18-34-00+08-00-gap-recapture,gap_recapture,
2420,5207,CHLT1001,CHLT1001DY,DY,LEC,Undergraduate,C,3,University Chinese I,大學中文（一）,- Staff,0,0,,,Dept of Chin Lang & Literature,2026-08-15T18-34-00+08-00-gap-recapture,gap_recapture,
2420,5248,CHLT1001,CHLT1001EA,EA,LEC,Undergraduate,C,3,University Chinese I,大學中文（一）,- Dr. MAN Ying Ha,25,24,,,Dept of Chin Lang & Literature,2026-08-15T18-34-00+08-00-gap-recapture,gap_recapture,
2420,5048,CHLT1001,CHLT1001EB,EB,LEC,Undergraduate,P,3,University Chinese I,大學中文（一）,- Dr. WONG Siu Yung,25,25,,,Dept of Chin Lang & Literature,2026-08-15T18-34-00+08-00-gap-recapture,gap_recapture,
2420,5049,CHLT1001,CHLT1001EC,EC,LEC,Undergraduate,C,3,University Chinese I,大學中文（一）,- Dr. LEUNG Shu Fung,25,25,,,Dept of Chin Lang & Literature,2026-08-15T18-34-00+08-00-gap-recapture,gap_recapture,
2420,7038,CHLT1001,CHLT1001ED,ED,LEC,Undergraduate,P,3,University Chinese I,大學中文（一）,- Dr. CAI Xuanhui,25,25,,,Dept of Chin Lang & Literature,2026-08-15T18-34-00+08-00-gap-recapture,gap_recapture,
2420,4783,CHLT1001,CHLT1001EE,EE,LEC,Undergraduate,C,3,University Chinese I,大學中文（一）,- Dr. WONG Mei Yan,25,25,,,Dept of Chin Lang & Literature,2026-08-15T18-34-00+08-00-gap-recapture,gap_recapture,
2420,4784,CHLT1001,CHLT1001EF,EF,LEC,Undergraduate,C,3,University Chinese I,大學中文（一）,- Mr WONG Nap Hei,25,25,,,Dept of Chin Lang & Literature,2026-08-15T18-34-00+08-00-gap-recapture,gap_recapture,
2420,4785,CHLT1001,CHLT1001EG,EG,LEC,Undergraduate,C,3,University Chinese I,大學中文（一）,- Dr. WONG Kam Pang,25,25,,,Dept of Chin Lang & Literature,2026-08-15T18-34-00+08-00-gap-recapture,gap_recapture,
2420,4786,CHLT1001,CHLT1001EH,EH,LEC,Undergraduate,C,3,University Chinese I,大學中文（一）,- Dr. AU-YANG Tak Wing,25,25,,,Dept of Chin Lang & Literature,2026-08-15T18-34-00+08-00-gap-recapture,gap_recapture,
2420,4738,CHLT1001,CHLT1001EY,EY,LEC,Undergraduate,C,3,University Chinese I,大學中文（一）,- Staff,0,0,,,Dept of Chin Lang & Literature,2026-08-15T18-34-00+08-00-gap-recapture,gap_recapture,
2420,7126,CHLT1001,CHLT1001FA,FA,LEC,Undergraduate,C,3,University Chinese I,大學中文（一）,- Dr. MAN Ying Ha,25,24,,,Dept of Chin Lang & Literature,2026-08-15T18-34-00+08-00-gap-recapture,gap_recapture,
2420,7276,CHLT1001,CHLT1001FB,FB,LEC,Undergraduate,C,3,University Chinese I,大學中文（一）,- Dr. NG Tsz Yan,25,25,,,Dept of Chin Lang & Literature,2026-08-15T18-34-00+08-00-gap-recapture,gap_recapture,
2420,7273,CHLT1001,CHLT1001FC,FC,LEC,Undergraduate,C,3,University Chinese I,大學中文（一）,- Dr. NG Ka Yi,25,24,,,Dept of Chin Lang & Literature,2026-08-15T18-34-00+08-00-gap-recapture,gap_recapture,
2420,7281,CHLT1001,CHLT1001FD,FD,LEC,Undergraduate,C,3,University Chinese I,大學中文（一）,- Dr. LEUNG Shu Fung,25,25,,,Dept of Chin Lang & Literature,2026-08-15T18-34-00+08-00-gap-recapture,gap_recapture,
2420,7279,CHLT1001,CHLT1001FE,FE,LEC,Undergraduate,P,3,University Chinese I,大學中文（一）,- Dr. CAI Xuanhui,25,24,,,Dept of Chin Lang & Literature,2026-08-15T18-34-00+08-00-gap-recapture,gap_recapture,
2420,7199,CHLT1001,CHLT1001FF,FF,LEC,Undergraduate,P,3,University Chinese I,大學中文（一）,- Dr. WONG Siu Yung,25,24,,,Dept of Chin Lang & Literature,2026-08-15T18-34-00+08-00-gap-recapture,gap_recapture,
2420,7280,CHLT1001,CHLT1001FG,FG,LEC,Undergraduate,C,3,University Chinese I,大學中文（一）,- Dr. LAI Pit Shun,25,25,,,Dept of Chin Lang & Literature,2026-08-15T18-34-00+08-00-gap-recapture,gap_recapture,
2420,7123,CHLT1001,CHLT1001FH,FH,LEC,Undergraduate,P,3,University Chinese I,大學中文（一）,- Dr. LO Ki Wai,25,25,,,Dept of Chin Lang & Literature,2026-08-15T18-34-00+08-00-gap-recapture,gap_recapture,
2420,7278,CHLT1001,CHLT1001FJ,FJ,LEC,Undergraduate,C,3,University Chinese I,大學中文（一）,- Dr. YIM Chi Sing,25,25,,,Dept of Chin Lang & Literature,2026-08-15T18-34-00+08-00-gap-recapture,gap_recapture,
2420,4797,CHLT1001,CHLT1001FK,FK,LEC,Undergraduate,C,3,University Chinese I,大學中文（一）,- Ms. LEUNG Wai Sze,25,25,,,Dept of Chin Lang & Literature,2026-08-15T18-34-00+08-00-gap-recapture,gap_recapture,
2420,5348,CHLT1001,CHLT1001FY,FY,LEC,Undergraduate,C,3,University Chinese I,大學中文（一）,- Staff,0,0,,,Dept of Chin Lang & Literature,2026-08-15T18-34-00+08-00-gap-recapture,gap_recapture,
2420,5958,CHLT1001,CHLT1001GA,GA,LEC,Undergraduate,C,3,University Chinese I,大學中文（一）,- Dr. MAN Ying Ha,25,24,,,Dept of Chin Lang & Literature,2026-08-15T18-34-00+08-00-gap-recapture,gap_recapture,
2420,5617,CHLT1001,CHLT1001GB,GB,LEC,Undergraduate,C,3,University Chinese I,大學中文（一）,- Dr. NG Ting Yan,25,25,,,Dept of Chin Lang & Literature,2026-08-15T18-34-00+08-00-gap-recapture,gap_recapture,
2420,7295,CHLT1001,CHLT1001GC,GC,LEC,Undergraduate,C,3,University Chinese I,大學中文（一）,- Dr. NG Tsz Yan,25,25,,,Dept of Chin Lang & Literature,2026-08-15T18-34-00+08-00-gap-recapture,gap_recapture,
2420,7294,CHLT1001,CHLT1001GD,GD,LEC,Undergraduate,C,3,University Chinese I,大學中文（一）,- Dr. CHEUNG Wing Mui,25,25,,,Dept of Chin Lang & Literature,2026-08-15T18-34-00+08-00-gap-recapture,gap_recapture,
2420,5622,CHLT1001,CHLT1001GE,GE,LEC,Undergraduate,P,3,University Chinese I,大學中文（一）,- Dr. CHAN Ning,25,25,,,Dept of Chin Lang & Literature,2026-08-15T18-34-00+08-00-gap-recapture,gap_recapture,
2420,5620,CHLT1001,CHLT1001GF,GF,LEC,Undergraduate,P,3,University Chinese I,大學中文（一）,- Dr. WONG Siu Yung,25,25,,,Dept of Chin Lang & Literature,2026-08-15T18-34-00+08-00-gap-recapture,gap_recapture,
2420,5283,CHLT1001,CHLT1001GG,GG,LEC,Undergraduate,C,3,University Chinese I,大學中文（一）,- Dr. WONG Wun Yu,25,25,,,Dept of Chin Lang & Literature,2026-08-15T18-34-00+08-00-gap-recapture,gap_recapture,
2420,4798,CHLT1001,CHLT1001GH,GH,LEC,Undergraduate,C,3,University Chinese I,大學中文（一）,- Dr. LAM Chi Chiu,25,25,,,Dept of Chin Lang & Literature,2026-08-15T18-34-00+08-00-gap-recapture,gap_recapture,
2420,5208,CHLT1001,CHLT1001GJ,GJ,LEC,Undergraduate,P,3,University Chinese I,大學中文（一）,- Staff,25,25,,,Dept of Chin Lang & Literature,2026-08-15T18-34-00+08-00-gap-recapture,gap_recapture,
2420,5299,CHLT1001,CHLT1001GY,GY,LEC,Undergraduate,C,3,University Chinese I,大學中文（一）,- Staff,0,0,,,Dept of Chin Lang & Literature,2026-08-15T18-34-00+08-00-gap-recapture,gap_recapture,
2420,5713,CHLT1001,CHLT1001HA,HA,LEC,Undergraduate,C,3,University Chinese I,大學中文（一）,- Dr. CHEUNG Wing Mui,25,25,,,Dept of Chin Lang & Literature,2026-08-15T18-34-00+08-00-gap-recapture,gap_recapture,
2420,5252,CHLT1001,CHLT1001HB,HB,LEC,Undergraduate,P,3,University Chinese I,大學中文（一）,- Dr. LO Ki Wai,25,25,,,Dept of Chin Lang & Literature,2026-08-15T18-34-00+08-00-gap-recapture,gap_recapture,
2420,4799,CHLT1001,CHLT1001HC,HC,LEC,Undergraduate,C,3,University Chinese I,大學中文（一）,- Dr. LAM Chi Chiu,25,25,,,Dept of Chin Lang & Literature,2026-08-15T18-34-00+08-00-gap-recapture,gap_recapture,
2420,5251,CHLT1001,CHLT1001HD,HD,LEC,Undergraduate,C,3,University Chinese I,大學中文（一）,- Staff,25,25,,,Dept of Chin Lang & Literature,2026-08-15T18-34-00+08-00-gap-recapture,gap_recapture,
2420,5675,CHLT1001,CHLT1001HE,HE,LEC,Undergraduate,P,3,University Chinese I,大學中文（一）,- Staff,25,25,,,Dept of Chin Lang & Literature,2026-08-15T18-34-00+08-00-gap-recapture,gap_recapture,
2420,5176,CHLT1001,CHLT1001HY,HY,LEC,Undergraduate,C,3,University Chinese I,大學中文（一）,- Staff,0,0,,,Dept of Chin Lang & Literature,2026-08-15T18-34-00+08-00-gap-recapture,gap_recapture,
2420,5767,CHLT1001,CHLT1001JA,JA,LEC,Undergraduate,C,3,University Chinese I,大學中文（一）,- Dr. NG Tsz Yan,25,25,,,Dept of Chin Lang & Literature,2026-08-15T18-34-00+08-00-gap-recapture,gap_recapture,
2420,5766,CHLT1001,CHLT1001JB,JB,LEC,Undergraduate,C,3,University Chinese I,大學中文（一）,- Dr. POON Wai Ting,25,25,,,Dept of Chin Lang & Literature,2026-08-15T18-34-00+08-00-gap-recapture,gap_recapture,
2420,5781,CHLT1001,CHLT1001JC,JC,LEC,Undergraduate,C,3,University Chinese I,大學中文（一）,- Dr. LAI Pit Shun,25,25,,,Dept of Chin Lang & Literature,2026-08-15T18-34-00+08-00-gap-recapture,gap_recapture,
2420,4800,CHLT1001,CHLT1001JD,JD,LEC,Undergraduate,C,3,University Chinese I,大學中文（一）,- Miss WONG Ling Ling,25,25,,,Dept of Chin Lang & Literature,2026-08-15T18-34-00+08-00-gap-recapture,gap_recapture,
2420,4801,CHLT1001,CHLT1001JE,JE,LEC,Undergraduate,C,3,University Chinese I,大學中文（一）,- Ms. LEUNG Wai Sze,25,25,,,Dept of Chin Lang & Literature,2026-08-15T18-34-00+08-00-gap-recapture,gap_recapture,
2420,4802,CHLT1001,CHLT1001JF,JF,LEC,Undergraduate,C,3,University Chinese I,大學中文（一）,- Mr. TSANG Heung Kam,25,25,,,Dept of Chin Lang & Literature,2026-08-15T18-34-00+08-00-gap-recapture,gap_recapture,
2420,4803,CHLT1001,CHLT1001JG,JG,LEC,Undergraduate,C,3,University Chinese I,大學中文（一）,- Dr. POON Weng Fong Alex,25,25,,,Dept of Chin Lang & Literature,2026-08-15T18-34-00+08-00-gap-recapture,gap_recapture,
2420,5179,CHLT1001,CHLT1001JY,JY,LEC,Undergraduate,C,3,University Chinese I,大學中文（一）,- Staff,0,0,,,Dept of Chin Lang & Literature,2026-08-15T18-34-00+08-00-gap-recapture,gap_recapture,
2420,7111,CHLT1002,CHLT1002AA,AA,LEC,Undergraduate,C,2,University Chinese II,大學中文（二）,- Dr. NG Tsz Yan,25,0,,,Dept of Chin Lang & Literature,2026-08-15T18-34-00+08-00-gap-recapture,gap_recapture,
2420,7115,CHLT1002,CHLT1002AB,AB,LEC,Undergraduate,C,2,University Chinese II,大學中文（二）,- Dr. HUNG Yeuk Chun,25,0,,,Dept of Chin Lang & Literature,2026-08-15T18-34-00+08-00-gap-recapture,gap_recapture,
2420,7118,CHLT1002,CHLT1002AC,AC,LEC,Undergraduate,C,2,University Chinese II,大學中文（二）,- Dr. KWOK Kim Fung,25,0,,,Dept of Chin Lang & Literature,2026-08-15T18-34-00+08-00-gap-recapture,gap_recapture,
2420,7303,CHLT1002,CHLT1002AE,AE,LEC,Undergraduate,C,2,University Chinese II,大學中文（二）,- Dr. LAU Lo,25,0,,,Dept of Chin Lang & Literature,2026-08-15T18-34-00+08-00-gap-recapture,gap_recapture,
2420,7116,CHLT1002,CHLT1002AF,AF,LEC,Undergraduate,C,2,University Chinese II,大學中文（二）,- Dr. LAI Pit Shun,25,1,,,Dept of Chin Lang & Literature,2026-08-15T18-34-00+08-00-gap-recapture,gap_recapture,
2420,7119,CHLT1002,CHLT1002AG,AG,LEC,Undergraduate,P,2,University Chinese II,大學中文（二）,- Dr. LO Ki Wai,25,2,,,Dept of Chin Lang & Literature,2026-08-15T18-34-00+08-00-gap-recapture,gap_recapture,
2420,4804,CHLT1002,CHLT1002AH,AH,LEC,Undergraduate,C,2,University Chinese II,大學中文（二）,- Dr. POON Weng Fong Alex,25,0,,,Dept of Chin Lang & Literature,2026-08-15T18-34-00+08-00-gap-recapture,gap_recapture,
2420,7200,CHLT1002,CHLT1002AY,AY,LEC,Undergraduate,C,2,University Chinese II,大學中文（二）,- Staff,0,0,,,Dept of Chin Lang & Literature,2026-08-15T18-34-00+08-00-gap-recapture,gap_recapture,
2420,7274,CHLT1002,CHLT1002BA,BA,LEC,Undergraduate,C,2,University Chinese II,大學中文（二）,- Dr. NG Tsz Yan,25,0,,,Dept of Chin Lang & Literature,2026-08-15T18-34-00+08-00-gap-recapture,gap_recapture,
2420,7114,CHLT1002,CHLT1002BB,BB,LEC,Undergraduate,C,2,University Chinese II,大學中文（二）,- Dr. KWOK Kim Fung,25,2,,,Dept of Chin Lang & Literature,2026-08-15T18-34-00+08-00-gap-recapture,gap_recapture,
2420,7302,CHLT1002,CHLT1002BC,BC,LEC,Undergraduate,P,2,University Chinese II,大學中文（二）,- Dr. CHAN Ning,25,3,,,Dept of Chin Lang & Literature,2026-08-15T18-34-00+08-00-gap-recapture,gap_recapture,
2420,7112,CHLT1002,CHLT1002BD,BD,LEC,Undergraduate,C,2,University Chinese II,大學中文（二）,- Dr. LAU Lo,25,2,,,Dept of Chin Lang & Literature,2026-08-15T18-34-00+08-00-gap-recapture,gap_recapture,
2420,5110,CHLT1002,CHLT1002BE,BE,LEC,Undergraduate,C,2,University Chinese II,大學中文（二）,- Dr. LAM Chi Chiu,25,0,,,Dept of Chin Lang & Literature,2026-08-15T18-34-00+08-00-gap-recapture,gap_recapture,
2420,4806,CHLT1002,CHLT1002BF,BF,LEC,Undergraduate,C,2,University Chinese II,大學中文（二）,- Dr. AU-YANG Tak Wing,25,0,,,Dept of Chin Lang & Literature,2026-08-15T18-34-00+08-00-gap-recapture,gap_recapture,
2420,4805,CHLT1002,CHLT1002BG,BG,LEC,Undergraduate,C,2,University Chinese II,大學中文（二）,- Dr. POON Weng Fong Alex,25,0,,,Dept of Chin Lang & Literature,2026-08-15T18-34-00+08-00-gap-recapture,gap_recapture,
2420,4807,CHLT1002,CHLT1002BH,BH,LEC,Undergraduate,C,2,University Chinese II,大學中文（二）,- Dr. CHENG Lai Kuen,25,0,,,Dept of Chin Lang & Literature,2026-08-15T18-34-00+08-00-gap-recapture,gap_recapture,
2420,7283,CHLT1002,CHLT1002CA,CA,LEC,Undergraduate,P,2,University Chinese II,大學中文（二）,- Dr. LAU Lo,25,4,,,Dept of Chin Lang & Literature,2026-08-15T18-34-00+08-00-gap-recapture,gap_recapture,
2420,7284,CHLT1002,CHLT1002CB,CB,LEC,Undergraduate,C,2,University Chinese II,大學中文（二）,- Dr. POON Wai Ting,25,1,,,Dept of Chin Lang & Literature,2026-08-15T18-34-00+08-00-gap-recapture,gap_recapture,
2420,4780,CHLT1002,CHLT1002CD,CD,LEC,Undergraduate,C,2,University Chinese II,大學中文（二）,- Mr WONG Nap Hei,25,0,,,Dept of Chin Lang & Literature,2026-08-15T18-34-00+08-00-gap-recapture,gap_recapture,
2420,4781,CHLT1002,CHLT1002CE,CE,LEC,Undergraduate,C,2,University Chinese II,大學中文（二）,- Dr. WONG Kam Pang,25,0,,,Dept of Chin Lang & Literature,2026-08-15T18-34-00+08-00-gap-recapture,gap_recapture,
2420,4782,CHLT1002,CHLT1002CF,CF,LEC,Undergraduate,C,2,University Chinese II,大學中文（二）,- Dr. POON Weng Fong Alex,25,0,,,Dept of Chin Lang & Literature,2026-08-15T18-34-00+08-00-gap-recapture,gap_recapture,
2420,5172,CHLT1002,CHLT1002CY,CY,LEC,Undergraduate,C,2,University Chinese II,大學中文（二）,- Staff,0,0,,,Dept of Chin Lang & Literature,2026-08-15T18-34-00+08-00-gap-recapture,gap_recapture,
2420,5633,CHLT1002,CHLT1002DA,DA,LEC,Undergraduate,C,2,University Chinese II,大學中文（二）,- Dr. NG Ting Yan,25,0,,,Dept of Chin Lang & Literature,2026-08-15T18-34-00+08-00-gap-recapture,gap_recapture,
2420,4779,CHLT1002,CHLT1002DB,DB,LEC,Undergraduate,C,2,University Chinese II,大學中文（二）,- Staff,25,0,,,Dept of Chin Lang & Literature,2026-08-15T18-34-00+08-00-gap-recapture,gap_recapture,
2420,5634,CHLT1002,CHLT1002DC,DC,LEC,Undergraduate,P,2,University Chinese II,大學中文（二）,- Dr. HUNG Yeuk Chun,25,4,,,Dept of Chin Lang & Literature,2026-08-15T18-34-00+08-00-gap-recapture,gap_recapture,
2420,5782,CHLT1002,CHLT1002DD,DD,LEC,Undergraduate,C,2,University Chinese II,大學中文（二）,- Dr. KWOK Kim Fung,25,1,,,Dept of Chin Lang & Literature,2026-08-15T18-34-00+08-00-gap-recapture,gap_recapture,
2420,5812,CHLT1002,CHLT1002DE,DE,LEC,Undergraduate,C,2,University Chinese II,大學中文（二）,- Dr. YIP Ka Wing,25,0,,,Dept of Chin Lang & Literature,2026-08-15T18-34-00+08-00-gap-recapture,gap_recapture,
2420,5631,CHLT1002,CHLT1002DF,DF,LEC,Undergraduate,P,2,University Chinese II,大學中文（二）,- Dr. CAI Xuanhui,25,4,,,Dept of Chin Lang & Literature,2026-08-15T18-34-00+08-00-gap-recapture,gap_recapture,
2420,5632,CHLT1002,CHLT1002DG,DG,LEC,Undergraduate,C,2,University Chinese II,大學中文（二）,- Dr. YIM Chi Sing,25,0,,,Dept of Chin Lang & Literature,2026-08-15T18-34-00+08-00-gap-recapture,gap_recapture,
2420,4728,CHLT1002,CHLT1002DH,DH,LEC,Undergraduate,C,2,University Chinese II,大學中文（二）,- Dr. LAM Chi Chiu,25,1,,,Dept of Chin Lang & Literature,2026-08-15T18-34-00+08-00-gap-recapture,gap_recapture,
2420,4730,CHLT1002,CHLT1002DJ,DJ,LEC,Undergraduate,C,2,University Chinese II,大學中文（二）,- Dr. CHENG Lai Kuen,25,0,,,Dept of Chin Lang & Literature,2026-08-15T18-34-00+08-00-gap-recapture,gap_recapture,
2420,5177,CHLT1002,CHLT1002DY,DY,LEC,Undergraduate,C,2,University Chinese II,大學中文（二）,- Staff,0,0,,,Dept of Chin Lang & Literature,2026-08-15T18-34-00+08-00-gap-recapture,gap_recapture,
2420,4727,CHLT1002,CHLT1002EA,EA,LEC,Undergraduate,C,2,University Chinese II,大學中文（二）,- Staff,25,1,,,Dept of Chin Lang & Literature,2026-08-15T18-34-00+08-00-gap-recapture,gap_recapture,
2420,5050,CHLT1002,CHLT1002EB,EB,LEC,Undergraduate,C,2,University Chinese II,大學中文（二）,- Dr. LEUNG Shu Fung,25,0,,,Dept of Chin Lang & Literature,2026-08-15T18-34-00+08-00-gap-recapture,gap_recapture,
2420,5306,CHLT1002,CHLT1002EC,EC,LEC,Undergraduate,P,2,University Chinese II,大學中文（二）,- Dr. CHAN Ning,25,5,,,Dept of Chin Lang & Literature,2026-08-15T18-34-00+08-00-gap-recapture,gap_recapture,
2420,5783,CHLT1002,CHLT1002ED,ED,LEC,Undergraduate,C,2,University Chinese II,大學中文（二）,- Dr. YIP Ka Wing,25,0,,,Dept of Chin Lang & Literature,2026-08-15T18-34-00+08-00-gap-recapture,gap_recapture,
2420,5774,CHLT1002,CHLT1002EE,EE,LEC,Undergraduate,C,2,University Chinese II,大學中文（二）,- Dr. WONG Wun Yu,25,1,,,Dept of Chin Lang & Literature,2026-08-15T18-34-00+08-00-gap-recapture,gap_recapture,
2420,4723,CHLT1002,CHLT1002EF,EF,LEC,Undergraduate,C,2,University Chinese II,大學中文（二）,- Dr. LAM Chi Chiu,25,1,,,Dept of Chin Lang & Literature,2026-08-15T18-34-00+08-00-gap-recapture,gap_recapture,
2420,4724,CHLT1002,CHLT1002EG,EG,LEC,Undergraduate,C,2,University Chinese II,大學中文（二）,- Ms. LEUNG Wai Sze,25,0,,,Dept of Chin Lang & Literature,2026-08-15T18-34-00+08-00-gap-recapture,gap_recapture,
2420,4725,CHLT1002,CHLT1002EH,EH,LEC,Undergraduate,P,2,University Chinese II,大學中文（二）,- Dr. WONG Mei Yan,25,6,,,Dept of Chin Lang & Literature,2026-08-15T18-34-00+08-00-gap-recapture,gap_recapture,
2420,4726,CHLT1002,CHLT1002EJ,EJ,LEC,Undergraduate,C,2,University Chinese II,大學中文（二）,- Dr. AU-YANG Tak Wing,25,0,,,Dept of Chin Lang & Literature,2026-08-15T18-34-00+08-00-gap-recapture,gap_recapture,
2420,5293,CHLT1002,CHLT1002EY,EY,LEC,Undergraduate,C,2,University Chinese II,大學中文（二）,- Staff,0,0,,,Dept of Chin Lang & Literature,2026-08-15T18-34-00+08-00-gap-recapture,gap_recapture,
2420,5637,CHLT1002,CHLT1002FA,FA,LEC,Undergraduate,C,2,University Chinese II,大學中文（二）,- Dr. LAM Chi Chiu,25,0,,,Dept of Chin Lang & Literature,2026-08-15T18-34-00+08-00-gap-recapture,gap_recapture,
2420,7301,CHLT1002,CHLT1002FB,FB,LEC,Undergraduate,P,2,University Chinese II,大學中文（二）,- Dr. WONG Mei Yan,25,3,,,Dept of Chin Lang & Literature,2026-08-15T18-34-00+08-00-gap-recapture,gap_recapture,
2420,5635,CHLT1002,CHLT1002FC,FC,LEC,Undergraduate,C,2,University Chinese II,大學中文（二）,- Dr. WONG Kam Pang,25,0,,,Dept of Chin Lang & Literature,2026-08-15T18-34-00+08-00-gap-recapture,gap_recapture,
2420,5636,CHLT1002,CHLT1002FD,FD,LEC,Undergraduate,C,2,University Chinese II,大學中文（二）,- Dr. LAU Lo,25,1,,,Dept of Chin Lang & Literature,2026-08-15T18-34-00+08-00-gap-recapture,gap_recapture,
2420,7063,CHLT1002,CHLT1002FE,FE,LEC,Undergraduate,C,2,University Chinese II,大學中文（二）,- Dr. POON Wai Ting,25,2,,,Dept of Chin Lang & Literature,2026-08-15T18-34-00+08-00-gap-recapture,gap_recapture,
2420,7227,CHLT1002,CHLT1002FF,FF,LEC,Undergraduate,P,2,University Chinese II,大學中文（二）,- Dr. LO Ki Wai,25,4,,,Dept of Chin Lang & Literature,2026-08-15T18-34-00+08-00-gap-recapture,gap_recapture,
2420,5206,CHLT1002,CHLT1002FY,FY,LEC,Undergraduate,C,2,University Chinese II,大學中文（二）,- Staff,0,0,,,Dept of Chin Lang & Literature,2026-08-15T18-34-00+08-00-gap-recapture,gap_recapture,
2420,4719,CHLT1002,CHLT1002GA,GA,LEC,Undergraduate,C,2,University Chinese II,大學中文（二）,- Staff,25,0,,,Dept of Chin Lang & Literature,2026-08-15T18-34-00+08-00-gap-recapture,gap_recapture,
2420,7120,CHLT1002,CHLT1002GB,GB,LEC,Undergraduate,P,2,University Chinese II,大學中文（二）,- Dr. HUNG Yeuk Chun,25,3,,,Dept of Chin Lang & Literature,2026-08-15T18-34-00+08-00-gap-recapture,gap_recapture,
2420,7253,CHLT1002,CHLT1002GC,GC,LEC,Undergraduate,C,2,University Chinese II,大學中文（二）,- Dr. KWOK Kim Fung,25,1,,,Dept of Chin Lang & Literature,2026-08-15T18-34-00+08-00-gap-recapture,gap_recapture,
2420,4898,CHLT1002,CHLT1002GD,GD,LEC,Undergraduate,P,2,University Chinese II,大學中文（二）,- Dr. CHAN Ning,25,4,,,Dept of Chin Lang & Literature,2026-08-15T18-34-00+08-00-gap-recapture,gap_recapture,
2420,7121,CHLT1002,CHLT1002GE,GE,LEC,Undergraduate,C,2,University Chinese II,大學中文（二）,- Dr. LAU Lo,25,1,,,Dept of Chin Lang & Literature,2026-08-15T18-34-00+08-00-gap-recapture,gap_recapture,
2420,7228,CHLT1002,CHLT1002GF,GF,LEC,Undergraduate,C,2,University Chinese II,大學中文（二）,- Dr. POON Wai Ting,25,0,,,Dept of Chin Lang & Literature,2026-08-15T18-34-00+08-00-gap-recapture,gap_recapture,
2420,5349,CHLT1002,CHLT1002GY,GY,LEC,Undergraduate,C,2,University Chinese II,大學中文（二）,- Staff,0,0,,,Dept of Chin Lang & Literature,2026-08-15T18-34-00+08-00-gap-recapture,gap_recapture,
2420,5813,CHLT1002,CHLT1002HA,HA,LEC,Undergraduate,P,2,University Chinese II,大學中文（二）,- Dr. HUNG Yeuk Chun,25,0,,,Dept of Chin Lang & Literature,2026-08-15T18-34-00+08-00-gap-recapture,gap_recapture,
2420,5746,CHLT1002,CHLT1002HB,HB,LEC,Undergraduate,C,2,University Chinese II,大學中文（二）,- Dr. KWOK Kim Fung,25,0,,,Dept of Chin Lang & Literature,2026-08-15T18-34-00+08-00-gap-recapture,gap_recapture,
2420,5747,CHLT1002,CHLT1002HC,HC,LEC,Undergraduate,C,2,University Chinese II,大學中文（二）,- Dr. YIP Ka Wing,25,0,,,Dept of Chin Lang & Literature,2026-08-15T18-34-00+08-00-gap-recapture,gap_recapture,
2420,5748,CHLT1002,CHLT1002HD,HD,LEC,Undergraduate,C,2,University Chinese II,大學中文（二）,- Dr. LAU Lo,25,0,,,Dept of Chin Lang & Literature,2026-08-15T18-34-00+08-00-gap-recapture,gap_recapture,
2420,5765,CHLT1002,CHLT1002HE,HE,LEC,Undergraduate,C,2,University Chinese II,大學中文（二）,- Dr. LAI Pit Shun,25,0,,,Dept of Chin Lang & Literature,2026-08-15T18-34-00+08-00-gap-recapture,gap_recapture,
2420,5784,CHLT1002,CHLT1002HF,HF,LEC,Undergraduate,P,2,University Chinese II,大學中文（二）,- Dr. LO Ki Wai,25,0,,,Dept of Chin Lang & Literature,2026-08-15T18-34-00+08-00-gap-recapture,gap_recapture,
2420,4718,CHLT1002,CHLT1002HG,HG,LEC,Undergraduate,C,2,University Chinese II,大學中文（二）,- Mr WONG Nap Hei,25,0,,,Dept of Chin Lang & Literature,2026-08-15T18-34-00+08-00-gap-recapture,gap_recapture,
2420,5061,CHLT1002,CHLT1002HH,HH,LEC,Undergraduate,C,2,University Chinese II,大學中文（二）,- Dr. CHENG Lai Kuen,25,0,,,Dept of Chin Lang & Literature,2026-08-15T18-34-00+08-00-gap-recapture,gap_recapture,
2420,10066,CHLT1002,CHLT1002HJ,HJ,LEC,Undergraduate,P,2,University Chinese II,大學中文（二）,- Dr. CAI Xuanhui,25,0,,,Dept of Chin Lang & Literature,2026-08-15T18-34-00+08-00-gap-recapture,gap_recapture,
2420,10067,CHLT1002,CHLT1002HK,HK,LEC,Undergraduate,C,2,University Chinese II,大學中文（二）,- Ms. LEUNG Wai Sze,25,0,,,Dept of Chin Lang & Literature,2026-08-15T18-34-00+08-00-gap-recapture,gap_recapture,
2420,10068,CHLT1002,CHLT1002HL,HL,LEC,Undergraduate,P,2,University Chinese II,大學中文（二）,- Miss WONG Ling Ling,25,0,,,Dept of Chin Lang & Literature,2026-08-15T18-34-00+08-00-gap-recapture,gap_recapture,
2420,5059,CHLT1002,CHLT1002JA,JA,LEC,Undergraduate,C,2,University Chinese II,大學中文（二）,- Staff,25,2,,,Dept of Chin Lang & Literature,2026-08-15T18-34-00+08-00-gap-recapture,gap_recapture,
2420,5058,CHLT1002,CHLT1002JB,JB,LEC,Undergraduate,C,2,University Chinese II,大學中文（二）,- Ms. LEUNG Wai Sze,25,5,,,Dept of Chin Lang & Literature,2026-08-15T18-34-00+08-00-gap-recapture,gap_recapture,
2420,5111,CHLT1002,CHLT1002JC,JC,LEC,Undergraduate,P,2,University Chinese II,大學中文（二）,- Staff,25,5,,,Dept of Chin Lang & Literature,2026-08-15T18-34-00+08-00-gap-recapture,gap_recapture,
2420,8022,CHLT1104,CHLT1104A,AX01,WBL,Undergraduate,C&E&P,0,Self-Learning Elementary Chin,自學中文初階,- Dr. NG Ka Yi,999,911,Yes,Yes,Dept of Chin Lang & Literature,2026-08-15T18-34-00+08-00-gap-recapture,gap_recapture,
2420,5712,CHLT1204,CHLT1204A,A,LEC,Undergraduate,C,3,Chin Lang Com and App I,中國語文傳意與應用（一）,- Dr. WONG Wun Yu,25,4,Yes,Yes,Dept of Chin Lang & Literature,2026-08-15T18-34-00+08-00-gap-recapture,gap_recapture,
2420,5054,CHLT1205,CHLT1205A,A,LEC,Undergraduate,P,2,Chin Lang Com and App II,中國語文傳意與應用（二）,- Dr. NG Ka Yi,25,3,Yes,Yes,Dept of Chin Lang & Literature,2026-08-15T18-34-00+08-00-gap-recapture,gap_recapture,
2420,5316,CHLT1306,CHLT1306-,-,LEC,Undergraduate,C,1,Advertising Copywriting,廣告文案寫作,- Dr. POON Wai Ting,25,23,,,Dept of Chin Lang & Literature,2026-08-15T18-34-00+08-00-gap-recapture,gap_recapture,
2420,5185,CHLT1307,CHLT1307-,-,LEC,Undergraduate,P,2,Nature Writing,自然書寫,- Dr. CAI Xuanhui,25,22,,,Dept of Chin Lang & Literature,2026-08-15T18-34-00+08-00-gap-recapture,gap_recapture,
2420,8529,CHLT2882,CHLT2882-,-,LEC,Undergraduate,C,3,Mod'n Chi Lit M'pieces Appr'n,現代文學名著鑑賞,- Dr. YIP Ka Wing,30,13,,Yes,Dept of Chin Lang & Literature,2026-08-15T18-34-00+08-00-gap-recapture,gap_recapture,
2420,7056,CHPR3001,CHPR3001-,-,LEC,Undergraduate,C&E,3,Contemporary Health Issues,當代健康問題,- Dr. MUI Wai Ho,30,28,,,JC Sch of Pub Health Prim Care,2026-08-15T01-53-13+08-00-full-term-1,current,
2420,5940,CHPR4003,CHPR4003-,-,LEC,Undergraduate,E,3,Research Methods in Com Health,社區健康研究方法,- Professor MO Phoenix Kit Han,33,11,,,JC Sch of Pub Health Prim Care,2026-08-15T01-53-13+08-00-full-term-1,current,
2420,5697,CHPR4008,CHPR4008-,-,LEC,Undergraduate,C#E,3,Health Promo Plan & Eval,策劃及評估健康促進項目,- Dr. MUI Wai Ho,33,10,,,JC Sch of Pub Health Prim Care,2026-08-15T01-53-13+08-00-full-term-1,current,
2420,6544,CHPR4901,CHPR4901-,-W01,WKS,Undergraduate,E,3,Practicum in CHPR I,社區健康實習 (一),- Dr. YUNG Ka Chun,33,10,Yes,Yes,JC Sch of Pub Health Prim Care,2026-08-15T01-53-13+08-00-full-term-1,current,
2420,5188,CLCC1000,CLCC1000A,AX01,WBL,Undergraduate,C&E,0,Sur CAN for International STD,生活中的粵語（以粵語為第二語言的國際生適用）,- Miss SHEN Minyu,19,19,,,Yale-China Chin Lang Acad,2026-08-15T01-53-13+08-00-full-term-1,current,
2420,7991,CLCC1001,CLCC1001-,-X01,WBL,Undergraduate,C&E,1,CAN Taster Course for Int'l St,國際學生粵語應用學習,- Staff,150,150,Yes,Yes,Yale-China Chin Lang Acad,2026-08-15T01-53-13+08-00-full-term-1,current,
2420,5189,CLCC1100,CLCC1100A,AX01,WBL,Undergraduate,C,0,Sur CAN for Native CHI Speaker,生活中的粵語（以華語為第一語言者適用）,- Miss YU Kam Ping Doris,19,18,,,Yale-China Chin Lang Acad,2026-08-15T01-53-13+08-00-full-term-1,current,
2420,5190,CLCC1100,CLCC1100D,DX01,WBL,Undergraduate,C,0,Sur CAN for Native CHI Speaker,生活中的粵語（以華語為第一語言者適用）,- Miss SHEN Minyu,19,19,,,Yale-China Chin Lang Acad,2026-08-15T01-53-13+08-00-full-term-1,current,
2420,7992,CLCC1101,CLCC1101-,-X01,WBL,Undergraduate,C,1,CAN Taster Course (for Chi),華語學生粵語應用學習,- Staff,150,150,Yes,Yes,Yale-China Chin Lang Acad,2026-08-15T01-53-13+08-00-full-term-1,current,
2420,8448,CLCC1113,CLCC1113A,AX01,WBL,Undergraduate,C&E,3,Application of Voc & Gr I,詞匯與語法應用（一）,- Miss YU Kam Ping Doris,19,19,Yes,,Yale-China Chin Lang Acad,2026-08-15T01-53-13+08-00-full-term-1,current,
2420,9368,CLCC1113,CLCC1113B,BX01,WBL,Undergraduate,C&E,3,Application of Voc & Gr I,詞匯與語法應用（一）,- Mr. LAI Ka Ho,19,19,Yes,,Yale-China Chin Lang Acad,2026-08-15T01-53-13+08-00-full-term-1,current,
2420,9369,CLCC1113,CLCC1113C,CX01,WBL,Undergraduate,C&E,3,Application of Voc & Gr I,詞匯與語法應用（一）,- Mr. LAI Ka Ho,19,19,Yes,,Yale-China Chin Lang Acad,2026-08-15T01-53-13+08-00-full-term-1,current,
2420,9370,CLCC1113,CLCC1113D,DX01,WBL,Undergraduate,C&E,3,Application of Voc & Gr I,詞匯與語法應用（一）,- Miss SHEN Minyu,19,19,Yes,,Yale-China Chin Lang Acad,2026-08-15T01-53-13+08-00-full-term-1,current,
2420,9371,CLCC1123,CLCC1123A,AX01,WBL,Undergraduate,C&E,3,Oral Skills Practice I,口語技能訓練（一）,- Miss SHEN Minyu,19,19,Yes,,Yale-China Chin Lang Acad,2026-08-15T01-53-13+08-00-full-term-1,current,
2420,9497,CLCC1123,CLCC1123B,BX01,WBL,Undergraduate,C&E,3,Oral Skills Practice I,口語技能訓練（一）,- Miss SHEN Minyu,19,19,Yes,,Yale-China Chin Lang Acad,2026-08-15T01-53-13+08-00-full-term-1,current,
2420,5392,CLCC1123,CLCC1123C,CX01,WBL,Undergraduate,C&E,3,Oral Skills Practice I,口語技能訓練（一）,- Miss YU Kam Ping Doris,19,19,Yes,,Yale-China Chin Lang Acad,2026-08-15T01-53-13+08-00-full-term-1,current,
2420,8578,CLCC1123,CLCC1123D,DX01,WBL,Undergraduate,C&E,3,Oral Skills Practice I,口語技能訓練（一）,- Miss YU Kam Ping Doris,19,19,Yes,,Yale-China Chin Lang Acad,2026-08-15T01-53-13+08-00-full-term-1,current,
2420,5362,CLCC1152,CLCC1152-,-,LEC,Undergraduate,C&E,2,Sounds of Cantonese,粵語語音,- Staff,19,19,Yes,,Yale-China Chin Lang Acad,2026-08-15T01-53-13+08-00-full-term-1,current,
2420,5390,CLCC1703,CLCC1703A,AX01,WBL,Undergraduate,C,3,Elem CAN for Chi Speakers,華語學生粵語初級,- Dr. LEE Siu Lun,22,18,,,Yale-China Chin Lang Acad,2026-08-15T01-53-13+08-00-full-term-1,current,
2420,5393,CLCC1703,CLCC1703B,BX01,WBL,Undergraduate,C,3,Elem CAN for Chi Speakers,華語學生粵語初級,- Dr. LEE Siu Lun,22,14,,,Yale-China Chin Lang Acad,2026-08-15T01-53-13+08-00-full-term-1,current,
2420,8504,CLCC1703,CLCC1703C,CX01,WBL,Undergraduate,C,3,Elem CAN for Chi Speakers,華語學生粵語初級,- Dr. LEE Siu Lun,22,18,,,Yale-China Chin Lang Acad,2026-08-15T01-53-13+08-00-full-term-1,current,
2420,5641,CLCC1703,CLCC1703D,DX01,WBL,Undergraduate,C,3,Elem CAN for Chi Speakers,華語學生粵語初級,- Miss WONG Chau Hung,22,20,,,Yale-China Chin Lang Acad,2026-08-15T01-53-13+08-00-full-term-1,current,
2420,5387,CLCC1703,CLCC1703E,EX01,WBL,Undergraduate,C,3,Elem CAN for Chi Speakers,華語學生粵語初級,- Miss YUEN Sung Ying,22,21,,,Yale-China Chin Lang Acad,2026-08-15T01-53-13+08-00-full-term-1,current,
2420,9470,CLCC1703,CLCC1703F,FX01,WBL,Undergraduate,C,3,Elem CAN for Chi Speakers,華語學生粵語初級,- Miss WONG Chau Hung,22,17,,,Yale-China Chin Lang Acad,2026-08-15T01-53-13+08-00-full-term-1,current,
2420,7344,CLCC1703,CLCC1703G,GX01,WBL,Undergraduate,C,3,Elem CAN for Chi Speakers,華語學生粵語初級,- Miss YUEN Sung Ying,22,22,,,Yale-China Chin Lang Acad,2026-08-15T01-53-13+08-00-full-term-1,current,
2420,9132,CLCC1703,CLCC1703H,HX01,WBL,Undergraduate,C,3,Elem CAN for Chi Speakers,華語學生粵語初級,- Mr. LAI Ka Ho,22,21,,,Yale-China Chin Lang Acad,2026-08-15T01-53-13+08-00-full-term-1,current,
2420,9508,CLCC1703,CLCC1703I,IX01,WBL,Undergraduate,C,3,Elem CAN for Chi Speakers,華語學生粵語初級,- Mr. LAI Ka Ho,22,22,Yes,,Yale-China Chin Lang Acad,2026-08-15T01-53-13+08-00-full-term-1,current,
2420,5346,CLCC1703,CLCC1703J,JX01,WBL,Undergraduate,C,3,Elem CAN for Chi Speakers,華語學生粵語初級,- Ms. CHEUNG Pui Shan,22,19,,,Yale-China Chin Lang Acad,2026-08-15T01-53-13+08-00-full-term-1,current,
2420,9471,CLCC1703,CLCC1703K,KX01,WBL,Undergraduate,C,3,Elem CAN for Chi Speakers,華語學生粵語初級,- Mr. LAI Ka Ho,22,20,,,Yale-China Chin Lang Acad,2026-08-15T01-53-13+08-00-full-term-1,current,
2420,5599,CLCC1703,CLCC1703L,LX01,WBL,Undergraduate,C,3,Elem CAN for Chi Speakers,華語學生粵語初級,- Mr. LUK San-hei Kenny,22,22,,,Yale-China Chin Lang Acad,2026-08-15T01-53-13+08-00-full-term-1,current,
2420,5389,CLCC1703,CLCC1703M,MX01,WBL,Undergraduate,C,3,Elem CAN for Chi Speakers,華語學生粵語初級,- Ms. CHEUNG Pui Shan,22,22,,,Yale-China Chin Lang Acad,2026-08-15T01-53-13+08-00-full-term-1,current,
2420,5391,CLCC1703,CLCC1703N,NX01,WBL,Undergraduate,C,3,Elem CAN for Chi Speakers,華語學生粵語初級,- Ms. CHEUNG Pui Shan,22,18,,,Yale-China Chin Lang Acad,2026-08-15T01-53-13+08-00-full-term-1,current,
2420,9472,CLCC1703,CLCC1703O,OX01,WBL,Undergraduate,C,3,Elem CAN for Chi Speakers,華語學生粵語初級,- Mr. LUK San-hei Kenny,22,22,,,Yale-China Chin Lang Acad,2026-08-15T01-53-13+08-00-full-term-1,current,
2420,9811,CLCC1903,CLCC1903-,-,LEC,Undergraduate,C&E,3,Medical Cantonese I,醫學粵語（一）,- Mr. LAI Ka Ho,19,19,,,Yale-China Chin Lang Acad,2026-08-15T01-53-13+08-00-full-term-1,current,
2420,5347,CLCC2213,CLCC2213-,-X01,WBL,Undergraduate,C&E,3,Application of Voc & Gr II,詞匯與語法應用（二）,- Miss SHEN Minyu,19,19,Yes,,Yale-China Chin Lang Acad,2026-08-15T01-53-13+08-00-full-term-1,current,
2420,8579,CLCC2223,CLCC2223-,-X01,WBL,Undergraduate,C&E,3,Oral Skills Practice II,口語技能訓練（二）,- Miss YU Kam Ping Doris,19,19,Yes,,Yale-China Chin Lang Acad,2026-08-15T01-53-13+08-00-full-term-1,current,
2420,9381,CLCC2703,CLCC2703A,AX01,WBL,Undergraduate,C,3,Intermed CAN for Chi Speakers,華語學生粵語中級,- Miss WONG Chau Hung,22,16,,,Yale-China Chin Lang Acad,2026-08-15T01-53-13+08-00-full-term-1,current,
2420,5147,CLCC2703,CLCC2703B,BX01,WBL,Undergraduate,C,3,Intermed CAN for Chi Speakers,華語學生粵語中級,- Miss WONG Chau Hung,22,17,,,Yale-China Chin Lang Acad,2026-08-15T01-53-13+08-00-full-term-1,current,
2420,5388,CLCC2703,CLCC2703C,CX01,WBL,Undergraduate,C,3,Intermed CAN for Chi Speakers,華語學生粵語中級,- Staff,22,22,Yes,,Yale-China Chin Lang Acad,2026-08-15T01-53-13+08-00-full-term-1,current,
2420,5394,CLCC2703,CLCC2703D,DX01,WBL,Undergraduate,C,3,Intermed CAN for Chi Speakers,華語學生粵語中級,- Miss WONG Chau Hung,22,12,,,Yale-China Chin Lang Acad,2026-08-15T01-53-13+08-00-full-term-1,current,
2420,5148,CLCC2703,CLCC2703I,IX01,WBL,Undergraduate,C,3,Intermed CAN for Chi Speakers,華語學生粵語中級,- Miss YUEN Sung Ying,22,22,Yes,,Yale-China Chin Lang Acad,2026-08-15T01-53-13+08-00-full-term-1,current,
2420,5149,CLCC3313,CLCC3313-,-X01,WBL,Undergraduate,C&E,3,Application of Voc & Gr III,詞匯與語法應用（三）,- Staff,19,19,Yes,,Yale-China Chin Lang Acad,2026-08-15T01-53-13+08-00-full-term-1,current,
2420,5150,CLCC3703,CLCC3703A,AX01,WBL,Undergraduate,C,3,Advanced CAN for Chi Speakers,華語學生粵語高級,- Staff,22,22,Yes,,Yale-China Chin Lang Acad,2026-08-15T01-53-13+08-00-full-term-1,current,
2420,5151,CLCC4413,CLCC4413-,-X01,WBL,Undergraduate,C&E,3,Comm in Prof Settings,專業溝通,- Staff,15,15,Yes,,Yale-China Chin Lang Acad,2026-08-15T01-53-13+08-00-full-term-1,current,
2420,7072,CLCC4513,CLCC4513-,-X01,WBL,Undergraduate,C&E,3,Topics in HKSAR,專題討論 – 香港特別行政區專題,- Staff,15,15,Yes,,Yale-China Chin Lang Acad,2026-08-15T01-53-13+08-00-full-term-1,current,
2420,9507,CLCE1103,CLCE1103-,-,LEC,Undergraduate,P&E,3,"Chi Lang, Cul & Lang Learning",中國語言及文化與語言學習,- Dr. LEE Siu Lun,25,25,,,Yale-China Chin Lang Acad,2026-08-15T01-53-13+08-00-full-term-1,current,
2420,5630,CLCH1702,CLCH1702A,A,LEC,Undergraduate,H&C&P,2,Hokkinese thru Poems & Songs,福建話詩與歌,- Staff,22,5,,,Yale-China Chin Lang Acad,2026-08-15T01-53-13+08-00-full-term-1,current,
2420,5858,CLCH1702,CLCH1702B,B,LEC,Undergraduate,H&C&P,2,Hokkinese thru Poems & Songs,福建話詩與歌,- Staff,22,9,,,Yale-China Chin Lang Acad,2026-08-15T01-53-13+08-00-full-term-1,current,
2420,5091,CLCP1000,CLCP1000-,-X01,WBL,Undergraduate,P&E,0,Survival PTH for Int’l Student,生活中的普通話（以普通話/華語為第二語言者適用）,- Staff,19,19,,,Yale-China Chin Lang Acad,2026-08-15T01-53-13+08-00-full-term-1,current,
2420,7993,CLCP1001,CLCP1001-,-X01,WBL,Undergraduate,P&E,1,PTH Taster Course for Int'l St,國際生普通話先導學習科目,- Staff,150,150,Yes,Yes,Yale-China Chin Lang Acad,2026-08-15T01-53-13+08-00-full-term-1,current,
2420,5088,CLCP1003,CLCP1003A,A,LEC,Undergraduate,P&E,3,Intro to Mandarin Chinese,普通話入門,- Staff,19,19,Yes,,Yale-China Chin Lang Acad,2026-08-15T01-53-13+08-00-full-term-1,current,
2420,5089,CLCP1003,CLCP1003B,B,LEC,Undergraduate,P&E,3,Intro to Mandarin Chinese,普通話入門,- Staff,19,19,Yes,,Yale-China Chin Lang Acad,2026-08-15T01-53-13+08-00-full-term-1,current,
2420,5090,CLCP1003,CLCP1003C,C,LEC,Undergraduate,P&E,3,Intro to Mandarin Chinese,普通話入門,- Staff,19,19,Yes,,Yale-China Chin Lang Acad,2026-08-15T01-53-13+08-00-full-term-1,current,
2420,6554,CLCP1101,CLCP1101-,-X01,WBL,Undergraduate,P,1,PTH Taster Course for Local St,本地學生普通話應用科目,- Staff,150,150,Yes,Yes,Yale-China Chin Lang Acad,2026-08-15T01-53-13+08-00-full-term-1,current,
2420,9378,CLCP1113,CLCP1113A,AX01,WBL,Undergraduate,P&E,3,Application of Voc & Gr I,詞彙與語法應用（一）,- Staff,19,19,Yes,,Yale-China Chin Lang Acad,2026-08-15T01-53-13+08-00-full-term-1,current,
2420,9533,CLCP1113,CLCP1113B,BX01,WBL,Undergraduate,P&E,3,Application of Voc & Gr I,詞彙與語法應用（一）,- Staff,19,19,Yes,,Yale-China Chin Lang Acad,2026-08-15T01-53-13+08-00-full-term-1,current,
2420,5902,CLCP1113,CLCP1113C,CX01,WBL,Undergraduate,P&E,3,Application of Voc & Gr I,詞彙與語法應用（一）,- Staff,19,19,Yes,,Yale-China Chin Lang Acad,2026-08-15T01-53-13+08-00-full-term-1,current,
2420,9207,CLCP1113,CLCP1113D,DX01,WBL,Undergraduate,P&E,3,Application of Voc & Gr I,詞彙與語法應用（一）,- Staff,19,19,Yes,,Yale-China Chin Lang Acad,2026-08-15T01-53-13+08-00-full-term-1,current,
2420,7317,CLCP1123,CLCP1123A,AX01,WBL,Undergraduate,P&E,3,Oral Skills Practice I,口語技能訓練（一）,- Staff,19,19,Yes,,Yale-China Chin Lang Acad,2026-08-15T01-53-13+08-00-full-term-1,current,
2420,9304,CLCP1123,CLCP1123B,BX01,WBL,Undergraduate,P&E,3,Oral Skills Practice I,口語技能訓練（一）,- Staff,19,19,Yes,,Yale-China Chin Lang Acad,2026-08-15T01-53-13+08-00-full-term-1,current,
2420,5395,CLCP1123,CLCP1123C,CX01,WBL,Undergraduate,P&E,3,Oral Skills Practice I,口語技能訓練（一）,- Staff,19,19,Yes,,Yale-China Chin Lang Acad,2026-08-15T01-53-13+08-00-full-term-1,current,
2420,9305,CLCP1123,CLCP1123D,DX01,WBL,Undergraduate,P&E,3,Oral Skills Practice I,口語技能訓練（一）,- Staff,19,19,Yes,,Yale-China Chin Lang Acad,2026-08-15T01-53-13+08-00-full-term-1,current,
2420,5380,CLCP1133,CLCP1133A,AX01,WBL,Undergraduate,P&E,3,Comm in Context I,普通話能力訓練（一）,- Staff,19,19,Yes,,Yale-China Chin Lang Acad,2026-08-15T01-53-13+08-00-full-term-1,current,
2420,5674,CLCP1133,CLCP1133B,BX01,WBL,Undergraduate,P&E,3,Comm in Context I,普通話能力訓練（一）,- Staff,19,19,Yes,,Yale-China Chin Lang Acad,2026-08-15T01-53-13+08-00-full-term-1,current,
2420,8576,CLCP1153,CLCP1153A,AX01,WBL,Undergraduate,P&E,3,Basic Presentation Skills I,基本表達技巧訓練（一）,- Staff,19,19,Yes,,Yale-China Chin Lang Acad,2026-08-15T01-53-13+08-00-full-term-1,current,
2420,5886,CLCP1153,CLCP1153B,BX01,WBL,Undergraduate,P&E,3,Basic Presentation Skills I,基本表達技巧訓練（一）,- Staff,19,19,Yes,,Yale-China Chin Lang Acad,2026-08-15T01-53-13+08-00-full-term-1,current,
2420,5374,CLCP1703,CLCP1703-,-X01,WBL,Undergraduate,P,3,Elementary Putonghua,初級普通話,- Staff,22,22,Yes,,Yale-China Chin Lang Acad,2026-08-15T01-53-13+08-00-full-term-1,current,
2420,7316,CLCP2213,CLCP2213-,-X01,WBL,Undergraduate,P&E,3,Application of Voc & Gr II,詞匯與語法應用（二）,- Staff,19,19,Yes,,Yale-China Chin Lang Acad,2026-08-15T01-53-13+08-00-full-term-1,current,
2420,5432,CLCP2223,CLCP2223-,-X01,WBL,Undergraduate,P&E,3,Oral Skills Practice II,口語技能訓練（二）,- Staff,19,19,Yes,,Yale-China Chin Lang Acad,2026-08-15T01-53-13+08-00-full-term-1,current,
2420,5381,CLCP2233,CLCP2233-,-X01,WBL,Undergraduate,P&E,3,Comm in Context II,普通話能力訓練（二）,- Staff,19,19,Yes,,Yale-China Chin Lang Acad,2026-08-15T01-53-13+08-00-full-term-1,current,
2420,7102,CLCP2243,CLCP2243-,-X01,WBL,Undergraduate,P&E,3,L & R Com Sks II - Daily & Bus,聽力及閱讀理解訓練（二） – 日常及商務專題,- Staff,19,19,Yes,,Yale-China Chin Lang Acad,2026-08-15T01-53-13+08-00-full-term-1,current,
2420,8577,CLCP2253,CLCP2253-,-X01,WBL,Undergraduate,P&E,3,Basic Presentation Skills II,基本表達技巧訓練（二）,- Staff,19,19,Yes,,Yale-China Chin Lang Acad,2026-08-15T01-53-13+08-00-full-term-1,current,
2420,5646,CLCP2703,CLCP2703A,AX01,WBL,Undergraduate,P,3,Intermediate Putonghua,中級普通話,- Staff,22,12,,,Yale-China Chin Lang Acad,2026-08-15T01-53-13+08-00-full-term-1,current,
2420,5734,CLCP2703,CLCP2703B,BX01,WBL,Undergraduate,P,3,Intermediate Putonghua,中級普通話,- Staff,22,6,,,Yale-China Chin Lang Acad,2026-08-15T01-53-13+08-00-full-term-1,current,
2420,5645,CLCP2703,CLCP2703C,CX01,WBL,Undergraduate,P,3,Intermediate Putonghua,中級普通話,- Staff,22,7,,,Yale-China Chin Lang Acad,2026-08-15T01-53-13+08-00-full-term-1,current,
2420,5730,CLCP2703,CLCP2703D,DX01,WBL,Undergraduate,P,3,Intermediate Putonghua,中級普通話,- Staff,22,19,,,Yale-China Chin Lang Acad,2026-08-15T01-53-13+08-00-full-term-1,current,
2420,5942,CLCP2703,CLCP2703E,EX01,WBL,Undergraduate,P,3,Intermediate Putonghua,中級普通話,- Staff,22,11,,,Yale-China Chin Lang Acad,2026-08-15T01-53-13+08-00-full-term-1,current,
2420,5586,CLCP2703,CLCP2703F,FX01,WBL,Undergraduate,P,3,Intermediate Putonghua,中級普通話,- Staff,22,14,,,Yale-China Chin Lang Acad,2026-08-15T01-53-13+08-00-full-term-1,current,
2420,5643,CLCP2703,CLCP2703G,GX01,WBL,Undergraduate,P,3,Intermediate Putonghua,中級普通話,- Staff,22,14,,,Yale-China Chin Lang Acad,2026-08-15T01-53-13+08-00-full-term-1,current,
2420,5904,CLCP2703,CLCP2703H,HX01,WBL,Undergraduate,P,3,Intermediate Putonghua,中級普通話,- Staff,22,20,,,Yale-China Chin Lang Acad,2026-08-15T01-53-13+08-00-full-term-1,current,
2420,5644,CLCP2703,CLCP2703I,IX01,WBL,Undergraduate,P,3,Intermediate Putonghua,中級普通話,- Staff,22,11,,,Yale-China Chin Lang Acad,2026-08-15T01-53-13+08-00-full-term-1,current,
2420,5587,CLCP2703,CLCP2703J,JX01,WBL,Undergraduate,P,3,Intermediate Putonghua,中級普通話,- Staff,22,2,,,Yale-China Chin Lang Acad,2026-08-15T01-53-13+08-00-full-term-1,current,
2420,5943,CLCP2703,CLCP2703K,KX01,WBL,Undergraduate,P,3,Intermediate Putonghua,中級普通話,- Staff,22,7,,,Yale-China Chin Lang Acad,2026-08-15T01-53-13+08-00-full-term-1,current,
2420,5944,CLCP2703,CLCP2703L,LX01,WBL,Undergraduate,P,3,Intermediate Putonghua,中級普通話,- Staff,22,16,,,Yale-China Chin Lang Acad,2026-08-15T01-53-13+08-00-full-term-1,current,
2420,5642,CLCP2703,CLCP2703M,MX01,WBL,Undergraduate,P,3,Intermediate Putonghua,中級普通話,- Staff,22,15,,,Yale-China Chin Lang Acad,2026-08-15T01-53-13+08-00-full-term-1,current,
2420,5698,CLCP2703,CLCP2703N,NX01,WBL,Undergraduate,P,3,Intermediate Putonghua,中級普通話,- Staff,22,14,,,Yale-China Chin Lang Acad,2026-08-15T01-53-13+08-00-full-term-1,current,
2420,5588,CLCP2703,CLCP2703O,OX01,WBL,Undergraduate,P,3,Intermediate Putonghua,中級普通話,- Staff,22,11,,,Yale-China Chin Lang Acad,2026-08-15T01-53-13+08-00-full-term-1,current,
2420,5600,CLCP2703,CLCP2703P,PX01,WBL,Undergraduate,P,3,Intermediate Putonghua,中級普通話,- Staff,22,22,,,Yale-China Chin Lang Acad,2026-08-15T01-53-13+08-00-full-term-1,current,
2420,5629,CLCP2703,CLCP2703Q,QX01,WBL,Undergraduate,P,3,Intermediate Putonghua,中級普通話,- Staff,22,9,,,Yale-China Chin Lang Acad,2026-08-15T01-53-13+08-00-full-term-1,current,
2420,9506,CLCP3313,CLCP3313-,-,LEC,Undergraduate,P&E,3,Application of Voc & Gr III,詞彙與語法應用（三）,- Staff,19,19,Yes,,Yale-China Chin Lang Acad,2026-08-15T01-53-13+08-00-full-term-1,current,
2420,9646,CLCP3323,CLCP3323-,-,LEC,Undergraduate,P&E,3,Oral Skills Practice III,口語技能訓練（三）,- Staff,19,19,Yes,,Yale-China Chin Lang Acad,2026-08-15T01-53-13+08-00-full-term-1,current,
2420,5373,CLCP3333,CLCP3333-,-,LEC,Undergraduate,P&E,3,Comm in Context III,普通話能力訓練（三）,- Staff,19,19,Yes,,Yale-China Chin Lang Acad,2026-08-15T01-53-13+08-00-full-term-1,current,
2420,9885,CLCP3353,CLCP3353-,-,LEC,Undergraduate,P&E,3,Presentation Skills & Dai Sit,表達技巧訓練,- Staff,19,19,Yes,,Yale-China Chin Lang Acad,2026-08-15T01-53-13+08-00-full-term-1,current,
2420,5946,CLCP3702,CLCP3702A,A,LEC,Undergraduate,P,2,Learning PTH thru Movies,看電影學普通話,- Staff,22,6,,,Yale-China Chin Lang Acad,2026-08-15T01-53-13+08-00-full-term-1,current,
2420,5688,CLCP3702,CLCP3702B,B,LEC,Undergraduate,P,2,Learning PTH thru Movies,看電影學普通話,- Staff,22,9,,,Yale-China Chin Lang Acad,2026-08-15T01-53-13+08-00-full-term-1,current,
2420,8440,CLCP3702,CLCP3702C,C,LEC,Undergraduate,P,2,Learning PTH thru Movies,看電影學普通話,- Staff,22,12,,,Yale-China Chin Lang Acad,2026-08-15T01-53-13+08-00-full-term-1,current,
2420,8510,CLCP3703,CLCP3703A,AX01,WBL,Undergraduate,P,3,Advanced Putonghua,高級普通話,- Staff,22,15,,,Yale-China Chin Lang Acad,2026-08-15T01-53-13+08-00-full-term-1,current,
2420,5724,CLCP3703,CLCP3703B,BX01,WBL,Undergraduate,P,3,Advanced Putonghua,高級普通話,- Staff,22,15,,,Yale-China Chin Lang Acad,2026-08-15T01-53-13+08-00-full-term-1,current,
2420,8496,CLCP3703,CLCP3703C,CX01,WBL,Undergraduate,P,3,Advanced Putonghua,高級普通話,- Staff,22,2,,,Yale-China Chin Lang Acad,2026-08-15T01-53-13+08-00-full-term-1,current,
2420,5598,CLCP3703,CLCP3703D,DX01,WBL,Undergraduate,P,3,Advanced Putonghua,高級普通話,- Staff,22,19,,,Yale-China Chin Lang Acad,2026-08-15T01-53-13+08-00-full-term-1,current,
2420,5945,CLCP3703,CLCP3703E,EX01,WBL,Undergraduate,P,3,Advanced Putonghua,高級普通話,- Staff,22,18,,,Yale-China Chin Lang Acad,2026-08-15T01-53-13+08-00-full-term-1,current,
2420,8442,CLCP3703,CLCP3703F,FX01,WBL,Undergraduate,P,3,Advanced Putonghua,高級普通話,- Staff,22,6,,,Yale-China Chin Lang Acad,2026-08-15T01-53-13+08-00-full-term-1,current,
2420,5687,CLCP4413,CLCP4413-,-,LEC,Undergraduate,P&E,3,News & Presentation Skills I,新聞及專題討論訓練（一）,- Staff,15,15,Yes,,Yale-China Chin Lang Acad,2026-08-15T01-53-13+08-00-full-term-1,current,
2420,5279,CLCP4443,CLCP4443-,-,LEC,Undergraduate,P&E,3,Adv Com Skills on Bus Topics I,高級溝通技巧訓練 - 商貿專題（一）,- Staff,15,15,Yes,,Yale-China Chin Lang Acad,2026-08-15T01-53-13+08-00-full-term-1,current,
2420,8441,CLCP4453,CLCP4453-,-,LEC,Undergraduate,P&E,3,Adv Comm Skills & Culture I,高級溝通技巧訓練 - 文化專題（一）,- Staff,15,15,Yes,,Yale-China Chin Lang Acad,2026-08-15T01-53-13+08-00-full-term-1,current,
2420,9556,CLCP4533,CLCP4533-,-,LEC,Undergraduate,P&E,3,Adv Top Conv II - Social Life,專題討論（二）- 社會話題,- Staff,15,15,Yes,,Yale-China Chin Lang Acad,2026-08-15T01-53-13+08-00-full-term-1,current,
2420,5676,CLCP4702,CLCP4702-,-,LEC,Undergraduate,P,2,Learning PTH thru Travelling,說著普通話去旅行,- Staff,22,5,,,Yale-China Chin Lang Acad,2026-08-15T01-53-13+08-00-full-term-1,current,
2420,5174,CLCP4713,CLCP4713-,-X01,WBL,Undergraduate,P,3,Current Affairs and Discussion,時事報告與討論,- Staff,22,16,,,Yale-China Chin Lang Acad,2026-08-15T01-53-13+08-00-full-term-1,current,
2420,8536,CLCP4763,CLCP4763-,-X01,WBL,Undergraduate,P,3,Special Topics in PTH (Bus),普通話專題科（商貿）,- Staff,22,16,,,Yale-China Chin Lang Acad,2026-08-15T01-53-13+08-00-full-term-1,current,
2420,6976,CLCP4773,CLCP4773-,-X01,WBL,Undergraduate,P,3,Putonghua Speech Training,普通話口才訓練（表達技巧及備考科）,- Staff,22,20,,,Yale-China Chin Lang Acad,2026-08-15T01-53-13+08-00-full-term-1,current,
2420,5639,CLCP4793,CLCP4793A,AX01,WBL,Undergraduate,P,3,Special Topics in PTH (Med),普通話專題科（醫學）,- Staff,22,22,,,Yale-China Chin Lang Acad,2026-08-15T01-53-13+08-00-full-term-1,current,
2420,8444,CLCP4793,CLCP4793B,BX01,WBL,Undergraduate,P,3,Special Topics in PTH (Med),普通話專題科（醫學）,- Staff,22,20,,,Yale-China Chin Lang Acad,2026-08-15T01-53-13+08-00-full-term-1,current,
2420,8180,CLED1030,CLED1030A,AF01,FLD,Undergraduate,P,2,Immersion Experience Putonghua,港外沉浸學習﹝普通話﹞,- Dr. KOU Zhihui,40,31,,,Chi Lan Edu Prog Comm,2026-08-15T01-53-13+08-00-full-term-1,current,
2420,8437,CLED2530,CLED2530-,-,LEC,Undergraduate,P,2,Elementary Putonghua,基礎普通話,- Dr. KOU Zhihui,40,40,,Yes,Chi Lan Edu Prog Comm,2026-08-15T01-53-13+08-00-full-term-1,current,
2420,8435,CLED3510,CLED3510-,-,LEC,Undergraduate,C,3,Methods of Chi Lang Teaching I,中文教學法（一）,- Dr. NG Mau Yuen Eric,40,23,,Yes,Chi Lan Edu Prog Comm,2026-08-15T01-53-13+08-00-full-term-1,current,
2420,8436,CLED4630,CLED4630-,-,LEC,Undergraduate,P,3,Curr and Instruct Design Pamoi,以普通話教中文的課程與教學設計,- Dr. KOU Zhihui,40,17,,Yes,Chi Lan Edu Prog Comm,2026-08-15T01-53-13+08-00-full-term-1,current,
2420,8438,CLED4750,CLED4750-,-,LEC,Undergraduate,C,2,Current Issues in Chi Lang Edu,中國語文教育當前議題,- Dr. CHEUNG Yin Chu,40,25,,,Chi Lan Edu Prog Comm,2026-08-15T01-53-13+08-00-full-term-1,current,
2420,8084,CMBI2500,CMBI2500-,-J01,PRJ,Undergraduate,E,2,Research Internship,研究實習,- Dr. KOON Chun Alex,5,5,Yes,Yes,Cell and Molecular Biology PC,2026-08-15T01-53-13+08-00-full-term-1,current,
2420,8856,CMBI3010,CMBI3010-,-L01,LAB,Undergraduate,E,3,CMB Lab I,細胞及分子生物學實驗（一）,- Dr. KOON Chun Alex,40,19,Yes,Yes,Cell and Molecular Biology PC,2026-08-15T01-53-13+08-00-full-term-1,current,
2420,8802,CMBI3030,CMBI3030-,-L01,LAB,Undergraduate,E,1,CMB Laboratory III,細胞及分子生物學實驗（三）,- Dr. KOON Chun Alex,40,19,Yes,Yes,Cell and Molecular Biology PC,2026-08-15T01-53-13+08-00-full-term-1,current,
2420,7821,CMBI3100,CMBI3100-,-D01,DIS,Undergraduate,E,2,Method of Critical Thinking,細胞及分子生物學科學思維方法,- Dr. KOON Chun Alex - Professor AU Wing Ngor Shannon - Professor CHAN Ho Yin Edwin - Professor CHAN Ting Fung Philos - Professor CHEN Sijie - Professor CHEN Zhefan - Professor CHOW Hei Man - Professor GUO Dianjing - Professor HUI Jerome Ho Lam,40,19,Yes,Yes,Cell and Molecular Biology PC,2026-08-15T01-53-13+08-00-full-term-1,current,
2420,9147,CMBI4001,CMBI4001-,-,LEC,Undergraduate,E,1,Protein Trafficking,蛋白運輸,- Professor ZHUANG Xiaohong,30,17,,,Cell and Molecular Biology PC,2026-08-15T01-53-13+08-00-full-term-1,current,
2420,9148,CMBI4002,CMBI4002-,-,LEC,Undergraduate,E,1,Protein Folding,蛋白折疊,- Professor WONG Kam Bo,30,18,,,Cell and Molecular Biology PC,2026-08-15T01-53-13+08-00-full-term-1,current,
2420,9149,CMBI4003,CMBI4003-,-,LEC,Undergraduate,E,1,Signal Transduction,信號傳導,- Professor ZHANG Congyan,30,18,,,Cell and Molecular Biology PC,2026-08-15T01-53-13+08-00-full-term-1,current,
2420,9150,CMBI4201,CMBI4201-,-,LEC,Undergraduate,E,1,Genomics and Transcriptomics,基因組學及轉錄組學,- Professor CHAN Ting Fung Philos,30,17,,,Cell and Molecular Biology PC,2026-08-15T01-53-13+08-00-full-term-1,current,
2420,9151,CMBI4202,CMBI4202-,-,LEC,Undergraduate,E,1,Proteomics,蛋白質組學,- Professor ZHONG Silin,30,18,,,Cell and Molecular Biology PC,2026-08-15T01-53-13+08-00-full-term-1,current,
2420,9152,CMBI4203,CMBI4203-,-,LEC,Undergraduate,E,1,Metabolomics,代謝組學,- Professor GUO Dianjing,30,18,,,Cell and Molecular Biology PC,2026-08-15T01-53-13+08-00-full-term-1,current,
2420,6052,CMBI4902,CMBI4902-,-J01,PRJ,Undergraduate,E,2,Senior Experimental Proj II,實驗專題討論 (二),- Professor CHAN Ting Fung Philos - Professor ZHUANG Xiaohong,30,25,Yes,Yes,Cell and Molecular Biology PC,2026-08-15T01-53-13+08-00-full-term-1,current,
2420,5840,COMM1110,COMM1110A,A,LEC,Undergraduate,E,3,Media and Everyday Life,媒體．生活,- Professor LEE LAI Annisa,80,58,,,Sch of Journalism and Comm,2026-08-15T01-53-13+08-00-full-term-1,current,
2420,8277,COMM1110,COMM1110B,B,LEC,Undergraduate,E,3,Media and Everyday Life,媒體．生活,- Professor LEE LAI Annisa,80,66,,,Sch of Journalism and Comm,2026-08-15T01-53-13+08-00-full-term-1,current,
2420,7424,COMM1120,COMM1120A,A,LEC,Undergraduate,E,3,Development of Media & Comm,媒體與傳播發展,- Dr. ZHAO Mengmeng,60,59,,,Sch of Journalism and Comm,2026-08-15T01-53-13+08-00-full-term-1,current,
2420,5486,COMM1120,COMM1120B,B,LEC,Undergraduate,E,3,Development of Media & Comm,媒體與傳播發展,- Professor CHU Shun Chi Donna,60,56,,,Sch of Journalism and Comm,2026-08-15T01-53-13+08-00-full-term-1,current,
2420,6971,COMM1150,COMM1150A,A,LEC,Undergraduate,E,3,Intro to Media Ind & Practices,媒體工業與實踐導論,- Mr. TANG Ho Man,60,59,,,Sch of Journalism and Comm,2026-08-15T01-53-13+08-00-full-term-1,current,
2420,8867,COMM1170,COMM1170-,-,LEC,Undergraduate,C,3,Chin News Report'g & Writing,中文新聞採訪與寫作,- Miss TAM Wai Wan Vivian,22,3,,Yes,Sch of Journalism and Comm,2026-08-15T01-53-13+08-00-full-term-1,current,
2420,8818,COMM1180,COMM1180-,-,LEC,Undergraduate,E,3,Eng News Reporting & Writing,英文新聞採訪與寫作,- Ms. LAM Yok Yiu Agnes,25,4,,Yes,Sch of Journalism and Comm,2026-08-15T01-53-13+08-00-full-term-1,current,
2420,9851,COMM1190,COMM1190A,A,LEC,Undergraduate,E,3,Media Writing,媒體寫作,- Dr. ZHAO Mengmeng,28,26,,,Sch of Journalism and Comm,2026-08-15T01-53-13+08-00-full-term-1,current,
2420,8673,COMM1190,COMM1190B,B,LEC,Undergraduate,E,3,Media Writing,媒體寫作,- Ms. TSANG Oi Ying Emily,28,25,,,Sch of Journalism and Comm,2026-08-15T01-53-13+08-00-full-term-1,current,
2420,8662,COMM1190,COMM1190C,C,LEC,Undergraduate,C,3,Media Writing,媒體寫作,- Ms. SIN Wan Kei,28,27,,,Sch of Journalism and Comm,2026-08-15T01-53-13+08-00-full-term-1,current,
2420,9822,COMM1500,COMM1500-,-,LEC,Undergraduate,E,3,Perspectives in Global Comm,全球傳播概論,- Professor CHAN Ngai Keung,40,39,,,Sch of Journalism and Comm,2026-08-15T01-53-13+08-00-full-term-1,current,
2420,9501,COMM2110,COMM2110A,AL01,LAB,Undergraduate,C,3,Chin News Production (Writing),中文新聞製作（文字）,- Ms. CHAN Sik Chee,10,1,,,Sch of Journalism and Comm,2026-08-15T01-53-13+08-00-full-term-1,current,
2420,8828,COMM2170,COMM2170A,A,LEC,Undergraduate,C,3,Chinese News Production (MM),中文新聞製作（多媒體）,- Ms. CHAN Sik Chee,10,0,,,Sch of Journalism and Comm,2026-08-15T01-53-13+08-00-full-term-1,current,
2420,5516,COMM2180,COMM2180-,-,LEC,Undergraduate,E,3,English News Production II,英文新聞製作 （二）,- Ms. LAM Yok Yiu Agnes,20,12,,,Sch of Journalism and Comm,2026-08-15T01-53-13+08-00-full-term-1,current,
2420,9201,COMM2240,COMM2240A,A,LEC,Undergraduate,C#E,3,Integrated Strategic Camp' I,綜合策略推廣（一）,- Mr. CHAN Wing Tai - Ms. LEUNG Kit Wah Jenny,17,11,,,Sch of Journalism and Comm,2026-08-15T01-53-13+08-00-full-term-1,current,
2420,9645,COMM2240,COMM2240B,B,LEC,Undergraduate,C#E,3,Integrated Strategic Camp' I,綜合策略推廣（一）,- Mr. CHAN Wing Tai - Ms. LEUNG Kit Wah Jenny,17,15,,,Sch of Journalism and Comm,2026-08-15T01-53-13+08-00-full-term-1,current,
2420,8936,COMM2440,COMM2440A,A,LEC,Undergraduate,E,3,Photojournalism,新聞攝影,- Staff,18,16,,,Sch of Journalism and Comm,2026-08-15T01-53-13+08-00-full-term-1,current,
2420,8566,COMM2530,COMM2530-,-,LEC,Undergraduate,E,3,Critical Stud in Media & Comm,媒介與傳播批判研讀,- Professor MAK Ka Fai,120,18,,Yes,Sch of Journalism and Comm,2026-08-15T01-53-13+08-00-full-term-1,current,
2420,8742,COMM2570,COMM2570-,-,LEC,Undergraduate,C,3,Hong Kong Cinema,香港電影,- Mr LAU Yam,50,33,,,Sch of Journalism and Comm,2026-08-15T01-53-13+08-00-full-term-1,current,
2420,5067,COMM2620,COMM2620-,-,LEC,Undergraduate,C,3,Feature Writing,新聞特寫,- Miss TAM Wai Wan Vivian,20,0,,,Sch of Journalism and Comm,2026-08-15T01-53-13+08-00-full-term-1,current,
2420,8937,COMM2733,COMM2733A,A,LEC,Undergraduate,C,3,Radio and Podcast Production,電台與播客製作,- Ms. AU Wing Lam Amber,16,0,,,Sch of Journalism and Comm,2026-08-15T01-53-13+08-00-full-term-1,current,
2420,9003,COMM2813,COMM2813A,A,LEC,Undergraduate,C,3,Social Media and Crisis Comm,社交媒體與危機溝通,- Ms. YIP So Kei,40,30,,,Sch of Journalism and Comm,2026-08-15T01-53-13+08-00-full-term-1,current,
2420,9068,COMM2814,COMM2814-,-,LEC,Undergraduate,P&E,3,Int PR Camp & Event Mgt,公關綜合策略與活動管理,- Professor WU Shih Chia,40,17,,,Sch of Journalism and Comm,2026-08-15T01-53-13+08-00-full-term-1,current,
2420,8512,COMM2850,COMM2850A,A,LEC,Undergraduate,E,3,Introduction to IMC,綜合市場傳播導論,- Professor CHAN Hon Ying Terri,40,33,,,Sch of Journalism and Comm,2026-08-15T01-53-13+08-00-full-term-1,current,
2420,8278,COMM2922,COMM2922A,A,LEC,Undergraduate,C,3,Intro to Creative & New Media,創意媒體與新媒體導論,- Staff,45,35,,,Sch of Journalism and Comm,2026-08-15T01-53-13+08-00-full-term-1,current,
2420,8757,COMM2922,COMM2922B,B,LEC,Undergraduate,E,3,Intro to Creative & New Media,創意媒體與新媒體導論,- Mr. TANG Ho Man,45,41,,,Sch of Journalism and Comm,2026-08-15T01-53-13+08-00-full-term-1,current,
2420,5157,COMM2928,COMM2928A,A,LEC,Undergraduate,P&E,3,Art Direction,美術指導,- Dr. LEE Ching,20,0,,,Sch of Journalism and Comm,2026-08-15T01-53-13+08-00-full-term-1,current,
2420,7350,COMM2930,COMM2930A,A,LEC,Undergraduate,C,3,Understanding Movies,認識電影,- Dr CHOW Pui Ha,45,30,,,Sch of Journalism and Comm,2026-08-15T01-53-13+08-00-full-term-1,current,
2420,8217,COMM2932,COMM2932-,-,LEC,Undergraduate,E,3,"Film Gen:Love, Death & Laughs",電影類型：愛情、死亡及笑話,- Mr TSUI Hong Chee Clarence,40,0,,,Sch of Journalism and Comm,2026-08-15T01-53-13+08-00-full-term-1,current,
2420,8640,COMM2962,COMM2962A,A,LEC,Undergraduate,E,3,Photography,攝影研讀,- Mr. TSANG Tsz Yeung,18,10,,,Sch of Journalism and Comm,2026-08-15T01-53-13+08-00-full-term-1,current,
2420,5517,COMM3140,COMM3140A,A,LEC,Undergraduate,C,3,Chi News Edit & Content Mgt,中文新聞編輯與內容管理,- Ms. CHAN Sik Chee,14,3,,,Sch of Journalism and Comm,2026-08-15T01-53-13+08-00-full-term-1,current,
2420,6286,COMM3200,COMM3200A,AP01,PRA,Undergraduate,C#E,3,Comm Professional Internship,傳播專業實習,- Miss NGAI Yuet Ling,90,0,Yes,Yes,Sch of Journalism and Comm,2026-08-15T01-53-13+08-00-full-term-1,current,
2420,8641,COMM3310,COMM3310-,-P01,PRA,Undergraduate,C&E,3,Images and Creative Media,影像與創意媒體,- Professor POON Tat Pui,35,7,,,Sch of Journalism and Comm,2026-08-15T01-53-13+08-00-full-term-1,current,
2420,8942,COMM3400,COMM3400A,A,LEC,Undergraduate,C#E,3,Integrated Strategic Camp' II,綜合策略推廣（二）,- Mr. CHAN Wing Tai,22,0,,,Sch of Journalism and Comm,2026-08-15T01-53-13+08-00-full-term-1,current,
2420,8534,COMM3550,COMM3550-,-,LEC,Undergraduate,E,3,Global Finance for Comm Prof,全球金融與專業傳播,- Ms. WONG Shuk Han,40,30,,,Sch of Journalism and Comm,2026-08-15T01-53-13+08-00-full-term-1,current,
2420,9815,COMM3600,COMM3600-,-,LEC,Undergraduate,E,3,Laws & Ethics for Comm,傳播法律與道德,- Professor LEE Lap Fung,60,17,,,Sch of Journalism and Comm,2026-08-15T01-53-13+08-00-full-term-1,current,
2420,8829,COMM3610,COMM3610A,A,LEC,Undergraduate,E,3,Eng News Content Mgt,英文新聞內容管理,- Ms. LAM Yok Yiu Agnes,15,10,,,Sch of Journalism and Comm,2026-08-15T01-53-13+08-00-full-term-1,current,
2420,8943,COMM3650,COMM3650-,-,LEC,Undergraduate,E,3,Soc Media An'yt for Comm Prof,社交媒體分析技術,- Professor LIANG Hai,40,15,,,Sch of Journalism and Comm,2026-08-15T01-53-13+08-00-full-term-1,current,
2420,5365,COMM3680,COMM3680-,-,LEC,Undergraduate,C,3,Business & Financial Report'g,工商與財經新聞採訪,- Mr. KWOK Ka Kit,40,33,,,Sch of Journalism and Comm,2026-08-15T01-53-13+08-00-full-term-1,current,
2420,5366,COMM3700,COMM3700-,-,LEC,Undergraduate,E,3,Diversity Issues in Comm,傳播與多元文化議題,- Professor Nishant Nikunj SHAH,40,30,,,Sch of Journalism and Comm,2026-08-15T01-53-13+08-00-full-term-1,current,
2420,8755,COMM3733,COMM3733-,-,LEC,Undergraduate,C,3,TV Studio Production,電視錄影廠製作,- Mr. LO Yun Fai Donald,18,0,,,Sch of Journalism and Comm,2026-08-15T01-53-13+08-00-full-term-1,current,
2420,8754,COMM3750,COMM3750-,-,LEC,Undergraduate,C,3,Visual Storytelling in Jour,影像新聞敍事方法,- Mr. TSANG Tsz Yeung,20,16,,,Sch of Journalism and Comm,2026-08-15T01-53-13+08-00-full-term-1,current,
2420,8555,COMM3800,COMM3800A,A,LEC,Undergraduate,E,3,Digital Media Design & App,數碼媒體設計與應用,- Miss NGAI Yuet Ling,30,18,,,Sch of Journalism and Comm,2026-08-15T01-53-13+08-00-full-term-1,current,
2420,8675,COMM3820,COMM3820-,-,LEC,Undergraduate,C,3,Media Management for PR,公共關係媒體管理,- Mr. CHIU Chun Ting,40,24,,,Sch of Journalism and Comm,2026-08-15T01-53-13+08-00-full-term-1,current,
2420,8758,COMM3840,COMM3840-,-,LEC,Undergraduate,C,3,Chi Copywriting for Advert'g,中文廣告撰稿,- Miss TSANG Pui Ling Pauline,40,22,,,Sch of Journalism and Comm,2026-08-15T01-53-13+08-00-full-term-1,current,
2420,8788,COMM3910,COMM3910-,-,LEC,Undergraduate,C,3,Sound Production,聲音製作,- Ms. MOK Mei Wah May,16,11,,,Sch of Journalism and Comm,2026-08-15T01-53-13+08-00-full-term-1,current,
2420,9741,COMM3920,COMM3920A,A,LEC,Undergraduate,C,3,Creative Writing in Media,創意媒體寫作,- Dr. CHAN Ka Ming,20,14,,,Sch of Journalism and Comm,2026-08-15T01-53-13+08-00-full-term-1,current,
2420,8850,COMM3921,COMM3921-,-,LEC,Undergraduate,C,3,Sp Top in Creat & New Media I,創意媒體與新媒體專題（一）,- Staff,22,16,,,Sch of Journalism and Comm,2026-08-15T01-53-13+08-00-full-term-1,current,
2420,8738,COMM3930,COMM3930A,A,LEC,Undergraduate,C#E,3,Digital Video Production,數碼影像製作,- Staff,20,2,,,Sch of Journalism and Comm,2026-08-15T01-53-13+08-00-full-term-1,current,
2420,6526,COMM4150,COMM4150A,AJ01,PRJ,Undergraduate,C&E,3,Senior Research Project,研究導修,- Staff,70,23,Yes,Yes,Sch of Journalism and Comm,2026-08-15T01-53-13+08-00-full-term-1,current,
2420,8304,COMM4730,COMM4730A,A,LEC,Undergraduate,C,3,Documentary,紀錄片,- Professor POON Tat Pui,15,0,,,Sch of Journalism and Comm,2026-08-15T01-53-13+08-00-full-term-1,current,
2420,8756,COMM4962,COMM4962-,-,LEC,Undergraduate,C,3,Advanced Photography,攝影研讀進階,- Mr YEUNG Tak Ming,18,0,,,Sch of Journalism and Comm,2026-08-15T01-53-13+08-00-full-term-1,current,
2420,8351,COOP3001,COOP3001A,AW01,WKS,Undergraduate,E,1,Unlocking Potential & Branding,提升潛能及個人品牌,- Dr. LAI Hon Weng,200,200,Yes,,Co-op Education Pgm Comm,2026-08-15T01-53-13+08-00-full-term-1,current,
2420,8352,COOP3001,COOP3001B,BW01,WKS,Undergraduate,E,1,Unlocking Potential & Branding,提升潛能及個人品牌,- Dr. LAI Hon Weng,200,200,Yes,,Co-op Education Pgm Comm,2026-08-15T01-53-13+08-00-full-term-1,current,
2420,6430,COOP4001,COOP4001-,-O01,OTH,Undergraduate,E,1,Placement and Assessment,工作體驗及持續評估,- Dr. LAI Hon Weng,200,31,Yes,,Co-op Education Pgm Comm,2026-08-15T01-53-13+08-00-full-term-1,current,
2420,5068,CSAT2001,CSAT2001-,-,LEC,Undergraduate,C#E,3,Media & Rep: Hist & Theory,媒介與再現：歷史與理論,- Professor YIU Hoi Lam Melody,40,36,,,Sch of Arch & Sch of JL & Comm,2026-08-15T01-53-13+08-00-full-term-1,current,
2420,5069,CSAT2002,CSAT2002A,A,LEC,Undergraduate,E,3,Creative Dialogue,創意對談,- Dr. LEE Ching,40,35,,,Sch of Arch & Sch of JL & Comm,2026-08-15T01-53-13+08-00-full-term-1,current,
2420,5742,CSCI1120,CSCI1120A,AT01,TUT,Undergraduate,E,3,Intro to Computing Using C++,計算導論（C++語言）,- Dr. LAW Yat Chiu,150,136,,,Dept of Computer Sci & Engg,2026-08-15T00-47-47+08-00,historical_fallback,
2420,5705,CSCI1120,CSCI1120B,BT01,TUT,Undergraduate,E,3,Intro to Computing Using C++,計算導論（C++語言）,- Dr. LAM King Tin,150,144,,,Dept of Computer Sci & Engg,2026-08-15T00-47-47+08-00,historical_fallback,
2420,5625,CSCI1130,CSCI1130A,AT01,TUT,Undergraduate,E,3,Intro to Computing Using Java,計算導論（JAVA語言）,- Mr. FUNG Ping Fu,160,152,,,Dept of Computer Sci & Engg,2026-08-15T00-47-47+08-00,historical_fallback,
2420,5693,CSCI1130,CSCI1130B,BT01,TUT,Undergraduate,E,3,Intro to Computing Using Java,計算導論（JAVA語言）,- Dr. CHUI Yim Pan,100,73,,,Dept of Computer Sci & Engg,2026-08-15T00-47-47+08-00,historical_fallback,
2420,9829,CSCI1540,CSCI1540-,-T01,TUT,Undergraduate,E,3,Fund Comp With C++,基本計算學（C++語言）,- Dr. LAW Yat Chiu,160,151,,,Dept of Computer Sci & Engg,2026-08-15T00-47-47+08-00,historical_fallback,
2420,9443,CSCI1550,CSCI1550-,-T01,TUT,Undergraduate,E,3,Computer Principles & P Prog,計算機原理及Python程序設計,- Dr. LAM King Tin,150,130,,,Dept of Computer Sci & Engg,2026-08-15T00-47-47+08-00,historical_fallback,
2420,5741,CSCI1580,CSCI1580-,-T01,TUT,Undergraduate,E,3,Visual Programming,可視化編寫,- Dr. CHEONG Chi Hong,50,41,,,Dept of Computer Sci & Engg,2026-08-15T00-47-47+08-00,historical_fallback,
2420,7560,CSCI2040,CSCI2040-,-L01,LAB,Undergraduate,E,2,Introduction to Python Python,程序語言導論,- Dr. CHUI Yim Pan,150,65,,,Dept of Computer Sci & Engg,2026-08-15T00-47-47+08-00,historical_fallback,
2420,5232,CSCI2100,CSCI2100A,AT02,TUT,Undergraduate,E,3,Data Structures,數據結構,- Dr. POON Chung Keung,60,58,,,Dept of Computer Sci & Engg,2026-08-15T00-47-47+08-00,historical_fallback,
2420,6564,CSCI2100,CSCI2100B,BT01,TUT,Undergraduate,E,3,Data Structures,數據結構,- Dr. YIN Ho Fai Hoover,130,6,,,Dept of Computer Sci & Engg,2026-08-15T00-47-47+08-00,historical_fallback,
2420,9347,CSCI2510,CSCI2510-,-T01,TUT,Undergraduate,E,3,Computer Organization,計算機結構,- Professor YANG Ming Chang,100,84,,,Dept of Computer Sci & Engg,2026-08-15T00-47-47+08-00,historical_fallback,
2420,5874,CSCI2720,CSCI2720-,-T04,TUT,Undergraduate,E,3,Building Web Applications,建設網上應用程式,- Dr. TSANG Siu Chung,45,20,,,Dept of Computer Sci & Engg,2026-08-15T00-47-47+08-00,historical_fallback,
2420,4847,CSCI2730,CSCI2730-,-T01,TUT,Undergraduate,E,3,Intro to Blockchain Tech & App,區塊鏈技術和應用導論,- Mr. CHEUNG Yuk Kin,100,82,,,Dept of Computer Sci & Engg,2026-08-15T00-47-47+08-00,historical_fallback,
2420,5720,CSCI3100,CSCI3100-,-T02,TUT,Undergraduate,E,3,Software Engineering,軟件工程,- Professor LI Shaohua,50,41,,,Dept of Computer Sci & Engg,2026-08-15T00-47-47+08-00,historical_fallback,
2420,5522,CSCI3130,CSCI3130-,-T01,TUT,Undergraduate,E,3,Formal Lang & Automata Theory,形式語言及自動機理論,- Professor HO Tsung Yi,170,144,,,Dept of Computer Sci & Engg,2026-08-15T00-47-47+08-00,historical_fallback,
2420,5626,CSCI3150,CSCI3150-,-L05,LAB,Undergraduate,E,3,Intro to Operating Systems,操作系統導論,- Professor SHAO Zili,50,43,,,Dept of Computer Sci & Engg,2026-08-15T00-47-47+08-00,historical_fallback,
2420,5790,CSCI3160,CSCI3160-,-T04,TUT,Undergraduate,E,3,Design & Analysis of Algo,算法設計及分析,- Professor TAO Yufei,70,66,,,Dept of Computer Sci & Engg,2026-08-15T00-47-47+08-00,historical_fallback,
2420,7248,CSCI3170,CSCI3170-,-T02,TUT,Undergraduate,E,3,Intro to Database Systems,數據庫系統導論,- Dr. YU Michael Ruisi,100,76,,,Dept of Computer Sci & Engg,2026-08-15T00-47-47+08-00,historical_fallback,
2420,7571,CSCI3190,CSCI3190-,-T01,TUT,Undergraduate,E,3,Intro to Discrete Math & Algo,離散數學及算法導論,- Professor ZHANG Hanrui,60,47,,,Dept of Computer Sci & Engg,2026-08-15T00-47-47+08-00,historical_fallback,
2420,5523,CSCI3230,CSCI3230-,-T04,TUT,Undergraduate,E,3,Fundamentals of AI,人工智能之基本原理,- Professor DOU Qi,60,33,,,Dept of Computer Sci & Engg,2026-08-15T00-47-47+08-00,historical_fallback,
2420,5266,CSCI3260,CSCI3260-,-T01,TUT,Undergraduate,E,3,Principles of Comp Graphics,計算機圖形學之原理,- Professor FU Chi Wing,100,51,,,Dept of Computer Sci & Engg,2026-08-15T00-47-47+08-00,historical_fallback,
2420,5297,CSCI3360,CSCI3360-,-T01,TUT,Undergraduate,E,3,Intro to Computational Complex,計算複雜度導論,- Professor LIANG Xiao,100,94,,,Dept of Computer Sci & Engg,2026-08-15T00-47-47+08-00,historical_fallback,
2420,5298,CSCI4120,CSCI4120-,-T01,TUT,Undergraduate,E,3,Principles of Comp Game SW,電腦遊戲軟件原理,- Mr. MAK Wai Ho Wallace,100,71,,,Dept of Computer Sci & Engg,2026-08-15T00-47-47+08-00,historical_fallback,
2420,6995,CSCI4180,CSCI4180-,-T02,TUT,Undergraduate,E,3,Intro to Cloud Comp & Storage,雲端計算及存儲導論,- Professor LEE Pak Ching,60,0,,,Dept of Computer Sci & Engg,2026-08-15T00-47-47+08-00,historical_fallback,
2420,6602,CSCI4998,CSCI4998A,AJ01,PRJ,Undergraduate,E,3,Final Year Project I,畢業專題研究（一）,- Professor PAN Jialin,10,8,Yes,Yes,Dept of Computer Sci & Engg,2026-08-15T00-47-47+08-00,historical_fallback,
2420,6253,CSCI4998,CSCI4998AA,AAJ1,PRJ,Undergraduate,E,3,Final Year Project I,畢業專題研究（一）,- Professor YOUNG Fung Yu,10,8,Yes,Yes,Dept of Computer Sci & Engg,2026-08-15T00-47-47+08-00,historical_fallback,
2420,6247,CSCI4998,CSCI4998AB,ABJ1,PRJ,Undergraduate,E,3,Final Year Project I,畢業專題研究（一）,- Professor YU Bei,10,9,Yes,Yes,Dept of Computer Sci & Engg,2026-08-15T00-47-47+08-00,historical_fallback,
2420,6254,CSCI4998,CSCI4998AC,ACJ1,PRJ,Undergraduate,E,3,Final Year Project I,畢業專題研究（一）,- Dr. CHAU Chuck Jee,10,7,Yes,Yes,Dept of Computer Sci & Engg,2026-08-15T00-47-47+08-00,historical_fallback,
2420,6255,CSCI4998,CSCI4998AD,ADJ1,PRJ,Undergraduate,E,3,Final Year Project I,畢業專題研究（一）,- Dr. CHEONG Chi Hong,10,4,Yes,Yes,Dept of Computer Sci & Engg,2026-08-15T00-47-47+08-00,historical_fallback,
2420,6256,CSCI4998,CSCI4998AE,AEJ1,PRJ,Undergraduate,E,3,Final Year Project I,畢業專題研究（一）,- Dr. CHUI Yim Pan,10,9,Yes,Yes,Dept of Computer Sci & Engg,2026-08-15T00-47-47+08-00,historical_fallback,
2420,6423,CSCI4998,CSCI4998AF,AFJ1,PRJ,Undergraduate,E,3,Final Year Project I,畢業專題研究（一）,- Dr. KAM Ho Chuen,10,4,Yes,Yes,Dept of Computer Sci & Engg,2026-08-15T00-47-47+08-00,historical_fallback,
2420,6252,CSCI4998,CSCI4998AG,AGJ1,PRJ,Undergraduate,E,3,Final Year Project I,畢業專題研究（一）,- Dr. LAM King Tin,10,10,Yes,Yes,Dept of Computer Sci & Engg,2026-08-15T00-47-47+08-00,historical_fallback,
2420,6257,CSCI4998,CSCI4998AH,AHJ1,PRJ,Undergraduate,E,3,Final Year Project I,畢業專題研究（一）,- Dr. LAW Yat Chiu,10,7,Yes,Yes,Dept of Computer Sci & Engg,2026-08-15T00-47-47+08-00,historical_fallback,
2420,6382,CSCI4998,CSCI4998AI,AIJ1,PRJ,Undergraduate,E,3,Final Year Project I,畢業專題研究（一）,- Professor LU Songtao,10,7,Yes,Yes,Dept of Computer Sci & Engg,2026-08-15T00-47-47+08-00,historical_fallback,
2420,6248,CSCI4998,CSCI4998AJ,AJJ1,PRJ,Undergraduate,E,3,Final Year Project I,畢業專題研究（一）,- Dr. SUM Kwok Wing,10,8,Yes,Yes,Dept of Computer Sci & Engg,2026-08-15T00-47-47+08-00,historical_fallback,
2420,7856,CSCI4998,CSCI4998AK,AKJ1,PRJ,Undergraduate,E,3,Final Year Project I,畢業專題研究（一）,- Professor LYU Rung Tsong Michael,10,9,Yes,Yes,Dept of Computer Sci & Engg,2026-08-15T00-47-47+08-00,historical_fallback,
2420,6424,CSCI4998,CSCI4998AL,ALJ1,PRJ,Undergraduate,E,3,Final Year Project I,畢業專題研究（一）,- Dr. TSANG Siu Chung,10,6,Yes,Yes,Dept of Computer Sci & Engg,2026-08-15T00-47-47+08-00,historical_fallback,
2420,6409,CSCI4998,CSCI4998AM,AMJ1,PRJ,Undergraduate,E,3,Final Year Project I,畢業專題研究（一）,- Professor Lauren Marcelyn PICK,10,6,Yes,Yes,Dept of Computer Sci & Engg,2026-08-15T00-47-47+08-00,historical_fallback,
2420,6416,CSCI4998,CSCI4998AN,ANJ1,PRJ,Undergraduate,E,3,Final Year Project I,畢業專題研究（一）,- Professor ZHANG Hanrui,10,4,Yes,Yes,Dept of Computer Sci & Engg,2026-08-15T00-47-47+08-00,historical_fallback,
2420,6418,CSCI4998,CSCI4998AO,AOJ1,PRJ,Undergraduate,E,3,Final Year Project I,畢業專題研究（一）,- Professor XU Qiang,10,7,Yes,Yes,Dept of Computer Sci & Engg,2026-08-15T00-47-47+08-00,historical_fallback,
2420,7857,CSCI4998,CSCI4998AP,APJ1,PRJ,Undergraduate,E,3,Final Year Project I,畢業專題研究（一）,- Professor KING Kuo Chin Irwin,10,7,Yes,Yes,Dept of Computer Sci & Engg,2026-08-15T00-47-47+08-00,historical_fallback,
2420,7867,CSCI4998,CSCI4998AQ,AQJ1,PRJ,Undergraduate,E,3,Final Year Project I,畢業專題研究（一）,- Dr. YU Michael Ruisi,10,9,Yes,Yes,Dept of Computer Sci & Engg,2026-08-15T00-47-47+08-00,historical_fallback,
2420,4850,CSCI4998,CSCI4998B,BJ01,PRJ,Undergraduate,E,3,Final Year Project I,畢業專題研究（一）,- Staff,10,10,Yes,Yes,Dept of Computer Sci & Engg,2026-08-15T00-47-47+08-00,historical_fallback,
2420,6205,CSCI4998,CSCI4998C,CJ01,PRJ,Undergraduate,E,3,Final Year Project I,畢業專題研究（一）,- Professor CHENG James,10,7,Yes,Yes,Dept of Computer Sci & Engg,2026-08-15T00-47-47+08-00,historical_fallback,
2420,6202,CSCI4998,CSCI4998D,DJ01,PRJ,Undergraduate,E,3,Final Year Project I,畢業專題研究（一）,- Professor DOU Qi,10,5,Yes,Yes,Dept of Computer Sci & Engg,2026-08-15T00-47-47+08-00,historical_fallback,
2420,6239,CSCI4998,CSCI4998E,EJ01,PRJ,Undergraduate,E,3,Final Year Project I,畢業專題研究（一）,- Professor Farzan FARNIA,10,8,Yes,Yes,Dept of Computer Sci & Engg,2026-08-15T00-47-47+08-00,historical_fallback,
2420,6240,CSCI4998,CSCI4998F,FJ01,PRJ,Undergraduate,E,3,Final Year Project I,畢業專題研究（一）,- Professor FU Chi Wing,10,3,Yes,Yes,Dept of Computer Sci & Engg,2026-08-15T00-47-47+08-00,historical_fallback,
2420,7954,CSCI4998,CSCI4998G,GJ01,PRJ,Undergraduate,E,3,Final Year Project I,畢業專題研究（一）,- Professor LIANG Zhiding,10,10,Yes,Yes,Dept of Computer Sci & Engg,2026-08-15T00-47-47+08-00,historical_fallback,
2420,6203,CSCI4998,CSCI4998H,HJ01,PRJ,Undergraduate,E,3,Final Year Project I,畢業專題研究（一）,- Professor HO Tsung Yi,10,9,Yes,Yes,Dept of Computer Sci & Engg,2026-08-15T00-47-47+08-00,historical_fallback,
2420,6231,CSCI4998,CSCI4998I,IJ01,PRJ,Undergraduate,E,3,Final Year Project I,畢業專題研究（一）,- Professor LI Shaohua,10,6,Yes,Yes,Dept of Computer Sci & Engg,2026-08-15T00-47-47+08-00,historical_fallback,
2420,8159,CSCI4998,CSCI4998J,JJ01,PRJ,Undergraduate,E,3,Final Year Project I,畢業專題研究（一）,- Professor LIU Shengchao,10,10,Yes,Yes,Dept of Computer Sci & Engg,2026-08-15T00-47-47+08-00,historical_fallback,
2420,6241,CSCI4998,CSCI4998K,KJ01,PRJ,Undergraduate,E,3,Final Year Project I,畢業專題研究（一）,- Staff,10,10,Yes,Yes,Dept of Computer Sci & Engg,2026-08-15T00-47-47+08-00,historical_fallback,
2420,6242,CSCI4998,CSCI4998L,LJ01,PRJ,Undergraduate,E,3,Final Year Project I,畢業專題研究（一）,- Professor LEE Pak Ching,10,2,Yes,Yes,Dept of Computer Sci & Engg,2026-08-15T00-47-47+08-00,historical_fallback,
2420,6243,CSCI4998,CSCI4998M,MJ01,PRJ,Undergraduate,E,3,Final Year Project I,畢業專題研究（一）,- Dr. JIANG Yuli,10,5,Yes,Yes,Dept of Computer Sci & Engg,2026-08-15T00-47-47+08-00,historical_fallback,
2420,6246,CSCI4998,CSCI4998N,NJ01,PRJ,Undergraduate,E,3,Final Year Project I,畢業專題研究（一）,- Professor LI Yu,10,10,Yes,Yes,Dept of Computer Sci & Engg,2026-08-15T00-47-47+08-00,historical_fallback,
2420,6244,CSCI4998,CSCI4998O,OJ01,PRJ,Undergraduate,E,3,Final Year Project I,畢業專題研究（一）,- Professor LO Chi Lik Eric,10,9,Yes,Yes,Dept of Computer Sci & Engg,2026-08-15T00-47-47+08-00,historical_fallback,
2420,6245,CSCI4998,CSCI4998P,PJ01,PRJ,Undergraduate,E,3,Final Year Project I,畢業專題研究（一）,- Professor LYU Rung Tsong Michael,10,10,Yes,Yes,Dept of Computer Sci & Engg,2026-08-15T00-47-47+08-00,historical_fallback,
2420,6249,CSCI4998,CSCI4998Q,QJ01,PRJ,Undergraduate,E,3,Final Year Project I,畢業專題研究（一）,- Professor MENG Wei,10,8,Yes,Yes,Dept of Computer Sci & Engg,2026-08-15T00-47-47+08-00,historical_fallback,
2420,6408,CSCI4998,CSCI4998R,RJ01,PRJ,Undergraduate,E,3,Final Year Project I,畢業專題研究（一）,- Professor SHAO Zili,10,3,Yes,Yes,Dept of Computer Sci & Engg,2026-08-15T00-47-47+08-00,historical_fallback,
2420,7844,CSCI4998,CSCI4998S,SJ01,PRJ,Undergraduate,E,3,Final Year Project I,畢業專題研究（一）,- Professor TAO Yufei,10,6,Yes,Yes,Dept of Computer Sci & Engg,2026-08-15T00-47-47+08-00,historical_fallback,
2420,6422,CSCI4998,CSCI4998T,TJ01,PRJ,Undergraduate,E,3,Final Year Project I,畢業專題研究（一）,- Professor LIANG Xiao,10,8,Yes,Yes,Dept of Computer Sci & Engg,2026-08-15T00-47-47+08-00,historical_fallback,
2420,6250,CSCI4998,CSCI4998U,UJ01,PRJ,Undergraduate,E,3,Final Year Project I,畢業專題研究（一）,- Professor WANG Liwei,10,10,Yes,Yes,Dept of Computer Sci & Engg,2026-08-15T00-47-47+08-00,historical_fallback,
2420,7845,CSCI4998,CSCI4998V,VJ01,PRJ,Undergraduate,E,3,Final Year Project I,畢業專題研究（一）,- Dr. TIAN Yusheng,10,8,Yes,Yes,Dept of Computer Sci & Engg,2026-08-15T00-47-47+08-00,historical_fallback,
2420,6320,CSCI4998,CSCI4998W,WJ01,PRJ,Undergraduate,E,3,Final Year Project I,畢業專題研究（一）,- Professor LIU Weiyang,10,9,Yes,Yes,Dept of Computer Sci & Engg,2026-08-15T00-47-47+08-00,historical_fallback,
2420,6251,CSCI4998,CSCI4998X,XJ01,PRJ,Undergraduate,E,3,Final Year Project I,畢業專題研究（一）,- Professor XU Hong,10,6,Yes,Yes,Dept of Computer Sci & Engg,2026-08-15T00-47-47+08-00,historical_fallback,
2420,7842,CSCI4998,CSCI4998Y,YJ01,PRJ,Undergraduate,E,3,Final Year Project I,畢業專題研究（一）,- Professor WANG Zhengrong,10,9,Yes,Yes,Dept of Computer Sci & Engg,2026-08-15T00-47-47+08-00,historical_fallback,
2420,7864,CSCI4998,CSCI4998Z,ZJ01,PRJ,Undergraduate,E,3,Final Year Project I,畢業專題研究（一）,- Professor YANG Ming Chang,10,7,Yes,Yes,Dept of Computer Sci & Engg,2026-08-15T00-47-47+08-00,historical_fallback,
2420,6162,CSCI4999,CSCI4999-,-J01,PRJ,Undergraduate,E,3,Final Year Project II,畢業專題研究（二）,- Professor LO Chi Lik Eric,10,9,Yes,Yes,Dept of Computer Sci & Engg,2026-08-15T00-47-47+08-00,historical_fallback,
2420,6521,CSCI4999,CSCI4999A,AJ01,PRJ,Undergraduate,E,3,Final Year Project II,畢業專題研究（二）,- Professor YOUNG Fung Yu,10,9,Yes,Yes,Dept of Computer Sci & Engg,2026-08-15T00-47-47+08-00,historical_fallback,
2420,6099,CSCI4999,CSCI4999B,BJ01,PRJ,Undergraduate,E,3,Final Year Project II,畢業專題研究（二）,- Staff,10,10,Yes,Yes,Dept of Computer Sci & Engg,2026-08-15T00-47-47+08-00,historical_fallback,
2420,6546,CUMT4103,CUMT4103-,-F01,FLD,Undergraduate,C&E,3,Internship,實習,- Dr. CHIENG Wei Shieng,25,6,Yes,Yes,Cultural Management Pgm Comm,2026-08-15T01-53-13+08-00-full-term-1,current,
2420,9145,CURE1000,CURE1000-,-T04,TUT,Undergraduate,C&E,3,Why Culture Matters,文化何以重要,- Professor CHEUNG Lik Kwan,30,27,,,Dept of Cultural & Rel Studies,2026-08-15T00-47-47+08-00,historical_fallback,
2420,8199,CURE1004,CURE1004-,-T03,TUT,Undergraduate,E,3,Intro to Public Humanities,公共人文學導論,- Professor LI Cho Kiu,30,30,Yes,Yes,Dept of Cultural & Rel Studies,2026-08-15T00-47-47+08-00,historical_fallback,
2420,8201,CURE1110,CURE1110-,-T03,TUT,Undergraduate,C&E,3,Religion and Contemporary Life,宗教與當代生活,- Professor YEUNG Kwok Keung,30,29,,Yes,Dept of Cultural & Rel Studies,2026-08-15T00-47-47+08-00,historical_fallback,
2420,8376,CURE1123,CURE1123-,-T02,TUT,Undergraduate,E,3,World Religions,世界宗教,- Professor James D FRANKEL,30,27,,Yes,Dept of Cultural & Rel Studies,2026-08-15T00-47-47+08-00,historical_fallback,
2420,8380,CURE1124,CURE1124-,-T02,TUT,Undergraduate,C&E,3,Study of Christianity,基督宗教研究,- Professor LAI Pan Chiu,30,22,,,Dept of Cultural & Rel Studies,2026-08-15T00-47-47+08-00,historical_fallback,
2420,7041,CURE1401,CURE1401-,-,LEC,Undergraduate,E,3,Introduction to Cultural Mgt,文化管理概論,- Dr. CHIENG Wei Shieng,70,37,Yes,Yes,Dept of Cultural & Rel Studies,2026-08-15T00-47-47+08-00,historical_fallback,
2420,5319,CURE1403,CURE1403-,-,LEC,Undergraduate,C&E,3,Cultural Policy & Development,藝術發展及政策,- Staff,65,25,Yes,Yes,Dept of Cultural & Rel Studies,2026-08-15T00-47-47+08-00,historical_fallback,
2420,8392,CURE2006,CURE2006-,-T02,TUT,Undergraduate,P&E,3,Intro to Film and Screen Stud,電影與螢幕研究概要,- Dr. LI Tiecheng,30,24,,,Dept of Cultural & Rel Studies,2026-08-15T00-47-47+08-00,historical_fallback,
2420,8394,CURE2022,CURE2022-,-T02,TUT,Undergraduate,C&E,3,Feminisms: Thoughts & Movement,女權主義：思想與運動,- Dr. PANG Ka Wei,30,7,,,Dept of Cultural & Rel Studies,2026-08-15T00-47-47+08-00,historical_fallback,
2420,6626,CURE2030,CURE2030-,-T04,TUT,Undergraduate,C&E,3,Hong Kong Cinema,香港電影,- Dr. LI Mei Ting,30,28,,,Dept of Cultural & Rel Studies,2026-08-15T00-47-47+08-00,historical_fallback,
2420,8870,CURE2066,CURE2066-,-,LEC,Undergraduate,P&E,3,Foundation of Visual Design,視覺設計基礎,- Dr. LI Tiecheng,20,0,,,Dept of Cultural & Rel Studies,2026-08-15T00-47-47+08-00,historical_fallback,
2420,6630,CURE2112,CURE2112-,-T02,TUT,Undergraduate,C&E,3,"Myth, Symbol and Ritual",神話、象徵與儀式,- Dr. CHOW Wai Yin,30,14,,,Dept of Cultural & Rel Studies,2026-08-15T00-47-47+08-00,historical_fallback,
2420,6632,CURE2160,CURE2160-,-T02,TUT,Undergraduate,C&E,3,Sp Topics in Religion & Cul,專題研究——宗教與文化,- Dr. CHEUNG Tak Ching Neky,25,10,,,Dept of Cultural & Rel Studies,2026-08-15T00-47-47+08-00,historical_fallback,
2420,8203,CURE2163,CURE2163-,-T02,TUT,Undergraduate,C&E,3,Religion and Food,宗教與飲食,- Professor SIK Fa Ren,30,22,,,Dept of Cultural & Rel Studies,2026-08-15T00-47-47+08-00,historical_fallback,
2420,8205,CURE2170,CURE2170-,-T02,TUT,Undergraduate,C&E,3,Reading Religious Classics,宗教經典研讀,- Professor LAI Tsz Pang,30,27,,Yes,Dept of Cultural & Rel Studies,2026-08-15T00-47-47+08-00,historical_fallback,
2420,8207,CURE2181,CURE2181-,-T02,TUT,Undergraduate,P&E,3,Classical Arabic Beginners II,基礎古典阿拉伯文（二）,- Mr YANG Xing Wen,30,24,,,Dept of Cultural & Rel Studies,2026-08-15T00-47-47+08-00,historical_fallback,
2420,6636,CURE2404,CURE2404-,-T02,TUT,Undergraduate,C&E,3,Intro to Heritage Management,文化遺產管理導論,- Staff,20,13,,,Dept of Cultural & Rel Studies,2026-08-15T00-47-47+08-00,historical_fallback,
2420,6644,CURE2409,CURE2409-,-,LEC,Undergraduate,C&E,3,Introduction to the Art Market,藝術市場導論,- Professor LEUNG Hok Bun Isaac,30,22,,,Dept of Cultural & Rel Studies,2026-08-15T00-47-47+08-00,historical_fallback,
2420,8264,CURE3014,CURE3014-,-T02,TUT,Undergraduate,E,3,Sp Topics in Cul Std IV,文化研究專題（四）,- Professor CHUNG Pei Chi,30,19,,,Dept of Cultural & Rel Studies,2026-08-15T00-47-47+08-00,historical_fallback,
2420,8211,CURE3034,CURE3034-,-T02,TUT,Undergraduate,E,3,Korean Media & Popular Culture,韓國媒體與大眾文化,- Professor LEE Yongwoo,30,27,,,Dept of Cultural & Rel Studies,2026-08-15T00-47-47+08-00,historical_fallback,
2420,8398,CURE3145,CURE3145-,-T02,TUT,Undergraduate,E,3,Buddhism and Contemporary Life,佛教與現代生活,- Staff,30,25,,,Dept of Cultural & Rel Studies,2026-08-15T00-47-47+08-00,historical_fallback,
2420,6635,CURE3403,CURE3403-,-,LEC,Undergraduate,E,3,Media Arts Management,媒體藝術管理,- Professor WONG Ashley Lee,20,11,,,Dept of Cultural & Rel Studies,2026-08-15T00-47-47+08-00,historical_fallback,
2420,6629,CURE3405,CURE3405-,-,LEC,Undergraduate,C&E,3,Design Your Exhibition,策展計劃及實踐,- Professor LEUNG Hok Bun Isaac,30,18,,,Dept of Cultural & Rel Studies,2026-08-15T00-47-47+08-00,historical_fallback,
2420,5320,CURE3508,CURE3508-,-,LEC,Undergraduate,E,3,Museum Studies,博物館研究,- Professor PARK Sae Him,20,4,,,Dept of Cultural & Rel Studies,2026-08-15T00-47-47+08-00,historical_fallback,
2420,9866,CURE4038,CURE4038-,-F01,FLD,Undergraduate,C&E,3,Summer Internship,暑期實習,- Dr. CHIENG Wei Shieng,50,35,Yes,Yes,Dept of Cultural & Rel Studies,2026-08-15T00-47-47+08-00,historical_fallback,
2420,6108,CURE4159,CURE4159-,-F01,FLD,Undergraduate,C&E,3,Internship,實習,- Dr. CHOW Wai Yin,20,6,Yes,Yes,Dept of Cultural & Rel Studies,2026-08-15T00-47-47+08-00,historical_fallback,
2420,6648,CURE4441,CURE4441-,-,LEC,Undergraduate,C&E,3,Sp Topic in Creative Ind,創意工業專題,- Staff,30,26,,,Dept of Cultural & Rel Studies,2026-08-15T00-47-47+08-00,historical_fallback,
2420,5079,DIPL1001,DIPL1001-,-,LEC,Undergraduate,P&E,3,Introduction to IR and DIPL,國際關係與外交導論,- Dr. HUNG Wing Lok,30,30,Yes,Yes,Dipl & Intl Studies PC,2026-08-15T01-53-13+08-00-full-term-1,current,
2420,8537,DOTE1030,DOTE1030A,A,LEC,Undergraduate,E,3,Eco for Business Studies I,企業經濟學（一）,- Professor NIU Mingzi,70,70,,,"Dept of Decis, Oper & Tech",2026-08-15T00-47-47+08-00,historical_fallback,
2420,8525,DOTE1030,DOTE1030B,B,LEC,Undergraduate,E,3,Eco for Business Studies I,企業經濟學（一）,- Professor ONISHI Ken Theo,66,66,,,"Dept of Decis, Oper & Tech",2026-08-15T00-47-47+08-00,historical_fallback,
2420,7291,DOTE1030,DOTE1030C,C,LEC,Undergraduate,E,3,Eco for Business Studies I,企業經濟學（一）,- Professor ONISHI Ken Theo,70,68,,,"Dept of Decis, Oper & Tech",2026-08-15T00-47-47+08-00,historical_fallback,
2420,7783,DOTE1030,DOTE1030D,D,LEC,Undergraduate,E,3,Eco for Business Studies I,企業經濟學（一）,- Professor LEUNG Justin Hilyin,70,69,,,"Dept of Decis, Oper & Tech",2026-08-15T00-47-47+08-00,historical_fallback,
2420,5751,DOTE1030,DOTE1030E,E,LEC,Undergraduate,E,3,Eco for Business Studies I,企業經濟學（一）,- Dr. FU Rao,70,70,,,"Dept of Decis, Oper & Tech",2026-08-15T00-47-47+08-00,historical_fallback,
2420,7292,DOTE1030,DOTE1030F,F,LEC,Undergraduate,E,3,Eco for Business Studies I,企業經濟學（一）,- Dr. HA Lin Tat,70,70,,,"Dept of Decis, Oper & Tech",2026-08-15T00-47-47+08-00,historical_fallback,
2420,5752,DOTE1030,DOTE1030G,G,LEC,Undergraduate,E,3,Eco for Business Studies I,企業經濟學（一）,- Professor LEUNG Justin Hilyin,70,69,,,"Dept of Decis, Oper & Tech",2026-08-15T00-47-47+08-00,historical_fallback,
2420,5753,DOTE1030,DOTE1030H,H,LEC,Undergraduate,E,3,Eco for Business Studies I,企業經濟學（一）,- Dr. KU Kei Tat,70,70,,,"Dept of Decis, Oper & Tech",2026-08-15T00-47-47+08-00,historical_fallback,
2420,7124,DOTE1030,DOTE1030I,I,LEC,Undergraduate,E,3,Eco for Business Studies I,企業經濟學（一）,- Dr. HA Lin Tat,70,70,,,"Dept of Decis, Oper & Tech",2026-08-15T00-47-47+08-00,historical_fallback,
2420,7275,DOTE1030,DOTE1030J,J,LEC,Undergraduate,E,3,Eco for Business Studies I,企業經濟學（一）,- Professor NIU Mingzi,70,70,,,"Dept of Decis, Oper & Tech",2026-08-15T00-47-47+08-00,historical_fallback,
2420,7051,DOTE1030,DOTE1030K,K,LEC,Undergraduate,E,3,Eco for Business Studies I,企業經濟學（一）,- Dr. FU Rao,70,69,,,"Dept of Decis, Oper & Tech",2026-08-15T00-47-47+08-00,historical_fallback,
2420,5754,DOTE1030,DOTE1030L,L,LEC,Undergraduate,E,3,Eco for Business Studies I,企業經濟學（一）,- Dr. KU Kei Tat,70,70,,,"Dept of Decis, Oper & Tech",2026-08-15T00-47-47+08-00,historical_fallback,
2420,7052,DOTE1030,DOTE1030M,M,LEC,Undergraduate,E,3,Eco for Business Studies I,企業經濟學（一）,- Dr. HA Lin Tat,70,68,,,"Dept of Decis, Oper & Tech",2026-08-15T00-47-47+08-00,historical_fallback,
2420,5701,DOTE1030,DOTE1030N,N,LEC,Undergraduate,E,3,Eco for Business Studies I,企業經濟學（一）,- Professor NIU Mingzi,70,70,,,"Dept of Decis, Oper & Tech",2026-08-15T00-47-47+08-00,historical_fallback,
2420,5800,DOTE1030,DOTE1030O,O,LEC,Undergraduate,E,3,Eco for Business Studies I,企業經濟學（一）,- Dr. KU Kei Tat,20,20,,,"Dept of Decis, Oper & Tech",2026-08-15T00-47-47+08-00,historical_fallback,
2420,5721,DOTE1031,DOTE1031A,A,LEC,Undergraduate,E,3,Basic Econ for the HT Ind,酒店及旅遊業經濟學,- Professor LEUNG Justin Hilyin,70,69,Yes,Yes,"Dept of Decis, Oper & Tech",2026-08-15T00-47-47+08-00,historical_fallback,
2420,5723,DOTE1031,DOTE1031B,B,LEC,Undergraduate,E,3,Basic Econ for the HT Ind,酒店及旅遊業經濟學,- Professor LEUNG Justin Hilyin,70,70,Yes,Yes,"Dept of Decis, Oper & Tech",2026-08-15T00-47-47+08-00,historical_fallback,
2420,5760,DOTE2011,DOTE2011A,A,LEC,Undergraduate,E,4,Sta Ana for Bus Decisions,企業決策之統計分析,- Professor ZHANG Linqi,70,19,,,"Dept of Decis, Oper & Tech",2026-08-15T00-47-47+08-00,historical_fallback,
2420,5761,DOTE2011,DOTE2011B,B,LEC,Undergraduate,E,4,Sta Ana for Bus Decisions,企業決策之統計分析,- Dr. LI Dan,70,21,,,"Dept of Decis, Oper & Tech",2026-08-15T00-47-47+08-00,historical_fallback,
2420,4794,DOTE2011,DOTE2011C,C,LEC,Undergraduate,E,4,Sta Ana for Bus Decisions,企業決策之統計分析,- Staff,70,0,,,"Dept of Decis, Oper & Tech",2026-08-15T00-47-47+08-00,historical_fallback,
2420,4816,DOTE2011,DOTE2011D,D,LEC,Undergraduate,E,4,Sta Ana for Bus Decisions,企業決策之統計分析,- Professor LIN Yunduan,70,0,,,"Dept of Decis, Oper & Tech",2026-08-15T00-47-47+08-00,historical_fallback,
2420,5762,DOTE2011,DOTE2011E,E,LEC,Undergraduate,E,4,Sta Ana for Bus Decisions,企業決策之統計分析,- Dr. LI Dan,70,21,,,"Dept of Decis, Oper & Tech",2026-08-15T00-47-47+08-00,historical_fallback,
2420,5708,DOTE2011,DOTE2011F,F,LEC,Undergraduate,E,4,Sta Ana for Bus Decisions,企業決策之統計分析,- Staff,70,52,,,"Dept of Decis, Oper & Tech",2026-08-15T00-47-47+08-00,historical_fallback,
2420,5763,DOTE2011,DOTE2011G,G,LEC,Undergraduate,E,4,Sta Ana for Bus Decisions,企業決策之統計分析,- Dr. TSANG Ka Wai,70,6,,,"Dept of Decis, Oper & Tech",2026-08-15T00-47-47+08-00,historical_fallback,
2420,5764,DOTE2011,DOTE2011H,H,LEC,Undergraduate,E,4,Sta Ana for Bus Decisions,企業決策之統計分析,- Professor LIN Yunduan,70,3,,,"Dept of Decis, Oper & Tech",2026-08-15T00-47-47+08-00,historical_fallback,
2420,5709,DOTE2011,DOTE2011I,I,LEC,Undergraduate,E,4,Sta Ana for Bus Decisions,企業決策之統計分析,- Dr. LI Dan,70,40,,,"Dept of Decis, Oper & Tech",2026-08-15T00-47-47+08-00,historical_fallback,
2420,5802,DOTE2011,DOTE2011J,J,LEC,Undergraduate,E,4,Sta Ana for Bus Decisions,企業決策之統計分析,- Professor ZHANG Linqi,70,0,,,"Dept of Decis, Oper & Tech",2026-08-15T00-47-47+08-00,historical_fallback,
2420,5665,DOTE2030,DOTE2030A,A,LEC,Undergraduate,E,3,Operations Management,營運管理,- Staff,70,64,,,"Dept of Decis, Oper & Tech",2026-08-15T00-47-47+08-00,historical_fallback,
2420,5666,DOTE2030,DOTE2030B,B,LEC,Undergraduate,E,3,Operations Management,營運管理,- Staff,65,63,,,"Dept of Decis, Oper & Tech",2026-08-15T00-47-47+08-00,historical_fallback,
2420,5610,DOTE2030,DOTE2030C,C,LEC,Undergraduate,E,3,Operations Management,營運管理,- Professor CHEN Hongfan,70,52,,,"Dept of Decis, Oper & Tech",2026-08-15T00-47-47+08-00,historical_fallback,
2420,7092,DOTE2030,DOTE2030D,D,LEC,Undergraduate,E,3,Operations Management,營運管理,- Staff,70,37,,,"Dept of Decis, Oper & Tech",2026-08-15T00-47-47+08-00,historical_fallback,
2420,7036,DOTE2040,DOTE2040A,A,LEC,Undergraduate,E,3,Business Analytics,商務分析,- Professor ZHU Kaijie,70,44,,,"Dept of Decis, Oper & Tech",2026-08-15T00-47-47+08-00,historical_fallback,
2420,5604,DOTE2051,DOTE2051A,A,LEC,Undergraduate,E,3,Business Information Systems,商業資訊系統,- Professor LEE Myunghwan,70,47,,,"Dept of Decis, Oper & Tech",2026-08-15T00-47-47+08-00,historical_fallback,
2420,5605,DOTE2051,DOTE2051B,B,LEC,Undergraduate,E,3,Business Information Systems,商業資訊系統,- Professor LEE Myunghwan,70,52,,,"Dept of Decis, Oper & Tech",2026-08-15T00-47-47+08-00,historical_fallback,
2420,5602,DOTE2051,DOTE2051C,C,LEC,Undergraduate,E,3,Business Information Systems,商業資訊系統,- Professor LEE Myunghwan,70,50,,,"Dept of Decis, Oper & Tech",2026-08-15T00-47-47+08-00,historical_fallback,
2420,7297,DOTE2051,DOTE2051D,D,LEC,Undergraduate,E,3,Business Information Systems,商業資訊系統,- Professor LI Tianyi,70,56,,,"Dept of Decis, Oper & Tech",2026-08-15T00-47-47+08-00,historical_fallback,
2420,5924,DOTE2051,DOTE2051E,E,LEC,Undergraduate,E,3,Business Information Systems,商業資訊系統,- Professor LI Tianyi,70,55,,,"Dept of Decis, Oper & Tech",2026-08-15T00-47-47+08-00,historical_fallback,
2420,5595,DOTE3080,DOTE3080-,-,LEC,Undergraduate,E,3,Macroeconomics for Managers,宏觀經濟與管理,- Dr. FU Rao,40,29,,,"Dept of Decis, Oper & Tech",2026-08-15T00-47-47+08-00,historical_fallback,
2420,8501,DOTE3090,DOTE3090-,-,LEC,Undergraduate,E,3,Game Theory for Bus Strategy,商業策略博奕論,- Professor KO Chiu Yu,45,37,,,"Dept of Decis, Oper & Tech",2026-08-15T00-47-47+08-00,historical_fallback,
2420,8310,DOTE4020,DOTE4020A,A,LEC,Undergraduate,E,3,Decision Modeling & Analytics,決策建模和分析,- Professor GAO Xiangyu,55,0,,,"Dept of Decis, Oper & Tech",2026-08-15T00-47-47+08-00,historical_fallback,
2420,5912,DOTE4070,DOTE4070A,A,LEC,Undergraduate,E,3,Data Mgt & Big Data Analytics,數據管理及大數據分析,- Staff,55,14,,,"Dept of Decis, Oper & Tech",2026-08-15T00-47-47+08-00,historical_fallback,
2420,5662,DOTE4110,DOTE4110A,A,LEC,Undergraduate,E,3,Economic Analytics,經濟分析,- Dr. YUEN Chi Lok,50,26,,,"Dept of Decis, Oper & Tech",2026-08-15T00-47-47+08-00,historical_fallback,
2420,7751,DOTE4260,DOTE4260-,-,LEC,Undergraduate,E,3,Business Process Analytics,企業流程分析,- Professor ZHU Kaijie,50,29,,,"Dept of Decis, Oper & Tech",2026-08-15T00-47-47+08-00,historical_fallback,
2420,7040,DOTE4280,DOTE4280-,-,LEC,Undergraduate,E,3,Network and Security,網絡與網絡安全,- Professor LI Tianyi,45,32,,,"Dept of Decis, Oper & Tech",2026-08-15T00-47-47+08-00,historical_fallback,
2420,5788,DSPS1001,DSPS1001-,-,LEC,Undergraduate,E,3,Introduction to Policy Science,政策科學入門,- Professor CHAN Chee Hon,50,49,,,Data Science & Policy Stud PC,2026-08-15T01-53-13+08-00-full-term-1,current,
2420,8280,DSPS1003,DSPS1003A,A,LEC,Undergraduate,E,3,Foundation of Data Science,數據科學基礎,- Dr. WONG Kwong Cheong,50,46,,,Data Science & Policy Stud PC,2026-08-15T01-53-13+08-00-full-term-1,current,
2420,5750,DSPS2202,DSPS2202-,-,LEC,Undergraduate,E,3,Database Systems for Dat Sci,數據科學的資料庫系統,- Dr. KWOK Pak Ki,30,28,,,Data Science & Policy Stud PC,2026-08-15T01-53-13+08-00-full-term-1,current,
2420,5803,DSPS2301,DSPS2301-,-,LEC,Undergraduate,E,3,Pol Analysis & Design Thinking,政策分析及設計思考,- Professor WONG Wai Ho,32,27,,,Data Science & Policy Stud PC,2026-08-15T01-53-13+08-00-full-term-1,current,
2420,5731,DSPS2520,DSPS2520-,-,LEC,Undergraduate,E,3,Data Science Proj Management,數據科學項目管理,- Dr. KWOK Pak Ki,32,29,,,Data Science & Policy Stud PC,2026-08-15T01-53-13+08-00-full-term-1,current,
2420,8281,DSPS3202,DSPS3202-,-T01,TUT,Undergraduate,E,3,Machine Learning for PP,公共政策機器學習,- Dr. WONG Kwong Cheong,30,27,,,Data Science & Policy Stud PC,2026-08-15T01-53-13+08-00-full-term-1,current,
2420,6121,DSPS3801,DSPS3801-,-P01,PRA,Undergraduate,C&E,3,Internship,實習,- Dr. WONG Kwong Cheong,30,13,Yes,Yes,Data Science & Policy Stud PC,2026-08-15T01-53-13+08-00-full-term-1,current,
2420,8283,DSPS3802,DSPS3802-,-T01,TUT,Undergraduate,E,3,Advanced Data Visualization,進階數據視覺化,- Dr. KWOK Pak Ki,30,27,,,Data Science & Policy Stud PC,2026-08-15T01-53-13+08-00-full-term-1,current,
2420,6680,DSPS3803,DSPS3803-,-T01,TUT,Undergraduate,E,3,AI for Social Good,人工智慧與社會公益,- Dr. WONG Kwong Cheong,30,22,,,Data Science & Policy Stud PC,2026-08-15T01-53-13+08-00-full-term-1,current,
2420,6335,DSPS4801,DSPS4801-,-J01,PRJ,Undergraduate,E,3,Graduation Capstone Project I,畢業總結項目（一）,- Dr. KWOK Pak Ki - Dr. WONG Kwong Cheong - Professor CHAN Chee Hon - Professor QIU Lin - Professor WONG Wai Ho,40,40,Yes,Yes,Data Science & Policy Stud PC,2026-08-15T01-53-13+08-00-full-term-1,current,
2420,6299,DSPS4802,DSPS4802-,-J01,PRJ,Undergraduate,E,3,Graduation Capstone Project II,畢業總結項目（二）,- Dr. KWOK Pak Ki - Dr. WONG Kwong Cheong - Professor CHAN Chee Hon - Professor QIU Lin - Professor WONG Wai Ho,30,30,Yes,Yes,Data Science & Policy Stud PC,2026-08-15T01-53-13+08-00-full-term-1,current,
2420,5872,ECON1010,ECON1010A,A,LEC,Undergraduate,E,3,Perspectives in Economics,經濟學概觀,- Miss LEUNG Yuk Chun,40,38,,,Dept of Economics,2026-08-15T01-53-13+08-00-full-term-1,current,
2420,5873,ECON1010,ECON1010B,B,LEC,Undergraduate,E,3,Perspectives in Economics,經濟學概觀,- Miss LEUNG Yuk Chun,40,40,,,Dept of Economics,2026-08-15T01-53-13+08-00-full-term-1,current,
2420,5526,ECON1101,ECON1101A,A,LEC,Undergraduate,E,2,Mathematical Methods in Eco I,經濟數學方法（一）,- Dr. CHOW Yan Chi Vinci,90,88,,,Dept of Economics,2026-08-15T01-53-13+08-00-full-term-1,current,
2420,5527,ECON1101,ECON1101B,B,LEC,Undergraduate,E,2,Mathematical Methods in Eco I,經濟數學方法（一）,- Dr. CHOW Yan Chi Vinci,90,87,,,Dept of Economics,2026-08-15T01-53-13+08-00-full-term-1,current,
2420,9695,ECON1210,ECON1210-,-,LEC,Undergraduate,E,3,Economics and Society,經濟學與社會,- Dr. IP Tak Sang,140,129,,,Dept of Economics,2026-08-15T01-53-13+08-00-full-term-1,current,
2420,7484,ECON1220,ECON1220A,A,LEC,Undergraduate,E,3,Contemporary Economic Thinking,當代經濟思想,- Professor KWONG Kai Sun Sunny,140,135,,,Dept of Economics,2026-08-15T01-53-13+08-00-full-term-1,current,
2420,4965,ECON1420,ECON1420A,A,LEC,Undergraduate,C&E,3,Basic Banking & Finance,銀行與金融概觀,- Dr. YAN Wai Hin,40,32,,,Dept of Economics,2026-08-15T01-53-13+08-00-full-term-1,current,
2420,9809,ECON1902,ECON1902-,-,LEC,Undergraduate,E,2,A Guide to Learning Economics,經濟學入門,- Staff,130,96,Yes,Yes,Dept of Economics,2026-08-15T01-53-13+08-00-full-term-1,current,
2420,5301,ECON2011,ECON2011A,A,LEC,Undergraduate,E,3,Basic Microeconomics,基本微觀經濟學,- Dr. HO Cheuk Yin,80,64,,,Dept of Economics,2026-08-15T01-53-13+08-00-full-term-1,current,
2420,5528,ECON2011,ECON2011B,B,LEC,Undergraduate,E,3,Basic Microeconomics,基本微觀經濟學,- Dr. HO Cheuk Yin,80,75,,,Dept of Economics,2026-08-15T01-53-13+08-00-full-term-1,current,
2420,5315,ECON2011,ECON2011C,C,LEC,Undergraduate,E,3,Basic Microeconomics,基本微觀經濟學,- Staff,80,77,,,Dept of Economics,2026-08-15T01-53-13+08-00-full-term-1,current,
2420,5529,ECON2021,ECON2021A,A,LEC,Undergraduate,E,3,Basic Macroeconomics,基本宏觀經濟學,- Dr. WOO Wai Chiu,90,84,,,Dept of Economics,2026-08-15T01-53-13+08-00-full-term-1,current,
2420,5324,ECON2021,ECON2021B,B,LEC,Undergraduate,E,3,Basic Macroeconomics,基本宏觀經濟學,- Dr. WOO Wai Chiu,90,81,,,Dept of Economics,2026-08-15T01-53-13+08-00-full-term-1,current,
2420,9820,ECON2121,ECON2121A,A,LEC,Undergraduate,E,3,Methods of Economic Statistics,經濟統計方法,- Dr. James Philip MARTIN,120,116,,,Dept of Economics,2026-08-15T01-53-13+08-00-full-term-1,current,
2420,5530,ECON3011,ECON3011A,A,LEC,Undergraduate,E,3,Intermed Microeconomic Theory,中級微觀經濟理論,- Dr. MOK Kai Chung - Dr. YUNG Chor Wing Linda,110,92,,,Dept of Economics,2026-08-15T01-53-13+08-00-full-term-1,current,
2420,5531,ECON3021,ECON3021A,A,LEC,Undergraduate,E,3,Intermed Macroeconomic Theory,中級宏觀經濟理論,- Dr. MOK Kai Chung,110,101,,,Dept of Economics,2026-08-15T01-53-13+08-00-full-term-1,current,
2420,9258,ECON3121,ECON3121A,A,LEC,Undergraduate,E,3,Introductory Econometrics,計量經濟學導論,- Dr. James Philip MARTIN,90,80,,,Dept of Economics,2026-08-15T01-53-13+08-00-full-term-1,current,
2420,9256,ECON3121,ECON3121B,B,LEC,Undergraduate,E,3,Introductory Econometrics,計量經濟學導論,- Dr. James Philip MARTIN,87,76,,,Dept of Economics,2026-08-15T01-53-13+08-00-full-term-1,current,
2420,9259,ECON3140,ECON3140A,A,LEC,Undergraduate,C&E,3,Financial Data Analysis,財務數據分析,- Dr. IP Tak Sang,110,83,,,Dept of Economics,2026-08-15T01-53-13+08-00-full-term-1,current,
2420,9559,ECON3260,ECON3260-,-,LEC,Undergraduate,E,3,History of Economic Thought,經濟思想史,- Professor KWONG Kai Sun Sunny,65,27,,,Dept of Economics,2026-08-15T01-53-13+08-00-full-term-1,current,
2420,9529,ECON3370,ECON3370-,-,LEC,Undergraduate,E,3,Business Environment of China,中國營商環境,- Professor ZHANG Yifan,80,51,,,Dept of Economics,2026-08-15T01-53-13+08-00-full-term-1,current,
2420,4969,ECON3380,ECON3380-,-,LEC,Undergraduate,E,3,Economy of Hong Kong,香港經濟,- Dr. YAN Wai Hin,65,30,,,Dept of Economics,2026-08-15T01-53-13+08-00-full-term-1,current,
2420,5532,ECON3410,ECON3410A,A,LEC,Undergraduate,E,3,Money and Banking,貨幣與銀行學,- Staff,80,57,,,Dept of Economics,2026-08-15T01-53-13+08-00-full-term-1,current,
2420,5915,ECON3420,ECON3420A,A,LEC,Undergraduate,E,3,Financial Economics,金融經濟學,- Professor LI Zhen,75,33,,,Dept of Economics,2026-08-15T01-53-13+08-00-full-term-1,current,
2420,5533,ECON3430,ECON3430A,A,LEC,Undergraduate,E,3,Public Finance,財政學,- Dr. WOO Wai Chiu,90,67,,,Dept of Economics,2026-08-15T01-53-13+08-00-full-term-1,current,
2420,5534,ECON3460,ECON3460-,-,LEC,Undergraduate,E,3,Development Economics,發展經濟學,- Staff,90,70,,,Dept of Economics,2026-08-15T01-53-13+08-00-full-term-1,current,
2420,9306,ECON3470,ECON3470-,-,LEC,Undergraduate,E,3,Labour Economics,勞動經濟學,- Dr. YUNG Chor Wing Linda,60,30,,,Dept of Economics,2026-08-15T01-53-13+08-00-full-term-1,current,
2420,5535,ECON3480,ECON3480-,-,LEC,Undergraduate,E,3,Industrial Organization,工業組織,- Dr. IP Tak Sang,100,55,,,Dept of Economics,2026-08-15T01-53-13+08-00-full-term-1,current,
2420,9818,ECON3540,ECON3540-,-,LEC,Undergraduate,E,3,Foundations of Corp Finance,基礎企業財務,- Professor DU Julan,110,72,,,Dept of Economics,2026-08-15T01-53-13+08-00-full-term-1,current,
2420,5577,ECON3590,ECON3590A,A,LEC,Undergraduate,E,3,Business Economics,商業經濟學,- Dr. IP Tak Sang,110,80,,,Dept of Economics,2026-08-15T01-53-13+08-00-full-term-1,current,
2420,8554,ECON4010,ECON4010-,-,LEC,Undergraduate,E,3,Adv Topics in Microeconomics,高級微觀經濟學專題,- Professor LI Duozhe,30,19,,,Dept of Economics,2026-08-15T01-53-13+08-00-full-term-1,current,
2420,8596,ECON4120,ECON4120-,-,LEC,Undergraduate,E,3,Applied Forecasting Methods,應用預測方法,- Professor LI Zhen,90,62,,,Dept of Economics,2026-08-15T01-53-13+08-00-full-term-1,current,
2420,9566,ECON4130,ECON4130-,-,LEC,Undergraduate,E,3,Machine Learning Method in Eco,機械學習在經濟學的應用,- Dr. CHOW Yan Chi Vinci,40,17,,,Dept of Economics,2026-08-15T01-53-13+08-00-full-term-1,current,
2420,5182,ECON4470,ECON4470-,-,LEC,Undergraduate,E,3,Economics of Behavioural Finan,行為金融學的經濟分析,- Staff,40,17,,,Dept of Economics,2026-08-15T01-53-13+08-00-full-term-1,current,
2420,9435,ECON4901,ECON4901A,AS01,SEM,Undergraduate,E,2,Guided Stud Curr Eco Prob II,現代經濟問題導修（二）,- Professor CAO Siying,15,0,,,Dept of Economics,2026-08-15T01-53-13+08-00-full-term-1,current,
2420,5537,ECON4901,ECON4901B,BS01,SEM,Undergraduate,E,2,Guided Stud Curr Eco Prob II,現代經濟問題導修（二）,- Professor Julius ILCIUKAS,15,8,,,Dept of Economics,2026-08-15T01-53-13+08-00-full-term-1,current,
2420,9703,ECON4901,ECON4901C,CS01,SEM,Undergraduate,E,2,Guided Stud Curr Eco Prob II,現代經濟問題導修（二）,- Miss LEUNG Yuk Chun,15,6,,,Dept of Economics,2026-08-15T01-53-13+08-00-full-term-1,current,
2420,5536,ECON4901,ECON4901D,DS01,SEM,Undergraduate,E,2,Guided Stud Curr Eco Prob II,現代經濟問題導修（二）,- Dr. YUNG Chor Wing Linda,15,7,,,Dept of Economics,2026-08-15T01-53-13+08-00-full-term-1,current,
2420,5538,ECON4901,ECON4901E,ES01,SEM,Undergraduate,E,2,Guided Stud Curr Eco Prob II,現代經濟問題導修（二）,- Professor DU Julan,15,0,,,Dept of Economics,2026-08-15T01-53-13+08-00-full-term-1,current,
2420,4970,ECON4901,ECON4901F,FS01,SEM,Undergraduate,E,2,Guided Stud Curr Eco Prob II,現代經濟問題導修（二）,- Professor NG Ka Ho,15,0,,,Dept of Economics,2026-08-15T01-53-13+08-00-full-term-1,current,
2420,4971,ECON4901,ECON4901G,GS01,SEM,Undergraduate,E,2,Guided Stud Curr Eco Prob II,現代經濟問題導修（二）,- Professor NG Ka Ho,15,0,,,Dept of Economics,2026-08-15T01-53-13+08-00-full-term-1,current,
2420,5578,ECON4901,ECON4901H,HS01,SEM,Undergraduate,E,2,Guided Stud Curr Eco Prob II,現代經濟問題導修（二）,- Dr. YUNG Chor Wing Linda,15,0,,,Dept of Economics,2026-08-15T01-53-13+08-00-full-term-1,current,
2420,5183,ECON4901,ECON4901I,IS01,SEM,Undergraduate,E,2,Guided Stud Curr Eco Prob II,現代經濟問題導修（二）,- Staff,15,7,,,Dept of Economics,2026-08-15T01-53-13+08-00-full-term-1,current,
2420,6199,ECON4910,ECON4910-,-J01,PRJ,Undergraduate,E,3,Senior Thesis Research I,論文研究（一）,- Staff,10,10,Yes,Yes,Dept of Economics,2026-08-15T01-53-13+08-00-full-term-1,current,
2420,5116,EDUC2140,EDUC2140A,A,LEC,Undergraduate,E,2,AI and Data Sci in Education,人工智能與數據科學於教育之應用,- Dr. CHAN Wun Wa,45,44,,,Fac Office of Education,2026-08-15T01-53-13+08-00-full-term-1,current,
2420,7047,EDUC2240,EDUC2240A,A,LEC,Undergraduate,E,3,Understand'g Sch'nEDU Poli HK,學校制度與香港教育政策導論,- Professor KWOK Yan Shing Henry,75,49,,,Fac Office of Education,2026-08-15T01-53-13+08-00-full-term-1,current,
2420,8479,EDUC3140,EDUC3140-,-,LEC,Undergraduate,E,2,Curric'r Strat Tackl'g Ind Dif,處理個別差異的課程策略,- Dr. WAN Wai Yan,60,35,,,Fac Office of Education,2026-08-15T01-53-13+08-00-full-term-1,current,
2420,8477,EDUC3200,EDUC3200-,-,LEC,Undergraduate,E,3,Develop'g Intercultural Compet,建立跨文化能力：體驗式學習,- Ms. TSE Tsz Lui Rosa,40,2,,,Fac Office of Education,2026-08-15T01-53-13+08-00-full-term-1,current,
2420,4772,EDUC3201,EDUC3201A,A,LEC,Undergraduate,E,2,EthicsProf Stan for Teachers,教師倫理及專業標準,- Dr. LAU Ngar Sze,75,66,,,Fac Office of Education,2026-08-15T01-53-13+08-00-full-term-1,current,
2420,8524,EDUC3311,EDUC3311A,A,LEC,Undergraduate,E,3,Psy App to Learn'g & Teach'g,心理學的教學應用,- Dr. LAU Cin Yee Cindy,75,65,,,Fac Office of Education,2026-08-15T01-53-13+08-00-full-term-1,current,
2420,5128,EDUC3330,EDUC3330A,A,LEC,Undergraduate,E,3,Optimize Learn and Dev Ss DN I,優化不同需求學生的學習與發展（一）,- Professor CHEN Xinjie,75,74,Yes,,Fac Office of Education,2026-08-15T01-53-13+08-00-full-term-1,current,
2420,5129,EDUC3330,EDUC3330B,B,LEC,Undergraduate,E,3,Optimize Learn and Dev Ss DN I,優化不同需求學生的學習與發展（一）,- Professor WANG Li,75,74,Yes,,Fac Office of Education,2026-08-15T01-53-13+08-00-full-term-1,current,
2420,7201,EDUC4040,EDUC4040A,AF01,FLD,Undergraduate,C,5,Teaching Practice II,教學實習(二),- Dr. NG Mau Yuen Eric,45,31,,,Fac Office of Education,2026-08-15T01-53-13+08-00-full-term-1,current,
2420,7202,EDUC4040,EDUC4040B,BF01,FLD,Undergraduate,E,5,Teaching Practice II,教學實習(二),- Professor Scott Charles AUBREY,45,32,,,Fac Office of Education,2026-08-15T01-53-13+08-00-full-term-1,current,
2420,7203,EDUC4040,EDUC4040C,CF01,FLD,Undergraduate,C&E,5,Teaching Practice II,教學實習(二),- Professor NG Oi Lam,45,33,,,Fac Office of Education,2026-08-15T01-53-13+08-00-full-term-1,current,
2420,4775,EDUC4330,EDUC4330-,-,LEC,Undergraduate,E,2,School Guidance & Counselling,學校輔導,- Professor LAM Yu Hin,60,20,,,Fac Office of Education,2026-08-15T01-53-13+08-00-full-term-1,current,
2420,8526,EDUC4340,EDUC4340A,A,LEC,Undergraduate,E,2,Support'g Students with SEN,支援有特殊教育需要的學生,- Professor SO Wing Chee,75,49,,,Fac Office of Education,2026-08-15T01-53-13+08-00-full-term-1,current,
2420,5670,EEEN2020,EEEN2020-,-T01,TUT,Undergraduate,E,3,Renewable Energy Technologies,可再生能源技術,- Professor REN Wei,65,35,,Yes,Dept of Mech & Automation Engg,2026-08-15T01-53-13+08-00-full-term-1,current,
2420,9309,EEEN3010,EEEN3010-,-T01,TUT,Undergraduate,E,3,HVAC II,供熱通風與空調（二）,- Professor CHEN Chun,40,33,,,Dept of Mech & Automation Engg,2026-08-15T01-53-13+08-00-full-term-1,current,
2420,7060,EEEN3020,EEEN3020-,-T01,TUT,Undergraduate,E,3,Ener Utilizat'n & Human Behavi,能源運用與人類行為,- Dr. LAU Alex Siu Hong,40,33,,,Dept of Mech & Automation Engg,2026-08-15T01-53-13+08-00-full-term-1,current,
2420,5230,EEEN4020,EEEN4020-,-T02,TUT,Undergraduate,E,3,Solar Ener & Photovoltaic Tech,太陽能及光伏技術,- Professor Martin STOLTERFOHT,50,46,,,Dept of Mech & Automation Engg,2026-08-15T01-53-13+08-00-full-term-1,current,
2420,5671,EEEN4060,EEEN4060-,-T01,TUT,Undergraduate,E,3,Energy Distribution,能源分配,- Professor XU Yunjian,40,34,,,Dept of Mech & Automation Engg,2026-08-15T01-53-13+08-00-full-term-1,current,
2420,6475,EEEN4998,EEEN4998-,-J01,PRJ,Undergraduate,E,3,Final Year Project I,畢業專題研究（一）,- Professor ZHANG Weizhao,60,25,Yes,Yes,Dept of Mech & Automation Engg,2026-08-15T01-53-13+08-00-full-term-1,current,
2420,8043,EEEN4999,EEEN4999-,-J01,PRJ,Undergraduate,E,3,Final Year Project II,畢業專題研究（二）,- Professor ZHANG Weizhao,10,8,Yes,Yes,Dept of Mech & Automation Engg,2026-08-15T01-53-13+08-00-full-term-1,current,
2420,9328,EESC1001,EESC1001-,-,LEC,Undergraduate,E,2,Exploring The Earth,探索地球及環境科學,- Dr. LI Kwan Kit Ronald - Dr. TAM Pui Yuk - Dr. ZHANG Li,65,63,,,Dept of Earth & Environ Sci,2026-08-15T01-53-13+08-00-full-term-1,current,
2420,7492,EESC2020,EESC2020-,-T01,TUT,Undergraduate,E,3,Climate System Dynamics,氣候系統動力學,- Dr. LI Kwan Kit Ronald - Professor TAI Pui Kuen Amos,110,32,,,Dept of Earth & Environ Sci,2026-08-15T01-53-13+08-00-full-term-1,current,
2420,8730,EESC2160,EESC2160-,-T01,TUT,Undergraduate,E,3,Minerals and Natural Resources,礦物與天然資源,- Dr. TAM Pui Yuk - Dr. ZHANG Li,30,26,,,Dept of Earth & Environ Sci,2026-08-15T01-53-13+08-00-full-term-1,current,
2420,9594,EESC2515,EESC2515-,-,LEC,Undergraduate,E,3,Environmental Chemistry,環境化學,- Professor LEE Hung Kay,55,49,,,Dept of Earth & Environ Sci,2026-08-15T01-53-13+08-00-full-term-1,current,
2420,9011,EESC2517,EESC2517-,-L01,LAB,Undergraduate,E,2,Environmental Chemistry Lab,環境化學實驗,- Dr. LO Chui Man - Professor LEE Hung Kay,24,17,,,Dept of Earth & Environ Sci,2026-08-15T01-53-13+08-00-full-term-1,current,
2420,9658,EESC2800,EESC2800-,-T01,TUT,Undergraduate,E,3,Environmental Engineering,環境工程導論,- Dr. AU-YEUNG Yee Man,100,64,,,Dept of Earth & Environ Sci,2026-08-15T01-53-13+08-00-full-term-1,current,
2420,7494,EESC3120,EESC3120-,-T01,TUT,Undergraduate,E,3,Physics of the Earth,地球物理,- Professor YANG Hongfeng,40,38,,,Dept of Earth & Environ Sci,2026-08-15T01-53-13+08-00-full-term-1,current,
2420,6458,EESC3130,EESC3130-,-J01,PRJ,Undergraduate,E,3,Seismic Data Processing,地震數據處理,- Professor TAN Yen Joe,20,7,Yes,Yes,Dept of Earth & Environ Sci,2026-08-15T01-53-13+08-00-full-term-1,current,
2420,5294,EESC3200,EESC3200-,-,LEC,Undergraduate,E,3,Atmospheric Dynamics,大氣動力學,- Dr. LI Kwan Kit Ronald,40,34,,,Dept of Earth & Environ Sci,2026-08-15T01-53-13+08-00-full-term-1,current,
2420,9678,EESC3320,EESC3320-,-,LEC,Undergraduate,E,3,Hydrogeology,水文地質學,- Professor TAN Yen Joe,50,45,,,Dept of Earth & Environ Sci,2026-08-15T01-53-13+08-00-full-term-1,current,
2420,7753,EESC3510,EESC3510-,-,LEC,Undergraduate,E,3,Environmental Microbiology,環境微生物學,- Dr. ZHANG Li,40,33,,,Dept of Earth & Environ Sci,2026-08-15T01-53-13+08-00-full-term-1,current,
2420,8254,EESC3530,EESC3530-,-L01,LAB,Undergraduate,E,2,Envir Microbio & Ecotoxico Lab,環境微生物學與生態毒理學實驗,- Dr. ZHANG Li - Professor CHOW Tat Shing - Professor DU Penghui,26,22,,,Dept of Earth & Environ Sci,2026-08-15T01-53-13+08-00-full-term-1,current,
2420,6304,EESC3900,EESC3900-,-P01,PRA,Undergraduate,E,3,Internship,實習課程,- Dr. AU-YEUNG Yee Man - Dr. TAM Pui Yuk,20,17,Yes,Yes,Dept of Earth & Environ Sci,2026-08-15T01-53-13+08-00-full-term-1,current,
2420,9065,EESC4120,EESC4120-,-L01,LAB,Undergraduate,E,3,Petrology,岩石學,- Dr. TAM Pui Yuk,30,25,,,Dept of Earth & Environ Sci,2026-08-15T01-53-13+08-00-full-term-1,current,
2420,5145,EESC4170,EESC4170-,-T01,TUT,Undergraduate,E,3,Geodynamics,地球動力學,- Professor ZHAN Yan,25,19,,,Dept of Earth & Environ Sci,2026-08-15T01-53-13+08-00-full-term-1,current,
2420,7749,EESC4240,EESC4240-,-,LEC,Undergraduate,E,3,Air Pollution Science,大氣污染科學與工程,- Professor CHAN Man Nin,45,21,,,Dept of Earth & Environ Sci,2026-08-15T01-53-13+08-00-full-term-1,current,
2420,5132,EESC4310,EESC4310-,-,LEC,Undergraduate,E,3,Chemistry of Organic Matter,水生與陸源有機物質化學,- Professor CHOW Tat Shing,30,20,,,Dept of Earth & Environ Sci,2026-08-15T01-53-13+08-00-full-term-1,current,
2420,5851,EESC4340,EESC4340-,-,LEC,Undergraduate,E,3,Environ Impact Assessment,環境影響評估,- Dr. LAW Man Suet Michelle,25,9,,,Dept of Earth & Environ Sci,2026-08-15T01-53-13+08-00-full-term-1,current,
2420,5862,EESC4342,EESC4342-,-L01,LAB,Undergraduate,E,2,Environ Impact Assessment Lab,環境影響評估實驗,- Dr. LAW Man Suet Michelle,15,10,,,Dept of Earth & Environ Sci,2026-08-15T01-53-13+08-00-full-term-1,current,
2420,8511,EESC4350,EESC4350-,-,LEC,Undergraduate,E,3,Environmental Health,環境衛生學：系統思維方法,- Professor Benoit THIBODEAU,30,21,,,Dept of Earth & Environ Sci,2026-08-15T01-53-13+08-00-full-term-1,current,
2420,8255,EESC4510,EESC4510-,-,LEC,Undergraduate,E,3,Statistical Data Analysis,地球與環境科學的統計方法與數據分析,- Dr. AU-YEUNG Yee Man - Dr. NG Tsin Hung,45,19,,,Dept of Earth & Environ Sci,2026-08-15T01-53-13+08-00-full-term-1,current,
2420,9066,EESC4550,EESC4550-,-,LEC,Undergraduate,E,3,Practical Atmospheric Modeling,實用大氣模擬,- Professor ZHAI Shixian,14,9,,,Dept of Earth & Environ Sci,2026-08-15T01-53-13+08-00-full-term-1,current,
2420,5133,EESC4760,EESC4760-,-,LEC,Undergraduate,E,3,Science and ESG Analysis,環境、社會與治理分析中的科學應用,- Professor TAI Pui Kuen Amos,25,15,,,Dept of Earth & Environ Sci,2026-08-15T01-53-13+08-00-full-term-1,current,
2420,6370,EESC4810,EESC4810-,-J01,PRJ,Undergraduate,E,3,Senior Project I,畢業專題研究（一）,- Dr. AU-YEUNG Yee Man - Dr. LI Kwan Kit Ronald - Dr. TAM Pui Yuk - Dr. ZHANG Li - Professor Benoit THIBODEAU - Professor CHAN Man Nin - Professor CHOW Tat Shing - Professor LIU Lin - Professor TAI Pui Kuen Amos - Professor TAM Chi Yung Francis,60,41,Yes,Yes,Dept of Earth & Environ Sci,2026-08-15T01-53-13+08-00-full-term-1,current,
2420,9900,EESC4820,EESC4820-,-J01,PRJ,Undergraduate,E,3,Senior Project II,畢業專題研究（二）,- Dr. AU-YEUNG Yee Man - Dr. LI Kwan Kit Ronald - Dr. NG Tsin Hung - Dr. TAM Pui Yuk - Dr. ZHANG Li - Professor Benoit THIBODEAU - Professor CHAN Man Nin - Professor CHOW Tat Shing - Professor LIU Lin - Professor TAI Pui Kuen Amos - Professor T,5,4,Yes,Yes,Dept of Earth & Environ Sci,2026-08-15T01-53-13+08-00-full-term-1,current,
2420,6036,ELED1010,ELED1010A,AF01,FLD,Undergraduate,E,1,Immersion Experience I,海外沉浸學習（一）,- Professor BAI Barry,40,39,,,English Stud & Eng Lang Edu PC,2026-08-15T01-53-13+08-00-full-term-1,current,
2420,6035,ELED1020,ELED1020A,AF01,FLD,Undergraduate,E,1,Immersion Experience II,海外沉浸學習（二）,- Professor BAI Barry,40,39,,,English Stud & Eng Lang Edu PC,2026-08-15T01-53-13+08-00-full-term-1,current,
2420,6033,ELED1030,ELED1030A,AF01,FLD,Undergraduate,E,1,Immersion Experience III,海外沉浸學習（三）,- Professor BAI Barry,40,39,,,English Stud & Eng Lang Edu PC,2026-08-15T01-53-13+08-00-full-term-1,current,
2420,8361,ELED2810,ELED2810-,-,LEC,Undergraduate,E,3,Eng Lang Teach Theo & Method'y,英語教學的理論與方法,- Dr. SHIU Wing Hoi Cathy,25,10,,Yes,English Stud & Eng Lang Edu PC,2026-08-15T01-53-13+08-00-full-term-1,current,
2420,8362,ELED4730,ELED4730-,-,LEC,Undergraduate,E,3,English Lang Teaching Tech II,英語教學技巧（二）,- Dr. SHIU Wing Hoi Cathy,25,5,,Yes,English Stud & Eng Lang Edu PC,2026-08-15T01-53-13+08-00-full-term-1,current,
2420,8363,ELED4850,ELED4850-,-,LEC,Undergraduate,E,3,Stu Sec Lang Learner & Classrm,外語教學研究,- Professor Scott Charles AUBREY,22,5,,Yes,English Stud & Eng Lang Edu PC,2026-08-15T01-53-13+08-00-full-term-1,current,
2420,8364,ELED4920,ELED4920-,-,LEC,Undergraduate,E,3,ELT Curriculum Theory & Design,英語教學之課程理論與設計,- Dr. CHOW Wai Kwan Alice,22,9,,Yes,English Stud & Eng Lang Edu PC,2026-08-15T01-53-13+08-00-full-term-1,current,
2420,8365,ELED4960,ELED4960-,-,LEC,Undergraduate,E,2,Teaching Eng Through Lang Arts,語言藝術與英語教學,- Ms. LO Cheuk Ling,40,10,,,English Stud & Eng Lang Edu PC,2026-08-15T01-53-13+08-00-full-term-1,current,
2420,5853,ELEG2201,ELEG2201-,-T01,TUT,Undergraduate,E,3,Digital CircuitsComputing Sys,數字電路及計算系統,- Mr. YIP Kim Fung,70,57,,,Dept of Electronic Engineering,2026-08-15T00-47-47+08-00,historical_fallback,
2420,5854,ELEG2202,ELEG2202A,AT04,TUT,Undergraduate,E,3,Electric Circuits,基礎電路,- Professor LOH Poh Chiang Andrew,30,24,,,Dept of Electronic Engineering,2026-08-15T00-47-47+08-00,historical_fallback,
2420,9357,ELEG2310,ELEG2310B,BT04,TUT,Undergraduate,E,3,Principles of Communication Sy,通信系統原理,- Ms. NGAN Lai Yin,30,27,,,Dept of Electronic Engineering,2026-08-15T00-47-47+08-00,historical_fallback,
2420,8665,ELEG2700,ELEG2700-,-L01,LAB,Undergraduate,E,3,Intro to Electronic Sys Design,電子系統設計導論,- Ms. NGAN Lai Yin,80,1,,Yes,Dept of Electronic Engineering,2026-08-15T00-47-47+08-00,historical_fallback,
2420,5673,ELEG3207,ELEG3207-,-T01,TUT,Undergraduate,E,3,Intro to Power Electronics,電力電子導論,- Dr. HAN Dongkun,60,4,,Yes,Dept of Electronic Engineering,2026-08-15T00-47-47+08-00,historical_fallback,
2420,5559,ELEG3213,ELEG3213-,-T05,TUT,Undergraduate,E,3,Applied Electromagnetics,應用電磁場基礎,- Professor WU Ke Li,10,1,,,Dept of Electronic Engineering,2026-08-15T00-47-47+08-00,historical_fallback,
2420,5004,ELEG3214,ELEG3214-,-T03,TUT,Undergraduate,E,3,Ant.W Prop. for Wireless Com,無綫通訊中的天線與電波傳播,- Professor GAO Shichang,10,8,,,Dept of Electronic Engineering,2026-08-15T00-47-47+08-00,historical_fallback,
2420,5247,ELEG3302,ELEG3302-,-T03,TUT,Undergraduate,E,3,Fundamentals of Photonics,光子學基礎,- Professor SHU Ching Tat Chester,10,8,,,Dept of Electronic Engineering,2026-08-15T00-47-47+08-00,historical_fallback,
2420,9359,ELEG3701,ELEG3701-,-L01,LAB,Undergraduate,E,3,Embedded Systems Design,嵌入式系統設計,- Mr. YIP Kim Fung,60,47,,,Dept of Electronic Engineering,2026-08-15T00-47-47+08-00,historical_fallback,
2420,8057,ELEG3910,ELEG3910-,-T01,TUT,Undergraduate,E,2,Undergrad Research in Elec Eng,電子工程本科研究,- Staff,10,9,Yes,Yes,Dept of Electronic Engineering,2026-08-15T00-47-47+08-00,historical_fallback,
2420,5725,ELEG4215,ELEG4215-,-T03,TUT,Undergraduate,E,3,Power Converter Circuits,電源轉換電路,- Professor LEUNG Ka Nang,10,5,,,Dept of Electronic Engineering,2026-08-15T00-47-47+08-00,historical_fallback,
2420,9511,ELEG4313,ELEG4313-,-T03,TUT,Undergraduate,E,3,Integrated Photonics,集成光子學：理論、設計與實踐,- Professor HUANG Chaoran,10,4,,,Dept of Electronic Engineering,2026-08-15T00-47-47+08-00,historical_fallback,
2420,9510,ELEG4512,ELEG4512-,-T03,TUT,Undergraduate,E,3,Digital Image Processing,數字圖像處理,- Professor YUAN Yixuan,10,0,,,Dept of Electronic Engineering,2026-08-15T00-47-47+08-00,historical_fallback,
2420,8901,ELEG4701,ELEG4701-,-T01,TUT,Undergraduate,E,3,Intelligent Inter Robot Pract,智能交互機器人實踐,- Professor LAI Jiewen,28,1,,,Dept of Electronic Engineering,2026-08-15T00-47-47+08-00,historical_fallback,
2420,8624,ELEG4998,ELEG4998AA,AAJ1,PRJ,Undergraduate,E,3,Final Year Project I,畢業專題研究（一）,- Professor ZHAO Ni,10,9,Yes,Yes,Dept of Electronic Engineering,2026-08-15T00-47-47+08-00,historical_fallback,
2420,7881,ELEG4998,ELEG4998BB,BBJ1,PRJ,Undergraduate,E,3,Final Year Project I,畢業專題研究（一）,- Professor KONG Qiuqiang,10,7,Yes,Yes,Dept of Electronic Engineering,2026-08-15T00-47-47+08-00,historical_fallback,
2420,6608,ELEG4998,ELEG4998BC,BCJ1,PRJ,Undergraduate,E,3,Final Year Project I,畢業專題研究（一）,- Professor HU Guohua,10,9,Yes,Yes,Dept of Electronic Engineering,2026-08-15T00-47-47+08-00,historical_fallback,
2420,8058,ELEG4998,ELEG4998BD,BDJ1,PRJ,Undergraduate,E,3,Final Year Project I,畢業專題研究（一）,- Professor Thierry Albert Jean Louis BLU,10,7,Yes,Yes,Dept of Electronic Engineering,2026-08-15T00-47-47+08-00,historical_fallback,
2420,6058,ELEG4998,ELEG4998BE,BEJ1,PRJ,Undergraduate,E,3,Final Year Project I,畢業專題研究（一）,- Professor LEUNG Ka Nang,10,6,Yes,Yes,Dept of Electronic Engineering,2026-08-15T00-47-47+08-00,historical_fallback,
2420,6059,ELEG4998,ELEG4998BF,BFJ1,PRJ,Undergraduate,E,3,Final Year Project I,畢業專題研究（一）,- Professor LI Hongsheng,10,8,Yes,Yes,Dept of Electronic Engineering,2026-08-15T00-47-47+08-00,historical_fallback,
2420,7882,ELEG4998,ELEG4998BG,BGJ1,PRJ,Undergraduate,E,3,Final Year Project I,畢業專題研究（一）,- Professor LOH Poh Chiang Andrew,10,6,Yes,Yes,Dept of Electronic Engineering,2026-08-15T00-47-47+08-00,historical_fallback,
2420,6586,ELEG4998,ELEG4998BH,BHJ1,PRJ,Undergraduate,E,3,Final Year Project I,畢業專題研究（一）,- Professor MA Wing Kin,10,7,Yes,Yes,Dept of Electronic Engineering,2026-08-15T00-47-47+08-00,historical_fallback,
2420,6060,ELEG4998,ELEG4998BI,BIJ1,PRJ,Undergraduate,E,3,Final Year Project I,畢業專題研究（一）,- Professor REN Hongliang,10,8,Yes,Yes,Dept of Electronic Engineering,2026-08-15T00-47-47+08-00,historical_fallback,
2420,6061,ELEG4998,ELEG4998BJ,BJJ1,PRJ,Undergraduate,E,3,Final Year Project I,畢業專題研究（一）,- Professor PUN Kong Pang,10,6,Yes,Yes,Dept of Electronic Engineering,2026-08-15T00-47-47+08-00,historical_fallback,
2420,6359,ELEG4998,ELEG4998BK,BKJ1,PRJ,Undergraduate,E,3,Final Year Project I,畢業專題研究（一）,- Professor SHU Ching Tat Chester,10,7,Yes,Yes,Dept of Electronic Engineering,2026-08-15T00-47-47+08-00,historical_fallback,
2420,6062,ELEG4998,ELEG4998BL,BLJ1,PRJ,Undergraduate,E,3,Final Year Project I,畢業專題研究（一）,- Professor SUN Xiankai,10,9,Yes,Yes,Dept of Electronic Engineering,2026-08-15T00-47-47+08-00,historical_fallback,
2420,6459,ELEG4998,ELEG4998BM,BMJ1,PRJ,Undergraduate,E,3,Final Year Project I,畢業專題研究（一）,- Professor GAO Shichang,10,9,Yes,Yes,Dept of Electronic Engineering,2026-08-15T00-47-47+08-00,historical_fallback,
2420,6175,ELEG4998,ELEG4998BN,BNJ1,PRJ,Undergraduate,E,3,Final Year Project I,畢業專題研究（一）,- Professor WU Ke Li,10,8,Yes,Yes,Dept of Electronic Engineering,2026-08-15T00-47-47+08-00,historical_fallback,
2420,6043,ELEG4998,ELEG4998BO,BOJ1,PRJ,Undergraduate,E,3,Final Year Project I,畢業專題研究（一）,- Professor XU Jianbin,10,9,Yes,Yes,Dept of Electronic Engineering,2026-08-15T00-47-47+08-00,historical_fallback,
2420,6531,ELEG4998,ELEG4998BP,BPJ1,PRJ,Undergraduate,E,3,Final Year Project I,畢業專題研究（一）,- Professor LI Jizhou,10,7,Yes,Yes,Dept of Electronic Engineering,2026-08-15T00-47-47+08-00,historical_fallback,
2420,6532,ELEG4998,ELEG4998BQ,BQJ1,PRJ,Undergraduate,E,3,Final Year Project I,畢業專題研究（一）,- Professor Ady SUWARDI,10,8,Yes,Yes,Dept of Electronic Engineering,2026-08-15T00-47-47+08-00,historical_fallback,
2420,6112,ELEG4998,ELEG4998BR,BRJ1,PRJ,Undergraduate,E,3,Final Year Project I,畢業專題研究（一）,- Mr. YIP Kim Fung,10,8,Yes,Yes,Dept of Electronic Engineering,2026-08-15T00-47-47+08-00,historical_fallback,
2420,6462,ELEG4998,ELEG4998BS,BSJ1,PRJ,Undergraduate,E,3,Final Year Project I,畢業專題研究（一）,- Professor HUANG Chaoran,10,10,Yes,Yes,Dept of Electronic Engineering,2026-08-15T00-47-47+08-00,historical_fallback,
2420,6460,ELEG4998,ELEG4998BT,BTJ1,PRJ,Undergraduate,E,3,Final Year Project I,畢業專題研究（一）,- Professor LONG Yi,10,9,Yes,Yes,Dept of Electronic Engineering,2026-08-15T00-47-47+08-00,historical_fallback,
2420,6461,ELEG4998,ELEG4998BU,BUJ1,PRJ,Undergraduate,E,3,Final Year Project I,畢業專題研究（一）,- Professor YUAN Yixuan,10,6,Yes,Yes,Dept of Electronic Engineering,2026-08-15T00-47-47+08-00,historical_fallback,
2420,6301,ELEG4998,ELEG4998BV,BVJ1,PRJ,Undergraduate,E,3,Final Year Project I,畢業專題研究（一）,- Professor Martin STOLTERFOHT,10,8,Yes,Yes,Dept of Electronic Engineering,2026-08-15T00-47-47+08-00,historical_fallback,
2420,6275,ELEG4998,ELEG4998BX,BXJ1,PRJ,Undergraduate,E,3,Final Year Project I,畢業專題研究（一）,- Professor LAI Jiewen,10,8,Yes,Yes,Dept of Electronic Engineering,2026-08-15T00-47-47+08-00,historical_fallback,
2420,6533,ELEG4998,ELEG4998CA,CAJ1,PRJ,Undergraduate,E,3,Final Year Project I,畢業專題研究（一）,- Professor GAO Huxin,10,9,Yes,Yes,Dept of Electronic Engineering,2026-08-15T00-47-47+08-00,historical_fallback,
2420,8059,ELEG4998,ELEG4998CB,CBJ1,PRJ,Undergraduate,E,3,Final Year Project I,畢業專題研究（一）,- Professor WANG Yixiu,10,8,Yes,Yes,Dept of Electronic Engineering,2026-08-15T00-47-47+08-00,historical_fallback,
2420,8060,ELEG4998,ELEG4998CC,CCJ1,PRJ,Undergraduate,E,3,Final Year Project I,畢業專題研究（一）,- Professor XUE Ying,10,7,Yes,Yes,Dept of Electronic Engineering,2026-08-15T00-47-47+08-00,historical_fallback,
2420,8061,ELEG4998,ELEG4998CD,CDJ1,PRJ,Undergraduate,E,3,Final Year Project I,畢業專題研究（一）,- Professor CAI Yuting,10,10,Yes,Yes,Dept of Electronic Engineering,2026-08-15T00-47-47+08-00,historical_fallback,
2420,7824,ELEG4998,ELEG4998CE,CEJ1,PRJ,Undergraduate,E,3,Final Year Project I,畢業專題研究（一）,- Staff,10,10,Yes,Yes,Dept of Electronic Engineering,2026-08-15T00-47-47+08-00,historical_fallback,
2420,7822,ELEG4998,ELEG4998CG,CGJ1,PRJ,Undergraduate,E,3,Final Year Project I,畢業專題研究（一）,- Staff,10,10,Yes,Yes,Dept of Electronic Engineering,2026-08-15T00-47-47+08-00,historical_fallback,
2420,7823,ELEG4998,ELEG4998CO,COJ1,PRJ,Undergraduate,E,3,Final Year Project I,畢業專題研究（一）,- Staff,10,10,Yes,Yes,Dept of Electronic Engineering,2026-08-15T00-47-47+08-00,historical_fallback,
2420,6534,ELEG4999,ELEG4999AA,AAJ1,PRJ,Undergraduate,E,3,Final Year Project II,畢業專題研究（二）,- Professor PUN Kong Pang,10,8,Yes,Yes,Dept of Electronic Engineering,2026-08-15T00-47-47+08-00,historical_fallback,
2420,6291,ELEG4999,ELEG4999BB,BBJ1,PRJ,Undergraduate,E,3,Final Year Project II,畢業專題研究（二）,- Professor YUAN Yixuan,10,8,Yes,Yes,Dept of Electronic Engineering,2026-08-15T00-47-47+08-00,historical_fallback,
2420,8052,ELEG4999,ELEG4999CC,CCJ1,PRJ,Undergraduate,E,3,Final Year Project II,畢業專題研究（二）,- Professor MA Wing Kin,10,9,Yes,Yes,Dept of Electronic Engineering,2026-08-15T00-47-47+08-00,historical_fallback,
2420,8088,ELEG4999,ELEG4999DD,DDJ1,PRJ,Undergraduate,E,3,Final Year Project II,畢業專題研究（二）,- Staff,10,10,Yes,Yes,Dept of Electronic Engineering,2026-08-15T00-47-47+08-00,historical_fallback,
2420,8087,ELEG4999,ELEG4999EE,EEJ1,PRJ,Undergraduate,E,3,Final Year Project II,畢業專題研究（二）,- Staff,10,10,Yes,Yes,Dept of Electronic Engineering,2026-08-15T00-47-47+08-00,historical_fallback,
2420,8086,ELEG4999,ELEG4999FF,FFJ1,PRJ,Undergraduate,E,3,Final Year Project II,畢業專題研究（二）,- Staff,10,10,Yes,Yes,Dept of Electronic Engineering,2026-08-15T00-47-47+08-00,historical_fallback,
2420,7825,ELEG4999,ELEG4999GG,GGJ1,PRJ,Undergraduate,E,3,Final Year Project II,畢業專題研究（二）,- Staff,10,10,Yes,Yes,Dept of Electronic Engineering,2026-08-15T00-47-47+08-00,historical_fallback,
2420,7826,ELEG4999,ELEG4999HH,HHJ1,PRJ,Undergraduate,E,3,Final Year Project II,畢業專題研究（二）,- Staff,10,10,Yes,Yes,Dept of Electronic Engineering,2026-08-15T00-47-47+08-00,historical_fallback,
2420,7827,ELEG4999,ELEG4999JJ,JJJ1,PRJ,Undergraduate,E,3,Final Year Project II,畢業專題研究（二）,- Staff,10,10,Yes,Yes,Dept of Electronic Engineering,2026-08-15T00-47-47+08-00,historical_fallback,
2420,7625,ENGE1310,ENGE1310A,AT01,TUT,Undergraduate,E,3,Communications for Eng Maj I Communications for Eng Maj I,,- Professor Collier Desha NOGUES,17,17,Yes,Yes,Dept of English,2026-08-15T00-47-47+08-00,historical_fallback,
2420,5255,ENGE1310,ENGE1310B,BT01,TUT,Undergraduate,E,3,Communications for Eng Maj I Communications for Eng Maj I,,- Miss Aimee Catherine CHANG,17,17,Yes,Yes,Dept of English,2026-08-15T00-47-47+08-00,historical_fallback,
2420,7624,ENGE1310,ENGE1310C,CT01,TUT,Undergraduate,E,3,Communications for Eng Maj I Communications for Eng Maj I,,- Miss Arantxa Alexandra GALVAN,17,16,Yes,Yes,Dept of English,2026-08-15T00-47-47+08-00,historical_fallback,
2420,8507,ENGE1310,ENGE1310D,DT01,TUT,Undergraduate,E,3,Communications for Eng Maj I Communications for Eng Maj I,,- Staff,17,16,Yes,Yes,Dept of English,2026-08-15T00-47-47+08-00,historical_fallback,
2420,8508,ENGE1310,ENGE1310E,ET01,TUT,Undergraduate,E,3,Communications for Eng Maj I Communications for Eng Maj I,,- Staff,17,16,Yes,Yes,Dept of English,2026-08-15T00-47-47+08-00,historical_fallback,
2420,7784,ENGE1310,ENGE1310F,FT01,TUT,Undergraduate,E,3,Communications for Eng Maj I Communications for Eng Maj I,,- Staff,17,16,Yes,Yes,Dept of English,2026-08-15T00-47-47+08-00,historical_fallback,
2420,6999,ENGE1310,ENGE1310G,GT01,TUT,Undergraduate,E,3,Communications for Eng Maj I Communications for Eng Maj I,,- Miss Poppy Morgan MILLER,17,16,Yes,Yes,Dept of English,2026-08-15T00-47-47+08-00,historical_fallback,
2420,5292,ENGE1310,ENGE1310H,HT01,TUT,Undergraduate,E,3,Communications for Eng Maj I Communications for Eng Maj I,,- Miss CAO Wen Yin,17,17,Yes,Yes,Dept of English,2026-08-15T00-47-47+08-00,historical_fallback,
2420,7579,ENGE1500,ENGE1500A,AT06,TUT,Undergraduate,E,3,Intro to English Linguistics Intro to English Linguistics,,- Dr. SUN Tongle,50,48,Yes,Yes,Dept of English,2026-08-15T00-47-47+08-00,historical_fallback,
2420,7581,ENGE1500,ENGE1500B,BT08,TUT,Undergraduate,E,3,Intro to English Linguistics Intro to English Linguistics,,- Dr. SUN Tongle,50,48,Yes,Yes,Dept of English,2026-08-15T00-47-47+08-00,historical_fallback,
2420,7582,ENGE1610,ENGE1610A,AT06,TUT,Undergraduate,E,3,Introduction to Literature Introduction to Literature,,- Dr. LAU Wan Tung Carolyn,50,49,Yes,Yes,Dept of English,2026-08-15T00-47-47+08-00,historical_fallback,
2420,7585,ENGE1610,ENGE1610B,BT08,TUT,Undergraduate,E,3,Introduction to Literature Introduction to Literature,,- Dr. LAU Wan Tung Carolyn,50,31,Yes,Yes,Dept of English,2026-08-15T00-47-47+08-00,historical_fallback,
2420,7587,ENGE2190,ENGE2190-,-T08,TUT,Undergraduate,E,3,Gods Behaving Badly,神之惡：世界神話與傳說,- Dr. LUI Chung Man,50,50,,,Dept of English,2026-08-15T00-47-47+08-00,historical_fallback,
2420,7590,ENGE2220,ENGE2220-,-T08,TUT,Undergraduate,E,3,Existentialism and Literature,存在主義與文學作品,- Professor Eli Park SORENSEN,50,49,,,Dept of English,2026-08-15T00-47-47+08-00,historical_fallback,
2420,7594,ENGE2360,ENGE2360-,-T08,TUT,Undergraduate,E,3,Children's Literature,兒童文學,- Professor Jason Gawain GLECKMAN,50,31,,,Dept of English,2026-08-15T00-47-47+08-00,historical_fallback,
2420,7596,ENGE2530,ENGE2530-,-T08,TUT,Undergraduate,E,3,Hong Kong English,香港英語及其文化,- Professor PUN Kwok Hung,50,49,,,Dept of English,2026-08-15T00-47-47+08-00,historical_fallback,
2420,7647,ENGE2600,ENGE2600-,-T08,TUT,Undergraduate,E,3,World EnglishesTheir Cultures,世界英語及其文化,- Professor Wilkinson Daniel Ong WONG GONZALES,50,48,,,Dept of English,2026-08-15T00-47-47+08-00,historical_fallback,
2420,7393,ENGE2620,ENGE2620-,-T08,TUT,Undergraduate,E,3,Acquisition of Eng As a L2 Acquisition of Eng As a L2,,- Professor JUNG Jookyoung,50,30,,,Dept of English,2026-08-15T00-47-47+08-00,historical_fallback,
2420,8226,ENGE2700,ENGE2700-,-,LEC,Undergraduate,E,3,Drama in Performance II Drama in Performance II,,- Dr. Alice Victoria HARLING,50,36,,,Dept of English,2026-08-15T00-47-47+08-00,historical_fallback,
2420,7650,ENGE2720,ENGE2720-,-T06,TUT,Undergraduate,E,3,Pedagogical Grammar of English Pedagogical Grammar of English,,- Dr. WONG Suzanne Shu Shan,50,45,,,Dept of English,2026-08-15T00-47-47+08-00,historical_fallback,
2420,8506,ENGE3100,ENGE3100A,AT01,TUT,Undergraduate,E,3,Communications for Eng Maj III Communications for Eng Maj III,,- Dr. LAU Wan Tung Carolyn,12,2,Yes,Yes,Dept of English,2026-08-15T00-47-47+08-00,historical_fallback,
2420,5282,ENGE3100,ENGE3100B,BT01,TUT,Undergraduate,E,3,Communications for Eng Maj III Communications for Eng Maj III,,- Miss Aimee Catherine CHANG,12,2,Yes,Yes,Dept of English,2026-08-15T00-47-47+08-00,historical_fallback,
2420,8567,ENGE3100,ENGE3100C,CT01,TUT,Undergraduate,E,3,Communications for Eng Maj III Communications for Eng Maj III,,- Miss Arantxa Alexandra GALVAN,12,2,Yes,Yes,Dept of English,2026-08-15T00-47-47+08-00,historical_fallback,
2420,8568,ENGE3100,ENGE3100D,DT01,TUT,Undergraduate,E,3,Communications for Eng Maj III Communications for Eng Maj III,,- Staff,12,2,Yes,Yes,Dept of English,2026-08-15T00-47-47+08-00,historical_fallback,
2420,7108,ENGE3100,ENGE3100E,ET01,TUT,Undergraduate,E,3,Communications for Eng Maj III Communications for Eng Maj III,,- Staff,12,2,Yes,Yes,Dept of English,2026-08-15T00-47-47+08-00,historical_fallback,
2420,8470,ENGE3100,ENGE3100F,FT01,TUT,Undergraduate,E,3,Communications for Eng Maj III Communications for Eng Maj III,,- Staff,12,2,Yes,Yes,Dept of English,2026-08-15T00-47-47+08-00,historical_fallback,
2420,5302,ENGE3100,ENGE3100G,GT01,TUT,Undergraduate,E,3,Communications for Eng Maj III Communications for Eng Maj III,,- Miss Poppy Morgan MILLER,12,2,Yes,Yes,Dept of English,2026-08-15T00-47-47+08-00,historical_fallback,
2420,8522,ENGE3100,ENGE3100H,HT01,TUT,Undergraduate,E,3,Communications for Eng Maj III Communications for Eng Maj III,,- Miss CAO Wen Yin,10,0,Yes,Yes,Dept of English,2026-08-15T00-47-47+08-00,historical_fallback,
2420,7654,ENGE3110,ENGE3110-,-T06,TUT,Undergraduate,E,3,Romanticism Romanticism,,- Professor LI Ou,50,50,,,Dept of English,2026-08-15T00-47-47+08-00,historical_fallback,
2420,9046,ENGE3260,ENGE3260-,-,LEC,Undergraduate,E,3,Creative Writing,創意寫作,- Professor Eddie TAY,50,40,,,Dept of English,2026-08-15T00-47-47+08-00,historical_fallback,
2420,7656,ENGE3320,ENGE3320-,-T06,TUT,Undergraduate,E,3,Hong Kong Literature in Eng Hong Kong Literature in Eng,,- Dr. MAK Ka Yu,50,31,,,Dept of English,2026-08-15T00-47-47+08-00,historical_fallback,
2420,8229,ENGE3360,ENGE3360-,-T06,TUT,Undergraduate,E,3,Sp Topics in Creative Writing,,- Staff,50,47,,,Dept of English,2026-08-15T00-47-47+08-00,historical_fallback,
2420,5063,ENGE3430,ENGE3430-,-T05,TUT,Undergraduate,E,3,Reading Alice Munro,,- Dr. WONG Suzanne Shu Shan,50,49,,,Dept of English,2026-08-15T00-47-47+08-00,historical_fallback,
2420,7690,ENGE3600,ENGE3600-,-T06,TUT,Undergraduate,E,3,Contrastive Linguistics Contrastive Linguistics,,- Dr. WONG Suzanne Shu Shan,50,48,,,Dept of English,2026-08-15T00-47-47+08-00,historical_fallback,
2420,9873,ENGE3900,ENGE3900-,-O01,OTH,Undergraduate,E,3,Internship,,- Professor PUN Kwok Hung,15,3,Yes,Yes,Dept of English,2026-08-15T00-47-47+08-00,historical_fallback,
2420,8575,ENGE3950,ENGE3950-,-T01,TUT,Undergraduate,E,3,AI and its Application AI and its application,,- Professor HWANG Haerim,50,28,,,Dept of English,2026-08-15T00-47-47+08-00,historical_fallback,
2420,8051,ENGE4700,ENGE4700A,AI01,IND,Undergraduate,E,3,Independent Research Project Independent Research Project,,- Professor Collier Desha NOGUES - Professor Wilkinson Daniel Ong WONG GONZALES,70,41,Yes,Yes,Dept of English,2026-08-15T00-47-47+08-00,historical_fallback,
2420,8118,ENGE4701,ENGE4701-,-M01,TMC,Undergraduate,E,1,Independent Research Project 1,,- Professor Collier Desha NOGUES - Professor Wilkinson Daniel Ong WONG GONZALES,70,61,Yes,Yes,Dept of English,2026-08-15T00-47-47+08-00,historical_fallback,
2420,9120,ENGG1003,ENGG1003AA,AAL1,LAB,Undergraduate,E,3,Digit. Lit. & Comp. Thinking—P,數碼素養及計算思維—P,- Dr. YU Michael Ruisi,60,60,Yes,Yes,Fac Office of Engineering,2026-08-15T18-34-00+08-00-gap-recapture,gap_recapture,
2420,9235,ENGG1003,ENGG1003AB,ABL1,LAB,Undergraduate,E,3,Digit. Lit. & Comp. Thinking—P,數碼素養及計算思維—P,- Dr. CHAU Chuck Jee,60,60,Yes,Yes,Fac Office of Engineering,2026-08-15T18-34-00+08-00-gap-recapture,gap_recapture,
2420,9238,ENGG1003,ENGG1003AC,ACL1,LAB,Undergraduate,E,3,Digit. Lit. & Comp. Thinking—P,數碼素養及計算思維—P,- Mr. MAK Wai Ho Wallace,60,60,Yes,Yes,Fac Office of Engineering,2026-08-15T18-34-00+08-00-gap-recapture,gap_recapture,
2420,9553,ENGG1003,ENGG1003AD,ADL1,LAB,Undergraduate,E,3,Digit. Lit. & Comp. Thinking—P,數碼素養及計算思維—P,- Dr. SUM Kwok Wing,60,60,Yes,Yes,Fac Office of Engineering,2026-08-15T18-34-00+08-00-gap-recapture,gap_recapture,
2420,9262,ENGG1003,ENGG1003AE,AEL1,LAB,Undergraduate,E,3,Digit. Lit. & Comp. Thinking—P,數碼素養及計算思維—P,- Dr. SUM Kwok Wing,60,60,Yes,Yes,Fac Office of Engineering,2026-08-15T18-34-00+08-00-gap-recapture,gap_recapture,
2420,9244,ENGG1003,ENGG1003AF,AFL1,LAB,Undergraduate,E,3,Digit. Lit. & Comp. Thinking—P,數碼素養及計算思維—P,- Mr. LEE Ka Kit,60,60,Yes,Yes,Fac Office of Engineering,2026-08-15T18-34-00+08-00-gap-recapture,gap_recapture,
2420,9263,ENGG1003,ENGG1003AG,AGL1,LAB,Undergraduate,E,3,Digit. Lit. & Comp. Thinking—P,數碼素養及計算思維—P,- Mr. KEUNG Wai Yiu,60,60,Yes,Yes,Fac Office of Engineering,2026-08-15T18-34-00+08-00-gap-recapture,gap_recapture,
2420,9243,ENGG1003,ENGG1003AH,AHL1,LAB,Undergraduate,E,3,Digit. Lit. & Comp. Thinking—P,數碼素養及計算思維—P,- Mr. MAK Wai Ho Wallace,60,60,Yes,Yes,Fac Office of Engineering,2026-08-15T18-34-00+08-00-gap-recapture,gap_recapture,
2420,9268,ENGG1003,ENGG1003BA,BAL1,LAB,Undergraduate,E,3,Digit. Lit. & Comp. Thinking—P,數碼素養及計算思維—P,- Dr. YU Michael Ruisi,60,60,Yes,Yes,Fac Office of Engineering,2026-08-15T18-34-00+08-00-gap-recapture,gap_recapture,
2420,9279,ENGG1003,ENGG1003BB,BBL1,LAB,Undergraduate,E,3,Digit. Lit. & Comp. Thinking—P,數碼素養及計算思維—P,- Dr. TIAN Yusheng,60,60,Yes,Yes,Fac Office of Engineering,2026-08-15T18-34-00+08-00-gap-recapture,gap_recapture,
2420,9271,ENGG1003,ENGG1003BC,BCL1,LAB,Undergraduate,E,3,Digit. Lit. & Comp. Thinking—P,數碼素養及計算思維—P,- Dr. TSANG Siu Chung,60,60,Yes,Yes,Fac Office of Engineering,2026-08-15T18-34-00+08-00-gap-recapture,gap_recapture,
2420,8384,ENGG1003,ENGG1003BD,BDL1,LAB,Undergraduate,E,3,Digit. Lit. & Comp. Thinking—P,數碼素養及計算思維—P,- Dr. SUM Kwok Wing,60,60,Yes,Yes,Fac Office of Engineering,2026-08-15T18-34-00+08-00-gap-recapture,gap_recapture,
2420,8386,ENGG1003,ENGG1003BE,BEL1,LAB,Undergraduate,E,3,Digit. Lit. & Comp. Thinking—P,數碼素養及計算思維—P,- Mr. KEUNG Wai Yiu,60,60,Yes,Yes,Fac Office of Engineering,2026-08-15T18-34-00+08-00-gap-recapture,gap_recapture,
2420,9551,ENGG1003,ENGG1003BF,BFL1,LAB,Undergraduate,E,3,Digit. Lit. & Comp. Thinking—P,數碼素養及計算思維—P,- Dr. LAI Chi Wai,60,60,Yes,Yes,Fac Office of Engineering,2026-08-15T18-34-00+08-00-gap-recapture,gap_recapture,
2420,9270,ENGG1003,ENGG1003BG,BGL1,LAB,Undergraduate,E,3,Digit. Lit. & Comp. Thinking—P,數碼素養及計算思維—P,- Dr. LAM Tak Kei,60,60,Yes,Yes,Fac Office of Engineering,2026-08-15T18-34-00+08-00-gap-recapture,gap_recapture,
2420,9269,ENGG1003,ENGG1003BH,BHL1,LAB,Undergraduate,E,3,Digit. Lit. & Comp. Thinking—P,數碼素養及計算思維—P,- Dr. CHEONG Chi Hong,60,60,Yes,Yes,Fac Office of Engineering,2026-08-15T18-34-00+08-00-gap-recapture,gap_recapture,
2420,6972,ENGG1003,ENGG1003BI,BIL1,LAB,Undergraduate,E,3,Digit. Lit. & Comp. Thinking—P,數碼素養及計算思維—P,- Dr. CHUI Yim Pan,60,60,Yes,Yes,Fac Office of Engineering,2026-08-15T18-34-00+08-00-gap-recapture,gap_recapture,
2420,8388,ENGG1003,ENGG1003BJ,BJL1,LAB,Undergraduate,E,3,Digit. Lit. & Comp. Thinking—P,數碼素養及計算思維—P,- Dr. JIANG Yuli,60,60,Yes,Yes,Fac Office of Engineering,2026-08-15T18-34-00+08-00-gap-recapture,gap_recapture,
2420,9280,ENGG1003,ENGG1003BK,BKL1,LAB,Undergraduate,E,3,Digit. Lit. & Comp. Thinking—P,數碼素養及計算思維—P,- Dr. SZETO Wai Man,60,60,Yes,Yes,Fac Office of Engineering,2026-08-15T18-34-00+08-00-gap-recapture,gap_recapture,
2420,9278,ENGG1003,ENGG1003BL,BLL1,LAB,Undergraduate,E,3,Digit. Lit. & Comp. Thinking—P,數碼素養及計算思維—P,- Dr. CHUI Yim Pan,60,60,Yes,Yes,Fac Office of Engineering,2026-08-15T18-34-00+08-00-gap-recapture,gap_recapture,
2420,9277,ENGG1003,ENGG1003BM,BML1,LAB,Undergraduate,E,3,Digit. Lit. & Comp. Thinking—P,數碼素養及計算思維—P,- Dr. JIANG Yuli,60,60,Yes,Yes,Fac Office of Engineering,2026-08-15T18-34-00+08-00-gap-recapture,gap_recapture,
2420,8390,ENGG1003,ENGG1003BN,BNL1,LAB,Undergraduate,E,3,Digit. Lit. & Comp. Thinking—P,數碼素養及計算思維—P,- Dr. LO Chun Yeung,60,60,Yes,Yes,Fac Office of Engineering,2026-08-15T18-34-00+08-00-gap-recapture,gap_recapture,
2420,7103,ENGG1003,ENGG1003BO,BOL1,LAB,Undergraduate,E,3,Digit. Lit. & Comp. Thinking—P,數碼素養及計算思維—P,- Mr. CHEUNG Yuk Kin,60,60,Yes,Yes,Fac Office of Engineering,2026-08-15T18-34-00+08-00-gap-recapture,gap_recapture,
2420,9241,ENGG1003,ENGG1003EA,EAL1,LAB,Undergraduate,E,3,Digit. Lit. & Comp. Thinking—P,數碼素養及計算思維—P,- Dr. KAM Ho Chuen,60,60,Yes,Yes,Fac Office of Engineering,2026-08-15T18-34-00+08-00-gap-recapture,gap_recapture,
2420,8403,ENGG1003,ENGG1003EB,EBL1,LAB,Undergraduate,E,3,Digit. Lit. & Comp. Thinking—P,數碼素養及計算思維—P,- Dr. CHEONG Chi Hong,60,60,Yes,Yes,Fac Office of Engineering,2026-08-15T18-34-00+08-00-gap-recapture,gap_recapture,
2420,6969,ENGG1003,ENGG1003EC,ECL1,LAB,Undergraduate,E,3,Digit. Lit. & Comp. Thinking—P,數碼素養及計算思維—P,- Dr. TSANG Siu Chung,60,60,Yes,Yes,Fac Office of Engineering,2026-08-15T18-34-00+08-00-gap-recapture,gap_recapture,
2420,7100,ENGG1003,ENGG1003ED,EDL1,LAB,Undergraduate,E,3,Digit. Lit. & Comp. Thinking—P,數碼素養及計算思維—P,- Dr. CHAU Chuck Jee,60,60,Yes,Yes,Fac Office of Engineering,2026-08-15T18-34-00+08-00-gap-recapture,gap_recapture,
2420,9273,ENGG1003,ENGG1003EE,EEL1,LAB,Undergraduate,E,3,Digit. Lit. & Comp. Thinking—P,數碼素養及計算思維—P,- Dr. WONG Kin Hong,60,47,Yes,Yes,Fac Office of Engineering,2026-08-15T18-34-00+08-00-gap-recapture,gap_recapture,
2420,9554,ENGG1003,ENGG1003EF,EFL1,LAB,Undergraduate,E,3,Digit. Lit. & Comp. Thinking—P,數碼素養及計算思維—P,- Mr. CHEUNG Yuk Kin,60,46,Yes,Yes,Fac Office of Engineering,2026-08-15T18-34-00+08-00-gap-recapture,gap_recapture,
2420,6788,ENGG1003,ENGG1003EG,EGL1,LAB,Undergraduate,E,3,Digit. Lit. & Comp. Thinking—P,數碼素養及計算思維—P,- Mr. FUNG Ping Fu,60,47,Yes,Yes,Fac Office of Engineering,2026-08-15T18-34-00+08-00-gap-recapture,gap_recapture,
2420,8406,ENGG1004,ENGG1004A,AL01,LAB,Undergraduate,E,3,Digit. Lit. & Comp. Thinking—R,數碼素養及計算思維—R,- Mr. LEE Ka Kit,60,60,Yes,Yes,Fac Office of Engineering,2026-08-15T18-34-00+08-00-gap-recapture,gap_recapture,
2420,9111,ENGG1004,ENGG1004B,BL01,LAB,Undergraduate,E,3,Digit. Lit. & Comp. Thinking—R,數碼素養及計算思維—R,- Dr. TIAN Yusheng,60,60,Yes,Yes,Fac Office of Engineering,2026-08-15T18-34-00+08-00-gap-recapture,gap_recapture,
2420,6790,ENGG1004,ENGG1004C,CL01,LAB,Undergraduate,E,3,Digit. Lit. & Comp. Thinking—R,數碼素養及計算思維—R,- Mr. LEE Ka Kit,60,60,Yes,Yes,Fac Office of Engineering,2026-08-15T18-34-00+08-00-gap-recapture,gap_recapture,
2420,8408,ENGG1004,ENGG1004D,DL01,LAB,Undergraduate,E,3,Digit. Lit. & Comp. Thinking—R,數碼素養及計算思維—R,- Dr. TIAN Yusheng,60,60,Yes,Yes,Fac Office of Engineering,2026-08-15T18-34-00+08-00-gap-recapture,gap_recapture,
2420,8410,ENGG1004,ENGG1004E,EL01,LAB,Undergraduate,E,3,Digit. Lit. & Comp. Thinking—R,數碼素養及計算思維—R,- Mr. KEUNG Wai Yiu,60,60,Yes,Yes,Fac Office of Engineering,2026-08-15T18-34-00+08-00-gap-recapture,gap_recapture,
2420,5317,ENGG1040,ENGG1040A,AT01,TUT,Undergraduate,E,3,Foundations in Engine Math,工程數學基礎,- Dr. CHENG Man Chuen,80,80,Yes,Yes,Fac Office of Engineering,2026-08-15T18-34-00+08-00-gap-recapture,gap_recapture,
2420,9474,ENGG1040,ENGG1040B,BT01,TUT,Undergraduate,E,3,Foundations in Engine Math,工程數學基礎,- Dr. LI Chun Che,80,80,Yes,Yes,Fac Office of Engineering,2026-08-15T18-34-00+08-00-gap-recapture,gap_recapture,
2420,7049,ENGG1040,ENGG1040C,CT01,TUT,Undergraduate,E,3,Foundations in Engine Math,工程數學基礎,- Dr. XIAO Jingjing,80,80,Yes,Yes,Fac Office of Engineering,2026-08-15T18-34-00+08-00-gap-recapture,gap_recapture,
2420,5017,ENGG1040,ENGG1040D,DT01,TUT,Undergraduate,E,3,Foundations in Engine Math,工程數學基礎,- Dr. LIU Chun Lung,80,80,Yes,Yes,Fac Office of Engineering,2026-08-15T18-34-00+08-00-gap-recapture,gap_recapture,
2420,9475,ENGG1040,ENGG1040E,ET01,TUT,Undergraduate,E,3,Foundations in Engine Math,工程數學基礎,- Professor WAN Yau Heng Tom,80,80,Yes,Yes,Fac Office of Engineering,2026-08-15T18-34-00+08-00-gap-recapture,gap_recapture,
2420,9700,ENGG1110,ENGG1110A,AL01,LAB,Undergraduate,E,3,Problem Solving By Programming,程式設計與解難,- Mr. FUNG Ping Fu,120,120,Yes,Yes,Fac Office of Engineering,2026-08-15T18-34-00+08-00-gap-recapture,gap_recapture,
2420,9701,ENGG1110,ENGG1110B,BL01,LAB,Undergraduate,E,3,Problem Solving By Programming,程式設計與解難,- Dr. JIANG Yuli,120,120,Yes,Yes,Fac Office of Engineering,2026-08-15T18-34-00+08-00-gap-recapture,gap_recapture,
2420,9702,ENGG1110,ENGG1110C,CL01,LAB,Undergraduate,E,3,Problem Solving By Programming,程式設計與解難,- Dr. KAM Ho Chuen,120,120,Yes,Yes,Fac Office of Engineering,2026-08-15T18-34-00+08-00-gap-recapture,gap_recapture,
2420,9577,ENGG1110,ENGG1110D,DL01,LAB,Undergraduate,E,3,Problem Solving By Programming,程式設計與解難,- Dr. MA Pui Kit,120,120,Yes,Yes,Fac Office of Engineering,2026-08-15T18-34-00+08-00-gap-recapture,gap_recapture,
2420,9502,ENGG1110,ENGG1110E,EL01,LAB,Undergraduate,E,3,Problem Solving By Programming,程式設計與解難,- Dr. YIP Kit Sang Danny,120,120,Yes,Yes,Fac Office of Engineering,2026-08-15T18-34-00+08-00-gap-recapture,gap_recapture,
2420,5308,ENGG1110,ENGG1110F,FL01,LAB,Undergraduate,E,3,Problem Solving By Programming,程式設計與解難,- Dr. YIN Ho Fai Hoover,120,120,Yes,Yes,Fac Office of Engineering,2026-08-15T18-34-00+08-00-gap-recapture,gap_recapture,
2420,6478,ENGG1111,ENGG1111A,AI01,IND,Undergraduate,E,0,AI Literacy Workshop,人工智能素養工作坊,- Dr. HAN Dongkun - Professor CHAN Chun Kit,500,500,Yes,Yes,Fac Office of Engineering,2026-08-15T18-34-00+08-00-gap-recapture,gap_recapture,
2420,9476,ENGG1125,ENGG1125A,AT01,TUT,Undergraduate,E,3,Single Variable Calculus,單元微積分及其工程應用,- Professor QIU Shi,80,80,Yes,Yes,Fac Office of Engineering,2026-08-15T18-34-00+08-00-gap-recapture,gap_recapture,
2420,9488,ENGG1125,ENGG1125B,BT01,TUT,Undergraduate,E,3,Single Variable Calculus,單元微積分及其工程應用,- Professor GAO Huxin,80,80,Yes,Yes,Fac Office of Engineering,2026-08-15T18-34-00+08-00-gap-recapture,gap_recapture,
2420,9477,ENGG1125,ENGG1125C,CT01,TUT,Undergraduate,E,3,Single Variable Calculus,單元微積分及其工程應用,- Dr. MA Pui Kit,80,80,Yes,Yes,Fac Office of Engineering,2026-08-15T18-34-00+08-00-gap-recapture,gap_recapture,
2420,5018,ENGG1125,ENGG1125D,DT01,TUT,Undergraduate,E,3,Single Variable Calculus,單元微積分及其工程應用,- Dr. PAN Zini,80,80,Yes,Yes,Fac Office of Engineering,2026-08-15T18-34-00+08-00-gap-recapture,gap_recapture,
2420,9489,ENGG1125,ENGG1125E,ET01,TUT,Undergraduate,E,3,Single Variable Calculus,單元微積分及其工程應用,- Dr. LAU Alex Siu Hong,80,80,Yes,Yes,Fac Office of Engineering,2026-08-15T18-34-00+08-00-gap-recapture,gap_recapture,
2420,8656,ENGG1125,ENGG1125F,FT01,TUT,Undergraduate,E,3,Single Variable Calculus,單元微積分及其工程應用,- Staff,300,300,Yes,Yes,Fac Office of Engineering,2026-08-15T18-34-00+08-00-gap-recapture,gap_recapture,
2420,6497,ENGG1820,ENGG1820A,AO01,OTH,Undergraduate,E,1,Engineering Internship,工程實習,- Professor YU Bei,30,30,Yes,Yes,Fac Office of Engineering,2026-08-15T18-34-00+08-00-gap-recapture,gap_recapture,
2420,6387,ENGG1820,ENGG1820B,BO01,OTH,Undergraduate,E,1,Engineering Internship,工程實習,- Ms. NGAN Lai Yin,30,30,Yes,Yes,Fac Office of Engineering,2026-08-15T18-34-00+08-00-gap-recapture,gap_recapture,
2420,6358,ENGG1820,ENGG1820C,CO01,OTH,Undergraduate,E,1,Engineering Internship,工程實習,- Professor CHOW Sze Ming,10,10,Yes,Yes,Fac Office of Engineering,2026-08-15T18-34-00+08-00-gap-recapture,gap_recapture,
2420,8002,ENGG1820,ENGG1820D,DO01,OTH,Undergraduate,E,1,Engineering Internship,工程實習,- Dr. LI Yiyang,10,10,Yes,Yes,Fac Office of Engineering,2026-08-15T18-34-00+08-00-gap-recapture,gap_recapture,
2420,8038,ENGG1820,ENGG1820E,EO01,OTH,Undergraduate,E,1,Engineering Internship,工程實習,- Professor LAM Wai,30,28,Yes,Yes,Fac Office of Engineering,2026-08-15T18-34-00+08-00-gap-recapture,gap_recapture,
2420,6498,ENGG1820,ENGG1820F,FO01,OTH,Undergraduate,E,1,Engineering Internship,工程實習,- Professor CHANG Hing Chiu - Professor HO Ho Pui,30,30,Yes,Yes,Fac Office of Engineering,2026-08-15T18-34-00+08-00-gap-recapture,gap_recapture,
2420,5875,ENGG1910,ENGG1910-,-L01,LAB,Undergraduate,E,3,Demystifying AI,人工智能揭秘,- Dr. HAN Dongkun,10,10,,,Fac Office of Engineering,2026-08-15T18-34-00+08-00-gap-recapture,gap_recapture,
2420,8424,ENGG1920,ENGG1920A,A,LEC,Undergraduate,E,3,AI in Action,實用人工智能,- Staff,25,25,,,Fac Office of Engineering,2026-08-15T18-34-00+08-00-gap-recapture,gap_recapture,
2420,5281,ENGG2030,ENGG2030-,-T04,TUT,Undergraduate,E,3,Signals and Systems,信號與系統,- Professor LI Jizhou,20,18,,,Fac Office of Engineering,2026-08-15T18-34-00+08-00-gap-recapture,gap_recapture,
2420,8414,ENGG2440,ENGG2440A,AT01,TUT,Undergraduate,E,3,Discrete Math for Engineers,離散數學的工程應用,- Professor HO Tsung Yi,200,3,,Yes,Fac Office of Engineering,2026-08-15T18-34-00+08-00-gap-recapture,gap_recapture,
2420,8189,ENGG2440,ENGG2440B,BT01,TUT,Undergraduate,E,3,Discrete Math for Engineers,離散數學的工程應用,- Professor LI Cheuk Ting,100,0,,Yes,Fac Office of Engineering,2026-08-15T18-34-00+08-00-gap-recapture,gap_recapture,
2420,5947,ENGG2440,ENGG2440C,CT01,TUT,Undergraduate,E,3,Discrete Math for Engineers,離散數學的工程應用,- Professor WAI Hoi To,160,24,,Yes,Fac Office of Engineering,2026-08-15T18-34-00+08-00-gap-recapture,gap_recapture,
2420,5682,ENGG2720,ENGG2720A,AT01,TUT,Undergraduate,E,2,Complex Variables for Engineer,複變量及其工程應用,- Professor SUN Xiankai,120,0,,Yes,Fac Office of Engineering,2026-08-15T18-34-00+08-00-gap-recapture,gap_recapture,
2420,5749,ENGG2720,ENGG2720B,BT01,TUT,Undergraduate,E,2,Complex Variables for Engineer,複變量及其工程應用,- Professor Amin AMINZADEH GOHARI,100,0,,Yes,Fac Office of Engineering,2026-08-15T18-34-00+08-00-gap-recapture,gap_recapture,
2420,5925,ENGG2720,ENGG2720C,CT01,TUT,Undergraduate,E,2,Complex Variables for Engineer,複變量及其工程應用,- Dr. LAU Alex Siu Hong,120,50,,Yes,Fac Office of Engineering,2026-08-15T18-34-00+08-00-gap-recapture,gap_recapture,
2420,5683,ENGG2760,ENGG2760A,AT05,TUT,Undergraduate,E,2,Probability for Engineers,概率及其工程應用,- Professor Farzan FARNIA,32,3,,Yes,Fac Office of Engineering,2026-08-15T18-34-00+08-00-gap-recapture,gap_recapture,
2420,5592,ENGG2760,ENGG2760B,BT01,TUT,Undergraduate,E,2,Probability for Engineers,概率及其工程應用,- Professor LONG Yi,120,0,,Yes,Fac Office of Engineering,2026-08-15T18-34-00+08-00-gap-recapture,gap_recapture,
2420,5684,ENGG2760,ENGG2760C,CT01,TUT,Undergraduate,E,2,Probability for Engineers,概率及其工程應用,- Dr. NG Chi Kong,100,37,,Yes,Fac Office of Engineering,2026-08-15T18-34-00+08-00-gap-recapture,gap_recapture,
2420,5759,ENGG2760,ENGG2760D,DT01,TUT,Undergraduate,E,2,Probability for Engineers,概率及其工程應用,- Professor XU Huifu,70,0,,Yes,Fac Office of Engineering,2026-08-15T18-34-00+08-00-gap-recapture,gap_recapture,
2420,6563,EPIN1010,EPIN1010-,-,LEC,Undergraduate,E,3,Anatomy of an Entrepreneur,創業家解構,- Professor CHAN Chi Bong Dominic,35,26,,,EPIN Minor Pgm Comm,2026-08-15T01-53-13+08-00-full-term-1,current,
2420,4746,EPIN1020,EPIN1020-,-,LEC,Undergraduate,E,3,Design Thinking and Practice,設計思考與實踐,- Mr. TAM Siu Loonge Henry,32,19,,,EPIN Minor Pgm Comm,2026-08-15T01-53-13+08-00-full-term-1,current,
2420,7785,EPIN2010,EPIN2010-,-,LEC,Undergraduate,E,3,Toolkit for Entrepreneurs,創業者工具箱,- Professor CHAN Chi Bong Dominic,25,17,,,EPIN Minor Pgm Comm,2026-08-15T01-53-13+08-00-full-term-1,current,
2420,6288,EPIN2900,EPIN2900-,-O01,OTH,Undergraduate,E,1,Internship in EPIN I,創業與創新實習（一）,- Professor WONG Kam Fai William,30,29,Yes,Yes,EPIN Minor Pgm Comm,2026-08-15T01-53-13+08-00-full-term-1,current,
2420,6290,EPIN3900,EPIN3900-,-D01,DIS,Undergraduate,E,2,Internship in EPIN II,創業與創新實習（二）,- Professor WONG Kam Fai William,30,30,Yes,Yes,EPIN Minor Pgm Comm,2026-08-15T01-53-13+08-00-full-term-1,current,
2420,6605,EPIN4900,EPIN4900-,-D01,DIS,Undergraduate,E,3,Internship in EPIN III,創業與創新實習（三）,- Professor WONG Kam Fai William,30,29,Yes,Yes,EPIN Minor Pgm Comm,2026-08-15T01-53-13+08-00-full-term-1,current,
2420,5259,ESTR1002,ESTR1002-,-L01,LAB,Undergraduate,E,3,Problem Solving By Programming,程式設計與解難,- Professor FU Chi Wing,60,60,Yes,Yes,Fac Office of Engineering,2026-08-15T00-47-47+08-00,historical_fallback,
2420,6993,ESTR1007,ESTR1007-,-T01,TUT,Undergraduate,E,3,Single Variable Calculus,單元微積分及其工程應用,- Professor Chandrasekhar MADHAVAN NAIR,60,60,Yes,Yes,Fac Office of Engineering,2026-08-15T00-47-47+08-00,historical_fallback,
2420,5805,ESTR2004,ESTR2004-,-T01,TUT,Undergraduate,E,3,Discrete Math for Engineers,離散數學的工程應用,- Professor WAI Hoi To,50,50,Yes,Yes,Fac Office of Engineering,2026-08-15T00-47-47+08-00,historical_fallback,
2420,8193,ESTR2014,ESTR2014-,-T01,TUT,Undergraduate,E,2,Complex Variables for Engineer,複變量及其工程應用,- Professor Amin AMINZADEH GOHARI,20,20,Yes,Yes,Fac Office of Engineering,2026-08-15T00-47-47+08-00,historical_fallback,
2420,8194,ESTR2018,ESTR2018-,-T01,TUT,Undergraduate,E,2,Probability for Engineers,概率及其工程應用,- Professor Farzan FARNIA,50,50,Yes,Yes,Fac Office of Engineering,2026-08-15T00-47-47+08-00,historical_fallback,
2420,7747,ESTR2100,ESTR2100-,-L01,LAB,Undergraduate,E,3,Embedded System Design,嵌入式系統設計,- Professor XU Qiang,10,10,Yes,Yes,Fac Office of Engineering,2026-08-15T00-47-47+08-00,historical_fallback,
2420,5019,ESTR2102,ESTR2102B,BT01,TUT,Undergraduate,E,3,Data Structures,數據結構,- Dr. YIN Ho Fai Hoover,10,10,Yes,Yes,Fac Office of Engineering,2026-08-15T00-47-47+08-00,historical_fallback,
2420,9732,ESTR2106,ESTR2106-,-T04,TUT,Undergraduate,E,3,Building Web Applications,建設網上應用程式,- Dr. TSANG Siu Chung,10,10,Yes,Yes,Fac Office of Engineering,2026-08-15T00-47-47+08-00,historical_fallback,
2420,5021,ESTR2360,ESTR2360-,-T01,TUT,Undergraduate,E,3,Fourier Analysis with Eng Appl,傅里葉分析及其工程應用,- Professor Chandrasekhar MADHAVAN NAIR,10,10,Yes,Yes,Fac Office of Engineering,2026-08-15T00-47-47+08-00,historical_fallback,
2420,7210,ESTR3108,ESTR3108-,-T04,TUT,Undergraduate,E,3,Fundamentals of AI,人工智能之基本原理,- Professor DOU Qi,10,10,Yes,Yes,Fac Office of Engineering,2026-08-15T00-47-47+08-00,historical_fallback,
2420,5876,ESTR3114,ESTR3114-,-T01,TUT,Undergraduate,E,3,Numerical Optimization,數值優化,- Professor Farzan FARNIA,20,20,Yes,Yes,Fac Office of Engineering,2026-08-15T00-47-47+08-00,historical_fallback,
2420,5022,ESTR3310,ESTR3310-,-T01,TUT,Undergraduate,E,3,Computer Networks,計算機網絡,- Professor LEE Yiu Bun,23,23,Yes,Yes,Fac Office of Engineering,2026-08-15T00-47-47+08-00,historical_fallback,
2420,7646,ESTR4140,ESTR4140-,-T01,TUT,Undergraduate,E,3,Foundation of Applied DL,應用深度學習基礎,- Professor LI Yu,10,10,Yes,Yes,Fac Office of Engineering,2026-08-15T00-47-47+08-00,historical_fallback,
2420,7912,ESTR4998,ESTR4998AB,ABJ1,PRJ,Undergraduate,E,3,Graduation Thesis I,畢業專題研究（一）,- Professor LO Chi Lik Eric,32,29,Yes,Yes,Fac Office of Engineering,2026-08-15T00-47-47+08-00,historical_fallback,
2420,6614,ESTR4998,ESTR4998AC,ACJ1,PRJ,Undergraduate,E,3,Graduation Thesis I,畢業專題研究（一）,- Professor Farzan FARNIA,32,30,Yes,Yes,Fac Office of Engineering,2026-08-15T00-47-47+08-00,historical_fallback,
2420,6615,ESTR4998,ESTR4998AD,ADJ1,PRJ,Undergraduate,E,3,Graduation Thesis I,畢業專題研究（一）,- Professor CHENG James,32,29,Yes,Yes,Fac Office of Engineering,2026-08-15T00-47-47+08-00,historical_fallback,
2420,6616,ESTR4998,ESTR4998AE,AEJ1,PRJ,Undergraduate,E,3,Graduation Thesis I,畢業專題研究（一）,- Professor LI Yu,32,31,Yes,Yes,Fac Office of Engineering,2026-08-15T00-47-47+08-00,historical_fallback,
2420,6617,ESTR4998,ESTR4998AF,AFJ1,PRJ,Undergraduate,E,3,Graduation Thesis I,畢業專題研究（一）,- Professor LIANG Xiao,32,31,Yes,Yes,Fac Office of Engineering,2026-08-15T00-47-47+08-00,historical_fallback,
2420,6618,ESTR4998,ESTR4998AG,AGJ1,PRJ,Undergraduate,E,3,Graduation Thesis I,畢業專題研究（一）,- Professor LIU Shengchao,32,29,Yes,Yes,Fac Office of Engineering,2026-08-15T00-47-47+08-00,historical_fallback,
2420,6613,ESTR4998,ESTR4998AH,AHJ1,PRJ,Undergraduate,E,3,Graduation Thesis I,畢業專題研究（一）,- Professor LU Songtao,32,28,Yes,Yes,Fac Office of Engineering,2026-08-15T00-47-47+08-00,historical_fallback,
2420,6612,ESTR4998,ESTR4998AI,AIJ1,PRJ,Undergraduate,E,3,Graduation Thesis I,畢業專題研究（一）,- Professor LYU Rung Tsong Michael,32,29,Yes,Yes,Fac Office of Engineering,2026-08-15T00-47-47+08-00,historical_fallback,
2420,7988,ESTR4998,ESTR4998AJ,AJJ1,PRJ,Undergraduate,E,3,Graduation Thesis I,畢業專題研究（一）,- Professor XU Hong,32,29,Yes,Yes,Fac Office of Engineering,2026-08-15T00-47-47+08-00,historical_fallback,
2420,6166,ESTR4998,ESTR4998BA,BAJ1,PRJ,Undergraduate,E,3,Graduation Thesis I,畢業專題研究（一）,- Professor LI Jizhou,32,31,Yes,Yes,Fac Office of Engineering,2026-08-15T00-47-47+08-00,historical_fallback,
2420,7957,ESTR4998,ESTR4998BB,BBJ1,PRJ,Undergraduate,E,3,Graduation Thesis I,畢業專題研究（一）,- Professor REN Hongliang,5,4,Yes,Yes,Fac Office of Engineering,2026-08-15T00-47-47+08-00,historical_fallback,
2420,6451,ESTR4998,ESTR4998CA,CAJ1,PRJ,Undergraduate,E,3,Graduation Thesis I,畢業專題研究（一）,- Professor LIN Xiaojun,5,4,Yes,Yes,Fac Office of Engineering,2026-08-15T00-47-47+08-00,historical_fallback,
2420,8083,ESTR4998,ESTR4998CB,CBJ1,PRJ,Undergraduate,E,3,Graduation Thesis I,畢業專題研究（一）,- Professor XING Guoliang,5,4,Yes,Yes,Fac Office of Engineering,2026-08-15T00-47-47+08-00,historical_fallback,
2420,7831,ESTR4998,ESTR4998CC,CCJ1,PRJ,Undergraduate,E,3,Graduation Thesis I,畢業專題研究（一）,- Professor XUE Tianfan,30,29,Yes,Yes,Fac Office of Engineering,2026-08-15T00-47-47+08-00,historical_fallback,
2420,8621,ESTR4998,ESTR4998CD,CDJ1,PRJ,Undergraduate,E,3,Graduation Thesis I,畢業專題研究（一）,- Professor YAN Zhenyu,5,4,Yes,Yes,Fac Office of Engineering,2026-08-15T00-47-47+08-00,historical_fallback,
2420,8097,ESTR4998,ESTR4998CE,CEJ1,PRJ,Undergraduate,E,3,Graduation Thesis I,畢業專題研究（一）,- Professor YUE Xiangyu,5,4,Yes,Yes,Fac Office of Engineering,2026-08-15T00-47-47+08-00,historical_fallback,
2420,8098,ESTR4998,ESTR4998DA,DAJ1,PRJ,Undergraduate,E,3,Graduation Thesis I,畢業專題研究（一）,- Professor CHEN Chun,5,4,Yes,Yes,Fac Office of Engineering,2026-08-15T00-47-47+08-00,historical_fallback,
2420,8099,ESTR4998,ESTR4998DB,DBJ1,PRJ,Undergraduate,E,3,Graduation Thesis I,畢業專題研究（一）,- Professor LI Zhongyu,5,4,Yes,Yes,Fac Office of Engineering,2026-08-15T00-47-47+08-00,historical_fallback,
2420,6452,ESTR4998,ESTR4998EA,EAJ1,PRJ,Undergraduate,E,3,Graduation Thesis I,畢業專題研究（一）,- Professor AHN Dohyun,5,4,Yes,Yes,Fac Office of Engineering,2026-08-15T00-47-47+08-00,historical_fallback,
2420,8833,FAAS1100,FAAS1100A,AE01,EXR,Undergraduate,C,2,Drawing Fundamentals,素描基礎,- Professor TAM Wai Ping,20,17,,,Dept of Fine Arts,2026-08-15T01-53-13+08-00-full-term-1,current,
2420,8832,FAAS1100,FAAS1100B,BE01,EXR,Undergraduate,C,2,Drawing Fundamentals,素描基礎,- Professor TAM Wai Ping,20,19,,,Dept of Fine Arts,2026-08-15T01-53-13+08-00-full-term-1,current,
2420,4762,FAAS1110,FAAS1110A,AE01,EXR,Undergraduate,C,2,Principles of Chi Calligraphy,書法基礎,- Staff,20,17,,,Dept of Fine Arts,2026-08-15T01-53-13+08-00-full-term-1,current,
2420,8835,FAAS1110,FAAS1110B,BE01,EXR,Undergraduate,C,2,Principles of Chi Calligraphy,書法基礎,- Mr. TSO Cheuk Yim,20,17,,,Dept of Fine Arts,2026-08-15T01-53-13+08-00-full-term-1,current,
2420,9882,FAAS1130,FAAS1130-,-E01,EXR,Undergraduate,C,2,Principles of Chi Painting,國畫基礎,- Miss CHEUNG Fan Fong,20,19,,,Dept of Fine Arts,2026-08-15T01-53-13+08-00-full-term-1,current,
2420,4765,FAAS1140,FAAS1140-,-E01,EXR,Undergraduate,C,2,Fundamentals of 3D Forming,立體造型藝術基礎,- Miss CHU Cheuk Wai Margaret,15,12,,,Dept of Fine Arts,2026-08-15T01-53-13+08-00-full-term-1,current,
2420,9500,FAAS1700,FAAS1700-,-T01,TUT,Undergraduate,E,3,Artistic Trad in the West,西方藝術傳統,- Professor LI Yu Chieh,60,32,,,Dept of Fine Arts,2026-08-15T01-53-13+08-00-full-term-1,current,
2420,4767,FAAS1900,FAAS1900-,-T01,TUT,Undergraduate,P,3,Introduction to Art History,藝術史入門,- Professor HO Ka Yi,70,55,,,Dept of Fine Arts,2026-08-15T01-53-13+08-00-full-term-1,current,
2420,5114,FAAS2101,FAAS2101-,-T01,TUT,Undergraduate,P,3,Reading Chinese Painting,閱讀中國繪畫,- Professor HO Ka Yi,40,31,,,Dept of Fine Arts,2026-08-15T01-53-13+08-00-full-term-1,current,
2420,8847,FAAS2206,FAAS2206-,-W01,WKS,Undergraduate,C,3,Becoming a Comics Director,成為漫畫導演,- Miss SO Man Yee,20,10,,,Dept of Fine Arts,2026-08-15T01-53-13+08-00-full-term-1,current,
2420,8654,FAAS2208,FAAS2208-,-E01,EXR,Undergraduate,C,3,Basic Photography,攝影藝術,- Mr SO Hing Keung,18,4,,,Dept of Fine Arts,2026-08-15T01-53-13+08-00-full-term-1,current,
2420,8980,FAAS2211,FAAS2211-,-E01,EXR,Undergraduate,C,3,Western Painting I,西畫 (一),- Professor TAM Wai Ping,18,17,,,Dept of Fine Arts,2026-08-15T01-53-13+08-00-full-term-1,current,
2420,9000,FAAS2217,FAAS2217-,-E01,EXR,Undergraduate,C,3,Mixed Media,混合媒介,- Miss LAM Laam Jaffa,20,14,,,Dept of Fine Arts,2026-08-15T01-53-13+08-00-full-term-1,current,
2420,8846,FAAS2218,FAAS2218-,-E01,EXR,Undergraduate,E,3,"Art, Archive and Technology",藝術、檔案與科技,- Professor YIM Sui Fong,9,6,,,Dept of Fine Arts,2026-08-15T01-53-13+08-00-full-term-1,current,
2420,8842,FAAS3111,FAAS3111-,-T01,TUT,Undergraduate,C,3,Chi Ceramic Tech: Theo & Pract,中國陶瓷工藝──理論與實踐,- Miss WONG Lai Ching - Professor WAN Chui Ki,12,0,,,Dept of Fine Arts,2026-08-15T01-53-13+08-00-full-term-1,current,
2420,4768,FAAS3112,FAAS3112-,-T01,TUT,Undergraduate,P,3,Ritual Bronzes of Ancient Chi,吉金──中國古代青銅禮器,- Staff,50,46,,,Dept of Fine Arts,2026-08-15T01-53-13+08-00-full-term-1,current,
2420,8728,FAAS3202,FAAS3202-,-E01,EXR,Undergraduate,C,3,Printmaking,版畫藝術,- Mr CHUNG Tai Fu,15,3,,,Dept of Fine Arts,2026-08-15T01-53-13+08-00-full-term-1,current,
2420,8747,FAAS3206,FAAS3206-,-E01,EXR,Undergraduate,C,3,Sculpting Moulding and Casting,塑形、模製與鑄造,- Mr MOK Yat San,12,2,,,Dept of Fine Arts,2026-08-15T01-53-13+08-00-full-term-1,current,
2420,8898,FAAS3221,FAAS3221-,-,LEC,Undergraduate,P,3,Figure Sketching,人物寫生,- Professor ZHOU Jin,20,7,,,Dept of Fine Arts,2026-08-15T01-53-13+08-00-full-term-1,current,
2420,8929,FAAS3223,FAAS3223-,-E01,EXR,Undergraduate,P,3,Calligraphy in Ancient Scripts,古文字書法,- Professor TAO Shuhui,20,9,,,Dept of Fine Arts,2026-08-15T01-53-13+08-00-full-term-1,current,
2420,8722,FAAS3224,FAAS3224-,-E01,EXR,Undergraduate,C,3,Chinese Delineative Painting,中國工筆畫,- Professor TONG Kam Tang,20,14,,,Dept of Fine Arts,2026-08-15T01-53-13+08-00-full-term-1,current,
2420,6402,FAAS4101,FAAS4101-,-W01,WKS,Undergraduate,C,3,Summer Internship,暑期實習,- Dr. WONG Wai Yin - Mr. LEUNG Ho Yin Harry,20,5,Yes,Yes,Dept of Fine Arts,2026-08-15T01-53-13+08-00-full-term-1,current,
2420,8166,FAAS4180,FAAS4180A,A,LEC,Undergraduate,C&E,3,Thesis Research I,畢業論文（一）,- Professor HO Ka Yi,20,20,,,Dept of Fine Arts,2026-08-15T01-53-13+08-00-full-term-1,current,
2420,6463,FAAS4180,FAAS4180B,B,LEC,Undergraduate,E,3,Thesis Research I,畢業論文（一）,- Professor LI Yu Chieh,20,20,,,Dept of Fine Arts,2026-08-15T01-53-13+08-00-full-term-1,current,
2420,8009,FAAS4180,FAAS4180C,C,LEC,Undergraduate,C&E,3,Thesis Research I,畢業論文（一）,- Professor WAN Chui Ki,20,20,,,Dept of Fine Arts,2026-08-15T01-53-13+08-00-full-term-1,current,
2420,8607,FAAS4180,FAAS4180D,D,LEC,Undergraduate,P&E,3,Thesis Research I,畢業論文（一）,- Staff,20,20,,,Dept of Fine Arts,2026-08-15T01-53-13+08-00-full-term-1,current,
2420,9229,FAAS4201,FAAS4201-,-T01,TUT,Undergraduate,E,3,Art As Profession,藝術專業專修,- Dr. WONG Wai Yin,30,4,,,Dept of Fine Arts,2026-08-15T01-53-13+08-00-full-term-1,current,
2420,9044,FAAS4212,FAAS4212-,-E01,EXR,Undergraduate,P,3,Creative Workshop III,創作研討（三）,- Professor TAO Shuhui - Professor ZHOU Jin,20,17,,,Dept of Fine Arts,2026-08-15T01-53-13+08-00-full-term-1,current,
2420,8945,FAAS4214,FAAS4214-,-E01,EXR,Undergraduate,C,3,Modern Ink Painting,現代水墨,- Mr. NG Kwun Lun Tony,20,19,,,Dept of Fine Arts,2026-08-15T01-53-13+08-00-full-term-1,current,
2420,8167,FAAS4280,FAAS4280A,A,LEC,Undergraduate,C&E,3,Graduation Workshop I,畢業創作 （一）,- Professor TAM Wai Ping,20,17,,,Dept of Fine Arts,2026-08-15T01-53-13+08-00-full-term-1,current,
2420,7877,FAAS4280,FAAS4280B,B,LEC,Undergraduate,P,3,Graduation Workshop I,畢業創作 （一）,- Professor TAO Shuhui,20,19,,,Dept of Fine Arts,2026-08-15T01-53-13+08-00-full-term-1,current,
2420,6164,FAAS4280,FAAS4280C,C,LEC,Undergraduate,C&E,3,Graduation Workshop I,畢業創作 （一）,- Professor YIM Sui Fong,20,19,,,Dept of Fine Arts,2026-08-15T01-53-13+08-00-full-term-1,current,
2420,6235,FAAS4280,FAAS4280D,D,LEC,Undergraduate,P,3,Graduation Workshop I,畢業創作 （一）,- Professor ZHOU Jin,20,13,,,Dept of Fine Arts,2026-08-15T01-53-13+08-00-full-term-1,current,
2420,6565,FAAS4280,FAAS4280E,E,LEC,Undergraduate,C&E,3,Graduation Workshop I,畢業創作 （一）,- Professor TAM Wai Ping - Professor YIM Sui Fong,20,8,,,Dept of Fine Arts,2026-08-15T01-53-13+08-00-full-term-1,current,
2420,6456,FAAS4280,FAAS4280F,F,LEC,Undergraduate,P,3,Graduation Workshop I,畢業創作 （一）,- Professor TAO Shuhui - Professor ZHOU Jin,20,14,,,Dept of Fine Arts,2026-08-15T01-53-13+08-00-full-term-1,current,
2420,7480,FINA2010,FINA2010A,A,LEC,Undergraduate,E,3,Financial Management,財務管理,- Professor YAO Chen,80,42,,,Dept of Finance,2026-08-15T01-53-13+08-00-full-term-1,current,
2420,7293,FINA2010,FINA2010B,B,LEC,Undergraduate,E,3,Financial Management,財務管理,- Dr. YUNG Hei Ming,80,30,,,Dept of Finance,2026-08-15T01-53-13+08-00-full-term-1,current,
2420,9725,FINA2010,FINA2010C,C,LEC,Undergraduate,E,3,Financial Management,財務管理,- Professor YAO Chen,80,70,,,Dept of Finance,2026-08-15T01-53-13+08-00-full-term-1,current,
2420,5541,FINA2220,FINA2220A,A,LEC,Undergraduate,E,3,Quant Methods for Act Ana I,精算分析之基礎計量方法（一）,- Professor NG Cheuk Yin Andrew,60,8,,,Dept of Finance,2026-08-15T01-53-13+08-00-full-term-1,current,
2420,7188,FINA2310,FINA2310A,A,LEC,Undergraduate,E,3,Fundamentals of Business FIN,金融財務基礎,- Dr. YUNG Hei Ming,80,70,,,Dept of Finance,2026-08-15T01-53-13+08-00-full-term-1,current,
2420,9758,FINA3010,FINA3010A,A,LEC,Undergraduate,E,3,Financial Markets,金融市場,- Professor JEUNG Jinoug,70,34,,,Dept of Finance,2026-08-15T01-53-13+08-00-full-term-1,current,
2420,5551,FINA3010,FINA3010B,B,LEC,Undergraduate,E,3,Financial Markets,金融市場,- Professor JEUNG Jinoug,70,26,,,Dept of Finance,2026-08-15T01-53-13+08-00-full-term-1,current,
2420,5543,FINA3010,FINA3010C,C,LEC,Undergraduate,E,3,Financial Markets,金融市場,- Professor JEUNG Jinoug,70,41,,,Dept of Finance,2026-08-15T01-53-13+08-00-full-term-1,current,
2420,7169,FINA3020,FINA3020A,A,LEC,Undergraduate,E,3,International Finance,國際金融,- Professor ZHANG Henry Haorui,70,27,,,Dept of Finance,2026-08-15T01-53-13+08-00-full-term-1,current,
2420,5542,FINA3020,FINA3020B,B,LEC,Undergraduate,E,3,International Finance,國際金融,- Professor ZHANG Henry Haorui,70,7,,,Dept of Finance,2026-08-15T01-53-13+08-00-full-term-1,current,
2420,7170,FINA3020,FINA3020C,C,LEC,Undergraduate,E,3,International Finance,國際金融,- Professor ZHANG Henry Haorui,70,29,,,Dept of Finance,2026-08-15T01-53-13+08-00-full-term-1,current,
2420,7467,FINA3070,FINA3070A,A,LEC,Undergraduate,E,3,Corp Fin:Theory & Practice,公司財務：理論與實務,- Professor ZHENG Keling,70,26,,,Dept of Finance,2026-08-15T01-53-13+08-00-full-term-1,current,
2420,9595,FINA3070,FINA3070B,B,LEC,Undergraduate,E,3,Corp Fin:Theory & Practice,公司財務：理論與實務,- Professor ZHENG Keling,70,41,,,Dept of Finance,2026-08-15T01-53-13+08-00-full-term-1,current,
2420,9610,FINA3070,FINA3070C,C,LEC,Undergraduate,E,3,Corp Fin:Theory & Practice,公司財務：理論與實務,- Professor ZHENG Keling,70,40,,,Dept of Finance,2026-08-15T01-53-13+08-00-full-term-1,current,
2420,5544,FINA3080,FINA3080A,A,LEC,Undergraduate,E,3,Investment Ana & Portfolio Mgt,投資分析與組合管理,- Professor YING Chao,70,10,,,Dept of Finance,2026-08-15T01-53-13+08-00-full-term-1,current,
2420,5545,FINA3080,FINA3080B,B,LEC,Undergraduate,E,3,Investment Ana & Portfolio Mgt,投資分析與組合管理,- Professor YING Chao,60,52,,,Dept of Finance,2026-08-15T01-53-13+08-00-full-term-1,current,
2420,7306,FINA3080,FINA3080C,C,LEC,Undergraduate,E,3,Investment Ana & Portfolio Mgt,投資分析與組合管理,- Professor WU Xian,70,50,,,Dept of Finance,2026-08-15T01-53-13+08-00-full-term-1,current,
2420,9310,FINA3080,FINA3080D,D,LEC,Undergraduate,E,3,Investment Ana & Portfolio Mgt,投資分析與組合管理,- Professor WU Xian,70,55,,,Dept of Finance,2026-08-15T01-53-13+08-00-full-term-1,current,
2420,9311,FINA3080,FINA3080E,E,LEC,Undergraduate,E,3,Investment Ana & Portfolio Mgt,投資分析與組合管理,- Professor WU Xian,70,53,,,Dept of Finance,2026-08-15T01-53-13+08-00-full-term-1,current,
2420,7307,FINA3210,FINA3210A,A,LEC,Undergraduate,E,3,Risk Management and Insurance,風險管理與保險,- Dr. LEE Wing Yan,70,0,,,Dept of Finance,2026-08-15T01-53-13+08-00-full-term-1,current,
2420,9735,FINA3210,FINA3210B,B,LEC,Undergraduate,E,3,Risk Management and Insurance,風險管理與保險,- Dr. YUNG Hei Ming,70,33,,,Dept of Finance,2026-08-15T01-53-13+08-00-full-term-1,current,
2420,8483,FINA3222,FINA3222A,A,LEC,Undergraduate,E,3,Basic Short-term Act Math,基本短期保險數學,- Professor NG Cheuk Yin Andrew,60,1,,,Dept of Finance,2026-08-15T01-53-13+08-00-full-term-1,current,
2420,9830,FINA3240,FINA3240A,A,LEC,Undergraduate,E,3,Corp Property & Liability Insu,公司財產與責任保險,- Professor YEH Jia Hsing,60,12,,,Dept of Finance,2026-08-15T01-53-13+08-00-full-term-1,current,
2420,5799,FINA3290,FINA3290A,A,LEC,Undergraduate,E,3,Linear Models for Actuaries,線性模型在精算學的應用,- Dr. LEE Wing Yan,60,7,,,Dept of Finance,2026-08-15T01-53-13+08-00-full-term-1,current,
2420,8513,FINA3350,FINA3350A,A,LEC,Undergraduate,E,1,Foreign Exchange MKT Practices,外匯市場實務,- Mr. TSANG Tak Sang,60,36,,,Dept of Finance,2026-08-15T01-53-13+08-00-full-term-1,current,
2420,8502,FINA3360,FINA3360A,A,LEC,Undergraduate,E,1,Der War Pro & Arb Trad Concept,衍生權證、自營交易及套利策略,- Mr. LI Siu Pan Vincent,60,21,,,Dept of Finance,2026-08-15T01-53-13+08-00-full-term-1,current,
2420,9016,FINA3370,FINA3370A,A,LEC,Undergraduate,E,1,Intro to Bloomberg & Reuters,彭博及路透終端機應用,- Dr. MOK Ka Ming,20,0,,,Dept of Finance,2026-08-15T01-53-13+08-00-full-term-1,current,
2420,9017,FINA3370,FINA3370B,B,LEC,Undergraduate,E,1,Intro to Bloomberg & Reuters,彭博及路透終端機應用,- Dr. MOK Ka Ming,20,0,,,Dept of Finance,2026-08-15T01-53-13+08-00-full-term-1,current,
2420,7620,FINA3399,FINA3399A,A,LEC,Undergraduate,E,1,Current Issues in Finance,當前金融專題,- Mr. HONG En,60,52,,,Dept of Finance,2026-08-15T01-53-13+08-00-full-term-1,current,
2420,8500,FINA3399,FINA3399B,B,LEC,Undergraduate,E,1,Current Issues in Finance,當前金融專題,- Mr. FOK Ho Wah,60,47,,,Dept of Finance,2026-08-15T01-53-13+08-00-full-term-1,current,
2420,8485,FINA4030,FINA4030A,A,LEC,Undergraduate,E,3,Selected Topics in Finance,金融專題,- Dr. LAM Full Yet Eric Campbell,65,51,,,Dept of Finance,2026-08-15T01-53-13+08-00-full-term-1,current,
2420,8457,FINA4050,FINA4050A,A,LEC,Undergraduate,E,3,Mergers & Acquisitions,合併與收購,- Professor CHEW Seen Meng,50,27,,,Dept of Finance,2026-08-15T01-53-13+08-00-full-term-1,current,
2420,8480,FINA4110,FINA4110A,A,LEC,Undergraduate,E,3,Options and Futures,期權與期貨,- Dr. MOK Ka Ming,65,13,,,Dept of Finance,2026-08-15T01-53-13+08-00-full-term-1,current,
2420,8458,FINA4110,FINA4110B,B,LEC,Undergraduate,E,3,Options and Futures,期權與期貨,- Dr. MOK Ka Ming,65,41,,,Dept of Finance,2026-08-15T01-53-13+08-00-full-term-1,current,
2420,8672,FINA4150,FINA4150A,A,LEC,Undergraduate,E,3,Quan Methods for Fin'l Deriva,金融衍生工具的數量方法,- Professor LAW Ka Fai,65,33,,,Dept of Finance,2026-08-15T01-53-13+08-00-full-term-1,current,
2420,9002,FINA4215,FINA4215A,A,LEC,Undergraduate,E,1,Intro to Act Com Using Prophet,精算軟件Prophet導論,- Professor NG Cheuk Yin Andrew,30,0,Yes,Yes,Dept of Finance,2026-08-15T01-53-13+08-00-full-term-1,current,
2420,8464,FINA4320,FINA4320A,A,LEC,Undergraduate,E,1,China Equity Securities Market,中國權益證券市場,- Mr. LAU Kwan Ho,60,37,,,Dept of Finance,2026-08-15T01-53-13+08-00-full-term-1,current,
2420,8460,FINA4340,FINA4340A,A,LEC,Undergraduate,E,1,Structured Product: Fund & Ana,結構性産品：基礎與分析,- Mr. CHAN Chun Hin,60,25,,,Dept of Finance,2026-08-15T01-53-13+08-00-full-term-1,current,
2420,9611,FINA4370,FINA4370A,A,LEC,Undergraduate,E,3,Derivatives Trad: Ana & Strate,衍生商品交易：分析與策略,- Dr. LAM Full Yet Eric Campbell,65,16,,,Dept of Finance,2026-08-15T01-53-13+08-00-full-term-1,current,
2420,5787,FINA4420,FINA4420A,A,LEC,Undergraduate,E,3,Fin'l Mkts from a Mac Perspect,宏觀角度的金融市場,- Professor CHEW Seen Meng,45,0,,,Dept of Finance,2026-08-15T01-53-13+08-00-full-term-1,current,
2420,9733,FINA4430,FINA4430A,A,LEC,Undergraduate,E,3,Computerized Trading & Big Dat,計算機化交易和大數據,- Professor YAO Chen,55,22,,,Dept of Finance,2026-08-15T01-53-13+08-00-full-term-1,current,
2420,5102,FNSC2001,FNSC2001-,-,LEC,Undergraduate,E,2,Intro to Food Sci & Tech,食品科學及技術概論,- Dr. Erika KWEK - Professor CHEUNG Chi Keung Peter - Professor CHUNG Hau Yin,150,112,,,Food & Nutritional Sci PC,2026-08-15T01-53-13+08-00-full-term-1,current,
2420,8639,FNSC3001,FNSC3001A,AL01,LAB,Undergraduate,E,2,Food Science Laboratory I,食品科學實驗（一）,- Dr. Erika KWEK - Professor CHEUNG Chi Keung Peter,14,1,,,Food & Nutritional Sci PC,2026-08-15T01-53-13+08-00-full-term-1,current,
2420,8886,FNSC3001,FNSC3001B,BL01,LAB,Undergraduate,E,2,Food Science Laboratory I,食品科學實驗（一）,- Dr. Erika KWEK - Professor CHEUNG Chi Keung Peter,14,0,,,Food & Nutritional Sci PC,2026-08-15T01-53-13+08-00-full-term-1,current,
2420,8896,FNSC3001,FNSC3001C,CL01,LAB,Undergraduate,E,2,Food Science Laboratory I,食品科學實驗（一）,- Dr. Erika KWEK - Professor CHEUNG Chi Keung Peter,14,6,,,Food & Nutritional Sci PC,2026-08-15T01-53-13+08-00-full-term-1,current,
2420,8895,FNSC3001,FNSC3001D,DL01,LAB,Undergraduate,E,2,Food Science Laboratory I,食品科學實驗（一）,- Dr. Erika KWEK - Professor CHEUNG Chi Keung Peter,14,0,,,Food & Nutritional Sci PC,2026-08-15T01-53-13+08-00-full-term-1,current,
2420,8885,FNSC3002,FNSC3002D,DL01,LAB,Undergraduate,E,2,Nutritional Science Lab I,營養科學實驗（一）,- Dr. WONG Tsz Yan,30,29,,,Food & Nutritional Sci PC,2026-08-15T01-53-13+08-00-full-term-1,current,
2420,5103,FNSC3030,FNSC3030-,-,LEC,Undergraduate,E,3,Nutritional Biochemistry,營養生物化學,- Professor CHOW Hei Man,150,85,,,Food & Nutritional Sci PC,2026-08-15T01-53-13+08-00-full-term-1,current,
2420,9712,FNSC3110,FNSC3110-,-,LEC,Undergraduate,E,3,Food Chemistry & Analysis,食品化學及分析,- Professor CHEUNG Chi Keung Peter - Professor LI Cheng,150,91,,,Food & Nutritional Sci PC,2026-08-15T01-53-13+08-00-full-term-1,current,
2420,8643,FNSC4001,FNSC4001-,-L01,LAB,Undergraduate,E,2,Food Science Laboratory II,食品科學實驗（二）,- Dr. WONG Tsz Yan,15,7,,,Food & Nutritional Sci PC,2026-08-15T01-53-13+08-00-full-term-1,current,
2420,9372,FNSC4002,FNSC4002-,-L01,LAB,Undergraduate,E,2,Nutritional Science Lab II,營養科學實驗（二）,- Ms. YIP Pui Sze,40,5,,,Food & Nutritional Sci PC,2026-08-15T01-53-13+08-00-full-term-1,current,
2420,9136,FNSC4101,FNSC4101-,-,LEC,Undergraduate,E,3,Human Physi for Nut Studies I,人類生理學（營養學專科）（一）,- Dr. CHOY Siu Wah - Professor WONG Wing Tak Jack,100,32,,,Food & Nutritional Sci PC,2026-08-15T01-53-13+08-00-full-term-1,current,
2420,9204,FNSC4110,FNSC4110-,-,LEC,Undergraduate,E,3,Food Technology,食品技術學,- Dr. Erika KWEK - Professor CHEUNG Chi Keung Peter - Professor CHUNG Hau Yin - Professor LI Cheng,120,66,,,Food & Nutritional Sci PC,2026-08-15T01-53-13+08-00-full-term-1,current,
2420,7308,FNSC4120,FNSC4120-,-,LEC,Undergraduate,E,3,Community Nutrition,社區營養學,- Ms. SIN Man Ching - Ms. YIP Pui Sze,120,72,,,Food & Nutritional Sci PC,2026-08-15T01-53-13+08-00-full-term-1,current,
2420,7309,FNSC4150,FNSC4150-,-,LEC,Undergraduate,E,3,Intro to Med Nutr Therapy,食療學概論,- Dr. LI Yuk Man - Ms. SIN Man Ching - Professor TSANG Suk Ying,120,47,,,Food & Nutritional Sci PC,2026-08-15T01-53-13+08-00-full-term-1,current,
2420,7836,FNSC4902,FNSC4902-,-J01,PRJ,Undergraduate,E,2,Senior Experimental Proj II,實驗專題討論（二）,- Professor CHAN Ting Fung Philos,80,80,Yes,Yes,Food & Nutritional Sci PC,2026-08-15T01-53-13+08-00-full-term-1,current,
2420,5104,FNSC4906,FNSC4906-,-J01,PRJ,Undergraduate,E,2,Internship,專題實習,- Ms. SIN Man Ching,100,53,Yes,Yes,Food & Nutritional Sci PC,2026-08-15T01-53-13+08-00-full-term-1,current,
2420,7474,FREN1000,FREN1000A,AC01,CLW,Undergraduate,F&E,3,French I,法語（一）,- Ms. Marie-helene Christiane F. MOULLOT,28,25,,,Dept of Linguistics & Mod Lang,2026-08-15T01-53-13+08-00-full-term-1,current,
2420,4817,FREN1000,FREN1000B,BC01,CLW,Undergraduate,F&E,3,French I,法語（一）,- Mr. Benjamin Malcom Thomas GAUDET,28,25,,,Dept of Linguistics & Mod Lang,2026-08-15T01-53-13+08-00-full-term-1,current,
2420,4818,FREN1000,FREN1000C,CC01,CLW,Undergraduate,F&E,3,French I,法語（一）,- Mr. Edouard Pierre MAIRE,28,27,,,Dept of Linguistics & Mod Lang,2026-08-15T01-53-13+08-00-full-term-1,current,
2420,5856,FREN1000,FREN1000D,DC01,CLW,Undergraduate,F&E,3,French I,法語（一）,- Mr. Benjamin Malcom Thomas GAUDET,28,20,,,Dept of Linguistics & Mod Lang,2026-08-15T01-53-13+08-00-full-term-1,current,
2420,4820,FREN1000,FREN1000E,EC01,CLW,Undergraduate,F&E,3,French I,法語（一）,- Mr. Edouard Pierre MAIRE,28,26,,,Dept of Linguistics & Mod Lang,2026-08-15T01-53-13+08-00-full-term-1,current,
2420,4821,FREN1000,FREN1000F,FC01,CLW,Undergraduate,F&E,3,French I,法語（一）,- Mr Raphael Ange Francois A. CHIARELLI,28,20,,,Dept of Linguistics & Mod Lang,2026-08-15T01-53-13+08-00-full-term-1,current,
2420,4823,FREN1000,FREN1000G,GC01,CLW,Undergraduate,F&E,3,French I,法語（一）,- Mr. Louis Jean MUNSCH,28,17,,,Dept of Linguistics & Mod Lang,2026-08-15T01-53-13+08-00-full-term-1,current,
2420,4824,FREN1000,FREN1000H,HC01,CLW,Undergraduate,F&E,3,French I,法語（一）,- Mr. Benjamin Malcom Thomas GAUDET,28,26,,,Dept of Linguistics & Mod Lang,2026-08-15T01-53-13+08-00-full-term-1,current,
2420,8313,FREN1000,FREN1000I,IC01,CLW,Undergraduate,F&E,3,French I,法語（一）,- Mr. Louis Jean MUNSCH,28,27,,,Dept of Linguistics & Mod Lang,2026-08-15T01-53-13+08-00-full-term-1,current,
2420,9335,FREN1000,FREN1000J,JC01,CLW,Undergraduate,F&E,3,French I,法語（一）,- Mr. Louis Jean MUNSCH,28,24,,,Dept of Linguistics & Mod Lang,2026-08-15T01-53-13+08-00-full-term-1,current,
2420,7342,FREN1000,FREN1000K,KC01,CLW,Undergraduate,F&E,3,French I,法語（一）,- Mr. Edouard Pierre MAIRE,28,27,,,Dept of Linguistics & Mod Lang,2026-08-15T01-53-13+08-00-full-term-1,current,
2420,5136,FREN1000,FREN1000L,LC01,CLW,Undergraduate,F&E,3,French I,法語（一）,- Dr. MESLI Tarik,28,24,,,Dept of Linguistics & Mod Lang,2026-08-15T01-53-13+08-00-full-term-1,current,
2420,5284,FREN1100,FREN1100-,-C01,CLW,Undergraduate,F&E,3,Made in France,法國製造,- Mr. Benjamin Malcom Thomas GAUDET,28,19,,,Dept of Linguistics & Mod Lang,2026-08-15T01-53-13+08-00-full-term-1,current,
2420,4825,FREN2000,FREN2000A,AC01,CLW,Undergraduate,F&E,3,French II,法語（二）,- Mr. Louis Jean MUNSCH,28,21,,,Dept of Linguistics & Mod Lang,2026-08-15T01-53-13+08-00-full-term-1,current,
2420,4826,FREN2001,FREN2001A,AC01,CLW,Undergraduate,F&E,3,French III,法語（三）,- Mr Raphael Ange Francois A. CHIARELLI,28,22,,,Dept of Linguistics & Mod Lang,2026-08-15T01-53-13+08-00-full-term-1,current,
2420,4829,FREN2001,FREN2001B,BC01,CLW,Undergraduate,F&E,3,French III,法語（三）,- Mr Raphael Ange Francois A. CHIARELLI,28,20,,,Dept of Linguistics & Mod Lang,2026-08-15T01-53-13+08-00-full-term-1,current,
2420,7475,FREN2020,FREN2020-,-C01,CLW,Undergraduate,F&E,3,Sounds of French,法語語音入門,- Mr Raphael Ange Francois A. CHIARELLI,28,9,,,Dept of Linguistics & Mod Lang,2026-08-15T01-53-13+08-00-full-term-1,current,
2420,9127,FREN3001,FREN3001A,AC01,CLW,Undergraduate,F&E,3,French V,法語（五）,- Mr. Benjamin Malcom Thomas GAUDET,28,19,,,Dept of Linguistics & Mod Lang,2026-08-15T01-53-13+08-00-full-term-1,current,
2420,5055,FTEC3002,FTEC3002-,-T01,TUT,Undergraduate,E,3,Intro to Fin Infrastructures,金融基建概論,- Professor CHAN Chun Kwong,70,18,Yes,Yes,Dept of Sys Engg & Engg Mgt,2026-08-15T01-53-13+08-00-full-term-1,current,
2420,5311,FTEC4002,FTEC4002-,-T01,TUT,Undergraduate,E,3,Behavioral Analytics,定量行為分析,- Professor JIA Yanwei,54,22,,,Dept of Sys Engg & Engg Mgt,2026-08-15T01-53-13+08-00-full-term-1,current,
2420,8248,FTEC4003,FTEC4003-,-T01,TUT,Undergraduate,E,3,Data Mining for FinTech,面向金融科技的數據挖掘,- Professor WANG Sibo,55,21,,,Dept of Sys Engg & Engg Mgt,2026-08-15T01-53-13+08-00-full-term-1,current,
2420,6087,FTEC4998,FTEC4998A,AJ01,PRJ,Undergraduate,E,3,Final Year Project I,畢業專題研究（一）,- Professor CHENG Hong,3,0,Yes,Yes,Dept of Sys Engg & Engg Mgt,2026-08-15T01-53-13+08-00-full-term-1,current,
2420,6091,FTEC4998,FTEC4998B,BJ01,PRJ,Undergraduate,E,3,Final Year Project I,畢業專題研究（一）,- Professor HE Xuedong,3,0,Yes,Yes,Dept of Sys Engg & Engg Mgt,2026-08-15T01-53-13+08-00-full-term-1,current,
2420,6092,FTEC4998,FTEC4998C,CJ01,PRJ,Undergraduate,E,3,Final Year Project I,畢業專題研究（一）,- Professor GAO Xuefeng,3,1,Yes,Yes,Dept of Sys Engg & Engg Mgt,2026-08-15T01-53-13+08-00-full-term-1,current,
2420,6093,FTEC4998,FTEC4998D,DJ01,PRJ,Undergraduate,E,3,Final Year Project I,畢業專題研究（一）,- Professor HE Xuedong,3,0,Yes,Yes,Dept of Sys Engg & Engg Mgt,2026-08-15T01-53-13+08-00-full-term-1,current,
2420,6081,FTEC4998,FTEC4998E,EJ01,PRJ,Undergraduate,E,3,Final Year Project I,畢業專題研究（一）,- Professor YANG Chen,3,0,Yes,Yes,Dept of Sys Engg & Engg Mgt,2026-08-15T01-53-13+08-00-full-term-1,current,
2420,6080,FTEC4998,FTEC4998F,FJ01,PRJ,Undergraduate,E,3,Final Year Project I,畢業專題研究（一）,- Professor YANG Chen,3,0,Yes,Yes,Dept of Sys Engg & Engg Mgt,2026-08-15T01-53-13+08-00-full-term-1,current,
2420,6088,FTEC4998,FTEC4998G,GJ01,PRJ,Undergraduate,E,3,Final Year Project I,畢業專題研究（一）,- Professor LAM Wai,3,1,Yes,Yes,Dept of Sys Engg & Engg Mgt,2026-08-15T01-53-13+08-00-full-term-1,current,
2420,6089,FTEC4998,FTEC4998H,HJ01,PRJ,Undergraduate,E,3,Final Year Project I,畢業專題研究（一）,- Professor HE Xuedong,3,1,Yes,Yes,Dept of Sys Engg & Engg Mgt,2026-08-15T01-53-13+08-00-full-term-1,current,
2420,6082,FTEC4998,FTEC4998I,IJ01,PRJ,Undergraduate,E,3,Final Year Project I,畢業專題研究（一）,- Professor YANG Chen,3,0,Yes,Yes,Dept of Sys Engg & Engg Mgt,2026-08-15T01-53-13+08-00-full-term-1,current,
2420,6083,FTEC4998,FTEC4998J,JJ01,PRJ,Undergraduate,E,3,Final Year Project I,畢業專題研究（一）,- Professor LI Lingfei,3,0,Yes,Yes,Dept of Sys Engg & Engg Mgt,2026-08-15T01-53-13+08-00-full-term-1,current,
2420,6090,FTEC4998,FTEC4998K,KJ01,PRJ,Undergraduate,E,3,Final Year Project I,畢業專題研究（一）,- Professor WAI Hoi To,3,1,Yes,Yes,Dept of Sys Engg & Engg Mgt,2026-08-15T01-53-13+08-00-full-term-1,current,
2420,6094,FTEC4998,FTEC4998L,LJ01,PRJ,Undergraduate,E,3,Final Year Project I,畢業專題研究（一）,- Professor WAI Hoi To,3,1,Yes,Yes,Dept of Sys Engg & Engg Mgt,2026-08-15T01-53-13+08-00-full-term-1,current,
2420,6095,FTEC4998,FTEC4998M,MJ01,PRJ,Undergraduate,E,3,Final Year Project I,畢業專題研究（一）,- Professor WANG Sibo,3,1,Yes,Yes,Dept of Sys Engg & Engg Mgt,2026-08-15T01-53-13+08-00-full-term-1,current,
2420,6096,FTEC4998,FTEC4998N,NJ01,PRJ,Undergraduate,E,3,Final Year Project I,畢業專題研究（一）,- Professor NGUYEN Viet Anh,3,2,Yes,Yes,Dept of Sys Engg & Engg Mgt,2026-08-15T01-53-13+08-00-full-term-1,current,
2420,6129,FTEC4998,FTEC4998O,OJ01,PRJ,Undergraduate,E,3,Final Year Project I,畢業專題研究（一）,- Professor HE Xuedong,3,1,Yes,Yes,Dept of Sys Engg & Engg Mgt,2026-08-15T01-53-13+08-00-full-term-1,current,
2420,6130,FTEC4998,FTEC4998P,PJ01,PRJ,Undergraduate,E,3,Final Year Project I,畢業專題研究（一）,- Professor CHEN Nan,3,1,Yes,Yes,Dept of Sys Engg & Engg Mgt,2026-08-15T01-53-13+08-00-full-term-1,current,
2420,6347,FTEC4998,FTEC4998Q,QJ01,PRJ,Undergraduate,E,3,Final Year Project I,畢業專題研究（一）,- Professor AHN Dohyun,3,2,Yes,Yes,Dept of Sys Engg & Engg Mgt,2026-08-15T01-53-13+08-00-full-term-1,current,
2420,6057,FTEC4998,FTEC4998R,RJ01,PRJ,Undergraduate,E,3,Final Year Project I,畢業專題研究（一）,- Professor WU Xixin,3,2,Yes,Yes,Dept of Sys Engg & Engg Mgt,2026-08-15T01-53-13+08-00-full-term-1,current,
2420,6260,FTEC4998,FTEC4998S,SJ01,PRJ,Undergraduate,E,3,Final Year Project I,畢業專題研究（一）,- Professor WANG Sibo,3,1,Yes,Yes,Dept of Sys Engg & Engg Mgt,2026-08-15T01-53-13+08-00-full-term-1,current,
2420,6279,FTEC4998,FTEC4998T,TJ01,PRJ,Undergraduate,E,3,Final Year Project I,畢業專題研究（一）,- Professor XU Huifu,3,2,Yes,Yes,Dept of Sys Engg & Engg Mgt,2026-08-15T01-53-13+08-00-full-term-1,current,
2420,6280,FTEC4998,FTEC4998U,UJ01,PRJ,Undergraduate,E,3,Final Year Project I,畢業專題研究（一）,- Professor XU Huifu,3,2,Yes,Yes,Dept of Sys Engg & Engg Mgt,2026-08-15T01-53-13+08-00-full-term-1,current,
2420,5056,FTEC4998,FTEC4998V,VJ01,PRJ,Undergraduate,E,3,Final Year Project I,畢業專題研究（一）,- Professor JIA Yanwei,3,1,Yes,Yes,Dept of Sys Engg & Engg Mgt,2026-08-15T01-53-13+08-00-full-term-1,current,
2420,8104,FTEC4998,FTEC4998W,WJ01,PRJ,Undergraduate,E,3,Final Year Project I,畢業專題研究（一）,- Professor LIU Xunying,3,1,Yes,Yes,Dept of Sys Engg & Engg Mgt,2026-08-15T01-53-13+08-00-full-term-1,current,
2420,8305,GDRS1001,GDRS1001-,-T01,TUT,Undergraduate,E,3,Intro to Gender Studies,思考性別：性別研究導論,- Professor SUEN Yiu Tung,50,38,,,Gender Studies Pgm Comm,2026-08-15T01-53-13+08-00-full-term-1,current,
2420,5955,GDRS2010,GDRS2010-,-T01,TUT,Undergraduate,E,3,Quantitative Research Methods,性別研究的定量研究法,- Professor SONG Jing,25,23,,Yes,Gender Studies Pgm Comm,2026-08-15T01-53-13+08-00-full-term-1,current,
2420,6777,GDRS3002,GDRS3002-,-T01,TUT,Undergraduate,C,3,GDRS: Special Topic II,性別研究專題（二）,- Dr. LEE Chi Shing,15,0,,,Gender Studies Pgm Comm,2026-08-15T01-53-13+08-00-full-term-1,current,
2420,8307,GDRS3009,GDRS3009-,-T01,TUT,Undergraduate,E,3,Family and Society,家庭與社會,- Professor TAM Siu Mi Maria,35,8,,,Gender Studies Pgm Comm,2026-08-15T01-53-13+08-00-full-term-1,current,
2420,5561,GDRS3017,GDRS3017-,-T01,TUT,Undergraduate,E,3,Advancing DEI in Org,推動組織中的多元、平等和共融,- Miss CHICK Ben Yue,37,26,,,Gender Studies Pgm Comm,2026-08-15T01-53-13+08-00-full-term-1,current,
2420,8309,GDRS3214,GDRS3214-,-D01,DIS,Undergraduate,E,3,Media Representations,少數族群在香港的媒體呈現,- Dr. LEE Chi Shing,35,13,,,Gender Studies Pgm Comm,2026-08-15T01-53-13+08-00-full-term-1,current,
2420,9676,GDRS3999,GDRS3999-,-T01,TUT,Undergraduate,C,3,Talking Across Differences,跨越差異,- Dr. CHO Man Kit,50,41,,,Gender Studies Pgm Comm,2026-08-15T01-53-13+08-00-full-term-1,current,
2420,6171,GDRS4005,GDRS4005-,-I01,IND,Undergraduate,E,0,Thesis I,論文研討（一）,- Professor WONG Wang Ivy,30,30,Yes,Yes,Gender Studies Pgm Comm,2026-08-15T01-53-13+08-00-full-term-1,current,
2420,8327,GDRS4007,GDRS4007-,-T01,TUT,Undergraduate,E,3,"Gen,SexualityRace in Politica",政治中的性別與種族,- Dr. LEE Chi Shing,35,16,,,Gender Studies Pgm Comm,2026-08-15T01-53-13+08-00-full-term-1,current,
2420,8330,GDRS4009,GDRS4009-,-W01,WKS,Undergraduate,E,3,Internship,實習課程,- Dr. WONG Yuk Ying,30,15,Yes,Yes,Gender Studies Pgm Comm,2026-08-15T01-53-13+08-00-full-term-1,current,
2420,8983,GECC1000,GECC1000-,-A01,ASB,Undergraduate,C&E&P,0,College Assembly,書院週會,- Staff,4000,1367,Yes,Yes,Chung Chi College,2026-08-15T18-34-00+08-00-gap-recapture,gap_recapture,
2420,8888,GECC1000,GECC1000A,AA01,ASB,Undergraduate,C&E&P,0,College Assembly,書院週會,- Staff,4000,4000,Yes,Yes,Chung Chi College,2026-08-15T18-34-00+08-00-gap-recapture,gap_recapture,
2420,8693,GECC1130,GECC1130-,-,LEC,Undergraduate,C&E,2,Idea of a University,大學修學指導,- Professor YAM Cheuk Sing,1000,957,Yes,Yes,Chung Chi College,2026-08-15T18-34-00+08-00-gap-recapture,gap_recapture,
2420,8659,GECC1132,GECC1132-,-F01,FLD,Undergraduate,C&E&P,1,Learning through Serving: STOT,從服務中學習：學生為本教學,- Professor YAM Cheuk Sing,1200,1152,Yes,Yes,Chung Chi College,2026-08-15T18-34-00+08-00-gap-recapture,gap_recapture,
2420,9609,GECC1132,GECC1132AA,AAF1,FLD,Undergraduate,C&E&P,1,Learning through Serving: STOT,從服務中學習：學生為本教學,- Professor YAM Cheuk Yin Colten,20,20,Yes,Yes,Chung Chi College,2026-08-15T18-34-00+08-00-gap-recapture,gap_recapture,
2420,9608,GECC1132,GECC1132AB,ABF1,FLD,Undergraduate,C&E&P,1,Learning through Serving: STOT,從服務中學習：學生為本教學,- Rev. YIU Chi Ho,20,20,Yes,Yes,Chung Chi College,2026-08-15T18-34-00+08-00-gap-recapture,gap_recapture,
2420,9607,GECC1132,GECC1132AC,ACF1,FLD,Undergraduate,C&E&P,1,Learning through Serving: STOT,從服務中學習：學生為本教學,- Dr. SZETO Ka Sinn,20,20,Yes,Yes,Chung Chi College,2026-08-15T18-34-00+08-00-gap-recapture,gap_recapture,
2420,4844,GECC1132,GECC1132AD,ADF1,FLD,Undergraduate,C&E&P,1,Learning through Serving: STOT,從服務中學習：學生為本教學,- Dr. WONG Kin Ho,20,20,Yes,Yes,Chung Chi College,2026-08-15T18-34-00+08-00-gap-recapture,gap_recapture,
2420,5976,GECC1132,GECC1132AE,AEF1,FLD,Undergraduate,C&E&P,1,Learning through Serving: STOT,從服務中學習：學生為本教學,- Professor TSANG Tak Ming Desmond,20,20,Yes,Yes,Chung Chi College,2026-08-15T18-34-00+08-00-gap-recapture,gap_recapture,
2420,5977,GECC1132,GECC1132AF,AFF1,FLD,Undergraduate,C&E&P,1,Learning through Serving: STOT,從服務中學習：學生為本教學,- Mr. LAM Kin Wing,20,20,Yes,Yes,Chung Chi College,2026-08-15T18-34-00+08-00-gap-recapture,gap_recapture,
2420,5888,GECC1132,GECC1132AG,AGF1,FLD,Undergraduate,C&E&P,1,Learning through Serving: STOT,從服務中學習：學生為本教學,- Dr. LAM King Tin,20,20,Yes,Yes,Chung Chi College,2026-08-15T18-34-00+08-00-gap-recapture,gap_recapture,
2420,5890,GECC1132,GECC1132AH,AHF1,FLD,Undergraduate,C&E&P,1,Learning through Serving: STOT,從服務中學習：學生為本教學,- Dr. CHEUNG Wing Shing David,20,20,Yes,Yes,Chung Chi College,2026-08-15T18-34-00+08-00-gap-recapture,gap_recapture,
2420,5978,GECC1132,GECC1132AI,AIF1,FLD,Undergraduate,C&E&P,1,Learning through Serving: STOT,從服務中學習：學生為本教學,- Dr. AHMAT Ricky,20,20,Yes,Yes,Chung Chi College,2026-08-15T18-34-00+08-00-gap-recapture,gap_recapture,
2420,5981,GECC1132,GECC1132AJ,AJF1,FLD,Undergraduate,C&E&P,1,Learning through Serving: STOT,從服務中學習：學生為本教學,- Professor CHOW Ka Ming,20,20,Yes,Yes,Chung Chi College,2026-08-15T18-34-00+08-00-gap-recapture,gap_recapture,
2420,5957,GECC1132,GECC1132AK,AKF1,FLD,Undergraduate,C&E&P,1,Learning through Serving: STOT,從服務中學習：學生為本教學,- Dr. KWOK Ching Man,20,20,Yes,Yes,Chung Chi College,2026-08-15T18-34-00+08-00-gap-recapture,gap_recapture,
2420,5979,GECC1132,GECC1132AL,ALF1,FLD,Undergraduate,C&E&P,1,Learning through Serving: STOT,從服務中學習：學生為本教學,- Dr. TANG Pui Yin,20,20,Yes,Yes,Chung Chi College,2026-08-15T18-34-00+08-00-gap-recapture,gap_recapture,
2420,5984,GECC1132,GECC1132AM,AMF1,FLD,Undergraduate,C&E&P,1,Learning through Serving: STOT,從服務中學習：學生為本教學,- Professor YAM Cheuk Sing,20,20,Yes,Yes,Chung Chi College,2026-08-15T18-34-00+08-00-gap-recapture,gap_recapture,
2420,5887,GECC1132,GECC1132AN,ANF1,FLD,Undergraduate,C&E&P,1,Learning through Serving: STOT,從服務中學習：學生為本教學,- Professor LAW Thomas Ka Tung,20,20,Yes,Yes,Chung Chi College,2026-08-15T18-34-00+08-00-gap-recapture,gap_recapture,
2420,5975,GECC1132,GECC1132AO,AOF1,FLD,Undergraduate,C&E&P,1,Learning through Serving: STOT,從服務中學習：學生為本教學,- Professor CHAN Kai Tai,20,20,Yes,Yes,Chung Chi College,2026-08-15T18-34-00+08-00-gap-recapture,gap_recapture,
2420,4819,GECC1132,GECC1132AP,APF1,FLD,Undergraduate,C&E&P,1,Learning through Serving: STOT,從服務中學習：學生為本教學,- Dr. TAM Pui Yuk,20,20,Yes,Yes,Chung Chi College,2026-08-15T18-34-00+08-00-gap-recapture,gap_recapture,
2420,5891,GECC1132,GECC1132AQ,AQF1,FLD,Undergraduate,C&E&P,1,Learning through Serving: STOT,從服務中學習：學生為本教學,- Dr. LO Fai Hang,20,20,Yes,Yes,Chung Chi College,2026-08-15T18-34-00+08-00-gap-recapture,gap_recapture,
2420,5889,GECC1132,GECC1132AR,ARF1,FLD,Undergraduate,C&E&P,1,Learning through Serving: STOT,從服務中學習：學生為本教學,- Dr. NGAI Hung Kui,20,20,Yes,Yes,Chung Chi College,2026-08-15T18-34-00+08-00-gap-recapture,gap_recapture,
2420,5895,GECC1132,GECC1132AS,ASF1,FLD,Undergraduate,C&E&P,1,Learning through Serving: STOT,從服務中學習：學生為本教學,- Ms. SIN Man Ching,20,20,Yes,Yes,Chung Chi College,2026-08-15T18-34-00+08-00-gap-recapture,gap_recapture,
2420,5980,GECC1132,GECC1132AT,ATF1,FLD,Undergraduate,C&E&P,1,Learning through Serving: STOT,從服務中學習：學生為本教學,- Professor ZHUANG Xiaohong,20,20,Yes,Yes,Chung Chi College,2026-08-15T18-34-00+08-00-gap-recapture,gap_recapture,
2420,5894,GECC1132,GECC1132AU,AUF1,FLD,Undergraduate,C&E&P,1,Learning through Serving: STOT,從服務中學習：學生為本教學,- Dr. NG Ming Ho,20,20,Yes,Yes,Chung Chi College,2026-08-15T18-34-00+08-00-gap-recapture,gap_recapture,
2420,5974,GECC1132,GECC1132AV,AVF1,FLD,Undergraduate,C&E&P,1,Learning through Serving: STOT,從服務中學習：學生為本教學,- Dr. CHOY Siu Wah,20,20,Yes,Yes,Chung Chi College,2026-08-15T18-34-00+08-00-gap-recapture,gap_recapture,
2420,5948,GECC1132,GECC1132AW,AWF1,FLD,Undergraduate,C&E&P,1,Learning through Serving: STOT,從服務中學習：學生為本教學,- Dr. YIP Long Sang Kenny,20,20,Yes,Yes,Chung Chi College,2026-08-15T18-34-00+08-00-gap-recapture,gap_recapture,
2420,5983,GECC1132,GECC1132AX,AXF1,FLD,Undergraduate,C&E&P,1,Learning through Serving: STOT,從服務中學習：學生為本教學,- Professor MO Kar Him,20,20,Yes,Yes,Chung Chi College,2026-08-15T18-34-00+08-00-gap-recapture,gap_recapture,
2420,7204,GECC1132,GECC1132AY,AYF1,FLD,Undergraduate,C&E&P,1,Learning through Serving: STOT,從服務中學習：學生為本教學,- Mr. TAM Sin Lung,20,20,Yes,Yes,Chung Chi College,2026-08-15T18-34-00+08-00-gap-recapture,gap_recapture,
2420,5982,GECC1132,GECC1132AZ,AZF1,FLD,Undergraduate,C&E&P,1,Learning through Serving: STOT,從服務中學習：學生為本教學,- Professor LI Jianfeng,20,20,Yes,Yes,Chung Chi College,2026-08-15T18-34-00+08-00-gap-recapture,gap_recapture,
2420,7205,GECC1132,GECC1132BA,BAF1,FLD,Undergraduate,C&E&P,1,Learning through Serving: STOT,從服務中學習：學生為本教學,- Dr. CHIU Renee,20,20,Yes,Yes,Chung Chi College,2026-08-15T18-34-00+08-00-gap-recapture,gap_recapture,
2420,4827,GECC1132,GECC1132BB,BBF1,FLD,Undergraduate,C&E&P,1,Learning through Serving: STOT,從服務中學習：學生為本教學,- Professor YIM Cheuk Ling,20,20,Yes,Yes,Chung Chi College,2026-08-15T18-34-00+08-00-gap-recapture,gap_recapture,
2420,4828,GECC1132,GECC1132BC,BCF1,FLD,Undergraduate,C&E&P,1,Learning through Serving: STOT,從服務中學習：學生為本教學,- Professor KONG Siu Kai,20,20,Yes,Yes,Chung Chi College,2026-08-15T18-34-00+08-00-gap-recapture,gap_recapture,
2420,4860,GECC1132,GECC1132BD,BDF1,FLD,Undergraduate,C&E&P,1,Learning through Serving: STOT,從服務中學習：學生為本教學,- Dr. CHEUNG Wing Shan,20,20,Yes,Yes,Chung Chi College,2026-08-15T18-34-00+08-00-gap-recapture,gap_recapture,
2420,4862,GECC1132,GECC1132BE,BEF1,FLD,Undergraduate,C&E&P,1,Learning through Serving: STOT,從服務中學習：學生為本教學,- Professor SO Kwok Wei,20,20,Yes,Yes,Chung Chi College,2026-08-15T18-34-00+08-00-gap-recapture,gap_recapture,
2420,4863,GECC1132,GECC1132BF,BFF1,FLD,Undergraduate,C&E&P,1,Learning through Serving: STOT,從服務中學習：學生為本教學,- Dr. WONG Yuk Shim,20,20,Yes,Yes,Chung Chi College,2026-08-15T18-34-00+08-00-gap-recapture,gap_recapture,
2420,4864,GECC1132,GECC1132BG,BGF1,FLD,Undergraduate,C&E&P,1,Learning through Serving: STOT,從服務中學習：學生為本教學,- Professor XIAN Yanfang,20,20,Yes,Yes,Chung Chi College,2026-08-15T18-34-00+08-00-gap-recapture,gap_recapture,
2420,4865,GECC1132,GECC1132BH,BHF1,FLD,Undergraduate,C&E&P,1,Learning through Serving: STOT,從服務中學習：學生為本教學,- Professor LEUNG Shui Yee,20,20,Yes,Yes,Chung Chi College,2026-08-15T18-34-00+08-00-gap-recapture,gap_recapture,
2420,4866,GECC1132,GECC1132BI,BIF1,FLD,Undergraduate,C&E&P,1,Learning through Serving: STOT,從服務中學習：學生為本教學,- Dr. YAN Wai Hin,20,20,Yes,Yes,Chung Chi College,2026-08-15T18-34-00+08-00-gap-recapture,gap_recapture,
2420,4867,GECC1132,GECC1132BJ,BJF1,FLD,Undergraduate,C&E&P,1,Learning through Serving: STOT,從服務中學習：學生為本教學,- Dr. HO Ching Wai,20,20,Yes,Yes,Chung Chi College,2026-08-15T18-34-00+08-00-gap-recapture,gap_recapture,
2420,4868,GECC1132,GECC1132BK,BKF1,FLD,Undergraduate,C&E&P,1,Learning through Serving: STOT,從服務中學習：學生為本教學,- Dr. HO Ching Wai,20,20,Yes,Yes,Chung Chi College,2026-08-15T18-34-00+08-00-gap-recapture,gap_recapture,
2420,4869,GECC1132,GECC1132BL,BLF1,FLD,Undergraduate,C&E&P,1,Learning through Serving: STOT,從服務中學習：學生為本教學,- Ms. LEUNG Suk Kit,20,20,Yes,Yes,Chung Chi College,2026-08-15T18-34-00+08-00-gap-recapture,gap_recapture,
2420,4870,GECC1132,GECC1132BM,BMF1,FLD,Undergraduate,C&E&P,1,Learning through Serving: STOT,從服務中學習：學生為本教學,- Professor WONG Pak Ho,20,20,Yes,Yes,Chung Chi College,2026-08-15T18-34-00+08-00-gap-recapture,gap_recapture,
2420,4871,GECC1132,GECC1132BN,BNF1,FLD,Undergraduate,C&E&P,1,Learning through Serving: STOT,從服務中學習：學生為本教學,- Miss NG Sze Wing,20,20,Yes,Yes,Chung Chi College,2026-08-15T18-34-00+08-00-gap-recapture,gap_recapture,
2420,4946,GECC1132,GECC1132BO,BOF1,FLD,Undergraduate,C&E&P,1,Learning through Serving: STOT,從服務中學習：學生為本教學,- Dr. SIOW Lam,20,20,Yes,Yes,Chung Chi College,2026-08-15T18-34-00+08-00-gap-recapture,gap_recapture,
2420,4872,GECC1132,GECC1132BP,BPF1,FLD,Undergraduate,C&E&P,1,Learning through Serving: STOT,從服務中學習：學生為本教學,- Mr. CHIM Wong Kit,20,20,Yes,Yes,Chung Chi College,2026-08-15T18-34-00+08-00-gap-recapture,gap_recapture,
2420,4873,GECC1132,GECC1132BQ,BQF1,FLD,Undergraduate,C&E&P,1,Learning through Serving: STOT,從服務中學習：學生為本教學,- Rev. KO Kwok Hung,20,20,Yes,Yes,Chung Chi College,2026-08-15T18-34-00+08-00-gap-recapture,gap_recapture,
2420,4874,GECC1132,GECC1132BR,BRF1,FLD,Undergraduate,C&E&P,1,Learning through Serving: STOT,從服務中學習：學生為本教學,- Professor MAK Ka Fai,20,20,Yes,Yes,Chung Chi College,2026-08-15T18-34-00+08-00-gap-recapture,gap_recapture,
2420,5307,GECC1132,GECC1132BS,BSF1,FLD,Undergraduate,C&E&P,1,Learning through Serving: STOT,從服務中學習：學生為本教學,- Staff,20,20,Yes,Yes,Chung Chi College,2026-08-15T18-34-00+08-00-gap-recapture,gap_recapture,
2420,5383,GECC1132,GECC1132BT,BTF1,FLD,Undergraduate,C&E&P,1,Learning through Serving: STOT,從服務中學習：學生為本教學,- Staff,20,20,Yes,Yes,Chung Chi College,2026-08-15T18-34-00+08-00-gap-recapture,gap_recapture,
2420,7791,GECC1132,GECC1132BU,BUF1,FLD,Undergraduate,C&E&P,1,Learning through Serving: STOT,從服務中學習：學生為本教學,- Staff,20,20,Yes,Yes,Chung Chi College,2026-08-15T18-34-00+08-00-gap-recapture,gap_recapture,
2420,4830,GECC1132,GECC1132BV,BVF1,FLD,Undergraduate,C&E&P,1,Learning through Serving: STOT,從服務中學習：學生為本教學,- Staff,20,20,Yes,Yes,Chung Chi College,2026-08-15T18-34-00+08-00-gap-recapture,gap_recapture,
2420,4815,GECC1132,GECC1132BW,BWF1,FLD,Undergraduate,C&E&P,1,Learning through Serving: STOT,從服務中學習：學生為本教學,- Staff,20,20,Yes,Yes,Chung Chi College,2026-08-15T18-34-00+08-00-gap-recapture,gap_recapture,
2420,4875,GECC1132,GECC1132CA,CAF1,FLD,Undergraduate,E,1,Learning through Serving: STOT,從服務中學習：學生為本教學,- Dr. Benjamin Mark DRISCOL,20,20,Yes,Yes,Chung Chi College,2026-08-15T18-34-00+08-00-gap-recapture,gap_recapture,
2420,4822,GECC1132,GECC1132CB,CBF1,FLD,Undergraduate,E,1,Learning through Serving: STOT,從服務中學習：學生為本教學,- Mr. Thomas Michael HOPPER,20,20,Yes,Yes,Chung Chi College,2026-08-15T18-34-00+08-00-gap-recapture,gap_recapture,
2420,4878,GECC1132,GECC1132CC,CCF1,FLD,Undergraduate,P&E,1,Learning through Serving: STOT,從服務中學習：學生為本教學,- Dr. ZHANG Li,20,20,Yes,Yes,Chung Chi College,2026-08-15T18-34-00+08-00-gap-recapture,gap_recapture,
2420,4879,GECC1132,GECC1132CD,CDF1,FLD,Undergraduate,P&E,1,Learning through Serving: STOT,從服務中學習：學生為本教學,- Professor WANG Jian,20,20,Yes,Yes,Chung Chi College,2026-08-15T18-34-00+08-00-gap-recapture,gap_recapture,
2420,5951,GECC1132,GECC1132CE,CEF1,FLD,Undergraduate,P&E,1,Learning through Serving: STOT,從服務中學習：學生為本教學,- Dr. GUO Yingxia,20,20,Yes,Yes,Chung Chi College,2026-08-15T18-34-00+08-00-gap-recapture,gap_recapture,
2420,5949,GECC1132,GECC1132CF,CFF1,FLD,Undergraduate,P&E,1,Learning through Serving: STOT,從服務中學習：學生為本教學,- Professor DONG Wanxue,20,20,Yes,Yes,Chung Chi College,2026-08-15T18-34-00+08-00-gap-recapture,gap_recapture,
2420,5950,GECC1132,GECC1132CG,CGF1,FLD,Undergraduate,P&E,1,Learning through Serving: STOT,從服務中學習：學生為本教學,- Professor GAO Bo,20,20,Yes,Yes,Chung Chi College,2026-08-15T18-34-00+08-00-gap-recapture,gap_recapture,
2420,9463,GECC1132,GECC1132CH,CHF1,FLD,Undergraduate,P&E,1,Learning through Serving: STOT,從服務中學習：學生為本教學,- Professor YAN Yangqian,20,20,Yes,Yes,Chung Chi College,2026-08-15T18-34-00+08-00-gap-recapture,gap_recapture,
2420,9810,GECC1132,GECC1132CI,CIF1,FLD,Undergraduate,P&E,1,Learning through Serving: STOT,從服務中學習：學生為本教學,- Staff,20,20,Yes,Yes,Chung Chi College,2026-08-15T18-34-00+08-00-gap-recapture,gap_recapture,
2420,4880,GECC1132,GECC1132CJ,CJF1,FLD,Undergraduate,E,1,Learning through Serving: STOT,從服務中學習：學生為本教學,- Professor KANG Byung Ho,20,20,Yes,Yes,Chung Chi College,2026-08-15T18-34-00+08-00-gap-recapture,gap_recapture,
2420,4845,GECC1132,GECC1132CK,CKF1,FLD,Undergraduate,P&E,1,Learning through Serving: STOT,從服務中學習：學生為本教學,- Professor MA Yuan,20,20,Yes,Yes,Chung Chi College,2026-08-15T18-34-00+08-00-gap-recapture,gap_recapture,
2420,4881,GECC1132,GECC1132DA,DAF1,FLD,Undergraduate,C&E&P,1,Learning through Serving: STOT,從服務中學習：學生為本教學,- Dr. AU YEUNG Chau Kin,20,20,Yes,Yes,Chung Chi College,2026-08-15T18-34-00+08-00-gap-recapture,gap_recapture,
2420,4917,GECC1132,GECC1132DB,DBF1,FLD,Undergraduate,C&E&P,1,Learning through Serving: STOT,從服務中學習：學生為本教學,- Ms. CHAN Tze Kwan,20,20,Yes,Yes,Chung Chi College,2026-08-15T18-34-00+08-00-gap-recapture,gap_recapture,
2420,4919,GECC1132,GECC1132DC,DCF1,FLD,Undergraduate,C&E&P,1,Learning through Serving: STOT,從服務中學習：學生為本教學,- Staff,20,20,Yes,Yes,Chung Chi College,2026-08-15T18-34-00+08-00-gap-recapture,gap_recapture,
2420,4920,GECC1132,GECC1132EA,EAF1,FLD,Undergraduate,E,1,Learning through Serving: STOT,從服務中學習：學生為本教學,- Ms. LEUNG Kit Chi Ella,20,20,Yes,Yes,Chung Chi College,2026-08-15T18-34-00+08-00-gap-recapture,gap_recapture,
2420,9548,GECC1132,GECC1132EB,EBF1,FLD,Undergraduate,E,1,Learning through Serving: STOT,從服務中學習：學生為本教學,- Dr. LI Jiawei,20,20,Yes,Yes,Chung Chi College,2026-08-15T18-34-00+08-00-gap-recapture,gap_recapture,
2420,9552,GECC1132,GECC1132EC,ECF1,FLD,Undergraduate,P&E,1,Learning through Serving: STOT,從服務中學習：學生為本教學,- Miss HE Shan,20,20,Yes,Yes,Chung Chi College,2026-08-15T18-34-00+08-00-gap-recapture,gap_recapture,
2420,4921,GECC1132,GECC1132ED,EDF1,FLD,Undergraduate,P&E,1,Learning through Serving: STOT,從服務中學習：學生為本教學,- Professor LI Yufan,20,20,Yes,Yes,Chung Chi College,2026-08-15T18-34-00+08-00-gap-recapture,gap_recapture,
2420,4922,GECC1132,GECC1132EE,EEF1,FLD,Undergraduate,P&E,1,Learning through Serving: STOT,從服務中學習：學生為本教學,- Dr. TIAN Jie Jenny,20,20,Yes,Yes,Chung Chi College,2026-08-15T18-34-00+08-00-gap-recapture,gap_recapture,
2420,4924,GECC1132,GECC1132EF,EFF1,FLD,Undergraduate,E,1,Learning through Serving: STOT,從服務中學習：學生為本教學,- Ms. Lucie ROGERS,20,20,Yes,Yes,Chung Chi College,2026-08-15T18-34-00+08-00-gap-recapture,gap_recapture,
2420,4926,GECC1132,GECC1132EG,EGF1,FLD,Undergraduate,E,1,Learning through Serving: STOT,從服務中學習：學生為本教學,- Mr. Jonathan Christopher STOECKEL,20,20,Yes,Yes,Chung Chi College,2026-08-15T18-34-00+08-00-gap-recapture,gap_recapture,
2420,4928,GECC1132,GECC1132EH,EHF1,FLD,Undergraduate,E,1,Learning through Serving: STOT,從服務中學習：學生為本教學,- Staff,20,20,Yes,Yes,Chung Chi College,2026-08-15T18-34-00+08-00-gap-recapture,gap_recapture,
2420,4954,GECC1132,GECC1132EQ,EQF1,FLD,Undergraduate,P,1,Learning through Serving: STOT,從服務中學習：學生為本教學,- Staff,20,20,Yes,Yes,Chung Chi College,2026-08-15T18-34-00+08-00-gap-recapture,gap_recapture,
2420,10127,GECC1230,GECC1230-,-,LEC,Undergraduate,E,2,Learning of Life,人生問學,- Staff,500,499,Yes,Yes,Chung Chi College,2026-08-15T18-34-00+08-00-gap-recapture,gap_recapture,
2420,4942,GECC1230,GECC1230A,A,LEC,Undergraduate,E,2,Learning of Life,人生問學,- Professor CHAN Ka Fu Keith - Professor Raag ROLFSEN,110,110,Yes,Yes,Chung Chi College,2026-08-15T18-34-00+08-00-gap-recapture,gap_recapture,
2420,4933,GECC1230,GECC1230B,B,LEC,Undergraduate,E,2,Learning of Life,人生問學,- Professor CHAN Ka Fu Keith - Professor Raag ROLFSEN,150,149,Yes,Yes,Chung Chi College,2026-08-15T18-34-00+08-00-gap-recapture,gap_recapture,
2420,7087,GECC1230,GECC1230C,C,LEC,Undergraduate,E,2,Learning of Life,人生問學,- Professor CHAN Ka Fu Keith - Professor Raag ROLFSEN,240,240,Yes,Yes,Chung Chi College,2026-08-15T18-34-00+08-00-gap-recapture,gap_recapture,
2420,8003,GECC3130,GECC3130A,AS01,SEM,Undergraduate,C&E,3,Exploration and Discovery,學問與遊歷,- Dr. HAN Man,16,0,Yes,Yes,Chung Chi College,2026-08-15T18-34-00+08-00-gap-recapture,gap_recapture,
2420,8101,GECC3130,GECC3130AA,AAS1,SEM,Undergraduate,C&E,3,Exploration and Discovery,學問與遊歷,- Professor YAM Cheuk Sing,3,1,Yes,Yes,Chung Chi College,2026-08-15T18-34-00+08-00-gap-recapture,gap_recapture,
2420,8005,GECC3130,GECC3130B,BS01,SEM,Undergraduate,C&E,3,Exploration and Discovery,學問與遊歷,- Professor Raag ROLFSEN,16,1,Yes,Yes,Chung Chi College,2026-08-15T18-34-00+08-00-gap-recapture,gap_recapture,
2420,6220,GECC3130,GECC3130C,CS01,SEM,Undergraduate,C&E,3,Exploration and Discovery,學問與遊歷,- Ms. Annette Josefa Maria FROMEL,20,0,Yes,Yes,Chung Chi College,2026-08-15T18-34-00+08-00-gap-recapture,gap_recapture,
2420,6141,GECC3130,GECC3130D,DS01,SEM,Undergraduate,C&E,3,Exploration and Discovery,學問與遊歷,- Dr. AHMAT Ricky,27,0,Yes,Yes,Chung Chi College,2026-08-15T18-34-00+08-00-gap-recapture,gap_recapture,
2420,6138,GECC3130,GECC3130E,ES01,SEM,Undergraduate,C&E,3,Exploration and Discovery,學問與遊歷,- Dr. KAM Ho Chuen,16,0,Yes,Yes,Chung Chi College,2026-08-15T18-34-00+08-00-gap-recapture,gap_recapture,
2420,6142,GECC3130,GECC3130F,FS01,SEM,Undergraduate,C&E,3,Exploration and Discovery,學問與遊歷,- Dr. YIN Ho Fai Hoover,16,1,Yes,Yes,Chung Chi College,2026-08-15T18-34-00+08-00-gap-recapture,gap_recapture,
2420,6146,GECC3130,GECC3130G,GS01,SEM,Undergraduate,C&E,3,Exploration and Discovery,學問與遊歷,- Mr. WAN Tsz Ki,27,0,Yes,Yes,Chung Chi College,2026-08-15T18-34-00+08-00-gap-recapture,gap_recapture,
2420,6139,GECC3130,GECC3130H,HS01,SEM,Undergraduate,C&E,3,Exploration and Discovery,學問與遊歷,- Mr. WAN Tsz Ki,27,0,Yes,Yes,Chung Chi College,2026-08-15T18-34-00+08-00-gap-recapture,gap_recapture,
2420,6147,GECC3130,GECC3130I,IS01,SEM,Undergraduate,C&E,3,Exploration and Discovery,學問與遊歷,- Dr. LO Hau Man,12,0,Yes,Yes,Chung Chi College,2026-08-15T18-34-00+08-00-gap-recapture,gap_recapture,
2420,6326,GECC3230,GECC3230A,AT01,TUT,Undergraduate,C&E,3,Service-Learning Programme,服務學習計劃,- Professor TANG Wai Lan Gladys,4,0,Yes,Yes,Chung Chi College,2026-08-15T18-34-00+08-00-gap-recapture,gap_recapture,
2420,8105,GECC3230,GECC3230AA,AAT1,TUT,Undergraduate,C&E,3,Service-Learning Programme,服務學習計劃,- Professor YAM Cheuk Sing,3,3,Yes,Yes,Chung Chi College,2026-08-15T18-34-00+08-00-gap-recapture,gap_recapture,
2420,6123,GECC3230,GECC3230B,BT01,TUT,Undergraduate,C&E,3,Service-Learning Programme,服務學習計劃,- Dr. YEUNG Chi Yan,4,0,Yes,Yes,Chung Chi College,2026-08-15T18-34-00+08-00-gap-recapture,gap_recapture,
2420,6198,GECC3230,GECC3230C,CT01,TUT,Undergraduate,C&E,3,Service-Learning Programme,服務學習計劃,- Professor SHIU Tak Ying,4,0,Yes,Yes,Chung Chi College,2026-08-15T18-34-00+08-00-gap-recapture,gap_recapture,
2420,6124,GECC3230,GECC3230D,DT01,TUT,Undergraduate,C&E,3,Service-Learning Programme,服務學習計劃,- Professor MO Phoenix Kit Han,4,0,Yes,Yes,Chung Chi College,2026-08-15T18-34-00+08-00-gap-recapture,gap_recapture,
2420,8015,GECC3230,GECC3230E,ET01,TUT,Undergraduate,C&E,3,Service-Learning Programme,服務學習計劃,- Professor MO Kar Him,5,0,Yes,Yes,Chung Chi College,2026-08-15T18-34-00+08-00-gap-recapture,gap_recapture,
2420,7973,GECC3230,GECC3230F,FT01,TUT,Undergraduate,E,3,Service-Learning Programme,服務學習計劃,- Professor YAM Cheuk Yin Colten,4,0,Yes,Yes,Chung Chi College,2026-08-15T18-34-00+08-00-gap-recapture,gap_recapture,
2420,6264,GECC3230,GECC3230H,HT01,TUT,Undergraduate,C&E,3,Service-Learning Programme,服務學習計劃,- Professor WONG Wai Ching Angela,16,1,Yes,Yes,Chung Chi College,2026-08-15T18-34-00+08-00-gap-recapture,gap_recapture,
2420,6265,GECC3230,GECC3230I,IT01,TUT,Undergraduate,C&E,3,Service-Learning Programme,服務學習計劃,- Professor WONG Pak Ho,16,1,Yes,Yes,Chung Chi College,2026-08-15T18-34-00+08-00-gap-recapture,gap_recapture,
2420,8619,GECC3230,GECC3230J,JT01,TUT,Undergraduate,C&E,3,Service-Learning Programme,服務學習計劃,- Dr. LI Chun Hong,16,0,Yes,Yes,Chung Chi College,2026-08-15T18-34-00+08-00-gap-recapture,gap_recapture,
2420,8618,GECC3230,GECC3230K,KT01,TUT,Undergraduate,C&E,3,Service-Learning Programme,服務學習計劃,- Dr. WONG Kit Fai,4,0,Yes,Yes,Chung Chi College,2026-08-15T18-34-00+08-00-gap-recapture,gap_recapture,
2420,8014,GECC3230,GECC3230L,LT01,TUT,Undergraduate,C&E,3,Service-Learning Programme,服務學習計劃,- Dr. WONG Kit Fai,16,1,Yes,Yes,Chung Chi College,2026-08-15T18-34-00+08-00-gap-recapture,gap_recapture,
2420,7476,GECC4130,GECC4130A,AS01,SEM,Undergraduate,C&E,3,Senior Seminar,專題討論,- Dr. LI Kwan Hung Leo,28,5,Yes,Yes,Chung Chi College,2026-08-15T18-34-00+08-00-gap-recapture,gap_recapture,
2420,6485,GECC4130,GECC4130AA,AAS1,SEM,Undergraduate,C&E,3,Senior Seminar,專題討論,- Professor YAM Cheuk Sing,3,3,Yes,Yes,Chung Chi College,2026-08-15T18-34-00+08-00-gap-recapture,gap_recapture,
2420,9139,GECC4130,GECC4130B,BS01,SEM,Undergraduate,C&E,3,Senior Seminar,專題討論,- Dr. HA Lin Tat,28,10,Yes,Yes,Chung Chi College,2026-08-15T18-34-00+08-00-gap-recapture,gap_recapture,
2420,5841,GECC4130,GECC4130C,CS01,SEM,Undergraduate,C&E,3,Senior Seminar,專題討論,- Dr. AU YEUNG Chau Kin,28,8,Yes,Yes,Chung Chi College,2026-08-15T18-34-00+08-00-gap-recapture,gap_recapture,
2420,4877,GECC4130,GECC4130D,DS01,SEM,Undergraduate,C&E,3,Senior Seminar,專題討論,- Dr. NG Chi Kong,28,5,Yes,Yes,Chung Chi College,2026-08-15T18-34-00+08-00-gap-recapture,gap_recapture,
2420,5963,GECC4130,GECC4130E,ES01,SEM,Undergraduate,C&E,3,Senior Seminar,專題討論,- Dr. LING Cheuk Chi,28,5,Yes,Yes,Chung Chi College,2026-08-15T18-34-00+08-00-gap-recapture,gap_recapture,
2420,7206,GECC4130,GECC4130F,FS01,SEM,Undergraduate,C&E,3,Senior Seminar,專題討論,- Professor TAM Hon Lon,28,4,Yes,Yes,Chung Chi College,2026-08-15T18-34-00+08-00-gap-recapture,gap_recapture,
2420,9128,GECC4130,GECC4130G,GS01,SEM,Undergraduate,C&E,3,Senior Seminar,專題討論,- Professor CHUNG Ka Ki,28,6,Yes,Yes,Chung Chi College,2026-08-15T18-34-00+08-00-gap-recapture,gap_recapture,
2420,5961,GECC4130,GECC4130H,HS01,SEM,Undergraduate,P&E,3,Senior Seminar,專題討論,- Professor MIAO Qian,28,4,Yes,Yes,Chung Chi College,2026-08-15T18-34-00+08-00-gap-recapture,gap_recapture,
2420,5340,GECC4130,GECC4130I,IS01,SEM,Undergraduate,E,3,Senior Seminar,專題討論,- Professor ZHANG Xinglong,28,13,Yes,Yes,Chung Chi College,2026-08-15T18-34-00+08-00-gap-recapture,gap_recapture,
2420,5914,GECC4130,GECC4130J,JS01,SEM,Undergraduate,P&E,3,Senior Seminar,專題討論,- Professor WANG Dajun,28,4,Yes,Yes,Chung Chi College,2026-08-15T18-34-00+08-00-gap-recapture,gap_recapture,
2420,5960,GECC4130,GECC4130K,KS01,SEM,Undergraduate,P&E,3,Senior Seminar,專題討論,- Dr. OUYANG Ming,28,4,Yes,Yes,Chung Chi College,2026-08-15T18-34-00+08-00-gap-recapture,gap_recapture,
2420,5937,GECC4130,GECC4130L,LS01,SEM,Undergraduate,C&E,3,Senior Seminar,專題討論,- Professor LEE Wai Ying Joanna,28,8,Yes,Yes,Chung Chi College,2026-08-15T18-34-00+08-00-gap-recapture,gap_recapture,
2420,5964,GECC4130,GECC4130M,MS01,SEM,Undergraduate,C&E,3,Senior Seminar,專題討論,- Dr. LEE Ka Kiu,28,4,Yes,Yes,Chung Chi College,2026-08-15T18-34-00+08-00-gap-recapture,gap_recapture,
2420,5892,GECC4130,GECC4130N,NS01,SEM,Undergraduate,E,3,Senior Seminar,專題討論,- Professor KIM Minseop,28,8,Yes,Yes,Chung Chi College,2026-08-15T18-34-00+08-00-gap-recapture,gap_recapture,
2420,7207,GECC4130,GECC4130O,OS01,SEM,Undergraduate,E,3,Senior Seminar,專題討論,- Professor YANG Haibin,28,8,Yes,Yes,Chung Chi College,2026-08-15T18-34-00+08-00-gap-recapture,gap_recapture,
2420,7792,GECC4130,GECC4130P,PS01,SEM,Undergraduate,P&E,3,Senior Seminar,專題討論,- Professor CAO Xinyu,28,5,Yes,Yes,Chung Chi College,2026-08-15T18-34-00+08-00-gap-recapture,gap_recapture,
2420,5962,GECC4130,GECC4130Q,QS01,SEM,Undergraduate,C&E,3,Senior Seminar,專題討論,- Professor LAU LEUNG Mei Yee,28,4,Yes,Yes,Chung Chi College,2026-08-15T18-34-00+08-00-gap-recapture,gap_recapture,
2420,5905,GECC4130,GECC4130R,RS01,SEM,Undergraduate,C&E,3,Senior Seminar,專題討論,- Professor MOK Bong Ho,28,8,Yes,Yes,Chung Chi College,2026-08-15T18-34-00+08-00-gap-recapture,gap_recapture,
2420,5928,GECC4130,GECC4130S,SS01,SEM,Undergraduate,C&E,3,Senior Seminar,專題討論,- Dr. WONG Kin Hong,28,5,Yes,Yes,Chung Chi College,2026-08-15T18-34-00+08-00-gap-recapture,gap_recapture,
2420,7814,GECC4130,GECC4130YA,YAS1,SEM,Undergraduate,E,3,Senior Seminar,專題討論,- Professor Anna Maria BLOCKI,23,0,Yes,Yes,Chung Chi College,2026-08-15T18-34-00+08-00-gap-recapture,gap_recapture,
2420,7218,GECW1000,GECW1000-,-W01,WKS,Undergraduate,C&E&P,0,Non-formal Learning I,非形式學習（一）,- Professor CHEUNG Chi Kwan Vincent,100,100,Yes,Yes,CW Chu College,2026-08-15T01-53-13+08-00-full-term-1,current,
2420,7144,GECW1010,GECW1010-,-T06,TUT,Undergraduate,C&E&P,3,University and Society,大學與社會,- Dr. HUANG Yu - Dr. LIU Yanchen - Miss FUNG Sue Man - Mr. Michael Lane TESSMER - Professor Kenneth YOUNG - Professor Stephen John HALL,18,18,Yes,Yes,CW Chu College,2026-08-15T01-53-13+08-00-full-term-1,current,
2420,6547,GECW2000,GECW2000-,-W01,WKS,Undergraduate,C&E&P,0,Non-formal Learning II,非形式學習（二）,- Professor CHEUNG Chi Kwan Vincent,90,20,Yes,Yes,CW Chu College,2026-08-15T01-53-13+08-00-full-term-1,current,
2420,6180,GECW3000,GECW3000-,-W01,WKS,Undergraduate,C&E&P,0,Non-formal Learning III,非形式學習（三）,- Professor CHEUNG Chi Kwan Vincent,90,25,Yes,Yes,CW Chu College,2026-08-15T01-53-13+08-00-full-term-1,current,
2420,6181,GECW4000,GECW4000-,-W01,WKS,Undergraduate,C&E&P,0,Non-formal Learning IV,非形式學習（四）,- Professor CHEUNG Chi Kwan Vincent,90,27,Yes,Yes,CW Chu College,2026-08-15T01-53-13+08-00-full-term-1,current,
2420,7669,GECW4021,GECW4021A,AT01,TUT,Undergraduate,C&E&P,3,College Project,專題討論,- Professor Kenneth YOUNG,25,24,Yes,Yes,CW Chu College,2026-08-15T01-53-13+08-00-full-term-1,current,
2420,7670,GECW4021,GECW4021B,BT01,TUT,Undergraduate,C&E&P,3,College Project,專題討論,- Dr. CHEUNG Ho Yan Yannie - Professor Kenneth YOUNG,25,22,Yes,Yes,CW Chu College,2026-08-15T01-53-13+08-00-full-term-1,current,
2420,7671,GECW4022,GECW4022A,AT01,TUT,Undergraduate,C&E&P,3,College Project (Service),專題討論（服務學習）,- Professor Kenneth YOUNG - Professor WONG Suk Ying Veronica,25,21,Yes,Yes,CW Chu College,2026-08-15T01-53-13+08-00-full-term-1,current,
2420,7672,GECW4022,GECW4022B,BT01,TUT,Undergraduate,C&E&P,3,College Project (Service),專題討論（服務學習）,- Dr. CHOI Sze Hang - Professor Kenneth YOUNG,25,23,Yes,Yes,CW Chu College,2026-08-15T01-53-13+08-00-full-term-1,current,
2420,7673,GECW4022,GECW4022C,CT01,TUT,Undergraduate,C&E&P,3,College Project (Service),專題討論（服務學習）,- Professor CHEUNG Chi Kwan Vincent - Professor Kenneth YOUNG,25,13,Yes,Yes,CW Chu College,2026-08-15T01-53-13+08-00-full-term-1,current,
2420,7674,GECW4022,GECW4022D,DT01,TUT,Undergraduate,C&E&P,3,College Project (Service),專題討論（服務學習）,- Professor KO Ho - Professor Kenneth YOUNG,25,21,Yes,Yes,CW Chu College,2026-08-15T01-53-13+08-00-full-term-1,current,
2420,7675,GECW4022,GECW4022E,ET01,TUT,Undergraduate,C&E&P,3,College Project (Service),專題討論（服務學習）,- Professor FUNG Hoi Lam Helene - Professor Kenneth YOUNG - Professor ZHAO Jingjing,25,19,Yes,Yes,CW Chu College,2026-08-15T01-53-13+08-00-full-term-1,current,
2420,7705,GECW4022,GECW4022F,FT01,TUT,Undergraduate,C&E&P,3,College Project (Service),專題討論（服務學習）,- Dr. HUANG Yu - Professor Kenneth YOUNG,25,19,Yes,Yes,CW Chu College,2026-08-15T01-53-13+08-00-full-term-1,current,
2420,7706,GECW4022,GECW4022G,GT01,TUT,Undergraduate,C&E&P,3,College Project (Service),專題討論（服務學習）,- Professor CHAIR Sek Ying - Professor Kenneth YOUNG,25,20,Yes,Yes,CW Chu College,2026-08-15T01-53-13+08-00-full-term-1,current,
2420,7707,GECW4022,GECW4022H,HT01,TUT,Undergraduate,C&E&P,3,College Project (Service),專題討論（服務學習）,- Professor Kenneth YOUNG - Professor TSUI Tsz Ki Martin,25,22,Yes,Yes,CW Chu College,2026-08-15T01-53-13+08-00-full-term-1,current,
2420,7708,GECW4022,GECW4022I,IT01,TUT,Undergraduate,C&E&P,3,College Project (Service),專題討論（服務學習）,- Professor GU Shen - Professor Kenneth YOUNG,25,17,Yes,Yes,CW Chu College,2026-08-15T01-53-13+08-00-full-term-1,current,
2420,7709,GECW4022,GECW4022J,JT01,TUT,Undergraduate,C&E&P,3,College Project (Service),專題討論（服務學習）,- Dr. LAI Yu Hang - Professor Kenneth YOUNG,25,21,Yes,Yes,CW Chu College,2026-08-15T01-53-13+08-00-full-term-1,current,
2420,8090,GECW4030,GECW4030-,-J01,PRJ,Undergraduate,C&E&P,0,Service,服務,- Professor CHEUNG Chi Kwan Vincent,30,30,Yes,Yes,CW Chu College,2026-08-15T01-53-13+08-00-full-term-1,current,
2420,9835,GEMC1001,GEMC1001-,-X01,WBL,Undergraduate,E,3,Current Dilemmas and Histories,當前的困境及其歷史,- Professor Ann Louise HUSS,75,75,Yes,Yes,Morningside College,2026-08-15T01-53-13+08-00-full-term-1,current,
2420,6474,GEMC3001,GEMC3001-,-T03,TUT,Undergraduate,E,3,Service Learning,服務學習,- Professor Ann Louise HUSS,10,10,Yes,Yes,Morningside College,2026-08-15T01-53-13+08-00-full-term-1,current,
2420,8862,GENA1000,GENA1000-,-A01,ASB,Undergraduate,C&E&P,0,College Biweekly Assembly,書院雙週會,- Staff,1438,0,Yes,Yes,New Asia College,2026-08-15T01-53-13+08-00-full-term-1,current,
2420,8984,GENA1000,GENA1000A,AA01,ASB,Undergraduate,C&E&P,0,College Biweekly Assembly,書院雙週會,- Staff,2000,2000,Yes,Yes,New Asia College,2026-08-15T01-53-13+08-00-full-term-1,current,
2420,8883,GENA1112,GENA1112-,-,LEC,Undergraduate,C&E,1,Aspects of General Education,通識教育導論,- Professor TSE Wai Kit Wicky,1100,1073,Yes,Yes,New Asia College,2026-08-15T01-53-13+08-00-full-term-1,current,
2420,8606,GENA1114,GENA1114B,B,LEC,Undergraduate,C,3,Service Learning - Chinese Cul,服務學習: 中國文化在社區的傳,- Mr. WAN Tsz Ki,35,35,,,New Asia College,2026-08-15T01-53-13+08-00-full-term-1,current,
2420,6047,GENA1115,GENA1115A,A,LEC,Undergraduate,C,3,Service Learning – Make a Diff,服務學習: 改變社區由我做起,- Staff,35,35,,,New Asia College,2026-08-15T01-53-13+08-00-full-term-1,current,
2420,6048,GENA1115,GENA1115B,B,LEC,Undergraduate,E,3,Service Learning – Make a Diff,服務學習: 改變社區由我做起,- Staff,35,35,,,New Asia College,2026-08-15T01-53-13+08-00-full-term-1,current,
2420,8031,GENA1115,GENA1115C,C,LEC,Undergraduate,E,3,Service Learning – Make a Diff,服務學習: 改變社區由我做起,- Staff,35,35,,,New Asia College,2026-08-15T01-53-13+08-00-full-term-1,current,
2420,6270,GENA1116,GENA1116A,A,LEC,Undergraduate,C,3,Service Learning – Creating a,服務學習：多元共融，齊創新天,- Staff,35,35,,,New Asia College,2026-08-15T01-53-13+08-00-full-term-1,current,
2420,6300,GENA1116,GENA1116B,B,LEC,Undergraduate,E,3,Service Learning – Creating a,服務學習：多元共融，齊創新天,- Staff,35,35,,,New Asia College,2026-08-15T01-53-13+08-00-full-term-1,current,
2420,6368,GENA1116,GENA1116C,C,LEC,Undergraduate,C,3,Service Learning – Creating a,服務學習：多元共融，齊創新天,- Staff,35,35,,,New Asia College,2026-08-15T01-53-13+08-00-full-term-1,current,
2420,6046,GENA1116,GENA1116H,H,LEC,Undergraduate,C,3,Service Learning – Creating a,服務學習：多元共融，齊創新天,- Staff,35,35,,,New Asia College,2026-08-15T01-53-13+08-00-full-term-1,current,
2420,8417,GENA1116,GENA1116Q,Q,LEC,Undergraduate,C,3,Service Learning – Creating a,服務學習：多元共融，齊創新天,- Staff,35,35,,,New Asia College,2026-08-15T01-53-13+08-00-full-term-1,current,
2420,7028,GENA2112,GENA2112-,-,LEC,Undergraduate,C,2,Characteristics of W Culture,西方文化的特質,- Professor CHEUNG Hok Ming Frederick,45,0,,,New Asia College,2026-08-15T01-53-13+08-00-full-term-1,current,
2420,7029,GENA2122,GENA2122-,-,LEC,Undergraduate,E,2,Issues in American CultureHis,美國文化與歷史,- Miss Arantxa Alexandra GALVAN,38,4,,,New Asia College,2026-08-15T01-53-13+08-00-full-term-1,current,
2420,5005,GENA2142,GENA2142A,A,LEC,Undergraduate,C,2,Appreciation of Literature,文學欣賞,- Dr. CHING Chung Shan,50,30,,,New Asia College,2026-08-15T01-53-13+08-00-full-term-1,current,
2420,7712,GENA2212,GENA2212-,-,LEC,Undergraduate,E,2,Debates in Human Values,辯析人類價值觀,- Professor Manynooch FAMING,45,24,,,New Asia College,2026-08-15T01-53-13+08-00-full-term-1,current,
2420,8253,GENA2232,GENA2232A,A,LEC,Undergraduate,C,2,Founders' Ideals and NA Spirit,新亞精神與新亞先賢的文化教育理,- Mr. CHAN Pak Ka,50,0,,,New Asia College,2026-08-15T01-53-13+08-00-full-term-1,current,
2420,9414,GENA2262,GENA2262-,-,LEC,Undergraduate,P,2,Appreciation of Chinese Art,中國藝術欣賞,- Staff,55,21,,,New Asia College,2026-08-15T01-53-13+08-00-full-term-1,current,
2420,5453,GENA2322,GENA2322-,-,LEC,Undergraduate,C,2,General History of China,中國通史,- Dr. LUI Wing Sing,120,63,,,New Asia College,2026-08-15T01-53-13+08-00-full-term-1,current,
2420,9144,GENA2342,GENA2342-,-,LEC,Undergraduate,C,2,Appreciation of Music Cultures,中西音樂文化欣賞,- Professor CHIU Wai Yee Lulu,55,0,,,New Asia College,2026-08-15T01-53-13+08-00-full-term-1,current,
2420,5866,GENA2362,GENA2362-,-T02,TUT,Undergraduate,C,3,Intangible Heritage in HK,香港的非物質文化遺產,- Professor CHEUNG Chin Hung Sidney,13,7,,,Dept of Anthropology,2026-08-15T01-53-13+08-00-full-term-1,current,
2420,5931,GERM1000,GERM1000A,AC01,CLW,Undergraduate,G&E,3,German I,德語（一）,- Ms. Annette Josefa Maria FROMEL,28,24,,,Dept of Linguistics & Mod Lang,2026-08-15T01-53-13+08-00-full-term-1,current,
2420,7304,GERM1000,GERM1000B,BC01,CLW,Undergraduate,G&E,3,German I,德語（一）,- Ms. Annette Josefa Maria FROMEL,28,20,,,Dept of Linguistics & Mod Lang,2026-08-15T01-53-13+08-00-full-term-1,current,
2420,7231,GERM1000,GERM1000C,CC01,CLW,Undergraduate,G&E,3,German I,德語（一）,- Ms. Annette Josefa Maria FROMEL,28,21,,,Dept of Linguistics & Mod Lang,2026-08-15T01-53-13+08-00-full-term-1,current,
2420,9716,GERM1000,GERM1000D,DC01,CLW,Undergraduate,G&E,3,German I,德語（一）,- Mr. Alexander Markus KLING,28,23,,,Dept of Linguistics & Mod Lang,2026-08-15T01-53-13+08-00-full-term-1,current,
2420,5855,GERM1000,GERM1000E,EC01,CLW,Undergraduate,G&E,3,German I,德語（一）,- Mr. Bernd ESCH,28,25,,,Dept of Linguistics & Mod Lang,2026-08-15T01-53-13+08-00-full-term-1,current,
2420,9728,GERM1000,GERM1000F,FC01,CLW,Undergraduate,G&E,3,German I,德語（一）,- Mr. Bernd ESCH,28,22,,,Dept of Linguistics & Mod Lang,2026-08-15T01-53-13+08-00-full-term-1,current,
2420,6073,GERM1001,GERM1001-,-,LEC,Undergraduate,G&E,1,First Step in German,德語入門,- Staff,150,150,Yes,Yes,Dept of Linguistics & Mod Lang,2026-08-15T01-53-13+08-00-full-term-1,current,
2420,5700,GERM2000,GERM2000A,AC01,CLW,Undergraduate,G&E,3,German II,德語（二）,- Mr. Bernd ESCH,28,24,,,Dept of Linguistics & Mod Lang,2026-08-15T01-53-13+08-00-full-term-1,current,
2420,5654,GERM2001,GERM2001A,AC01,CLW,Undergraduate,G&E,3,German III,德語（三）,- Ms. Annette Josefa Maria FROMEL,28,19,,,Dept of Linguistics & Mod Lang,2026-08-15T01-53-13+08-00-full-term-1,current,
2420,7436,GERM2020,GERM2020-,-C01,CLW,Undergraduate,G&E,3,Sounds of German,德語語音入門,- Mr. Bernd ESCH,28,16,,,Dept of Linguistics & Mod Lang,2026-08-15T01-53-13+08-00-full-term-1,current,
2420,4831,GERM2200,GERM2200-,-C01,CLW,Undergraduate,G&E,3,German Cinema,德國電影,- Mr. Alexander Markus KLING,28,24,,,Dept of Linguistics & Mod Lang,2026-08-15T01-53-13+08-00-full-term-1,current,
2420,7477,GERM3001,GERM3001A,AC01,CLW,Undergraduate,G&E,3,German V,德語（五）,- Mr. Alexander Markus KLING,28,16,,,Dept of Linguistics & Mod Lang,2026-08-15T01-53-13+08-00-full-term-1,current,
2420,8635,GESC1000,GESC1000-,-A01,ASB,Undergraduate,C&E,0,College Assembly,書院聚會,- Staff,1400,0,Yes,Yes,Shaw College,2026-08-15T01-53-13+08-00-full-term-1,current,
2420,8781,GESC1000,GESC1000A,AA01,ASB,Undergraduate,C&E,0,College Assembly,書院聚會,- Staff,2000,2000,Yes,Yes,Shaw College,2026-08-15T01-53-13+08-00-full-term-1,current,
2420,9697,GESC1130,GESC1130-,-,LEC,Undergraduate,C,3,University and Society,大學與社會,- Dr. LAU Siu Lun,70,70,,,Shaw College,2026-08-15T01-53-13+08-00-full-term-1,current,
2420,7478,GESC1160,GESC1160-,-,LEC,Undergraduate,C&E,3,Environmental Problems in HK,香港環境問題,- Professor TSANG Ling Ming,90,0,,,Shaw College,2026-08-15T01-53-13+08-00-full-term-1,current,
2420,8644,GESC1230,GESC1230AA,AAJ1,PRJ,Undergraduate,E,3,Caring Heart Service Learning,懷仁服務學習,- Dr. AU Yi Man - Mr. CHAN Ying Kwok Kelvin - Ms. TAM Man Ching,30,26,Yes,,Shaw College,2026-08-15T01-53-13+08-00-full-term-1,current,
2420,7070,GESC1230,GESC1230BA,BAJ1,PRJ,Undergraduate,C&E,3,Caring Heart Service Learning,懷仁服務學習,- Miss HSU Ka Lam - Mr. MA Kin Wai,25,23,,,Shaw College,2026-08-15T01-53-13+08-00-full-term-1,current,
2420,5972,GESC1230,GESC1230CA,CAJ1,PRJ,Undergraduate,C,3,Caring Heart Service Learning,懷仁服務學習,- Mr. LAM Ting Hin,30,28,,,Shaw College,2026-08-15T01-53-13+08-00-full-term-1,current,
2420,5968,GESC1230,GESC1230CB,CBJ1,PRJ,Undergraduate,C,3,Caring Heart Service Learning,懷仁服務學習,- Mr. LAM Ting Hin,30,27,,,Shaw College,2026-08-15T01-53-13+08-00-full-term-1,current,
2420,7810,GESC1230,GESC1230DA,DAJ1,PRJ,Undergraduate,C&E,3,Caring Heart Service Learning,懷仁服務學習,- Dr. HO Sai Hau - Ms. LI Ching Man,30,28,,,Shaw College,2026-08-15T01-53-13+08-00-full-term-1,current,
2420,8689,GESC1230,GESC1230EA,EAJ1,PRJ,Undergraduate,C&E,3,Caring Heart Service Learning,懷仁服務學習,- Miss TANG Chi Shan,30,30,,,Shaw College,2026-08-15T01-53-13+08-00-full-term-1,current,
2420,5956,GESC1230,GESC1230FA,FAJ1,PRJ,Undergraduate,C&E,3,Caring Heart Service Learning,懷仁服務學習,- Ms. MA Wai Man Anita,30,24,,,Shaw College,2026-08-15T01-53-13+08-00-full-term-1,current,
2420,7793,GESC1230,GESC1230GA,GAJ1,PRJ,Undergraduate,C&E,3,Caring Heart Service Learning,懷仁服務學習,- Staff,30,30,,,Shaw College,2026-08-15T01-53-13+08-00-full-term-1,current,
2420,7019,GESC1230,GESC1230HA,HAJ1,PRJ,Undergraduate,C&E,3,Caring Heart Service Learning,懷仁服務學習,- Dr. CHAN Ka Ming,30,23,,,Shaw College,2026-08-15T01-53-13+08-00-full-term-1,current,
2420,5973,GESC1230,GESC1230KA,KAJ1,PRJ,Undergraduate,C&E,3,Caring Heart Service Learning,懷仁服務學習,- Ms. CHAU Wing Sze,30,27,,,Shaw College,2026-08-15T01-53-13+08-00-full-term-1,current,
2420,6964,GESC1230,GESC1230MA,MAJ1,PRJ,Undergraduate,C&E,3,Caring Heart Service Learning,懷仁服務學習,- Ms. CHUNG Ho Yan - Ms. LAI Siu Yuk,30,28,,,Shaw College,2026-08-15T01-53-13+08-00-full-term-1,current,
2420,7216,GESC1230,GESC1230PA,PAJ1,PRJ,Undergraduate,C&E,3,Caring Heart Service Learning,懷仁服務學習,- Ms. CHAN Man Hei,30,29,,,Shaw College,2026-08-15T01-53-13+08-00-full-term-1,current,
2420,4980,GESC1230,GESC1230QA,QAJ1,PRJ,Undergraduate,C&E,3,Caring Heart Service Learning,懷仁服務學習,- Ms. CHAU Wing Sze,30,30,,,Shaw College,2026-08-15T01-53-13+08-00-full-term-1,current,
2420,7021,GESC1230,GESC1230RA,RAJ1,PRJ,Undergraduate,C&E,3,Caring Heart Service Learning,懷仁服務學習,- Dr CHEUNG Pui Kei Eleanor,30,28,,,Shaw College,2026-08-15T01-53-13+08-00-full-term-1,current,
2420,7020,GESC1230,GESC1230TA,TAJ1,PRJ,Undergraduate,P,3,Caring Heart Service Learning,懷仁服務學習,- Dr. GAO Xin,30,7,Yes,,Shaw College,2026-08-15T01-53-13+08-00-full-term-1,current,
2420,8498,GESC1240,GESC1240-,-,LEC,Undergraduate,P&C,3,Buddhism As Lived,生活中的佛教：身、心與現代課題,- Dr TONG Sau Lin,40,0,,,Shaw College,2026-08-15T01-53-13+08-00-full-term-1,current,
2420,9565,GESC1250,GESC1250-,-,LEC,Undergraduate,C&E,3,Startup Exploration,創業探索,- Professor LAM Hiu Fung,40,0,,,Shaw College,2026-08-15T01-53-13+08-00-full-term-1,current,
2420,5847,GESC1260,GESC1260-,-X01,WBL,Undergraduate,E,3,The Hong Kong Story,香港故事,- Dr. LEE King Wa,80,0,,,Shaw College,2026-08-15T01-53-13+08-00-full-term-1,current,
2420,8218,GESC2010,GESC2010-,-,LEC,Undergraduate,E,3,"Film Gen:Love, Death & Laughs",電影類型：愛情、死亡及笑話,- Mr TSUI Hong Chee Clarence,30,0,,,Sch of Journalism and Comm,2026-08-15T01-53-13+08-00-full-term-1,current,
2420,7217,GESC2131,GESC2131-,-,LEC,Undergraduate,C&E,3,Comprehending the City,現代城市剖析,- Professor JIN Ting,60,0,,,Shaw College,2026-08-15T01-53-13+08-00-full-term-1,current,
2420,9807,GESC2150,GESC2150-,-T01,TUT,Undergraduate,C,3,Reconstr'n of HK His & Soc Dev,香港歷史的重構與社會發展,- Dr. CHEN Wenyan,60,0,,,Shaw College,2026-08-15T01-53-13+08-00-full-term-1,current,
2420,7339,GESC2390,GESC2390-,-,LEC,Undergraduate,E,3,Genethics,基因倫理學,- Dr. LO Fai Hang - Dr. NGAI Hung Kui,50,0,,,Shaw College,2026-08-15T01-53-13+08-00-full-term-1,current,
2420,6188,GESH1000,GESH1000-,-A01,ASB,Undergraduate,C&E&P,0,College Symposium,書院聚會,- Staff,700,317,Yes,Yes,S.H. Ho College,2026-08-15T01-53-13+08-00-full-term-1,current,
2420,5009,GESH1010,GESH1010-,-W01,WKS,Undergraduate,C&E&P,3,Orientation and Outreach,明新達人－善衡書院啟導課程,- Staff,180,179,Yes,Yes,S.H. Ho College,2026-08-15T01-53-13+08-00-full-term-1,current,
2420,7483,GESH1010,GESH1010A,AW01,WKS,Undergraduate,E,3,Orientation and Outreach,明新達人－善衡書院啟導課程,- Dr. Lipika Alok CHATTERJEE - Professor WONG Kam Bo,40,40,Yes,Yes,S.H. Ho College,2026-08-15T01-53-13+08-00-full-term-1,current,
2420,7319,GESH1010,GESH1010B,BW01,WKS,Undergraduate,P,3,Orientation and Outreach,明新達人－善衡書院啟導課程,- Miss NG Ho In - Professor CHENG Hong - Professor LAU Kit Ling,40,40,Yes,Yes,S.H. Ho College,2026-08-15T01-53-13+08-00-full-term-1,current,
2420,5007,GESH1010,GESH1010C,CW01,WKS,Undergraduate,C,3,Orientation and Outreach,明新達人－善衡書院啟導課程,- Dr. YUEN Chi Lok - Miss NGAI Yuet Ling - Mr. WU Tat Cheung Clement,40,40,Yes,Yes,S.H. Ho College,2026-08-15T01-53-13+08-00-full-term-1,current,
2420,5008,GESH1010,GESH1010D,DW01,WKS,Undergraduate,C,3,Orientation and Outreach,明新達人－善衡書院啟導課程,- Dr. CHEUNG Sin Ting Juanita - Dr. LAM Yiu Man - Professor LUK Sau Ha,40,40,Yes,Yes,S.H. Ho College,2026-08-15T01-53-13+08-00-full-term-1,current,
2420,7490,GESH1010,GESH1010E,EW01,WKS,Undergraduate,C,3,Orientation and Outreach,明新達人－善衡書院啟導課程,- Miss CHU Fung Ling - Professor LAU Kwok Chi,40,40,Yes,Yes,S.H. Ho College,2026-08-15T01-53-13+08-00-full-term-1,current,
2420,7491,GESH2011,GESH2011-,-,LEC,Undergraduate,C&E&P,1,S-L:Bringing Knowledge to Life,服務學習課程—明理致用,- Dr SHIK Wai Yan Angela,150,46,,,S.H. Ho College,2026-08-15T01-53-13+08-00-full-term-1,current,
2420,7007,GESH2012,GESH2012-,-J01,PRJ,Undergraduate,C&E&P,2,S-L:Action towards Personhood,服務學習課程—踐行立人,- Dr SHIK Wai Yan Angela,50,22,Yes,Yes,S.H. Ho College,2026-08-15T01-53-13+08-00-full-term-1,current,
2420,8636,GEUC1000,GEUC1000-,-A01,ASB,Undergraduate,C&E,0,College Assembly,書院聚會,- Professor LEE Hung Kay,1400,0,Yes,Yes,United College,2026-08-15T01-53-13+08-00-full-term-1,current,
2420,8780,GEUC1000,GEUC1000A,AA01,ASB,Undergraduate,C&E,0,College Assembly,書院聚會,- Professor LEE Hung Kay,1400,1400,Yes,Yes,United College,2026-08-15T01-53-13+08-00-full-term-1,current,
2420,8637,GEUC1111,GEUC1111-,-,LEC,Undergraduate,E,1,University Life & Learning,大學生活與學習,- Professor LEE Hung Kay,1000,966,Yes,Yes,United College,2026-08-15T01-53-13+08-00-full-term-1,current,
2420,8685,GEUC2017,GEUC2017-,-,LEC,Undergraduate,C#E,1,Bacchus:Exploring Grape Wine,巴格斯：萄葡酒之旅,- Mr LUK Yiu Man Raymond,35,14,Yes,Yes,United College,2026-08-15T01-53-13+08-00-full-term-1,current,
2420,7101,GEUC2019,GEUC2019-,-,LEC,Undergraduate,E,1,Design Thinking,創新設計思維方法,- Miss HO Wing Chee Beatrice,50,11,Yes,Yes,United College,2026-08-15T01-53-13+08-00-full-term-1,current,
2420,5771,GEUC2211,GEUC2211A,AF01,FLD,Undergraduate,C,2,Social Service in action: PR,社會服務實踐：參與及反思,- Ms. KWAN Ting Yan,50,32,,,United College,2026-08-15T01-53-13+08-00-full-term-1,current,
2420,5772,GEUC2211,GEUC2211B,BF01,FLD,Undergraduate,C,2,Social Service in action: PR,社會服務實踐：參與及反思,- Miss CHEUNG Wan Ying,50,40,,,United College,2026-08-15T01-53-13+08-00-full-term-1,current,
2420,5769,GEUC2211,GEUC2211C,CF01,FLD,Undergraduate,E,2,Social Service in action: PR,社會服務實踐：參與及反思,- Dr CHOY Bing Kong,50,46,,,United College,2026-08-15T01-53-13+08-00-full-term-1,current,
2420,4739,GEUC2211,GEUC2211D,DF01,FLD,Undergraduate,C,2,Social Service in action: PR,社會服務實踐：參與及反思,- Ms. KWAN Ting Yan,50,43,,,United College,2026-08-15T01-53-13+08-00-full-term-1,current,
2420,7003,GEUC2212,GEUC2212A,AF01,FLD,Undergraduate,C,2,Public Affairs in action: PR,公共事務實踐: 參與及反思,- Professor TAM Kam Lan Annie,50,47,,,United College,2026-08-15T01-53-13+08-00-full-term-1,current,
2420,7004,GEUC2212,GEUC2212B,BF01,FLD,Undergraduate,E,2,Public Affairs in action: PR,公共事務實踐: 參與及反思,- Professor TAM Kam Lan Annie,50,46,,,United College,2026-08-15T01-53-13+08-00-full-term-1,current,
2420,7005,GEUC2213,GEUC2213-,-F01,FLD,Undergraduate,C,2,Social Innovation,社會創新：社會創業與服務,- Miss CHAN Shuk Kwan,50,46,,,United College,2026-08-15T01-53-13+08-00-full-term-1,current,
2420,7006,GEUC2214,GEUC2214-,-F01,FLD,Undergraduate,C,2,Leadership in Practice,實踐領導才：服務,- Staff,32,24,,,United College,2026-08-15T01-53-13+08-00-full-term-1,current,
2420,7727,GEUC4011,GEUC4011A,AJ01,PRJ,Undergraduate,C#E,3,Senior Seminar,專題討論,- Dr. LEUNG Tak Wah,24,4,Yes,Yes,United College,2026-08-15T01-53-13+08-00-full-term-1,current,
2420,7138,GEUC4011,GEUC4011AA,AAJ1,PRJ,Undergraduate,C#E,3,Senior Seminar,專題討論,- Professor YAO Zhihua,24,4,Yes,Yes,United College,2026-08-15T01-53-13+08-00-full-term-1,current,
2420,7139,GEUC4011,GEUC4011AB,ABJ1,PRJ,Undergraduate,C#E,3,Senior Seminar,專題討論,- Professor YEUNG Chun Yiu,24,4,Yes,Yes,United College,2026-08-15T01-53-13+08-00-full-term-1,current,
2420,7014,GEUC4011,GEUC4011AC,ACJ1,PRJ,Undergraduate,C#E,3,Senior Seminar,專題討論,- Professor ZHAO Jingjing,24,4,Yes,Yes,United College,2026-08-15T01-53-13+08-00-full-term-1,current,
2420,7255,GEUC4011,GEUC4011B,BJ01,PRJ,Undergraduate,C#E,3,Senior Seminar,專題討論,- Professor CHAN Chun Ho,24,0,Yes,Yes,United College,2026-08-15T01-53-13+08-00-full-term-1,current,
2420,5830,GEUC4011,GEUC4011C,CJ01,PRJ,Undergraduate,C#E,3,Senior Seminar,專題討論,- Professor CHAN Kai Fung,24,0,Yes,Yes,United College,2026-08-15T01-53-13+08-00-full-term-1,current,
2420,7256,GEUC4011,GEUC4011D,DJ01,PRJ,Undergraduate,C#E,3,Senior Seminar,專題討論,- Professor CHEN Jun,24,5,Yes,Yes,United College,2026-08-15T01-53-13+08-00-full-term-1,current,
2420,7257,GEUC4011,GEUC4011E,EJ01,PRJ,Undergraduate,C#E,3,Senior Seminar,專題討論,- Dr. CHEUNG Yin Chu,24,4,Yes,Yes,United College,2026-08-15T01-53-13+08-00-full-term-1,current,
2420,7015,GEUC4011,GEUC4011F,FJ01,PRJ,Undergraduate,C#E,3,Senior Seminar,專題討論,- Professor CHOW Hei Man,24,4,Yes,Yes,United College,2026-08-15T01-53-13+08-00-full-term-1,current,
2420,5828,GEUC4011,GEUC4011G,GJ01,PRJ,Undergraduate,C#E,3,Senior Seminar,專題討論,- Professor GAO Xiangyu,24,4,Yes,Yes,United College,2026-08-15T01-53-13+08-00-full-term-1,current,
2420,7258,GEUC4011,GEUC4011H,HJ01,PRJ,Undergraduate,E,3,Senior Seminar,專題討論,- Professor Adam Jasper SMITH,24,4,Yes,Yes,United College,2026-08-15T01-53-13+08-00-full-term-1,current,
2420,5829,GEUC4011,GEUC4011I,IJ01,PRJ,Undergraduate,C#E,3,Senior Seminar,專題討論,- Dr. IP Tak Sang,24,4,Yes,Yes,United College,2026-08-15T01-53-13+08-00-full-term-1,current,
2420,7770,GEUC4011,GEUC4011J,JJ01,PRJ,Undergraduate,C#E,3,Senior Seminar,專題討論,- Dr. JIANG Yuli,24,4,Yes,Yes,United College,2026-08-15T01-53-13+08-00-full-term-1,current,
2420,7259,GEUC4011,GEUC4011K,KJ01,PRJ,Undergraduate,C#E,3,Senior Seminar,專題討論,- Dr. KWAN Cheuk Kin,24,4,Yes,Yes,United College,2026-08-15T01-53-13+08-00-full-term-1,current,
2420,7017,GEUC4011,GEUC4011L,LJ01,PRJ,Undergraduate,C#E,3,Senior Seminar,專題討論,- Dr. LI Chun Che,24,0,Yes,Yes,United College,2026-08-15T01-53-13+08-00-full-term-1,current,
2420,5831,GEUC4011,GEUC4011M,MJ01,PRJ,Undergraduate,C#E,3,Senior Seminar,專題討論,- Professor LOK Tat Ming,24,4,Yes,Yes,United College,2026-08-15T01-53-13+08-00-full-term-1,current,
2420,7771,GEUC4011,GEUC4011N,NJ01,PRJ,Undergraduate,C#E,3,Senior Seminar,專題討論,- Dr. MOK Tik Lun,24,5,Yes,Yes,United College,2026-08-15T01-53-13+08-00-full-term-1,current,
2420,7260,GEUC4011,GEUC4011O,OJ01,PRJ,Undergraduate,C#E,3,Senior Seminar,專題討論,- Professor SHAO Baihao,24,4,Yes,Yes,United College,2026-08-15T01-53-13+08-00-full-term-1,current,
2420,7497,GEUC4011,GEUC4011P,PJ01,PRJ,Undergraduate,C#E,3,Senior Seminar,專題討論,- Professor SHEN Jianfa,24,4,Yes,Yes,United College,2026-08-15T01-53-13+08-00-full-term-1,current,
2420,7261,GEUC4011,GEUC4011Q,QJ01,PRJ,Undergraduate,P#E,3,Senior Seminar,專題討論,- Professor SHI Weilei,24,4,Yes,Yes,United College,2026-08-15T01-53-13+08-00-full-term-1,current,
2420,7016,GEUC4011,GEUC4011R,RJ01,PRJ,Undergraduate,C#E,3,Senior Seminar,專題討論,- Ms. NG I Ling - Professor TAM Wai Lun,24,4,Yes,Yes,United College,2026-08-15T01-53-13+08-00-full-term-1,current,
2420,5832,GEUC4011,GEUC4011S,SJ01,PRJ,Undergraduate,C#E,3,Senior Seminar,專題討論,- Professor TANG Wing Ki,24,4,Yes,Yes,United College,2026-08-15T01-53-13+08-00-full-term-1,current,
2420,7262,GEUC4011,GEUC4011T,TJ01,PRJ,Undergraduate,C#E,3,Senior Seminar,專題討論,- Professor TO Kin Wah,24,4,Yes,Yes,United College,2026-08-15T01-53-13+08-00-full-term-1,current,
2420,7263,GEUC4011,GEUC4011U,UJ01,PRJ,Undergraduate,C#E,3,Senior Seminar,專題討論,- Professor TONG Man,24,0,Yes,Yes,United College,2026-08-15T01-53-13+08-00-full-term-1,current,
2420,7264,GEUC4011,GEUC4011V,VJ01,PRJ,Undergraduate,C,3,Senior Seminar,專題討論,- Dr. WONG Tat Wing,24,4,Yes,Yes,United College,2026-08-15T01-53-13+08-00-full-term-1,current,
2420,4740,GEUC4011,GEUC4011W,WJ01,PRJ,Undergraduate,C,3,Senior Seminar,專題討論,- Professor WU Xixin,24,4,Yes,Yes,United College,2026-08-15T01-53-13+08-00-full-term-1,current,
2420,4741,GEUC4011,GEUC4011X,XJ01,PRJ,Undergraduate,P#E,3,Senior Seminar,專題討論,- Professor XUE Haoran,24,4,Yes,Yes,United College,2026-08-15T01-53-13+08-00-full-term-1,current,
2420,7265,GEUC4011,GEUC4011Y,YJ01,PRJ,Undergraduate,C#E,3,Senior Seminar,專題討論,- Professor XUE Ying,24,4,Yes,Yes,United College,2026-08-15T01-53-13+08-00-full-term-1,current,
2420,7018,GEUC4011,GEUC4011Z,ZJ01,PRJ,Undergraduate,C#E,3,Senior Seminar,專題討論,- Professor YANG Tian,24,4,Yes,Yes,United College,2026-08-15T01-53-13+08-00-full-term-1,current,
2420,4742,GEUC4012,GEUC4012-,-P01,PRA,Undergraduate,C,3,Social Enterprise & Innovation,社會企業與創新：實習,- Dr. TSE Sze Hei,30,0,Yes,Yes,United College,2026-08-15T01-53-13+08-00-full-term-1,current,
2420,9416,GEWS1000,GEWS1000-,-A01,ASB,Undergraduate,C#E,0,College Assembly/High Table,書院週會／高桌晚宴,- Professor LIU Yan,400,0,Yes,Yes,Lee Woo Sing College,2026-08-15T01-53-13+08-00-full-term-1,current,
2420,5850,GEWS1011,GEWS1011-,-T10,TUT,Undergraduate,C,3,College Induction Course,新生啟導科目,- Professor LIU Yan,35,35,Yes,Yes,Lee Woo Sing College,2026-08-15T01-53-13+08-00-full-term-1,current,
2420,4999,GEWS1012,GEWS1012-,-T02,TUT,Undergraduate,E,3,"Exploration of Self, UNIV & HK",發掘自我、大學及當地文化,- Professor ZHOU Jingying,35,35,Yes,Yes,Lee Woo Sing College,2026-08-15T01-53-13+08-00-full-term-1,current,
2420,8866,GEWS2011,GEWS2011-,-,LEC,Undergraduate,C,3,The Art of Leadership,領導藝術,- Staff,40,0,,,Lee Woo Sing College,2026-08-15T01-53-13+08-00-full-term-1,current,
2420,8893,GEWS2041,GEWS2041-,-,LEC,Undergraduate,C,3,Future of Food,糧食的未來,- Staff,20,0,,,Lee Woo Sing College,2026-08-15T01-53-13+08-00-full-term-1,current,
2420,9761,GEWS2111,GEWS2111-,-,LEC,Undergraduate,C,3,History from Words,從文本看歷史,- Staff,30,1,,,Lee Woo Sing College,2026-08-15T01-53-13+08-00-full-term-1,current,
2420,9680,GEWS2151,GEWS2151-,-T01,TUT,Undergraduate,C&E,3,Emotional Wellness Promotion,與情緒同行：理論及實踐,- Dr. LEUNG Ying Ying,60,25,,,Lee Woo Sing College,2026-08-15T01-53-13+08-00-full-term-1,current,
2420,5797,GEYS1000,GEYS1000-,-A01,ASB,Undergraduate,C&E,0,College Assembly/ Forum,書院聚會／書院論壇,- Staff,1300,433,Yes,Yes,Wu Yee Sun College,2026-08-15T01-53-13+08-00-full-term-1,current,
2420,5732,GEYS1010,GEYS1010-,-,LEC,Undergraduate,C&E,3,Creative Social Responsibility,創新社會責任及持續發展,- Dr. LEUNG Po Kin - Professor LEE Albert - Professor LEE LAI Annisa - Professor POON Ming Kay,150,150,,,Wu Yee Sun College,2026-08-15T01-53-13+08-00-full-term-1,current,
2420,7790,GEYS4010,GEYS4010A,AS01,SEM,Undergraduate,C&E,3,College Senior Seminar,專題討論,- Dr. WONG Kwong Cheong,65,16,Yes,Yes,Wu Yee Sun College,2026-08-15T01-53-13+08-00-full-term-1,current,
2420,7789,GEYS4010,GEYS4010B,BS01,SEM,Undergraduate,C&E,3,College Senior Seminar,專題討論,- Professor FAN Kin Keung,65,22,Yes,Yes,Wu Yee Sun College,2026-08-15T01-53-13+08-00-full-term-1,current,
2420,5717,GEYS4010,GEYS4010C,CS01,SEM,Undergraduate,C&E,3,College Senior Seminar,專題討論,- Dr. LAM Lai Ling,65,22,Yes,Yes,Wu Yee Sun College,2026-08-15T01-53-13+08-00-full-term-1,current,
2420,5736,GEYS4010,GEYS4010D,DS01,SEM,Undergraduate,E,3,College Senior Seminar,專題討論,- Professor Hugh Alun Lloyd THOMAS,65,42,Yes,Yes,Wu Yee Sun College,2026-08-15T01-53-13+08-00-full-term-1,current,
2420,5594,GEYS4010,GEYS4010E,ES01,SEM,Undergraduate,C&E,3,College Senior Seminar,專題討論,- Professor LEUNG Tse Fong Terry,65,55,Yes,Yes,Wu Yee Sun College,2026-08-15T01-53-13+08-00-full-term-1,current,
2420,10063,GEYS4010,GEYS4010F,FS01,SEM,Undergraduate,C&E,3,College Senior Seminar,專題討論,- Staff,45,45,Yes,Yes,Wu Yee Sun College,2026-08-15T01-53-13+08-00-full-term-1,current,
2420,10064,GEYS4011,GEYS4011A,AJ01,PRJ,Undergraduate,C&E,3,Community Engagement,實踐社會責任：服務學習,- Staff,45,0,Yes,Yes,Wu Yee Sun College,2026-08-15T01-53-13+08-00-full-term-1,current,
2420,10065,GEYS4011,GEYS4011B,BJ01,PRJ,Undergraduate,C&E,3,Community Engagement,實踐社會責任：服務學習,- Staff,45,0,Yes,Yes,Wu Yee Sun College,2026-08-15T01-53-13+08-00-full-term-1,current,
2420,7750,GLEF3010,GLEF3010-,-,LEC,Undergraduate,E,3,International Monetary Systems,國際貨幣制度,- Dr. MOK Kai Chung,50,8,,,Global Economics & Finance PC,2026-08-15T01-53-13+08-00-full-term-1,current,
2420,9422,GLEF3030,GLEF3030-,-,LEC,Undergraduate,E,3,Global Financial Markets,環球金融市場,- Dr. KOT Hung Wan,51,19,,,Global Economics & Finance PC,2026-08-15T01-53-13+08-00-full-term-1,current,
2420,9877,GLEF4020,GLEF4020-,-,LEC,Undergraduate,E,3,Banking & Financial Regulation,國際金融與銀行監管,- Dr. HO Cheuk Yin,40,35,,,Global Economics & Finance PC,2026-08-15T01-53-13+08-00-full-term-1,current,
2420,6363,GLEF4090,GLEF4090-,-J01,PRJ,Undergraduate,E,3,Research Project,環球經濟金融學之研究課題,- Professor Mark HUP,15,2,Yes,Yes,Global Economics & Finance PC,2026-08-15T01-53-13+08-00-full-term-1,current,
2420,5807,GLSD1001,GLSD1001A,A,LEC,Undergraduate,E,3,Theo. Perspectives on Glob.,全球化的理論視角,- Dr. HORIUCHI Toru - Dr. HUNG Wing Lok - Professor CHEUNG Ho Ming - Professor LEE Fung,30,28,,Yes,Global Studies Pgm Comm,2026-08-15T01-53-13+08-00-full-term-1,current,
2420,5593,GLSD2001,GLSD2001-,-,LEC,Undergraduate,E,3,Research Methods for GS,全球研究的研究方法,- Dr. CHEUNG Ho Yan Yannie,45,25,,,Global Studies Pgm Comm,2026-08-15T01-53-13+08-00-full-term-1,current,
2420,5686,GLSD2101,GLSD2101-,-,LEC,Undergraduate,E,3,Global Communication,全球傳播,- Mr. POON Chi Hang Aries,50,48,,,Global Studies Pgm Comm,2026-08-15T01-53-13+08-00-full-term-1,current,
2420,7125,GLSD2501,GLSD2501-,-,LEC,Undergraduate,E,3,World Economic Order,世界經濟秩序,- Dr. Efstratios POURZITAKIS,30,25,,,Global Studies Pgm Comm,2026-08-15T01-53-13+08-00-full-term-1,current,
2420,7485,GLSD3404,GLSD3404-,-,LEC,Undergraduate,E,3,Japan and Global Pol. Econ.,日本與全球政治經濟,- Dr. HORIUCHI Toru,45,42,,,Global Studies Pgm Comm,2026-08-15T01-53-13+08-00-full-term-1,current,
2420,8562,GLSD3411,GLSD3411-,-,LEC,Undergraduate,E,3,Special Topic in Sus & Env,可持續發展和環境專題,- Dr. Maria Del Mar FRANCESCH HUIDOBRO,30,25,,,Global Studies Pgm Comm,2026-08-15T01-53-13+08-00-full-term-1,current,
2420,8468,GLSD3511,GLSD3511-,-,LEC,Undergraduate,E,3,Special Topic in Global Econ,全球經濟專題,- Dr. HUNG Wing Lok,30,26,,,Global Studies Pgm Comm,2026-08-15T01-53-13+08-00-full-term-1,current,
2420,7905,GLSD3601,GLSD3601-,-P01,PRA,Undergraduate,C&E,3,Internship,實習,- Dr. CHEUNG Ho Yan Yannie,30,11,Yes,Yes,Global Studies Pgm Comm,2026-08-15T01-53-13+08-00-full-term-1,current,
2420,6360,GLSD4001,GLSD4001-,-M01,TMC,Undergraduate,E,3,GS Capstone Thesis I,全球研究畢業論文（一）,- Dr. CHEUNG Ho Yan Yannie - Dr. HORIUCHI Toru - Dr. HUNG Wing Lok - Professor LEE Fung - Professor WONG Seanon Si Lon,30,30,Yes,Yes,Global Studies Pgm Comm,2026-08-15T01-53-13+08-00-full-term-1,current,
2420,6421,GLSD4002,GLSD4002-,-M01,TMC,Undergraduate,C&E,3,GS Capstone Thesis II,全球研究畢業論文（二）,- Dr. CHEUNG Ho Yan Yannie - Dr. HORIUCHI Toru - Dr. HUNG Wing Lok - Professor LEE Fung,30,28,Yes,Yes,Global Studies Pgm Comm,2026-08-15T01-53-13+08-00-full-term-1,current,
2420,6420,GLSD4003,GLSD4003-,-J01,PRJ,Undergraduate,C&E,3,GS Capstone Project I,全球研究畢業報告（一）,- Dr. CHEUNG Ho Yan Yannie - Dr. HORIUCHI Toru - Dr. HUNG Wing Lok - Professor LEE Fung,30,30,Yes,Yes,Global Studies Pgm Comm,2026-08-15T01-53-13+08-00-full-term-1,current,
2420,6446,GLSD4004,GLSD4004-,-J01,PRJ,Undergraduate,C&E,3,GS Capstone Project II,全球研究畢業報告（二）,- Dr. CHEUNG Ho Yan Yannie - Dr. HORIUCHI Toru - Dr. HUNG Wing Lok - Professor LEE Fung,30,30,Yes,Yes,Global Studies Pgm Comm,2026-08-15T01-53-13+08-00-full-term-1,current,
2420,6682,GPAD1000,GPAD1000-,-,LEC,Undergraduate,C&E,3,Learning GPA,認識政政,- Dr. LEE Ka Kiu,30,30,,,Government & Public Admin PC,2026-08-15T01-53-13+08-00-full-term-1,current,
2420,8547,GPAD1015,GPAD1015-,-,LEC,Undergraduate,C&E,3,Politics and Mass Media,政治與大眾傳媒,- Dr. KWAN Chung Yin,55,31,,,Government & Public Admin PC,2026-08-15T01-53-13+08-00-full-term-1,current,
2420,6684,GPAD1020,GPAD1020B,B,LEC,Undergraduate,E,3,Fundamentals of Government,政治學初基,- Dr. LI Ho Fai,60,60,,,Government & Public Admin PC,2026-08-15T01-53-13+08-00-full-term-1,current,
2420,5264,GPAD1050,GPAD1050B,B,LEC,Undergraduate,E,3,Government of Hong Kong,香港政府,- Dr. LI Ho Fai,70,64,,,Government & Public Admin PC,2026-08-15T01-53-13+08-00-full-term-1,current,
2420,6686,GPAD2020,GPAD2020-,-,LEC,Undergraduate,C&E,3,Politics of Culture,文化政治學,- Dr. LEE Ka Kiu,50,44,,,Government & Public Admin PC,2026-08-15T01-53-13+08-00-full-term-1,current,
2420,9707,GPAD2130,GPAD2130-,-,LEC,Undergraduate,E,3,Intro Comparative Politics,比較政治入門,- Dr. LI Qin,84,72,,,Government & Public Admin PC,2026-08-15T01-53-13+08-00-full-term-1,current,
2420,5758,GPAD2345,GPAD2345-,-,LEC,Undergraduate,E,3,International Politics,國際政治,- Professor WONG Seanon Si Lon,70,60,,,Government & Public Admin PC,2026-08-15T01-53-13+08-00-full-term-1,current,
2420,6688,GPAD2370,GPAD2370-,-T02,TUT,Undergraduate,E,3,Taiwan Studies,台灣研究,- Dr. KWAN Chung Yin,30,18,,,Government & Public Admin PC,2026-08-15T01-53-13+08-00-full-term-1,current,
2420,7162,GPAD3070,GPAD3070-,-T03,TUT,Undergraduate,C&E,3,Contem Pol Philosophy,當代政治哲學,- Professor CHOW Po Chung,20,20,,,Government & Public Admin PC,2026-08-15T01-53-13+08-00-full-term-1,current,
2420,7163,GPAD3160,GPAD3160-,-,LEC,Undergraduate,E,3,Governance of European Union,歐盟管治,- Dr. James Floyd DOWNES,40,12,,,Government & Public Admin PC,2026-08-15T01-53-13+08-00-full-term-1,current,
2420,9469,GPAD4077,GPAD4077-,-,LEC,Undergraduate,E,3,Seminar in Political Theory,政治理論研討,- Professor William James Clark SMITH,35,16,,,Government & Public Admin PC,2026-08-15T01-53-13+08-00-full-term-1,current,
2420,7164,GPAD4335,GPAD4335-,-,LEC,Undergraduate,C&E,3,Modern Chinese Pol Thought,現代中國政治思潮,- Professor CHOW Po Chung,30,16,,,Government & Public Admin PC,2026-08-15T01-53-13+08-00-full-term-1,current,
2420,6222,GPAD4601,GPAD4601-,-I01,IND,Undergraduate,C&E&P,3,Independent Studies I,自學研習（一）,- Staff,20,20,Yes,,Government & Public Admin PC,2026-08-15T01-53-13+08-00-full-term-1,current,
2420,8069,GPAD4602,GPAD4602-,-I01,IND,Undergraduate,C&E&P,3,Independent Studies II,自學研習（二）,- Staff,20,20,Yes,,Government & Public Admin PC,2026-08-15T01-53-13+08-00-full-term-1,current,
2420,6529,GPAD4701,GPAD4701-,-I01,IND,Undergraduate,C&E&P,0,Graduation Thesis I,畢業論文（一）,- Staff,20,20,Yes,,Government & Public Admin PC,2026-08-15T01-53-13+08-00-full-term-1,current,
2420,6025,GPAD4702,GPAD4702-,-I01,IND,Undergraduate,C&E&P,6,Graduation Thesis II,畢業論文（二）,- Staff,20,20,Yes,,Government & Public Admin PC,2026-08-15T01-53-13+08-00-full-term-1,current,
2420,6566,GPAD4801,GPAD4801-,-P01,PRA,Undergraduate,C#E,3,Professional Practicum I,專業實習（一）,- Professor CHAN Chee Hon,30,11,Yes,Yes,Government & Public Admin PC,2026-08-15T01-53-13+08-00-full-term-1,current,
2420,5106,GPAD4802,GPAD4802-,-P01,PRA,Undergraduate,C#E,3,Professional Practicum II,專業實習（二）,- Professor CHAN Chee Hon,30,28,Yes,Yes,Government & Public Admin PC,2026-08-15T01-53-13+08-00-full-term-1,current,
2420,9729,GRMD1003,GRMD1003-,-,LEC,Undergraduate,C,2,Understand China thr Cul Land,文化景觀 探識中國,- Professor XU Jiang,80,77,,,Dept of Geo & Resource Mgt,2026-08-15T01-53-13+08-00-full-term-1,current,
2420,9048,GRMD1301,GRMD1301-,-,LEC,Undergraduate,C,3,Greater Bay Area,透視粵港澳大灣區,- Professor LEE Wai Ying Joanna - Professor YEUNG Wai Chung Henry,70,61,,,Dept of Geo & Resource Mgt,2026-08-15T01-53-13+08-00-full-term-1,current,
2420,7362,GRMD1302,GRMD1302-,-T01,TUT,Undergraduate,E,3,"People, Space and Place",人‧空間‧地方,- Professor LEE Fung,80,68,,,Dept of Geo & Resource Mgt,2026-08-15T01-53-13+08-00-full-term-1,current,
2420,9661,GRMD1403,GRMD1403-,-T01,TUT,Undergraduate,E,3,"Resources, Society and Environ",資源、社會與環境,- Dr. WONG Kwan Kit - Professor CHAN Chung Shing - Professor LEE Fung,75,58,,Yes,Dept of Geo & Resource Mgt,2026-08-15T01-53-13+08-00-full-term-1,current,
2420,7955,GRMD2001,GRMD2001-,-F01,FLD,Undergraduate,E,1,Non-local Field Studies I,境外考察（一）,- Professor JIN Ting - Professor LU Xingcheng - Professor MA Peifeng - Professor ZHENG Qiming,80,79,Yes,Yes,Dept of Geo & Resource Mgt,2026-08-15T01-53-13+08-00-full-term-1,current,
2420,7479,GRMD2102,GRMD2102-,-T01,TUT,Undergraduate,E,3,Fundamental Stat for Geog,地理學統計初階,- Professor KAN Zihan,100,93,,,Dept of Geo & Resource Mgt,2026-08-15T01-53-13+08-00-full-term-1,current,
2420,7310,GRMD2105,GRMD2105-,-L01,LAB,Undergraduate,E,3,Introduction to GIS,地理信息系統導論,- Professor ZHENG Qiming,120,102,,,Dept of Geo & Resource Mgt,2026-08-15T01-53-13+08-00-full-term-1,current,
2420,5211,GRMD2106,GRMD2106-,-T01,TUT,Undergraduate,E,3,Introduction to Satellite Desi,衛星設計與應用導論,- Professor MA Peifeng,83,78,,,Dept of Geo & Resource Mgt,2026-08-15T01-53-13+08-00-full-term-1,current,
2420,8545,GRMD2209,GRMD2209-,-F01,FLD,Undergraduate,E,3,Physical Geology,自然地質學,- Dr. NG Kit Ying,60,32,,,Dept of Geo & Resource Mgt,2026-08-15T01-53-13+08-00-full-term-1,current,
2420,8215,GRMD2221,GRMD2221-,-P01,PRA,Undergraduate,E,3,Weather and Climate,天氣與氣候,- Professor Muhammad SAJJAD,80,68,,,Dept of Geo & Resource Mgt,2026-08-15T01-53-13+08-00-full-term-1,current,
2420,9795,GRMD2292,GRMD2292-,-,LEC,Undergraduate,C,2,Understanding Ecotourism,生態旅遊探索,- Professor CHAN Chung Shing,30,26,,,Dept of Geo & Resource Mgt,2026-08-15T01-53-13+08-00-full-term-1,current,
2420,9089,GRMD2303,GRMD2303-,-T01,TUT,Undergraduate,E,3,Urban Geography,城市地理學,- Professor Jack Laurie HARRIS,55,47,,,Dept of Geo & Resource Mgt,2026-08-15T01-53-13+08-00-full-term-1,current,
2420,5484,GRMD2401,GRMD2401-,-T01,TUT,Undergraduate,E,3,Sustainable Development,可持續發展,- Professor Jack Laurie HARRIS - Professor LU Xingcheng,40,32,,,Dept of Geo & Resource Mgt,2026-08-15T01-53-13+08-00-full-term-1,current,
2420,8037,GRMD3001,GRMD3001-,-F01,FLD,Undergraduate,E,1,Non-local Studies II,境外考察（二）,- Professor JIN Ting - Professor LU Xingcheng - Professor MA Peifeng - Professor ZHENG Qiming,80,79,Yes,Yes,Dept of Geo & Resource Mgt,2026-08-15T01-53-13+08-00-full-term-1,current,
2420,9118,GRMD3203,GRMD3203-,-L01,LAB,Undergraduate,E,3,Urban Environmental Problems,城市環境問題,- Professor LU Xingcheng,46,25,,,Dept of Geo & Resource Mgt,2026-08-15T01-53-13+08-00-full-term-1,current,
2420,5382,GRMD3209,GRMD3209-,-L01,LAB,Undergraduate,E,3,Soil Science,土壤學,- Professor LAI Yuk Fo,32,16,,,Dept of Geo & Resource Mgt,2026-08-15T01-53-13+08-00-full-term-1,current,
2420,5098,GRMD3231,GRMD3231-,-T01,TUT,Undergraduate,E,3,Best EIA Practices in the Digi,數字時代的最佳環境影響評估作業實踐,- Professor LAM Kin Che,40,12,,,Dept of Geo & Resource Mgt,2026-08-15T01-53-13+08-00-full-term-1,current,
2420,8247,GRMD3302,GRMD3302-,-T01,TUT,Undergraduate,E,3,Population and Migration,人口與遷移,- Professor SHEN Jianfa,70,54,,,Dept of Geo & Resource Mgt,2026-08-15T01-53-13+08-00-full-term-1,current,
2420,7311,GRMD3323,GRMD3323-,-T01,TUT,Undergraduate,E,3,Urban and Regional Planning,城市與區域規劃,- Professor LEE Wai Ying Joanna,58,45,,,Dept of Geo & Resource Mgt,2026-08-15T01-53-13+08-00-full-term-1,current,
2420,8261,GRMD3401,GRMD3401-,-T01,TUT,Undergraduate,E,3,Energy Resources for Carbon Ne,碳中和時代的能源資源,- Professor XU Yuan,40,24,,,Dept of Geo & Resource Mgt,2026-08-15T01-53-13+08-00-full-term-1,current,
2420,4979,GRMD4001,GRMD4001-,-J01,PRJ,Undergraduate,C&E,3,Final Year Thesis I,畢業論文（一）,- Dr. NG Kit Ying - Dr. WONG Kwan Kit - Professor CHAN Chung Shing - Professor JIN Ting - Professor Jack Laurie HARRIS - Professor KWAN Mei Po - Professor LAI Yuk Fo - Professor LAM Siu Ngan - Professor LEE Fung - Professor LEE Wai Ying Joanna,80,37,,,Dept of Geo & Resource Mgt,2026-08-15T01-53-13+08-00-full-term-1,current,
2420,4981,GRMD4002,GRMD4002-,-J01,PRJ,Undergraduate,C&E,3,Final Year Thesis II,畢業論文（二）,- Dr. NG Kit Ying - Dr. WONG Kwan Kit - Professor CHAN Chung Shing - Professor JIN Ting - Professor Jack Laurie HARRIS - Professor KWAN Mei Po - Professor LAI Yuk Fo - Professor LAM Siu Ngan - Professor LEE Fung - Professor LEE Wai Ying Joanna,80,77,Yes,Yes,Dept of Geo & Resource Mgt,2026-08-15T01-53-13+08-00-full-term-1,current,
2420,4990,GRMD4003,GRMD4003-,-T01,TUT,Undergraduate,E,3,Special Topics in GRM I,地理與資源管理專題研習（一）,- Staff,30,25,,,Dept of Geo & Resource Mgt,2026-08-15T01-53-13+08-00-full-term-1,current,
2420,8611,GRMD4202,GRMD4202-,-P01,PRA,Undergraduate,E,3,Hydrology and Water Resources,水文與水資源,- Professor LI Jianfeng,65,35,,,Dept of Geo & Resource Mgt,2026-08-15T01-53-13+08-00-full-term-1,current,
2420,8546,GRMD4503,GRMD4503-,-T01,TUT,Undergraduate,E,3,Smart City Policies & Gov,智慧城市政策與治理,- Professor CHUNG King Lam Calvin - Professor LU Xingcheng - Professor ZHENG Qiming,60,45,,,Dept of Geo & Resource Mgt,2026-08-15T01-53-13+08-00-full-term-1,current,
2420,5659,GRON3112,GRON3112-,-L02,LAB,Undergraduate,E,3,Basic Care in Gerontology,老年學的基礎照顧,- Mr. CHIU Cheuk Pong,17,17,,,JC Sch of Pub Health Prim Care,2026-08-15T01-53-13+08-00-full-term-1,current,
2420,5811,GRON3114,GRON3114-,-,LEC,Undergraduate,E,3,Psychology in Ageing,老齡心理學︰理論與應用,- Miss LAI Hoi Ki,33,6,,,JC Sch of Pub Health Prim Care,2026-08-15T01-53-13+08-00-full-term-1,current,
2420,5660,GRON3211,GRON3211-,-,LEC,Undergraduate,E,3,Chronic Disease Mgmt,慢性疾病管理,- Mr. CHIU Cheuk Pong,66,39,,,JC Sch of Pub Health Prim Care,2026-08-15T01-53-13+08-00-full-term-1,current,
2420,6457,GRON4312,GRON4312-,-P01,PRA,Undergraduate,E,8,Gerontological Practicum,老年學實習,- Miss LAI Hoi Ki,33,5,Yes,Yes,JC Sch of Pub Health Prim Care,2026-08-15T01-53-13+08-00-full-term-1,current,
2420,9165,HIST1000,HIST1000A,AT01,TUT,Undergraduate,C,3,History for Today,通古今之變,- Professor PUK Wing Kin,100,88,,,Dept of History,2026-08-15T01-53-13+08-00-full-term-1,current,
2420,5444,HIST1001,HIST1001A,AT01,TUT,Undergraduate,C,3,Trad & Transform in Chi Hist,中國歷史之傳統與變革,- Professor CHEUNG Hiu Yu,100,96,,,Dept of History,2026-08-15T01-53-13+08-00-full-term-1,current,
2420,7488,HIST1001,HIST1001B,BT01,TUT,Undergraduate,E,3,Trad & Transform in Chi Hist,中國歷史之傳統與變革,- Dr. WOO Tze Yan Jessie,100,98,,,Dept of History,2026-08-15T01-53-13+08-00-full-term-1,current,
2420,4853,HIST1700,HIST1700-,-T01,TUT,Undergraduate,C,3,Int to Pub His:TheoryPractice,公眾史學導論：理論與實踐,- Dr. FOK Yeung Yeung,100,91,,,Dept of History,2026-08-15T01-53-13+08-00-full-term-1,current,
2420,4936,HIST2007,HIST2007-,-T01,TUT,Undergraduate,E,3,Int to World His: Modern Era,現代世界通史,- Professor Noah Charles SHUSTERMAN,50,37,,,Dept of History,2026-08-15T01-53-13+08-00-full-term-1,current,
2420,9436,HIST2102,HIST2102-,-T02,TUT,Undergraduate,C,3,Transformat'n in Tang-Song Chi,唐宋之變革,- Dr. SIU Kam Wah,25,0,,,Dept of History,2026-08-15T01-53-13+08-00-full-term-1,current,
2420,4856,HIST2110,HIST2110-,-F01,FLD,Undergraduate,E,3,Walking Chinese History,走過中國歷史的古與今,- Dr. WOO Tze Yan Jessie,50,48,,,Dept of History,2026-08-15T01-53-13+08-00-full-term-1,current,
2420,4899,HIST2140,HIST2140-,-T01,TUT,Undergraduate,C,3,State & Soc in Ancient China,中國古代之國家與社會,- Professor LAM Weng Cheong,50,47,,,Dept of History,2026-08-15T01-53-13+08-00-full-term-1,current,
2420,5312,HIST2220,HIST2220-,-T01,TUT,Undergraduate,E,3,Rev & Mod in 20th-Cent China,二十世紀中國之革命與現代化,- Professor TSUI Kai Hin Brian,50,39,,,Dept of History,2026-08-15T01-53-13+08-00-full-term-1,current,
2420,4938,HIST2320,HIST2320-,-T01,TUT,Undergraduate,E,3,Hist of the Byzantine Empire Hist of the Byzantine Empire,,- Professor James Deas David Jack MORTON,50,41,,,Dept of History,2026-08-15T01-53-13+08-00-full-term-1,current,
2420,4911,HIST2500,HIST2500-,-T01,TUT,Undergraduate,C,3,History of Hong Kong,香港史,- Professor LUK Chi Hung,50,2,,,Dept of History,2026-08-15T01-53-13+08-00-full-term-1,current,
2420,4909,HIST2501,HIST2501GL,GLF1,FLD,Undergraduate,E,3,HK History in the Field,田野中的香港史,- Professor LUK Chi Hung,50,48,,,Dept of History,2026-08-15T01-53-13+08-00-full-term-1,current,
2420,4851,HIST3103,HIST3103-,-T01,TUT,Undergraduate,C,3,Daily Life in Han China,漢代生活史,- Professor TSE Wai Kit Wicky,50,2,,,Dept of History,2026-08-15T01-53-13+08-00-full-term-1,current,
2420,4902,HIST3327,HIST3327-,-T01,TUT,Undergraduate,E,3,"Europe, WWII & Holocaust",二戰與猶太人大屠殺,- Professor Noah Charles SHUSTERMAN,50,27,,,Dept of History,2026-08-15T01-53-13+08-00-full-term-1,current,
2420,4904,HIST3375,HIST3375-,-T01,TUT,Undergraduate,E,3,Philippines & Trans Pacific Philippines & Trans Pacific,,- Professor Ian Brandon MORLEY,50,2,,,Dept of History,2026-08-15T01-53-13+08-00-full-term-1,current,
2420,5074,HIST3376,HIST3376-,-T01,TUT,Undergraduate,P,3,Modern E-Asian PoliCult Hist,近現代東亞政治及文化史,- Professor TSUI Kai Hin Brian,50,2,,,Dept of History,2026-08-15T01-53-13+08-00-full-term-1,current,
2420,5378,HIST3404,HIST3404-,-T01,TUT,Undergraduate,C,3,Hist Literature & Documents,史學名著與典籍,- Professor CHEUNG Hiu Yu,50,24,,,Dept of History,2026-08-15T01-53-13+08-00-full-term-1,current,
2420,4913,HIST3505,HIST3505-,-T01,TUT,Undergraduate,C,3,Land Law in N.T.,新界土地法律和習俗,- Professor CHEUNG Sui Wai,50,44,,,Dept of History,2026-08-15T01-53-13+08-00-full-term-1,current,
2420,5379,HIST4261,HIST4261-,-T01,TUT,Undergraduate,C,3,1000 Yrs of Huizhou 800-1800CE,徽州一千年（公元800-1800年）,- Professor PUK Wing Kin,50,37,,,Dept of History,2026-08-15T01-53-13+08-00-full-term-1,current,
2420,4934,HIST4392,HIST4392-,-T01,TUT,Undergraduate,E,3,The Making of the Middle East,中東的歷史進程,- Professor James Deas David Jack MORTON,50,48,,,Dept of History,2026-08-15T01-53-13+08-00-full-term-1,current,
2420,4900,HIST4702,HIST4702RS,RST1,TUT,Undergraduate,E,3,Digital History,數位歷史學,- Dr. SHIH Yu Cheng,50,23,,,Dept of History,2026-08-15T01-53-13+08-00-full-term-1,current,
2420,4906,HIST4704,HIST4704-,-T01,TUT,Undergraduate,C,3,"Women, Soc & Pol in Mod China",近代中國的女性、政治與社會,- Dr. WANG Yiqiao,50,11,,,Dept of History,2026-08-15T01-53-13+08-00-full-term-1,current,
2420,8130,HIST4811,HIST4811BT,BTM1,TMC,Undergraduate,C&E,1,Graduation Thesis Guidance,畢業論文指導,- Professor TSUI Kai Hin Brian,8,3,Yes,Yes,Dept of History,2026-08-15T01-53-13+08-00-full-term-1,current,
2420,6272,HIST4811,HIST4811GL,GLM1,TMC,Undergraduate,C&E,1,Graduation Thesis Guidance,畢業論文指導,- Professor LUK Chi Hung,8,2,Yes,Yes,Dept of History,2026-08-15T01-53-13+08-00-full-term-1,current,
2420,6274,HIST4811,HIST4811HE,HEM1,TMC,Undergraduate,C&E,1,Graduation Thesis Guidance,畢業論文指導,- Professor HE Xi,8,3,Yes,Yes,Dept of History,2026-08-15T01-53-13+08-00-full-term-1,current,
2420,6516,HIST4811,HIST4811HY,HYM1,TMC,Undergraduate,C&E,1,Graduation Thesis Guidance,畢業論文指導,- Professor CHEUNG Hiu Yu,8,5,Yes,Yes,Dept of History,2026-08-15T01-53-13+08-00-full-term-1,current,
2420,6271,HIST4811,HIST4811IM,IMM1,TMC,Undergraduate,E,1,Graduation Thesis Guidance,畢業論文指導,- Professor Ian Brandon MORLEY,8,7,Yes,Yes,Dept of History,2026-08-15T01-53-13+08-00-full-term-1,current,
2420,6515,HIST4811,HIST4811JM,JMM1,TMC,Undergraduate,E,1,Graduation Thesis Guidance,畢業論文指導,- Professor James Deas David Jack MORTON,8,6,Yes,Yes,Dept of History,2026-08-15T01-53-13+08-00-full-term-1,current,
2420,6298,HIST4811,HIST4811JW,JWM1,TMC,Undergraduate,C&E,1,Graduation Thesis Guidance,畢業論文指導,- Dr. WOO Tze Yan Jessie,8,5,Yes,Yes,Dept of History,2026-08-15T01-53-13+08-00-full-term-1,current,
2420,6276,HIST4811,HIST4811KW,KWM1,TMC,Undergraduate,C&E,1,Graduation Thesis Guidance,畢業論文指導,- Dr. SIU Kam Wah,8,2,Yes,Yes,Dept of History,2026-08-15T01-53-13+08-00-full-term-1,current,
2420,6518,HIST4811,HIST4811NS,NSM1,TMC,Undergraduate,E,1,Graduation Thesis Guidance,畢業論文指導,- Professor Noah Charles SHUSTERMAN,8,7,Yes,Yes,Dept of History,2026-08-15T01-53-13+08-00-full-term-1,current,
2420,6517,HIST4811,HIST4811SM,SMM1,TMC,Undergraduate,E,1,Graduation Thesis Guidance,畢業論文指導,- Professor Stuart Michael MCMANUS,8,8,Yes,Yes,Dept of History,2026-08-15T01-53-13+08-00-full-term-1,current,
2420,6273,HIST4811,HIST4811SW,SWM1,TMC,Undergraduate,C&E,1,Graduation Thesis Guidance,畢業論文指導,- Professor CHEUNG Sui Wai,8,8,Yes,Yes,Dept of History,2026-08-15T01-53-13+08-00-full-term-1,current,
2420,6513,HIST4811,HIST4811WC,WCM1,TMC,Undergraduate,C&E,1,Graduation Thesis Guidance,畢業論文指導,- Professor LAM Weng Cheong,8,4,Yes,Yes,Dept of History,2026-08-15T01-53-13+08-00-full-term-1,current,
2420,6277,HIST4811,HIST4811WK,WKM1,TMC,Undergraduate,C&E,1,Graduation Thesis Guidance,畢業論文指導,- Professor PUK Wing Kin,8,2,Yes,Yes,Dept of History,2026-08-15T01-53-13+08-00-full-term-1,current,
2420,6296,HIST4811,HIST4811WT,WTM1,TMC,Undergraduate,C&E,1,Graduation Thesis Guidance,畢業論文指導,- Professor TSE Wai Kit Wicky,8,3,Yes,Yes,Dept of History,2026-08-15T01-53-13+08-00-full-term-1,current,
2420,6297,HIST4811,HIST4811WY,WYM1,TMC,Undergraduate,C&E,1,Graduation Thesis Guidance,畢業論文指導,- Dr. CHEN Wenyan,8,2,Yes,Yes,Dept of History,2026-08-15T01-53-13+08-00-full-term-1,current,
2420,8064,HIST4811,HIST4811YQ,YQM1,TMC,Undergraduate,C&E,1,Graduation Thesis Guidance,畢業論文指導,- Dr. WANG Yiqiao,8,6,Yes,Yes,Dept of History,2026-08-15T01-53-13+08-00-full-term-1,current,
2420,6514,HIST4811,HIST4811YY,YYM1,TMC,Undergraduate,C&E,1,Graduation Thesis Guidance,畢業論文指導,- Dr. FOK Yeung Yeung,8,2,Yes,Yes,Dept of History,2026-08-15T01-53-13+08-00-full-term-1,current,
2420,8066,HIST4812,HIST4812IM,IMM1,TMC,Undergraduate,E,5,Graduation Thesis,畢業論文,- Professor Ian Brandon MORLEY,8,8,Yes,Yes,Dept of History,2026-08-15T01-53-13+08-00-full-term-1,current,
2420,8068,HIST4812,HIST4812JW,JWM1,TMC,Undergraduate,C&E,5,Graduation Thesis,畢業論文,- Dr. WOO Tze Yan Jessie,8,7,Yes,Yes,Dept of History,2026-08-15T01-53-13+08-00-full-term-1,current,
2420,8067,HIST4812,HIST4812NS,NSM1,TMC,Undergraduate,E,5,Graduation Thesis,畢業論文,- Professor Noah Charles SHUSTERMAN,8,7,Yes,Yes,Dept of History,2026-08-15T01-53-13+08-00-full-term-1,current,
2420,8063,HIST4812,HIST4812SW,SWM1,TMC,Undergraduate,C&E,5,Graduation Thesis,畢業論文,- Professor CHEUNG Sui Wai,8,6,Yes,Yes,Dept of History,2026-08-15T01-53-13+08-00-full-term-1,current,
2420,8065,HIST4812,HIST4812WY,WYM1,TMC,Undergraduate,C&E,5,Graduation Thesis,畢業論文,- Dr. CHEN Wenyan,8,8,Yes,Yes,Dept of History,2026-08-15T01-53-13+08-00-full-term-1,current,
2420,7341,HKSL1000,HKSL1000A,AC01,CLW,Undergraduate,SL,3,Hong Kong Sign Language I,香港手語（一）,- Miss YU On Lam Anita,28,17,,,Dept of Linguistics & Mod Lang,2026-08-15T01-53-13+08-00-full-term-1,current,
2420,7409,HKSL1000,HKSL1000B,BC01,CLW,Undergraduate,SL,3,Hong Kong Sign Language I,香港手語（一）,- Mr. SUNG Leung Sing,28,20,,,Dept of Linguistics & Mod Lang,2026-08-15T01-53-13+08-00-full-term-1,current,
2420,5706,HKSL1000,HKSL1000C,CC01,CLW,Undergraduate,SL,3,Hong Kong Sign Language I,香港手語（一）,- Miss YU On Lam Anita,28,17,,,Dept of Linguistics & Mod Lang,2026-08-15T01-53-13+08-00-full-term-1,current,
2420,7229,HKSL1000,HKSL1000D,DC01,CLW,Undergraduate,SL,3,Hong Kong Sign Language I,香港手語（一）,- Mr. CHU Kwan Ngai Kenny,28,21,,,Dept of Linguistics & Mod Lang,2026-08-15T01-53-13+08-00-full-term-1,current,
2420,5218,HKSL1000,HKSL1000E,EC01,CLW,Undergraduate,SL,3,Hong Kong Sign Language I,香港手語（一）,- Miss YU Wai Lam Brenda,28,20,,,Dept of Linguistics & Mod Lang,2026-08-15T01-53-13+08-00-full-term-1,current,
2420,7277,HKSL1000,HKSL1000F,FC01,CLW,Undergraduate,SL,3,Hong Kong Sign Language I,香港手語（一）,- Mr. CHU Kwan Ngai Kenny,24,17,,,Dept of Linguistics & Mod Lang,2026-08-15T01-53-13+08-00-full-term-1,current,
2420,5775,HKSL1000,HKSL1000G,GC01,CLW,Undergraduate,SL,3,Hong Kong Sign Language I,香港手語（一）,- Miss YU Wai Lam Brenda,28,19,,,Dept of Linguistics & Mod Lang,2026-08-15T01-53-13+08-00-full-term-1,current,
2420,5664,HKSL1000,HKSL1000H,HC01,CLW,Undergraduate,SL,3,Hong Kong Sign Language I,香港手語（一）,- Mr. SUNG Leung Sing,28,22,,,Dept of Linguistics & Mod Lang,2026-08-15T01-53-13+08-00-full-term-1,current,
2420,5663,HKSL1000,HKSL1000I,IC01,CLW,Undergraduate,SL,3,Hong Kong Sign Language I,香港手語（一）,- Mr. CHU Kwan Ngai Kenny,28,21,,,Dept of Linguistics & Mod Lang,2026-08-15T01-53-13+08-00-full-term-1,current,
2420,5627,HKSL1000,HKSL1000J,JC01,CLW,Undergraduate,SL,3,Hong Kong Sign Language I,香港手語（一）,- Mr. SUNG Leung Sing,28,21,,,Dept of Linguistics & Mod Lang,2026-08-15T01-53-13+08-00-full-term-1,current,
2420,5628,HKSL1000,HKSL1000K,KC01,CLW,Undergraduate,SL,3,Hong Kong Sign Language I,香港手語（一）,- Mr. CHU Kwan Ngai Kenny,28,22,,,Dept of Linguistics & Mod Lang,2026-08-15T01-53-13+08-00-full-term-1,current,
2420,6074,HKSL1001,HKSL1001-,-,LEC,Undergraduate,SL,1,Hong Kong Sign Language Taster,香港手語入門,- Staff,150,150,Yes,Yes,Dept of Linguistics & Mod Lang,2026-08-15T01-53-13+08-00-full-term-1,current,
2420,4857,HKSL1003,HKSL1003-,-C01,CLW,Undergraduate,SL,6,HKSL I & II,香港手語（一）及（二）,- Miss YU On Lam Anita,28,26,,,Dept of Linguistics & Mod Lang,2026-08-15T01-53-13+08-00-full-term-1,current,
2420,7181,HKSL2001,HKSL2001-,-C01,CLW,Undergraduate,SL,3,Hong Kong Sign Language III,香港手語（三）,- Mr. SUNG Leung Sing,26,17,,,Dept of Linguistics & Mod Lang,2026-08-15T01-53-13+08-00-full-term-1,current,
2420,5597,HKSL3001,HKSL3001A,AC01,CLW,Undergraduate,SL,3,Hong Kong Sign Language V,香港手語（五）,- Miss YU Wai Lam Brenda,28,7,,,Dept of Linguistics & Mod Lang,2026-08-15T01-53-13+08-00-full-term-1,current,
2420,4858,HKSL3001,HKSL3001B,BC01,CLW,Undergraduate,SL,3,Hong Kong Sign Language V,香港手語（五）,- Miss YU Wai Lam Brenda,26,4,,,Dept of Linguistics & Mod Lang,2026-08-15T01-53-13+08-00-full-term-1,current,
2420,9523,HTMG1010,HTMG1010A,A,LEC,Undergraduate,E,3,Mgnt of Hosp & Real Estat Bus,酒店房地產企業管理,- Professor GONG Yaqi,38,37,Yes,Yes,Sch of Hotel & Tourism Mgt,2026-08-15T01-53-13+08-00-full-term-1,current,
2420,9660,HTMG1010,HTMG1010B,B,LEC,Undergraduate,E,3,Mgnt of Hosp & Real Estat Bus,酒店房地產企業管理,- Professor GONG Yaqi,35,35,Yes,Yes,Sch of Hotel & Tourism Mgt,2026-08-15T01-53-13+08-00-full-term-1,current,
2420,5898,HTMG1091,HTMG1091-,-,LEC,Undergraduate,E,0,Distinguished Speaker S I,行業領袖演講系列（一）,- Staff,55,54,Yes,Yes,Sch of Hotel & Tourism Mgt,2026-08-15T01-53-13+08-00-full-term-1,current,
2420,5899,HTMG1092,HTMG1092A,A,LEC,Undergraduate,E,1,Distinguished Speaker S II,行業領袖演講系列（二）,- Staff,10,10,Yes,Yes,Sch of Hotel & Tourism Mgt,2026-08-15T01-53-13+08-00-full-term-1,current,
2420,4832,HTMG2000,HTMG2000A,AO01,OTH,Undergraduate,E,1,International Experience,國際經驗,- Dr. TIAN Jie Jenny,50,43,Yes,Yes,Sch of Hotel & Tourism Mgt,2026-08-15T01-53-13+08-00-full-term-1,current,
2420,8667,HTMG2070,HTMG2070A,A,LEC,Undergraduate,E,3,Food and Beverage Management,餐務管理,- Dr. CHEUNG Pui Gentiana,30,7,Yes,Yes,Sch of Hotel & Tourism Mgt,2026-08-15T01-53-13+08-00-full-term-1,current,
2420,5900,HTMG2091,HTMG2091-,-,LEC,Undergraduate,E,0,Distinguished Speaker S III,行業領袖演講系列（三）,- Staff,55,5,Yes,Yes,Sch of Hotel & Tourism Mgt,2026-08-15T01-53-13+08-00-full-term-1,current,
2420,5907,HTMG2092,HTMG2092A,A,LEC,Undergraduate,E,1,Distinguished Speaker S IV,行業領袖演講系列（四）,- Staff,10,10,Yes,Yes,Sch of Hotel & Tourism Mgt,2026-08-15T01-53-13+08-00-full-term-1,current,
2420,6221,HTMG2900,HTMG2900A,AP01,PRA,Undergraduate,E,1,Summer Internship I,暑期行業體驗計劃（一）,- Dr. CHEUNG Pui Gentiana,30,30,Yes,Yes,Sch of Hotel & Tourism Mgt,2026-08-15T01-53-13+08-00-full-term-1,current,
2420,8428,HTMG3010,HTMG3010A,A,LEC,Undergraduate,E,3,Magt of Lodging Facilities,住宿設施管理,- Professor LEE Po Lam Wilson,30,2,Yes,Yes,Sch of Hotel & Tourism Mgt,2026-08-15T01-53-13+08-00-full-term-1,current,
2420,7168,HTMG3030,HTMG3030A,A,LEC,Undergraduate,E,3,Hospitality Real Estate Econ,酒店房地產經濟學,- Professor LIU Yunbo,65,11,Yes,Yes,Sch of Hotel & Tourism Mgt,2026-08-15T01-53-13+08-00-full-term-1,current,
2420,4834,HTMG3041,HTMG3041A,A,LEC,Undergraduate,E,3,Law for HRE Ind,酒店旅遊及房地產法律,- Mr. CHAN Ka Fung,30,3,Yes,Yes,Sch of Hotel & Tourism Mgt,2026-08-15T01-53-13+08-00-full-term-1,current,
2420,4833,HTMG3060,HTMG3060-,-,LEC,Undergraduate,E,3,Hosp. Service Mgt & Innovation,酒店服務管理與創新,- Professor LIU Hongbo,36,30,,,Sch of Hotel & Tourism Mgt,2026-08-15T01-53-13+08-00-full-term-1,current,
2420,5909,HTMG3091,HTMG3091-,-,LEC,Undergraduate,E,0,Distinguished Speaker Series V,行業領袖演講系列（五）,- Staff,55,6,Yes,Yes,Sch of Hotel & Tourism Mgt,2026-08-15T01-53-13+08-00-full-term-1,current,
2420,5954,HTMG3092,HTMG3092A,A,LEC,Undergraduate,E,1,Distinguished Speaker S VI,行業領袖演講系列（六）,- Staff,10,0,Yes,Yes,Sch of Hotel & Tourism Mgt,2026-08-15T01-53-13+08-00-full-term-1,current,
2420,8926,HTMG3520,HTMG3520-,-,LEC,Undergraduate,E,3,Shopping Mall Invest & Mgnt,商場投資與管理,- Dr. Ervi LIUSMAN,30,6,,,Sch of Hotel & Tourism Mgt,2026-08-15T01-53-13+08-00-full-term-1,current,
2420,4836,HTMG3521,HTMG3521-,-,LEC,Undergraduate,E,3,Hosp Revenue Mgt & Analytics,酒店收益管理和分析,- Mr. CHEUNG Yui Johnny,35,22,,,Sch of Hotel & Tourism Mgt,2026-08-15T01-53-13+08-00-full-term-1,current,
2420,6540,HTMG3900,HTMG3900-,-P01,PRA,Undergraduate,E,1,Summer Internship II,暑期行業體驗計劃（二）,- Dr. CHEUNG Pui Gentiana,30,30,Yes,Yes,Sch of Hotel & Tourism Mgt,2026-08-15T01-53-13+08-00-full-term-1,current,
2420,5910,HTMG4091,HTMG4091-,-,LEC,Undergraduate,E,0,Distinguished Speaker S VII,行業領袖演講系列（七）,- Staff,55,10,Yes,Yes,Sch of Hotel & Tourism Mgt,2026-08-15T01-53-13+08-00-full-term-1,current,
2420,5916,HTMG4092,HTMG4092A,A,LEC,Undergraduate,E,1,Distinguished Speaker S VIII,行業領袖演講系列（八）,- Staff,10,8,Yes,Yes,Sch of Hotel & Tourism Mgt,2026-08-15T01-53-13+08-00-full-term-1,current,
2420,8473,HTMG4100,HTMG4100-,-,LEC,Undergraduate,E,3,Real Estate Valuation,房地產估價分析,- Professor WONG Chi Fai Nelson,35,16,,,Sch of Hotel & Tourism Mgt,2026-08-15T01-53-13+08-00-full-term-1,current,
2420,8749,HTMG4270,HTMG4270-,-,LEC,Undergraduate,E,3,HRE Financial Reporting & Ana,房地產財務報告與分析,- Professor TSANG Tak Ming Desmond,30,9,,,Sch of Hotel & Tourism Mgt,2026-08-15T01-53-13+08-00-full-term-1,current,
2420,4837,HTMG4529,HTMG4529-,-,LEC,Undergraduate,E,1,Talent Management,款待業的人才管理,- Staff,40,13,,,Sch of Hotel & Tourism Mgt,2026-08-15T01-53-13+08-00-full-term-1,current,
2420,9865,HTMG4537,HTMG4537-,-,LEC,Undergraduate,E,1,Innovation for HRE,酒店旅遊及房地產之創新,- Mr. MAK Kin Wai,40,28,,,Sch of Hotel & Tourism Mgt,2026-08-15T01-53-13+08-00-full-term-1,current,
2420,4883,HTMG4538,HTMG4538-,-,LEC,Undergraduate,E,1,Essentials for HRE Projects,酒店旅遊及房地產項目要點,- Mr. TANG Pui Yan,40,27,,,Sch of Hotel & Tourism Mgt,2026-08-15T01-53-13+08-00-full-term-1,current,
2420,4835,HTMG4600,HTMG4600A,A,LEC,Undergraduate,E,3,Facilities Dev and Mgt for HRE,酒店物業和房地產設施發展及管理,- Dr. Ervi LIUSMAN,35,0,Yes,Yes,Sch of Hotel & Tourism Mgt,2026-08-15T01-53-13+08-00-full-term-1,current,
2420,9344,HTMG4900,HTMG4900A,A,LEC,Undergraduate,E,3,HRE Capstone Project,酒店和房地產總結項目,- Professor CHOI Sungwoo,35,2,Yes,Yes,Sch of Hotel & Tourism Mgt,2026-08-15T01-53-13+08-00-full-term-1,current,
2420,7794,IASP2790,IASP2790-,-F01,FLD,Undergraduate,E,3,Special Topics in IAS (I),亞洲研究特選論題（一）,- Professor WU Ka Ming,30,30,Yes,Yes,International Asian Studies PC,2026-08-15T01-53-13+08-00-full-term-1,current,
2420,7819,IASP4090,IASP4090-,-J01,PRJ,Undergraduate,E,3,Indep Rsrch on Int'l Stud,國際專題研究,- Staff,20,20,Yes,Yes,International Asian Studies PC,2026-08-15T01-53-13+08-00-full-term-1,current,
2420,7194,IBBA3040,IBBA3040A,AS01,SEM,Undergraduate,E,1,Business Lecture Series,商業管理講座系列,- Dr. KU Kei Tat,270,49,,,Integrated BBA Pgm Comm,2026-08-15T01-53-13+08-00-full-term-1,current,
2420,8358,IERG1000,IERG1000-,-T01,TUT,Undergraduate,E,1,Intro to Information Engg,信息工程導論,- Professor CHAN Chun Kit,114,109,Yes,Yes,Dept of Information Engg,2026-08-15T00-47-47+08-00,historical_fallback,
2420,5107,IERG1810,IERG1810A,AL01,LAB,Undergraduate,E,1,Electronic Circuit Design Lab,電子線路設計實驗,- Professor CHAN Chun Kit,14,0,Yes,Yes,Dept of Information Engg,2026-08-15T00-47-47+08-00,historical_fallback,
2420,5108,IERG1810,IERG1810B,BL01,LAB,Undergraduate,E,1,Electronic Circuit Design Lab,電子線路設計實驗,- Professor CHAN Chun Kit,6,3,Yes,Yes,Dept of Information Engg,2026-08-15T00-47-47+08-00,historical_fallback,
2420,5810,IERG2051,IERG2051-,-T01,TUT,Undergraduate,E,3,Signals and Systems,信號與系統,- Professor ZHAO Changhong,140,40,,Yes,Dept of Information Engg,2026-08-15T00-47-47+08-00,historical_fallback,
2420,4884,IERG2060,IERG2060-,-T01,TUT,Undergraduate,E,3,Basic Circuits,基礎模擬和數字電路,- Professor CHAN Chun Kit,140,6,,Yes,Dept of Information Engg,2026-08-15T00-47-47+08-00,historical_fallback,
2420,7193,IERG2820,IERG2820A,AL01,LAB,Undergraduate,E,1,Electronic Circuit Design Lab,電子線路設計實驗,- Professor CHAN Chun Kit,66,7,,Yes,Dept of Information Engg,2026-08-15T00-47-47+08-00,historical_fallback,
2420,8848,IERG2820,IERG2820B,BL01,LAB,Undergraduate,E,1,Electronic Circuit Design Lab,電子線路設計實驗,- Professor CHAN Chun Kit,40,0,,Yes,Dept of Information Engg,2026-08-15T00-47-47+08-00,historical_fallback,
2420,8977,IERG2820,IERG2820C,CL01,LAB,Undergraduate,E,1,Electronic Circuit Design Lab,電子線路設計實驗,- Professor CHAN Chun Kit,10,0,,Yes,Dept of Information Engg,2026-08-15T00-47-47+08-00,historical_fallback,
2420,5661,IERG3010,IERG3010-,-T01,TUT,Undergraduate,E,3,Digital Communications,數字通信,- Professor LOK Tat Ming,50,46,,,Dept of Information Engg,2026-08-15T00-47-47+08-00,historical_fallback,
2420,7075,IERG3080,IERG3080-,-T01,TUT,Undergraduate,E,3,Infor & Software Erg Prac,信息與軟件工程實務,- Dr. YIN Ho Fai Hoover,130,29,,,Dept of Information Engg,2026-08-15T00-47-47+08-00,historical_fallback,
2420,4885,IERG3310,IERG3310-,-T01,TUT,Undergraduate,E,3,Computer Networks,計算機網絡,- Professor LEE Yiu Bun,135,45,,,Dept of Information Engg,2026-08-15T00-47-47+08-00,historical_fallback,
2420,8849,IERG3800,IERG3800-,-L01,LAB,Undergraduate,E,1,Info Infrastructure Design Lab,信息基礎設施設計實驗,- Professor LEE Yiu Bun,140,50,,,Dept of Information Engg,2026-08-15T00-47-47+08-00,historical_fallback,
2420,5689,IERG4030,IERG4030-,-T01,TUT,Undergraduate,E,3,Optical Communications,光通信,- Professor CHEN Lian Kuan,30,29,,,Dept of Information Engg,2026-08-15T00-47-47+08-00,historical_fallback,
2420,5326,IERG4100,IERG4100-,-T01,TUT,Undergraduate,E,3,Wireless Communication Systems,無線通信系統,- Professor CHEN He,30,25,,,Dept of Information Engg,2026-08-15T00-47-47+08-00,historical_fallback,
2420,4886,IERG4130,IERG4130-,-T01,TUT,Undergraduate,E,3,Intro to Cyber Security,網際安全概論,- Professor ZHOU Yajin,166,133,,,Dept of Information Engg,2026-08-15T00-47-47+08-00,historical_fallback,
2420,5795,IERG4150,IERG4150-,-T01,TUT,Undergraduate,E,3,Introduction to Cryptography,密碼學概論,- Professor CHOW Sze Ming,80,59,,,Dept of Information Engg,2026-08-15T00-47-47+08-00,historical_fallback,
2420,5718,IERG4190,IERG4190-,-T01,TUT,Undergraduate,E,3,Multimedia Coding & Processing,多媒體編碼和處理,- Professor LIN Dahua,60,37,,,Dept of Information Engg,2026-08-15T00-47-47+08-00,historical_fallback,
2420,5335,IERG4220,IERG4220-,-T01,TUT,Undergraduate,E,3,Secure Software Engineering,安全軟件工程,- Dr. MA Pui Kit,70,42,,,Dept of Information Engg,2026-08-15T00-47-47+08-00,historical_fallback,
2420,5647,IERG4230,IERG4230-,-L01,LAB,Undergraduate,E,3,Intro to Internet of Things,物聯網概論,- Professor CHAN Chun Kit,60,31,,,Dept of Information Engg,2026-08-15T00-47-47+08-00,historical_fallback,
2420,5233,IERG4320,IERG4320-,-T01,TUT,Undergraduate,E,3,Data Science in Practice,數據科學實踐,- Professor YAN Wenjing,70,51,,,Dept of Information Engg,2026-08-15T00-47-47+08-00,historical_fallback,
2420,4955,IERG4360,IERG4360-,-T01,TUT,Undergraduate,E,3,Blockchain and Applications,區塊鏈與應用,- Dr. MA Pui Kit,60,34,,,Dept of Information Engg,2026-08-15T00-47-47+08-00,historical_fallback,
2420,6367,IERG4831,IERG4831-,-L01,LAB,Undergraduate,E,2,Networking Laboratory I,網絡實驗室（一）,- Professor LEE Yiu Bun,20,20,,,Dept of Information Engg,2026-08-15T00-47-47+08-00,historical_fallback,
2420,6366,IERG4841,IERG4841-,-L01,LAB,Undergraduate,E,2,Networking Laboratory II,網絡實驗室（二）,- Professor LEE Yiu Bun,20,13,,,Dept of Information Engg,2026-08-15T00-47-47+08-00,historical_fallback,
2420,4888,IERG4851,IERG4851-,-L01,LAB,Undergraduate,E,1,Cyber Security Laboratory,網際安全實驗,- Professor ZHOU Yajin,50,36,,,Dept of Information Engg,2026-08-15T00-47-47+08-00,historical_fallback,
2420,6567,IERG4998,IERG4998A,AJ01,PRJ,Undergraduate,E,3,Final Year Project I,畢業專題研究（一）,- Professor CHAN Chun Kit,4,4,,,Dept of Information Engg,2026-08-15T00-47-47+08-00,historical_fallback,
2420,6176,IERG4998,IERG4998AA,AAJ1,PRJ,Undergraduate,E,3,Final Year Project I,畢業專題研究（一）,- Dr. MA Pui Kit,6,0,,,Dept of Information Engg,2026-08-15T00-47-47+08-00,historical_fallback,
2420,6207,IERG4998,IERG4998AC,ACJ1,PRJ,Undergraduate,E,3,Final Year Project I,畢業專題研究（一）,- Professor OUYANG Wanli,4,4,,,Dept of Information Engg,2026-08-15T00-47-47+08-00,historical_fallback,
2420,8032,IERG4998,IERG4998AD,ADJ1,PRJ,Undergraduate,E,3,Final Year Project I,畢業專題研究（一）,- Professor YAN Wenjing,2,2,,,Dept of Information Engg,2026-08-15T00-47-47+08-00,historical_fallback,
2420,4889,IERG4998,IERG4998AE,AEJ1,PRJ,Undergraduate,E,3,Final Year Project I,畢業專題研究（一）,- Professor ZHOU Yajin,4,1,,,Dept of Information Engg,2026-08-15T00-47-47+08-00,historical_fallback,
2420,6329,IERG4998,IERG4998B,BJ01,PRJ,Undergraduate,E,3,Final Year Project I,畢業專題研究（一）,- Professor CHEN Lian Kuan,2,2,,,Dept of Information Engg,2026-08-15T00-47-47+08-00,historical_fallback,
2420,4890,IERG4998,IERG4998C,CJ01,PRJ,Undergraduate,E,3,Final Year Project I,畢業專題研究（一）,- Professor XUE Diwen,4,1,,,Dept of Information Engg,2026-08-15T00-47-47+08-00,historical_fallback,
2420,8035,IERG4998,IERG4998D,DJ01,PRJ,Undergraduate,E,3,Final Year Project I,畢業專題研究（一）,- Professor CHEN He,4,0,,,Dept of Information Engg,2026-08-15T00-47-47+08-00,historical_fallback,
2420,6466,IERG4998,IERG4998E,EJ01,PRJ,Undergraduate,E,3,Final Year Project I,畢業專題研究（一）,- Professor YUE Xiangyu,4,1,,,Dept of Information Engg,2026-08-15T00-47-47+08-00,historical_fallback,
2420,6465,IERG4998,IERG4998F,FJ01,PRJ,Undergraduate,E,3,Final Year Project I,畢業專題研究（一）,- Professor XUE Tianfan,4,3,,,Dept of Information Engg,2026-08-15T00-47-47+08-00,historical_fallback,
2420,8016,IERG4998,IERG4998G,GJ01,PRJ,Undergraduate,E,3,Final Year Project I,畢業專題研究（一）,- Professor Amin AMINZADEH GOHARI,4,3,,,Dept of Information Engg,2026-08-15T00-47-47+08-00,historical_fallback,
2420,6330,IERG4998,IERG4998H,HJ01,PRJ,Undergraduate,E,3,Final Year Project I,畢業專題研究（一）,- Professor LAU Wing Cheong,4,2,,,Dept of Information Engg,2026-08-15T00-47-47+08-00,historical_fallback,
2420,6331,IERG4998,IERG4998I,IJ01,PRJ,Undergraduate,E,3,Final Year Project I,畢業專題研究（一）,- Professor CHOW Sze Ming,4,1,,,Dept of Information Engg,2026-08-15T00-47-47+08-00,historical_fallback,
2420,8033,IERG4998,IERG4998J,JJ01,PRJ,Undergraduate,E,3,Final Year Project I,畢業專題研究（一）,- Professor LEE Yiu Bun,6,0,,,Dept of Information Engg,2026-08-15T00-47-47+08-00,historical_fallback,
2420,8034,IERG4998,IERG4998K,KJ01,PRJ,Undergraduate,E,3,Final Year Project I,畢業專題研究（一）,- Professor LIN Dahua,4,4,,,Dept of Information Engg,2026-08-15T00-47-47+08-00,historical_fallback,
2420,6332,IERG4998,IERG4998L,LJ01,PRJ,Undergraduate,E,3,Final Year Project I,畢業專題研究（一）,- Professor LIEW Soung Chang,4,4,,,Dept of Information Engg,2026-08-15T00-47-47+08-00,historical_fallback,
2420,6333,IERG4998,IERG4998M,MJ01,PRJ,Undergraduate,E,3,Final Year Project I,畢業專題研究（一）,- Professor LOK Tat Ming,4,2,,,Dept of Information Engg,2026-08-15T00-47-47+08-00,historical_fallback,
2420,7893,IERG4998,IERG4998N,NJ01,PRJ,Undergraduate,E,3,Final Year Project I,畢業專題研究（一）,- Professor Chandrasekhar MADHAVAN NAIR,5,2,,,Dept of Information Engg,2026-08-15T00-47-47+08-00,historical_fallback,
2420,6464,IERG4998,IERG4998O,OJ01,PRJ,Undergraduate,E,3,Final Year Project I,畢業專題研究（一）,- Professor LIN Xiaojun,4,3,,,Dept of Information Engg,2026-08-15T00-47-47+08-00,historical_fallback,
2420,6034,IERG4998,IERG4998P,PJ01,PRJ,Undergraduate,E,3,Final Year Project I,畢業專題研究（一）,- Professor ZHAO Changhong,4,3,,,Dept of Information Engg,2026-08-15T00-47-47+08-00,historical_fallback,
2420,6184,IERG4998,IERG4998Q,QJ01,PRJ,Undergraduate,E,3,Final Year Project I,畢業專題研究（一）,- Professor YEUNG Wai Ho,4,3,,,Dept of Information Engg,2026-08-15T00-47-47+08-00,historical_fallback,
2420,6104,IERG4998,IERG4998R,RJ01,PRJ,Undergraduate,E,3,Final Year Project I,畢業專題研究（一）,- Professor ZHANG Yingjun,4,0,,,Dept of Information Engg,2026-08-15T00-47-47+08-00,historical_fallback,
2420,6038,IERG4998,IERG4998T,TJ01,PRJ,Undergraduate,E,3,Final Year Project I,畢業專題研究（一）,- Professor LI Cheuk Ting,6,0,,,Dept of Information Engg,2026-08-15T00-47-47+08-00,historical_fallback,
2420,6284,IERG4998,IERG4998U,UJ01,PRJ,Undergraduate,E,3,Final Year Project I,畢業專題研究（一）,- Dr. YIP Kit Sang Danny,9,1,,,Dept of Information Engg,2026-08-15T00-47-47+08-00,historical_fallback,
2420,6185,IERG4998,IERG4998V,VJ01,PRJ,Undergraduate,E,3,Final Year Project I,畢業專題研究（一）,- Professor Pascal Olivier VONTOBEL,4,3,,,Dept of Information Engg,2026-08-15T00-47-47+08-00,historical_fallback,
2420,6467,IERG4998,IERG4998W,WJ01,PRJ,Undergraduate,E,3,Final Year Project I,畢業專題研究（一）,- Dr. YIN Ho Fai Hoover,4,1,,,Dept of Information Engg,2026-08-15T00-47-47+08-00,historical_fallback,
2420,6334,IERG4998,IERG4998X,XJ01,PRJ,Undergraduate,E,3,Final Year Project I,畢業專題研究（一）,- Professor CHAN Yuen Yan,6,0,,,Dept of Information Engg,2026-08-15T00-47-47+08-00,historical_fallback,
2420,7894,IERG4998,IERG4998Y,YJ01,PRJ,Undergraduate,E,3,Final Year Project I,畢業專題研究（一）,- Professor XING Guoliang,4,4,,,Dept of Information Engg,2026-08-15T00-47-47+08-00,historical_fallback,
2420,6468,IERG4998,IERG4998Z,ZJ01,PRJ,Undergraduate,E,3,Final Year Project I,畢業專題研究（一）,- Professor YAN Zhenyu,4,3,,,Dept of Information Engg,2026-08-15T00-47-47+08-00,historical_fallback,
2420,8620,IERG4999,IERG4999AB,ABJ1,PRJ,Undergraduate,E,3,Final Year Project II,畢業專題研究（二）,- Professor CHEN Hongkai,1,0,,,Dept of Information Engg,2026-08-15T00-47-47+08-00,historical_fallback,
2420,7828,IERG4999,IERG4999AF,AFJ1,PRJ,Undergraduate,E,3,Final Year Project II,畢業專題研究（二）,- Staff,1,1,,,Dept of Information Engg,2026-08-15T00-47-47+08-00,historical_fallback,
2420,7895,IERG4999,IERG4999F,FJ01,PRJ,Undergraduate,E,3,Final Year Project II,畢業專題研究（二）,- Professor XUE Tianfan,1,0,,,Dept of Information Engg,2026-08-15T00-47-47+08-00,historical_fallback,
2420,7948,IERG4999,IERG4999S,SJ01,PRJ,Undergraduate,E,3,Final Year Project II,畢業專題研究（二）,- Professor ZHANG Kehuan,1,0,,,Dept of Information Engg,2026-08-15T00-47-47+08-00,historical_fallback,
2420,8036,IERG4999,IERG4999U,UJ01,PRJ,Undergraduate,E,3,Final Year Project II,畢業專題研究（二）,- Dr. YIP Kit Sang Danny,1,0,,,Dept of Information Engg,2026-08-15T00-47-47+08-00,historical_fallback,
2420,8614,IERG4999,IERG4999Z,ZJ01,PRJ,Undergraduate,E,3,Final Year Project II,畢業專題研究（二）,- Professor YAN Zhenyu,1,1,,,Dept of Information Engg,2026-08-15T00-47-47+08-00,historical_fallback,
2420,7195,IMSC1038,IMSC1038-,-T01,TUT,Undergraduate,E,3,Algebra I,代數（一）,- Staff,50,50,Yes,Yes,ZSIMS Math Sci Pgm Office,2026-08-15T01-53-13+08-00-full-term-1,current,
2420,5777,IMSC1113,IMSC1113-,-T01,TUT,Undergraduate,E,3,Basic Physics I,基礎物理（一）,- Dr. YIP Long Sang Kenny,50,50,Yes,Yes,ZSIMS Math Sci Pgm Office,2026-08-15T01-53-13+08-00-full-term-1,current,
2420,7053,IMSC2018,IMSC2018-,-T01,TUT,Undergraduate,E,3,Calculus I,微積分（一）,- Dr. XU Lingda,50,50,Yes,Yes,ZSIMS Math Sci Pgm Office,2026-08-15T01-53-13+08-00-full-term-1,current,
2420,5072,IMSC2041,IMSC2041-,-T01,TUT,Undergraduate,E,3,Basic Physics III,基礎物理（三）,- Dr. LIN Lap Ming,20,6,Yes,Yes,ZSIMS Math Sci Pgm Office,2026-08-15T01-53-13+08-00-full-term-1,current,
2420,7062,IMSC2058,IMSC2058-,-T01,TUT,Undergraduate,E,3,Analysis I,分析（一）,- Dr. XU Lingda,50,50,Yes,Yes,ZSIMS Math Sci Pgm Office,2026-08-15T01-53-13+08-00-full-term-1,current,
2420,5086,IMSC2078,IMSC2078-,-T01,TUT,Undergraduate,E,3,Algebra III,代數（三）,- Staff,20,8,Yes,Yes,ZSIMS Math Sci Pgm Office,2026-08-15T01-53-13+08-00-full-term-1,current,
2420,5082,IMSC3250,IMSC3250-,-T01,TUT,Undergraduate,E,3,Geometry I,幾何學（一）,- Staff,20,7,Yes,Yes,ZSIMS Math Sci Pgm Office,2026-08-15T01-53-13+08-00-full-term-1,current,
2420,5084,IMSC3260,IMSC3260-,-T01,TUT,Undergraduate,E,3,Topology I,拓撲學（一）,- Staff,15,4,Yes,Yes,ZSIMS Math Sci Pgm Office,2026-08-15T01-53-13+08-00-full-term-1,current,
2420,9615,ITAL1000,ITAL1000A,AC01,CLW,Undergraduate,I&E,3,Italian I,意大利語（一）,- Dr. Beatrice DE MAGISTRIS,28,23,,,Dept of Linguistics & Mod Lang,2026-08-15T01-53-13+08-00-full-term-1,current,
2420,9756,ITAL1000,ITAL1000B,BC01,CLW,Undergraduate,I&E,3,Italian I,意大利語（一）,- Dr. Beatrice DE MAGISTRIS,28,26,,,Dept of Linguistics & Mod Lang,2026-08-15T01-53-13+08-00-full-term-1,current,
2420,9389,JASP1090,JASP1090A,AT01,TUT,Undergraduate,C&E,3,Understanding Japan,透視日本,- Dr. TU Shiu Hong Simon,80,67,,,Dept of Japanese Studies,2026-08-15T00-47-47+08-00,historical_fallback,
2420,9535,JASP1090,JASP1090B,BT02,TUT,Undergraduate,E,3,Understanding Japan,透視日本,- Professor Jeremy Avrum YELLEN,40,37,Yes,Yes,Dept of Japanese Studies,2026-08-15T00-47-47+08-00,historical_fallback,
2420,9407,JASP1090,JASP1090C,CT01,TUT,Undergraduate,E,3,Understanding Japan,透視日本,- Professor CHO Jieun,80,77,,,Dept of Japanese Studies,2026-08-15T00-47-47+08-00,historical_fallback,
2420,9614,JASP1100,JASP1100A,A,LEC,Undergraduate,C,3,Jap Culture & Society,日本文化與社會,- Mr IP Kin Ho,25,22,,,Dept of Japanese Studies,2026-08-15T00-47-47+08-00,historical_fallback,
2420,9537,JASP1120,JASP1120A,A,LEC,Undergraduate,C,3,Understanding Jas Lang & Cult,日本語言文化面面觀,- Professor HO Chi Ming,30,21,,,Dept of Japanese Studies,2026-08-15T00-47-47+08-00,historical_fallback,
2420,5994,JASP1140,JASP1140A,A,LEC,Undergraduate,E,3,Japanese Cinema,日本電影,- Professor Matthew Stanhope MEWHINNEY,25,22,,,Dept of Japanese Studies,2026-08-15T00-47-47+08-00,historical_fallback,
2420,9137,JASP1160,JASP1160A,A,LEC,Undergraduate,C,3,Jas Pop Cul in Cul Global,日本流行文化與文化全球化,- Mr. LAU Ching,20,14,,,Dept of Japanese Studies,2026-08-15T00-47-47+08-00,historical_fallback,
2420,9530,JASP1160,JASP1160B,B,LEC,Undergraduate,C,3,Jas Pop Cul in Cul Global,日本流行文化與文化全球化,- Professor NG Wai Ming,25,24,,,Dept of Japanese Studies,2026-08-15T00-47-47+08-00,historical_fallback,
2420,5995,JASP1160,JASP1160C,C,LEC,Undergraduate,C,3,Jas Pop Cul in Cul Global,日本流行文化與文化全球化,- Professor NG Wai Ming,25,20,,,Dept of Japanese Studies,2026-08-15T00-47-47+08-00,historical_fallback,
2420,9578,JASP1180,JASP1180A,A,LEC,Undergraduate,P&C,3,Modern Sino-Japanese Relations,現代中日關係論,- Staff,60,59,,,Dept of Japanese Studies,2026-08-15T00-47-47+08-00,historical_fallback,
2420,5080,JASP1200,JASP1200-,-,LEC,Undergraduate,P&C,3,Jap Hist: Samurai to Salaryman,日本歷史：從武士到上班族,- Dr. LIN Chaochun,45,35,,,Dept of Japanese Studies,2026-08-15T00-47-47+08-00,historical_fallback,
2420,6556,JASP1350,JASP1350A,A,LEC,Undergraduate,J&E,1,Japanese Language Tasting,淺嘗日語,- Ms. KITAMURA Aya,1000,1000,Yes,Yes,Dept of Japanese Studies,2026-08-15T00-47-47+08-00,historical_fallback,
2420,7330,JASP1450,JASP1450A,A,LEC,Undergraduate,J&C,3,New Practical Japanese I,新實用日語（一）,- Mr CHAU Wang Yeung,22,17,,,Dept of Japanese Studies,2026-08-15T00-47-47+08-00,historical_fallback,
2420,7347,JASP1450,JASP1450B,B,LEC,Undergraduate,J&E,3,New Practical Japanese I,新實用日語（一）,- Ms. SAKAGUCHI Kaori,22,18,,,Dept of Japanese Studies,2026-08-15T00-47-47+08-00,historical_fallback,
2420,7324,JASP1450,JASP1450C,C,LEC,Undergraduate,J&E,3,New Practical Japanese I,新實用日語（一）,- Ms KOIKE Shinobu,22,12,,,Dept of Japanese Studies,2026-08-15T00-47-47+08-00,historical_fallback,
2420,9692,JASP1450,JASP1450D,D,LEC,Undergraduate,J&E,3,New Practical Japanese I,新實用日語（一）,- Mr KOIDE Masao,22,21,,,Dept of Japanese Studies,2026-08-15T00-47-47+08-00,historical_fallback,
2420,7326,JASP1450,JASP1450E,E,LEC,Undergraduate,J&P,3,New Practical Japanese I,新實用日語（一）,- Mr KUZUMOTO Takahiro,22,18,,,Dept of Japanese Studies,2026-08-15T00-47-47+08-00,historical_fallback,
2420,7327,JASP1450,JASP1450F,F,LEC,Undergraduate,J&C,3,New Practical Japanese I,新實用日語（一）,- Miss CHOW Oi Wah,22,20,,,Dept of Japanese Studies,2026-08-15T00-47-47+08-00,historical_fallback,
2420,7328,JASP1450,JASP1450G,G,LEC,Undergraduate,J&C,3,New Practical Japanese I,新實用日語（一）,- Miss CHOW Oi Wah,22,6,,,Dept of Japanese Studies,2026-08-15T00-47-47+08-00,historical_fallback,
2420,7329,JASP1450,JASP1450H,H,LEC,Undergraduate,J&E,3,New Practical Japanese I,新實用日語（一）,- Ms. SAKAGUCHI Kaori,22,17,,,Dept of Japanese Studies,2026-08-15T00-47-47+08-00,historical_fallback,
2420,7787,JASP1450,JASP1450I,I,LEC,Undergraduate,J&E,3,New Practical Japanese I,新實用日語（一）,- Ms. KITAMURA Aya,22,10,,,Dept of Japanese Studies,2026-08-15T00-47-47+08-00,historical_fallback,
2420,7325,JASP1450,JASP1450J,J,LEC,Undergraduate,J&E,3,New Practical Japanese I,新實用日語（一）,- Ms. SAKAGUCHI Kaori,22,17,,,Dept of Japanese Studies,2026-08-15T00-47-47+08-00,historical_fallback,
2420,7331,JASP1450,JASP1450K,K,LEC,Undergraduate,J&C,3,New Practical Japanese I,新實用日語（一）,- Mr SHEN Lok Hin Kevin,22,18,,,Dept of Japanese Studies,2026-08-15T00-47-47+08-00,historical_fallback,
2420,7471,JASP1450,JASP1450L,L,LEC,Undergraduate,J&E,3,New Practical Japanese I,新實用日語（一）,- Mr KOIDE Masao,22,22,,,Dept of Japanese Studies,2026-08-15T00-47-47+08-00,historical_fallback,
2420,7346,JASP1450,JASP1450M,M,LEC,Undergraduate,J&P,3,New Practical Japanese I,新實用日語（一）,- Dr. GUO Yingxia,22,22,,,Dept of Japanese Studies,2026-08-15T00-47-47+08-00,historical_fallback,
2420,7345,JASP1450,JASP1450N,N,LEC,Undergraduate,J&C,3,New Practical Japanese I,新實用日語（一）,- Mr SHEN Lok Hin Kevin,22,17,,,Dept of Japanese Studies,2026-08-15T00-47-47+08-00,historical_fallback,
2420,9113,JASP1450,JASP1450O,O,LEC,Undergraduate,J&C,3,New Practical Japanese I,新實用日語（一）,- Miss KITAGAMI Akiko,22,20,,,Dept of Japanese Studies,2026-08-15T00-47-47+08-00,historical_fallback,
2420,9691,JASP1450,JASP1450P,P,LEC,Undergraduate,J&P,3,New Practical Japanese I,新實用日語（一）,- Mr KUZUMOTO Takahiro,22,19,,,Dept of Japanese Studies,2026-08-15T00-47-47+08-00,historical_fallback,
2420,9693,JASP1450,JASP1450Q,Q,LEC,Undergraduate,J&C,3,New Practical Japanese I,新實用日語（一）,- Ms KONG Sung Tak,22,9,,,Dept of Japanese Studies,2026-08-15T00-47-47+08-00,historical_fallback,
2420,9754,JASP1450,JASP1450R,R,LEC,Undergraduate,J&C,3,New Practical Japanese I,新實用日語（一）,- Ms. CHOI Wing Sum,22,15,,,Dept of Japanese Studies,2026-08-15T00-47-47+08-00,historical_fallback,
2420,9699,JASP1470,JASP1470-,-T02,TUT,Undergraduate,J&E,3,New Comprehensive Japanese I,新綜合日語（一）,- Dr. AOYAMA Reijiro,20,17,Yes,Yes,Dept of Japanese Studies,2026-08-15T00-47-47+08-00,historical_fallback,
2420,9410,JASP1550,JASP1550A,A,LEC,Undergraduate,J&E,3,Jap Communication Skills I,初級日語傳意技巧 I,- Dr. AOYAMA Reijiro,22,20,,,Dept of Japanese Studies,2026-08-15T00-47-47+08-00,historical_fallback,
2420,9753,JASP2030,JASP2030-,-T02,TUT,Undergraduate,E,3,Critical Ana. in Jap. Studies,日本研究的批判分析,- Professor Matthew Stanhope MEWHINNEY,40,26,Yes,Yes,Dept of Japanese Studies,2026-08-15T00-47-47+08-00,historical_fallback,
2420,9392,JASP2200,JASP2200A,A,LEC,Undergraduate,C,3,Intro to Jas ACG,日本動畫、漫畫及遊戲入門,- Mr. LAU Ching,60,45,,,Dept of Japanese Studies,2026-08-15T00-47-47+08-00,historical_fallback,
2420,5229,JASP2400,JASP2400-,-,LEC,Undergraduate,C,3,Culture of Japanese Mass Media,日本傳媒文化,- Mr IP Kin Ho,35,31,,,Dept of Japanese Studies,2026-08-15T00-47-47+08-00,historical_fallback,
2420,7356,JASP2450,JASP2450A,A,LEC,Undergraduate,J&C,3,New Practical Japanese III,新實用日語（三）,- Ms HAYASHI Atsuko,22,18,,,Dept of Japanese Studies,2026-08-15T00-47-47+08-00,historical_fallback,
2420,7423,JASP2450,JASP2450B,B,LEC,Undergraduate,J&C,3,New Practical Japanese III,新實用日語（三）,- Mr CHAU Wang Yeung,22,11,,,Dept of Japanese Studies,2026-08-15T00-47-47+08-00,historical_fallback,
2420,5843,JASP2450,JASP2450C,C,LEC,Undergraduate,J&C,3,New Practical Japanese III,新實用日語（三）,- Ms KONG Sung Tak,22,14,,,Dept of Japanese Studies,2026-08-15T00-47-47+08-00,historical_fallback,
2420,5842,JASP2450,JASP2450D,D,LEC,Undergraduate,J&C,3,New Practical Japanese III,新實用日語（三）,- Ms. CHOI Wing Sum,22,13,,,Dept of Japanese Studies,2026-08-15T00-47-47+08-00,historical_fallback,
2420,7788,JASP2450,JASP2450E,E,LEC,Undergraduate,J&E,3,New Practical Japanese III,新實用日語（三）,- Ms. KITAMURA Aya,22,13,,,Dept of Japanese Studies,2026-08-15T00-47-47+08-00,historical_fallback,
2420,7312,JASP2470,JASP2470-,-T02,TUT,Undergraduate,J&E,6,New Comprehensive Japanese III,新綜合日語（三）,- Ms KOIKE Shinobu,20,15,Yes,Yes,Dept of Japanese Studies,2026-08-15T00-47-47+08-00,historical_fallback,
2420,5191,JASP2520,JASP2520-,-,LEC,Undergraduate,E,3,Intimacy in Contemporary Japan,當代日本的親密關係,- Professor CHO Jieun,20,13,,,Dept of Japanese Studies,2026-08-15T00-47-47+08-00,historical_fallback,
2420,8523,JASP2720,JASP2720-,-,LEC,Undergraduate,P&C,3,History of Japanese Literature,日本文學史,- Dr. LIN Chaochun,45,42,,,Dept of Japanese Studies,2026-08-15T00-47-47+08-00,historical_fallback,
2420,5224,JASP3110,JASP3110-,-,LEC,Undergraduate,P,3,Jap. Ethnic and Cul. Identity,日本文化及民族性格的形成,- Professor LEE Wood Hung,60,54,,,Dept of Japanese Studies,2026-08-15T00-47-47+08-00,historical_fallback,
2420,9109,JASP3120,JASP3120-,-,LEC,Undergraduate,C&E,3,E. Life & Cult. Rep. in M.Jap,現代日本日常生活與文化再現,- Dr. TU Shiu Hong Simon,45,30,,,Dept of Japanese Studies,2026-08-15T00-47-47+08-00,historical_fallback,
2420,9391,JASP3320,JASP3320A,A,LEC,Undergraduate,J&C,3,Spoken Japanese,日語口語,- Miss KITAGAMI Akiko,26,10,,,Dept of Japanese Studies,2026-08-15T00-47-47+08-00,historical_fallback,
2420,9131,JASP3330,JASP3330-,-,LEC,Undergraduate,J&P,3,Japanese Composition,日語作文,- Mr KUZUMOTO Takahiro,30,13,,,Dept of Japanese Studies,2026-08-15T00-47-47+08-00,historical_fallback,
2420,9751,JASP3340,JASP3340-,-C01,CLW,Undergraduate,J&C,3,Jap Improvement Strategies,日語能力提升對策 - 詞彙、文法、聽解、讀解,- Ms. CHOI Wing Sum,25,25,Yes,,Dept of Japanese Studies,2026-08-15T00-47-47+08-00,historical_fallback,
2420,9390,JASP3350,JASP3350A,A,LEC,Undergraduate,J&P,3,Japanese-Chinese Translation,日中翻譯,- Dr. GUO Yingxia,30,9,,,Dept of Japanese Studies,2026-08-15T00-47-47+08-00,historical_fallback,
2420,9117,JASP3430,JASP3430-,-,LEC,Undergraduate,C,3,Japan and Hong Kong,日本與香港,- Mr. LAU Ching,45,41,,,Dept of Japanese Studies,2026-08-15T00-47-47+08-00,historical_fallback,
2420,7809,JASP3700,JASP3700-,-,LEC,Undergraduate,J&C,3,Japanese Language and Society,日本語言與社會,- Professor HO Chi Ming,25,18,,,Dept of Japanese Studies,2026-08-15T00-47-47+08-00,historical_fallback,
2420,8503,JASP4380,JASP4380-,-,LEC,Undergraduate,J&E,3,Advanced Eng-Jap Translation,高級英日翻譯,- Dr. AOYAMA Reijiro,25,10,,,Dept of Japanese Studies,2026-08-15T00-47-47+08-00,historical_fallback,
2420,5369,JASP4440,JASP4440-,-C01,CLW,Undergraduate,J&P,3,Adv Jas Improv Stra-GramList,提高日語能力對策─文法與聽解,- Dr. GUO Yingxia,25,16,,,Dept of Japanese Studies,2026-08-15T00-47-47+08-00,historical_fallback,
2420,5096,JASP4600,JASP4600-,-J01,PRJ,Undergraduate,E,3,Research-Based Project,專題研究指導,- Dr. LIN Chaochun - Professor Jeremy Avrum YELLEN - Professor Lynne Yukie NAKANO,5,5,Yes,Yes,Dept of Japanese Studies,2026-08-15T00-47-47+08-00,historical_fallback,
2420,7813,JASP4601,JASP4601-,-J01,PRJ,Undergraduate,E,3,Field Research-Based Project I,實地考察研究指導（一）,- Dr. LIN Chaochun - Professor Jeremy Avrum YELLEN - Professor Lynne Yukie NAKANO,40,12,Yes,Yes,Dept of Japanese Studies,2026-08-15T00-47-47+08-00,historical_fallback,
2420,5023,JASP4602,JASP4602-,-J01,PRJ,Undergraduate,E,3,Field Research-Based Proj II,實用考察研究指導（二）,- Dr. LIN Chaochun - Professor Jeremy Avrum YELLEN - Professor Lynne Yukie NAKANO,5,5,Yes,Yes,Dept of Japanese Studies,2026-08-15T00-47-47+08-00,historical_fallback,
2420,9332,KORE1000,KORE1000A,AC01,CLW,Undergraduate,K&E,3,Korean I,韓國語（一）,- Mr SHEN Lok Hin Kevin,28,21,,,Dept of Linguistics & Mod Lang,2026-08-15T01-53-13+08-00-full-term-1,current,
2420,9164,KORE1000,KORE1000B,BC01,CLW,Undergraduate,K&E,3,Korean I,韓國語（一）,- Ms. CHUNG Sunghee,28,23,,,Dept of Linguistics & Mod Lang,2026-08-15T01-53-13+08-00-full-term-1,current,
2420,9817,KORE1000,KORE1000C,CC01,CLW,Undergraduate,K&E,3,Korean I,韓國語（一）,- Ms. SHIN Seong Weon,28,23,,,Dept of Linguistics & Mod Lang,2026-08-15T01-53-13+08-00-full-term-1,current,
2420,5941,KORE1000,KORE1000D,DC01,CLW,Undergraduate,K&E,3,Korean I,韓國語（一）,- Dr. YU Sun Hee,28,22,,,Dept of Linguistics & Mod Lang,2026-08-15T01-53-13+08-00-full-term-1,current,
2420,5780,KORE1000,KORE1000E,EC01,CLW,Undergraduate,K&E,3,Korean I,韓國語（一）,- Ms KWON Hyung Gi,28,19,,,Dept of Linguistics & Mod Lang,2026-08-15T01-53-13+08-00-full-term-1,current,
2420,8311,KORE1000,KORE1000F,FC01,CLW,Undergraduate,K&E,3,Korean I,韓國語（一）,- Ms. PARK Sehee,28,27,,,Dept of Linguistics & Mod Lang,2026-08-15T01-53-13+08-00-full-term-1,current,
2420,5579,KORE1000,KORE1000G,GC01,CLW,Undergraduate,K&E,3,Korean I,韓國語（一）,- Ms. PARK Sehee,28,22,,,Dept of Linguistics & Mod Lang,2026-08-15T01-53-13+08-00-full-term-1,current,
2420,9333,KORE1000,KORE1000H,HC01,CLW,Undergraduate,K&E,3,Korean I,韓國語（一）,- Ms. PARK Sehee,28,17,,,Dept of Linguistics & Mod Lang,2026-08-15T01-53-13+08-00-full-term-1,current,
2420,9330,KORE1000,KORE1000I,IC01,CLW,Undergraduate,K&E,3,Korean I,韓國語（一）,- Dr. YU Sun Hee,28,25,,,Dept of Linguistics & Mod Lang,2026-08-15T01-53-13+08-00-full-term-1,current,
2420,5821,KORE1000,KORE1000J,JC01,CLW,Undergraduate,K&E,3,Korean I,韓國語（一）,- Mr SHEN Lok Hin Kevin,28,27,,,Dept of Linguistics & Mod Lang,2026-08-15T01-53-13+08-00-full-term-1,current,
2420,9538,KORE2000,KORE2000A,AC01,CLW,Undergraduate,K&E,3,Korean II,韓國語（二）,- Dr. YU Sun Hee,28,28,,,Dept of Linguistics & Mod Lang,2026-08-15T01-53-13+08-00-full-term-1,current,
2420,5272,KORE2000,KORE2000B,BC01,CLW,Undergraduate,K&E,3,Korean II,韓國語（二）,- Dr. YU Sun Hee,28,24,,,Dept of Linguistics & Mod Lang,2026-08-15T01-53-13+08-00-full-term-1,current,
2420,8466,KORE2000,KORE2000C,CC01,CLW,Undergraduate,K&E,3,Korean II,韓國語（二）,- Ms. PARK Sehee,28,23,,,Dept of Linguistics & Mod Lang,2026-08-15T01-53-13+08-00-full-term-1,current,
2420,7466,KORE2001,KORE2001A,AC01,CLW,Undergraduate,K&E,3,Korean III,韓國語（三）,- Ms. KIM Meug Hee,28,27,,,Dept of Linguistics & Mod Lang,2026-08-15T01-53-13+08-00-full-term-1,current,
2420,9401,KORE2001,KORE2001B,BC01,CLW,Undergraduate,K&E,3,Korean III,韓國語（三）,- Ms. CHOI Jinsuk,28,17,,,Dept of Linguistics & Mod Lang,2026-08-15T01-53-13+08-00-full-term-1,current,
2420,4861,KORE2001,KORE2001C,CC01,CLW,Undergraduate,K&E,3,Korean III,韓國語（三）,- Ms. CHOI Jinsuk,28,24,,,Dept of Linguistics & Mod Lang,2026-08-15T01-53-13+08-00-full-term-1,current,
2420,5375,KORE2001,KORE2001D,DC01,CLW,Undergraduate,K&E,3,Korean III,韓國語（三）,- Ms. CHOI Jinsuk,28,23,,,Dept of Linguistics & Mod Lang,2026-08-15T01-53-13+08-00-full-term-1,current,
2420,5965,KORE2001,KORE2001E,EC01,CLW,Undergraduate,K&E,3,Korean III,韓國語（三）,- Ms. SHIN Seong Weon,28,28,,,Dept of Linguistics & Mod Lang,2026-08-15T01-53-13+08-00-full-term-1,current,
2420,9824,KORE3001,KORE3001A,AC01,CLW,Undergraduate,K&E,3,Korean V,韓國語（五）,- Ms KWON Hyung Gi,28,22,,,Dept of Linguistics & Mod Lang,2026-08-15T01-53-13+08-00-full-term-1,current,
2420,7357,KORE3001,KORE3001B,BC01,CLW,Undergraduate,K&E,3,Korean V,韓國語（五）,- Ms. KIM Meug Hee,28,13,,,Dept of Linguistics & Mod Lang,2026-08-15T01-53-13+08-00-full-term-1,current,
2420,4859,KORE3020,KORE3020-,-C01,CLW,Undergraduate,K&E,3,Sounds of Korean,韓國語語音入門,- Ms. CHOI Jinsuk,28,5,,,Dept of Linguistics & Mod Lang,2026-08-15T01-53-13+08-00-full-term-1,current,
2420,4972,LAWS1010,LAWS1010-,-T04,TUT,Undergraduate,E,3,Legal Analysis and Argumentati Legal Analysis and Argumentati,,- Mr. Michael SCHREIBER - Ms. LAM Shuk Fong,25,25,Yes,Yes,LLB Pgm Comm,2026-08-15T01-53-13+08-00-full-term-1,current,
2420,4973,LAWS1020,LAWS1020-,-T05,TUT,Undergraduate,E,3,Hong Kong Legal System,香港司法制度,- Professor CHENG Kevin Kwok Yin,25,25,Yes,Yes,LLB Pgm Comm,2026-08-15T01-53-13+08-00-full-term-1,current,
2420,4755,LAWS1041,LAWS1041-,-T05,TUT,Undergraduate,E,3,Contract I,合同法（一）,- Professor Stephen John HALL,25,24,Yes,Yes,LLB Pgm Comm,2026-08-15T01-53-13+08-00-full-term-1,current,
2420,9603,LAWS2101,LAWS2101-,-T04,TUT,Undergraduate,E,3,Companies and the Law I,公司與法律（一）,- Mr. Mark Norman WELLARD,22,1,Yes,Yes,LLB Pgm Comm,2026-08-15T01-53-13+08-00-full-term-1,current,
2420,5481,LAWS2110,LAWS2110-,-T04,TUT,Undergraduate,E,3,Administrative Law Administrative Law,,- Mr. Michael SCHREIBER,20,3,Yes,Yes,LLB Pgm Comm,2026-08-15T01-53-13+08-00-full-term-1,current,
2420,6892,LAWS2121,LAWS2121-,-T04,TUT,Undergraduate,E,3,Criminal Law I Criminal Law I,,- Mr. Jeffrey Paul HILL - Professor Jeremy Sydney DEIN,20,3,Yes,Yes,LLB Pgm Comm,2026-08-15T01-53-13+08-00-full-term-1,current,
2420,6913,LAWS2131,LAWS2131-,-T05,TUT,Undergraduate,E,3,Tort I Tort I,,- Dr. Geoffrey Carl UPTON - Professor Alexander Giles GREEN,20,1,Yes,Yes,LLB Pgm Comm,2026-08-15T01-53-13+08-00-full-term-1,current,
2420,8552,LAWS3100,LAWS3100-,-,LEC,Undergraduate,E,3,Civil Procedure Civil Procedure,,- Mr. CHEUNG Matthew Paul,35,19,,,LLB Pgm Comm,2026-08-15T01-53-13+08-00-full-term-1,current,
2420,8539,LAWS3110,LAWS3110-,-,LEC,Undergraduate,E,3,Criminal Procedure Criminal Procedure,,- Miss WONG Hoi Yung,35,17,,,LLB Pgm Comm,2026-08-15T01-53-13+08-00-full-term-1,current,
2420,7363,LAWS3151,LAWS3151-,-T04,TUT,Undergraduate,E,3,Land Law I Land Law I,,- Professor Michael Lewis Paul LOWER,22,0,Yes,Yes,LLB Pgm Comm,2026-08-15T01-53-13+08-00-full-term-1,current,
2420,6933,LAWS3290,LAWS3290-,-,LEC,Undergraduate,E,3,Chinese Civil Law Chinese Civil Law,,- Dr. XU Lu,35,9,,,LLB Pgm Comm,2026-08-15T01-53-13+08-00-full-term-1,current,
2420,8553,LAWS3440,LAWS3440-,-,LEC,Undergraduate,E,3,Contract Law of the PRC,,- Professor ZHANG Hao,35,7,,,LLB Pgm Comm,2026-08-15T01-53-13+08-00-full-term-1,current,
2420,8019,LAWS4010,LAWS4010-,-J01,PRJ,Undergraduate,E,3,Independent Research Paper Independent Research Paper,,- Professor Evan Corby GIBSON,50,0,Yes,Yes,LLB Pgm Comm,2026-08-15T01-53-13+08-00-full-term-1,current,
2420,5078,LAWS4012,LAWS4012-,-,LEC,Undergraduate,E,3,Global Issues in Law,,- Professor Alexander Giles GREEN,35,9,,,LLB Pgm Comm,2026-08-15T01-53-13+08-00-full-term-1,current,
2420,7364,LAWS4120,LAWS4120-,-T04,TUT,Undergraduate,E,3,Commercial Law Commercial Law,,- Mr. Mark Norman WELLARD,22,1,Yes,Yes,LLB Pgm Comm,2026-08-15T01-53-13+08-00-full-term-1,current,
2420,6936,LAWS4151,LAWS4151-,-T04,TUT,Undergraduate,E,3,Equity and Trusts I Equity and Trusts I,,- Professor Martin Andrew JARRETT - Professor Noam NOKED,20,2,Yes,Yes,LLB Pgm Comm,2026-08-15T01-53-13+08-00-full-term-1,current,
2420,6955,LAWS4260,LAWS4260-,-,LEC,Undergraduate,E,3,Public International Law Public International Law,,- Professor Aaro Samuli SEPPAENEN,35,1,,,LLB Pgm Comm,2026-08-15T01-53-13+08-00-full-term-1,current,
2420,8541,LAWS4300,LAWS4300-,-,LEC,Undergraduate,E,3,Shipping and the Law,航運與法律,- Mr. Paul Joel SCHMIDT,35,0,,,LLB Pgm Comm,2026-08-15T01-53-13+08-00-full-term-1,current,
2420,8540,LAWS4360,LAWS4360-,-,LEC,Undergraduate,E,3,Insurance and the Law Insurance and the Law,,- Mr. Jonathan Robert GLUSMAN,35,0,,,LLB Pgm Comm,2026-08-15T01-53-13+08-00-full-term-1,current,
2420,6641,LAWS4430,LAWS4430-,-,LEC,Undergraduate,E,3,Competition Law,,- Professor Sandra MARCO COLINO,35,12,,,LLB Pgm Comm,2026-08-15T01-53-13+08-00-full-term-1,current,
2420,8542,LAWS4491,LAWS4491-,-,LEC,Undergraduate,E,3,Compliance from a Legal Perspe,,- Mr. Hans-gunther HERRMANN,35,21,,,LLB Pgm Comm,2026-08-15T01-53-13+08-00-full-term-1,current,
2420,6934,LAWS4494,LAWS4494-,-,LEC,Undergraduate,E,3,Digital Technology and Law,,- Professor LIN Yuping,35,14,,,LLB Pgm Comm,2026-08-15T01-53-13+08-00-full-term-1,current,
2420,4747,LDTE2100,LDTE2100-,-,LEC,Undergraduate,E,3,LD in NewEmerg'g Edu Contexts,新興教育背景下的學習設計,- Professor CHIU Kin Fung,40,39,,Yes,Learning Design & Tech PC,2026-08-15T01-53-13+08-00-full-term-1,current,
2420,4748,LDTE3120,LDTE3120-,-,LEC,Undergraduate,E,3,Sustainability of Edu tech,資訊教育科技的持續性,- Miss SHI Shuheng,30,9,,Yes,Learning Design & Tech PC,2026-08-15T01-53-13+08-00-full-term-1,current,
2420,6281,LDTE3500,LDTE3500-,-F01,FLD,Undergraduate,E,3,Internship,產業實習,- Professor CHIU Kin Fung,15,5,,Yes,Learning Design & Tech PC,2026-08-15T01-53-13+08-00-full-term-1,current,
2420,4771,LDTE3510,LDTE3510-,-,LEC,Undergraduate,E,3,Educat'l Des Res'h(Res'h Meth),教育設計研究（研究方法）,- Professor YANG Hyunwoo,15,6,,Yes,Learning Design & Tech PC,2026-08-15T01-53-13+08-00-full-term-1,current,
2420,4814,LDTE4300,LDTE4300-,-,LEC,Undergraduate,E,3,InsDesforSENinTec-SupLearn'gEn,使用科技支持有特殊教育需要的學生的教學設計,- Mr. CHUI Wai Tao Richard,28,25,,Yes,Learning Design & Tech PC,2026-08-15T01-53-13+08-00-full-term-1,current,
2420,7778,LING1000,LING1000-,-T01,TUT,Undergraduate,E,3,Invitation to Linguistics,語言學概論,- Dr. LEI Ka Yan Margaret,25,6,,,Dept of Linguistics & Mod Lang,2026-08-15T01-53-13+08-00-full-term-1,current,
2420,7780,LING1002,LING1002-,-T01,TUT,Undergraduate,C&E,3,Exploring Grammar: Cantonese,語法探索：粵語,- Professor MATTHEWS Stephen James,65,46,,,Dept of Linguistics & Mod Lang,2026-08-15T01-53-13+08-00-full-term-1,current,
2420,8346,LING2003,LING2003-,-T02,TUT,Undergraduate,E,3,Phonetics I,語音學（一）,- Dr. ZHANG Weijun,30,26,,,Dept of Linguistics & Mod Lang,2026-08-15T01-53-13+08-00-full-term-1,current,
2420,7782,LING2006,LING2006-,-T02,TUT,Undergraduate,E,3,Semantics,語義學,- Dr. CHEN Zhuo,30,10,,,Dept of Linguistics & Mod Lang,2026-08-15T01-53-13+08-00-full-term-1,current,
2420,7546,LING2008,LING2008A,AT01,TUT,Undergraduate,E,3,Linguistic Argumentation II,語言學論證（二）,- Dr. LEI Ka Yan Margaret,25,9,Yes,Yes,Dept of Linguistics & Mod Lang,2026-08-15T01-53-13+08-00-full-term-1,current,
2420,7548,LING2008,LING2008B,BT01,TUT,Undergraduate,E,3,Linguistic Argumentation II,語言學論證（二）,- Dr. CHEN Zhuo,25,7,Yes,Yes,Dept of Linguistics & Mod Lang,2026-08-15T01-53-13+08-00-full-term-1,current,
2420,7550,LING3103,LING3103-,-T01,TUT,Undergraduate,E,3,Phonology II,音系學（二）,- Professor LAI Yee King Regine,30,25,,,Dept of Linguistics & Mod Lang,2026-08-15T01-53-13+08-00-full-term-1,current,
2420,7552,LING3201,LING3201-,-T01,TUT,Undergraduate,E,3,First Language Acquisition,第一語言獲得,- Professor YIP Choy Yin Virginia,65,31,,,Dept of Linguistics & Mod Lang,2026-08-15T01-53-13+08-00-full-term-1,current,
2420,8558,LING3401,LING3401-,-T01,TUT,Undergraduate,E,3,Linguistics and IT,語言學與資訊科技,- Professor FENG Gangyi,30,10,,,Dept of Linguistics & Mod Lang,2026-08-15T01-53-13+08-00-full-term-1,current,
2420,6174,LING4000,LING4000-,-,LEC,Undergraduate,E,6,Research Project II,語言學研究（二）,- Dr. CHEN Zhuo - Professor LAI Yee King Regine - Professor MOK Pik Ki Peggy,10,8,Yes,Yes,Dept of Linguistics & Mod Lang,2026-08-15T01-53-13+08-00-full-term-1,current,
2420,7985,LING4001,LING4001-,-J01,PRJ,Undergraduate,E,0,Research Project I,語言學研究（一）,- Dr. CHEN Zhuo - Dr. LEI Ka Yan Margaret - Professor CAI Zhenguang - Professor CHEUNG Yam Leung - Professor FENG Gangyi - Professor LAI Yee King Regine - Professor MAI Ziyin - Professor MOK Pik Ki Peggy - Professor PAN Haihua - Professor PAN Vi,40,4,Yes,Yes,Dept of Linguistics & Mod Lang,2026-08-15T01-53-13+08-00-full-term-1,current,
2420,9694,LSCI1001,LSCI1001-,-,LEC,Undergraduate,E,3,Basic Concepts in Biol. Scienc,生物科學基本概念,- Dr. CHIU Chi Ming Lawrence,100,100,Yes,,School of Life Sciences,2026-08-15T01-53-13+08-00-full-term-1,current,
2420,9505,LSCI1002,LSCI1002-,-,LEC,Undergraduate,E,3,Introduction to Biological Sci,生物科學入門,- Professor TSANG Suk Ying - Professor WONG Kam Bo,200,196,,,School of Life Sciences,2026-08-15T01-53-13+08-00-full-term-1,current,
2420,8690,LSCI2002,LSCI2002A,AL01,LAB,Undergraduate,E,2,Basic Lab Tech in Life Sci,生命科學基本實驗技巧,- Dr. NGAI Hung Kui - Professor CHEN Zhefan,56,37,,,School of Life Sciences,2026-08-15T01-53-13+08-00-full-term-1,current,
2420,8694,LSCI2002,LSCI2002B,BL01,LAB,Undergraduate,E,2,Basic Lab Tech in Life Sci,生命科學基本實驗技巧,- Dr. NGAI Hung Kui - Professor CHEN Zhefan,56,36,,,School of Life Sciences,2026-08-15T01-53-13+08-00-full-term-1,current,
2420,5824,LSCI2003,LSCI2003-,-,LEC,Undergraduate,E,2,Scientific Conduct and Ethics,科學道德與倫理,- Professor CHEN Sijie,80,59,,,School of Life Sciences,2026-08-15T01-53-13+08-00-full-term-1,current,
2420,6776,LSCI4000,LSCI4000-,-J01,PRJ,Undergraduate,E,3,Literature Research,文獻專題研究,- Dr. CHIU Chi Ming Lawrence - Dr. Erika KWEK - Dr. KOON Chun Alex - Dr. LAW Man Suet Michelle - Dr. LI Yuk Man - Dr. LO Fai Hang - Dr. NGAI Hung Kui - Dr. SIOW Lam - Dr. TANG Ming Chak - Miss YAM Kwan Mei - Ms. SIN Man Ching - Ms. YIP Pui Sze,250,179,Yes,Yes,School of Life Sciences,2026-08-15T01-53-13+08-00-full-term-1,current,
2420,6170,LSCI4912,LSCI4912-,-J01,PRJ,Undergraduate,E,2,Grp Research in Life Sci (II),生命科學小組研究（二）,- Professor CHUI Pui Yi - Professor NGO Chi Ki Jacky - Professor TSUI Tsz Ki Martin,30,25,Yes,Yes,School of Life Sciences,2026-08-15T01-53-13+08-00-full-term-1,current,
2420,8285,MAEG1020,MAEG1020-,-L02,LAB,Undergraduate,E,3,Comput’nal Design & Fabric’n,計算設計與製造,- Professor CHENG Shing Shin,35,30,,Yes,Dept of Mech & Automation Engg,2026-08-15T01-53-13+08-00-full-term-1,current,
2420,5655,MAEG2020,MAEG2020-,-T01,TUT,Undergraduate,E,3,Engineering Mechanics,工程力學,- Dr. LI Yiyang,125,66,,Yes,Dept of Mech & Automation Engg,2026-08-15T01-53-13+08-00-full-term-1,current,
2420,5330,MAEG2030,MAEG2030-,-T01,TUT,Undergraduate,E,3,Thermodynamics,熱力學,- Professor XU Dongyan,200,115,,Yes,Dept of Mech & Automation Engg,2026-08-15T01-53-13+08-00-full-term-1,current,
2420,9158,MAEG2050,MAEG2050-,-P01,PRA,Undergraduate,E,3,Robot Development in Practice,機器人開發實踐：從設計到原型製作,- Professor KWOK Ka Wai,40,26,Yes,,Dept of Mech & Automation Engg,2026-08-15T01-53-13+08-00-full-term-1,current,
2420,5656,MAEG3010,MAEG3010-,-T01,TUT,Undergraduate,E,3,Mechanics of Materials,材料力學,- Professor LIU Xiaohua,75,11,,Yes,Dept of Mech & Automation Engg,2026-08-15T01-53-13+08-00-full-term-1,current,
2420,5657,MAEG3050,MAEG3050-,-T01,TUT,Undergraduate,E,3,Introduction to Control Sys,控制系統導論,- Dr. PAN Zini,80,7,,Yes,Dept of Mech & Automation Engg,2026-08-15T01-53-13+08-00-full-term-1,current,
2420,9054,MAEG3070,MAEG3070-,-T01,TUT,Undergraduate,E,3,Fundamentals of CAD,計算機輔助設計基礎,- Professor ZHAO Huan,30,15,,,Dept of Mech & Automation Engg,2026-08-15T01-53-13+08-00-full-term-1,current,
2420,9348,MAEG3920,MAEG3920-,-T01,TUT,Undergraduate,E,3,ENGG Design & Applications,工程設計及應用,- Professor LIAO Shuheng,55,27,,,Dept of Mech & Automation Engg,2026-08-15T01-53-13+08-00-full-term-1,current,
2420,5694,MAEG4020,MAEG4020-,-T01,TUT,Undergraduate,E,3,Finite Elem't Modelling & Anal,有限元建模與分析,- Professor ZHANG Weizhao,50,43,,,Dept of Mech & Automation Engg,2026-08-15T01-53-13+08-00-full-term-1,current,
2420,5707,MAEG4030,MAEG4030-,-T01,TUT,Undergraduate,E,3,Heat Transfer,熱傳學,- Professor XU Dongyan,135,38,,Yes,Dept of Mech & Automation Engg,2026-08-15T01-53-13+08-00-full-term-1,current,
2420,9055,MAEG4040,MAEG4040-,-T01,TUT,Undergraduate,E,3,Mechatronic Systems,機電系統,- Dr. LI Yiyang,60,43,,,Dept of Mech & Automation Engg,2026-08-15T01-53-13+08-00-full-term-1,current,
2420,9681,MAEG4070,MAEG4070-,-T01,TUT,Undergraduate,E,3,Engineering Optimization,工程優化,- Professor YUAN Haidong,50,36,,,Dept of Mech & Automation Engg,2026-08-15T01-53-13+08-00-full-term-1,current,
2420,6328,MAEG4998,MAEG4998-,-J01,PRJ,Undergraduate,E,3,Final Year Project I,畢業專題研究（一）,- Professor ZHANG Weizhao,90,30,Yes,Yes,Dept of Mech & Automation Engg,2026-08-15T01-53-13+08-00-full-term-1,current,
2420,6587,MAEG4999,MAEG4999-,-J01,PRJ,Undergraduate,E,3,Final Year Project II,畢業專題研究（二）,- Professor ZHANG Weizhao,10,9,Yes,Yes,Dept of Mech & Automation Engg,2026-08-15T01-53-13+08-00-full-term-1,current,
2420,7553,MASE1002,MASE1002-,-T03,TUT,Undergraduate,E,3,Intro to MASE II,材料科學與工程學導論（二）,- Professor Ady SUWARDI,10,10,,,Materials Sci & Erg PC,2026-08-15T01-53-13+08-00-full-term-1,current,
2420,5024,MASE1801,MASE1801-,-L01,LAB,Undergraduate,E,2,Materials Laboratory,材料學實驗,- Dr. CHEUNG Yu San - Dr. DUNG On Yu - Dr. LO Chui Man - Professor ZHAO Ni,20,5,Yes,Yes,Materials Sci & Erg PC,2026-08-15T01-53-13+08-00-full-term-1,current,
2420,5026,MASE2002,MASE2002-,-T01,TUT,Undergraduate,E,3,Intro to Polymer Science,高分子科學導論,- Professor KWOK Man Hin - Professor NGAI To,20,4,,,Materials Sci & Erg PC,2026-08-15T01-53-13+08-00-full-term-1,current,
2420,9331,MATH1010,MATH1010A,AT01,TUT,Undergraduate,C&E,3,University Mathematics,大學數學,- Dr. SHIU Wai Chee,60,60,,,Dept of Mathematics,2026-08-15T00-47-47+08-00,historical_fallback,
2420,9730,MATH1010,MATH1010B,BT01,TUT,Undergraduate,C&E,3,University Mathematics,大學數學,- Staff,60,60,,,Dept of Mathematics,2026-08-15T00-47-47+08-00,historical_fallback,
2420,9744,MATH1010,MATH1010C,CT01,TUT,Undergraduate,C&E,3,University Mathematics,大學數學,- Dr. MAK Hugo Wai Leung,60,60,,,Dept of Mathematics,2026-08-15T00-47-47+08-00,historical_fallback,
2420,9743,MATH1010,MATH1010D,DT01,TUT,Undergraduate,C&E,3,University Mathematics,大學數學,- Dr. CHEUNG Leung Fu,60,60,,,Dept of Mathematics,2026-08-15T00-47-47+08-00,historical_fallback,
2420,9814,MATH1010,MATH1010E,ET01,TUT,Undergraduate,C&E,3,University Mathematics,大學數學,- Dr. WONG Chak Fu,60,60,,,Dept of Mathematics,2026-08-15T00-47-47+08-00,historical_fallback,
2420,5603,MATH1010,MATH1010F,FT01,TUT,Undergraduate,C&E,3,University Mathematics,大學數學,- Professor JIN Bangti,60,60,,,Dept of Mathematics,2026-08-15T00-47-47+08-00,historical_fallback,
2420,5719,MATH1010,MATH1010G,GT01,TUT,Undergraduate,C&E,3,University Mathematics,大學數學,- Dr. MAK Hugo Wai Leung,60,60,,,Dept of Mathematics,2026-08-15T00-47-47+08-00,historical_fallback,
2420,7221,MATH1010,MATH1010L,LT01,TUT,Undergraduate,C&E,3,University Mathematics,大學數學,- Staff,200,200,Yes,,Dept of Mathematics,2026-08-15T00-47-47+08-00,historical_fallback,
2420,9125,MATH1018,MATH1018-,-T01,TUT,Undergraduate,C&E,3,Honours University Mathematics,榮譽大學數學,- Dr. LO Chiu Hong,60,60,Yes,Yes,Dept of Mathematics,2026-08-15T00-47-47+08-00,historical_fallback,
2420,9384,MATH1025,MATH1025A,AT01,TUT,Undergraduate,C&E,3,Essential Mathematical Methods,數學方法要義,- Dr. CHAN Kai Leung,60,60,,,Dept of Mathematics,2026-08-15T00-47-47+08-00,historical_fallback,
2420,7077,MATH1025,MATH1025B,BT01,TUT,Undergraduate,C&E,3,Essential Mathematical Methods,數學方法要義,- Dr. RAO Qiqi,60,60,,,Dept of Mathematics,2026-08-15T00-47-47+08-00,historical_fallback,
2420,9386,MATH1028,MATH1028-,-T01,TUT,Undergraduate,C&E,3,Hon Essential Math'l Methods,榮譽數學方法要義,- Dr. CHAN Kai Leung,50,50,Yes,Yes,Dept of Mathematics,2026-08-15T00-47-47+08-00,historical_fallback,
2420,7463,MATH1030,MATH1030A,AT04,TUT,Undergraduate,C&E,3,Linear Algebra I,線性代數（一）,- Professor CAO Shiping,40,40,,,Dept of Mathematics,2026-08-15T00-47-47+08-00,historical_fallback,
2420,7639,MATH1030,MATH1030B,BT04,TUT,Undergraduate,C&E,3,Linear Algebra I,線性代數（一）,- Dr. FONG Wing Chung,40,38,,,Dept of Mathematics,2026-08-15T00-47-47+08-00,historical_fallback,
2420,7418,MATH1030,MATH1030C,CT04,TUT,Undergraduate,C&E,3,Linear Algebra I,線性代數（一）,- Staff,40,39,,,Dept of Mathematics,2026-08-15T00-47-47+08-00,historical_fallback,
2420,5336,MATH1030,MATH1030D,DT04,TUT,Undergraduate,C&E,3,Linear Algebra I,線性代數（一）,- Professor CAO Shiping,40,40,,,Dept of Mathematics,2026-08-15T00-47-47+08-00,historical_fallback,
2420,4731,MATH1090,MATH1090A,AT01,TUT,Undergraduate,C&E,3,Introduction to Set Theory,集合論概論,- Professor Omar KIDWAI,50,49,,,Dept of Mathematics,2026-08-15T00-47-47+08-00,historical_fallback,
2420,9747,MATH1520,MATH1520A,AT02,TUT,Undergraduate,C&E,3,University Math for Appl'ns,大學應用數學,- Dr. NG Ming Ho,50,50,,,Dept of Mathematics,2026-08-15T00-47-47+08-00,historical_fallback,
2420,8337,MATH1520,MATH1520B,BT02,TUT,Undergraduate,C&E,3,University Math for Appl'ns,大學應用數學,- Dr. CHAN Tsz Lung,50,50,,,Dept of Mathematics,2026-08-15T00-47-47+08-00,historical_fallback,
2420,9383,MATH1525,MATH1525A,AT01,TUT,Undergraduate,C&E,3,Basic Math for Sci & Tech,科學和技術之初等數學,- Dr. LIU Chun Lung,70,70,,,Dept of Mathematics,2026-08-15T00-47-47+08-00,historical_fallback,
2420,8234,MATH1530,MATH1530-,-T01,TUT,Undergraduate,C&E,3,Basic Math for Business & SSci,商業及社會科學之初等數學,- Dr. CHAN Hiu Ning,70,69,,,Dept of Mathematics,2026-08-15T00-47-47+08-00,historical_fallback,
2420,6012,MATH1540,MATH1540-,-T01,TUT,Undergraduate,C&E,3,U Math for Financial Studies,大學財經數學,- Dr. CHAN Kai Leung,60,8,,,Dept of Mathematics,2026-08-15T00-47-47+08-00,historical_fallback,
2420,9049,MATH1550,MATH1550-,-T01,TUT,Undergraduate,C&E,3,Method of MatricesLin Algebra,矩陣與線性代數的方法,- Dr. SHIU Wai Chee,50,45,,,Dept of Mathematics,2026-08-15T00-47-47+08-00,historical_fallback,
2420,5836,MATH1610,MATH1610-,-T01,TUT,Undergraduate,C&E,3,Linear Alg for Adv Acct Analy,高等會計分析數學 — 線性代數,- Dr. PAN Li,60,58,,,Dept of Mathematics,2026-08-15T00-47-47+08-00,historical_fallback,
2420,7366,MATH2010,MATH2010A,AT04,TUT,Undergraduate,C&E,3,Advanced Calculus I,高等微積分（一）,- Professor WAN Yau Heng Tom,30,28,,,Dept of Mathematics,2026-08-15T00-47-47+08-00,historical_fallback,
2420,7365,MATH2010,MATH2010B,BT04,TUT,Undergraduate,C&E,3,Advanced Calculus I,高等微積分（一）,- Dr. CHENG Man Chuen,30,28,,,Dept of Mathematics,2026-08-15T00-47-47+08-00,historical_fallback,
2420,6978,MATH2010,MATH2010C,CT04,TUT,Undergraduate,C&E,3,Advanced Calculus I,高等微積分（一）,- Dr. YAN Zetian,15,15,,,Dept of Mathematics,2026-08-15T00-47-47+08-00,historical_fallback,
2420,7486,MATH2010,MATH2010D,DT04,TUT,Undergraduate,C&E,3,Advanced Calculus I,高等微積分（一）,- Dr. CHEUNG Leung Fu,25,25,,,Dept of Mathematics,2026-08-15T00-47-47+08-00,historical_fallback,
2420,5295,MATH2018,MATH2018-,-T01,TUT,Undergraduate,C&E,3,Honours Advanced Calculus I,榮譽高等微積分（一）,- Dr. CHENG Man Chuen,50,50,,,Dept of Mathematics,2026-08-15T00-47-47+08-00,historical_fallback,
2420,5735,MATH2020,MATH2020A,AT02,TUT,Undergraduate,C&E,3,Advanced Calculus II,高等微積分（二）,- Professor LEE Yi Jen,55,55,,,Dept of Mathematics,2026-08-15T00-47-47+08-00,historical_fallback,
2420,4733,MATH2040,MATH2040A,AT02,TUT,Undergraduate,C&E,3,Linear Algebra II,線性代數（二）,- Dr. LYU Zhiyuan,60,58,,,Dept of Mathematics,2026-08-15T00-47-47+08-00,historical_fallback,
2420,4753,MATH2040,MATH2040B,BT02,TUT,Undergraduate,C&E,3,Linear Algebra II,線性代數（二）,- Professor YANG Ziquan,60,60,,,Dept of Mathematics,2026-08-15T00-47-47+08-00,historical_fallback,
2420,8341,MATH2048,MATH2048-,-T01,TUT,Undergraduate,C&E,3,Honours Linear Algebra II,榮譽線性代數（二）,- Professor LIU Liu,50,50,,,Dept of Mathematics,2026-08-15T00-47-47+08-00,historical_fallback,
2420,7371,MATH2050,MATH2050A,AT01,TUT,Undergraduate,C&E,3,Mathematical Analysis I,數學分析（一）,- Professor LEE Man Chun,50,47,,,Dept of Mathematics,2026-08-15T00-47-47+08-00,historical_fallback,
2420,7369,MATH2050,MATH2050B,BT01,TUT,Undergraduate,C&E,3,Mathematical Analysis I,數學分析（一）,- Professor LEE Man Chun,50,49,,,Dept of Mathematics,2026-08-15T00-47-47+08-00,historical_fallback,
2420,9394,MATH2058,MATH2058-,-T01,TUT,Undergraduate,C&E,3,Hon. Mathematical Analysis I,榮譽數學分析（一）,- Professor LUO Chenyun,50,50,,,Dept of Mathematics,2026-08-15T00-47-47+08-00,historical_fallback,
2420,9794,MATH2060,MATH2060A,AT01,TUT,Undergraduate,C&E,3,Mathematical Analysis II,數學分析（二）,- Professor LEUNG Chi Wai,50,43,,,Dept of Mathematics,2026-08-15T00-47-47+08-00,historical_fallback,
2420,9051,MATH2070,MATH2070A,AT01,TUT,Undergraduate,C&E,3,Algebraic Structures,代數結構,- Dr. FONG Wing Chung,50,43,,,Dept of Mathematics,2026-08-15T00-47-47+08-00,historical_fallback,
2420,6016,MATH2230,MATH2230A,AT02,TUT,Undergraduate,C&E,3,Complex Variables with Applns,複變函數與應用,- Professor YU Yong,60,54,,,Dept of Mathematics,2026-08-15T00-47-47+08-00,historical_fallback,
2420,5690,MATH3030,MATH3030-,-T01,TUT,Undergraduate,C&E,3,Abstract Algebra,抽象代數,- Professor CHAN Kwok Wai,60,46,,,Dept of Mathematics,2026-08-15T00-47-47+08-00,historical_fallback,
2420,9812,MATH3060,MATH3060-,-T01,TUT,Undergraduate,C&E,3,Mathematical Analysis III,數學分析（三）,- Professor CHOU Kai Seng,40,24,,,Dept of Mathematics,2026-08-15T00-47-47+08-00,historical_fallback,
2420,5658,MATH3080,MATH3080-,-T01,TUT,Undergraduate,C&E,3,Number Theory,數論,- Dr. LI Chun Che,60,49,,,Dept of Mathematics,2026-08-15T00-47-47+08-00,historical_fallback,
2420,8232,MATH3215,MATH3215-,-T01,TUT,Undergraduate,C&E,3,Operations Research,運籌學,- Dr. PAN Li,60,39,,,Dept of Mathematics,2026-08-15T00-47-47+08-00,historical_fallback,
2420,4754,MATH3230,MATH3230A,AT02,TUT,Undergraduate,C&E,3,Numerical Analysis,數值分析,- Professor ZOU Jun,60,47,,,Dept of Mathematics,2026-08-15T00-47-47+08-00,historical_fallback,
2420,7396,MATH3270,MATH3270A,AT01,TUT,Undergraduate,C&E,3,Ordinary Diff Equations,常微分方程,- Dr. XIAO Jingjing,70,37,,,Dept of Mathematics,2026-08-15T00-47-47+08-00,historical_fallback,
2420,4760,MATH3280,MATH3280A,AT01,TUT,Undergraduate,C&E,3,Introductory Probability,概率導引,- Professor FENG Dejun,60,30,,,Dept of Mathematics,2026-08-15T00-47-47+08-00,historical_fallback,
2420,6990,MATH3290,MATH3290-,-T01,TUT,Undergraduate,C&E,3,Mathematical Modeling,數學模型,- Dr. WONG Chak Fu,60,37,,,Dept of Mathematics,2026-08-15T00-47-47+08-00,historical_fallback,
2420,7627,MATH3310,MATH3310-,-T01,TUT,Undergraduate,C&E,3,Computational & Applied Maths,計算及應用數學,- Professor LUI Lok Ming,50,21,,,Dept of Mathematics,2026-08-15T00-47-47+08-00,historical_fallback,
2420,5679,MATH3320,MATH3320-,-T01,TUT,Undergraduate,C&E,3,Foundation of Data Analytics,數據分析基礎,- Professor CHOI Pui Tung,50,24,,,Dept of Mathematics,2026-08-15T00-47-47+08-00,historical_fallback,
2420,9052,MATH4010,MATH4010-,-T01,TUT,Undergraduate,C&E,3,Functional Analysis,泛函分析,- Professor LEUNG Chi Wai,40,15,,,Dept of Mathematics,2026-08-15T00-47-47+08-00,historical_fallback,
2420,5601,MATH4030,MATH4030-,-T01,TUT,Undergraduate,C&E,3,Differential Geometry,微分幾何學,- Dr. GONG Liuwei,40,22,,,Dept of Mathematics,2026-08-15T00-47-47+08-00,historical_fallback,
2420,6983,MATH4280,MATH4280-,-T01,TUT,Undergraduate,C&E,3,InnovationDesigninBigDataAnal,數據分析創新與設計,- Dr. ZHONG Xiang,30,14,,,Dept of Mathematics,2026-08-15T00-47-47+08-00,historical_fallback,
2420,6031,MATH4400,MATH4400A,AJ01,PRJ,Undergraduate,E,3,Project,專題,- Professor CAO Shiping,2,0,Yes,Yes,Dept of Mathematics,2026-08-15T00-47-47+08-00,historical_fallback,
2420,6200,MATH4400,MATH4400B,BJ01,PRJ,Undergraduate,E,3,Project,專題,- Professor CHOI Pui Tung,2,0,Yes,Yes,Dept of Mathematics,2026-08-15T00-47-47+08-00,historical_fallback,
2420,6195,MATH4400,MATH4400C,CJ01,PRJ,Undergraduate,E,3,Project,專題,- Professor JIN Bangti,2,1,Yes,Yes,Dept of Mathematics,2026-08-15T00-47-47+08-00,historical_fallback,
2420,6028,MATH4400,MATH4400D,DJ01,PRJ,Undergraduate,E,3,Project,專題,- Professor LEE Man Chun,2,1,Yes,Yes,Dept of Mathematics,2026-08-15T00-47-47+08-00,historical_fallback,
2420,6029,MATH4400,MATH4400E,EJ01,PRJ,Undergraduate,E,3,Project,專題,- Professor LI Man Chun,2,1,Yes,Yes,Dept of Mathematics,2026-08-15T00-47-47+08-00,historical_fallback,
2420,6030,MATH4400,MATH4400F,FJ01,PRJ,Undergraduate,E,3,Project,專題,- Professor LIU Liu,2,1,Yes,Yes,Dept of Mathematics,2026-08-15T00-47-47+08-00,historical_fallback,
2420,6027,MATH4400,MATH4400G,GJ01,PRJ,Undergraduate,E,3,Project,專題,- Professor Mykola MATVIICHUK,2,1,Yes,Yes,Dept of Mathematics,2026-08-15T00-47-47+08-00,historical_fallback,
2420,8160,MATH4400,MATH4400H,HJ01,PRJ,Undergraduate,E,3,Project,專題,- Dr. NG Ming Ho,2,1,Yes,Yes,Dept of Mathematics,2026-08-15T00-47-47+08-00,historical_fallback,
2420,8162,MATH4400,MATH4400I,IJ01,PRJ,Undergraduate,E,3,Project,專題,- Professor TAN Xiaolu,2,1,Yes,Yes,Dept of Mathematics,2026-08-15T00-47-47+08-00,historical_fallback,
2420,8161,MATH4400,MATH4400J,JJ01,PRJ,Undergraduate,E,3,Project,專題,- Professor WEI Juncheng,2,1,Yes,Yes,Dept of Mathematics,2026-08-15T00-47-47+08-00,historical_fallback,
2420,10074,MATH4400,MATH4400K,KJ01,PRJ,Undergraduate,E,3,Project,專題,- Professor YU Yong,2,1,Yes,Yes,Dept of Mathematics,2026-08-15T00-47-47+08-00,historical_fallback,
2420,6888,MATH4900,MATH4900A,AS01,SEM,Undergraduate,E,3,Seminar,專題討論,- Staff,12,1,,,Dept of Mathematics,2026-08-15T00-47-47+08-00,historical_fallback,
2420,6889,MATH4900,MATH4900B,BS01,SEM,Undergraduate,E,3,Seminar,專題討論,- Staff,12,0,,,Dept of Mathematics,2026-08-15T00-47-47+08-00,historical_fallback,
2420,6890,MATH4900,MATH4900C,CS01,SEM,Undergraduate,E,3,Seminar,專題討論,- Staff,12,0,,,Dept of Mathematics,2026-08-15T00-47-47+08-00,historical_fallback,
2420,6891,MATH4900,MATH4900D,DS01,SEM,Undergraduate,E,3,Seminar,專題討論,- Staff,12,8,,,Dept of Mathematics,2026-08-15T00-47-47+08-00,historical_fallback,
2420,6703,MATH4900,MATH4900E,ES01,SEM,Undergraduate,E,3,Seminar,專題討論,- Staff,12,9,,,Dept of Mathematics,2026-08-15T00-47-47+08-00,historical_fallback,
2420,6894,MATH4900,MATH4900F,FS01,SEM,Undergraduate,E,3,Seminar,專題討論,- Staff,12,1,,,Dept of Mathematics,2026-08-15T00-47-47+08-00,historical_fallback,
2420,6911,MATH4900,MATH4900G,GS01,SEM,Undergraduate,E,3,Seminar,專題討論,- Staff,12,7,,,Dept of Mathematics,2026-08-15T00-47-47+08-00,historical_fallback,
2420,6912,MATH4900,MATH4900H,HS01,SEM,Undergraduate,E,3,Seminar,專題討論,- Staff,12,5,,,Dept of Mathematics,2026-08-15T00-47-47+08-00,historical_fallback,
2420,7658,MBTE3000,MBTE3000-,-,LEC,Undergraduate,E,3,Business and Social Aspects of,生物技術學與商業及社會的關係,- Professor CHAN Albert Wai Kit - Professor HO Kwok Keung Walter - Professor SHAW Pang Chui - Professor WONG Wing Tak Jack,50,26,,,Molecular Biotechnology PC,2026-08-15T01-53-13+08-00-full-term-1,current,
2420,5987,MBTE3510,MBTE3510-,-,LEC,Undergraduate,E,1,Medical Biotechnology,醫學生物技術,- Dr. SIOW Lam - Professor CHAN Ting Fung Philos,50,11,,,Molecular Biotechnology PC,2026-08-15T01-53-13+08-00-full-term-1,current,
2420,5985,MBTE3511,MBTE3511-,-,LEC,Undergraduate,E,1,Ind app of plant genetic mod,植物基因改造的工業應用,- Professor KANG Byung Ho - Professor ZHONG Silin,30,29,,,Molecular Biotechnology PC,2026-08-15T01-53-13+08-00-full-term-1,current,
2420,6021,MBTE3518,MBTE3518-,-J01,PRJ,Undergraduate,E,2,Project in Medical Biotech,醫學生物技術小組研習,- Professor CHAN Ting Fung Philos - Professor WONG Wing Tak Jack,30,21,,,Molecular Biotechnology PC,2026-08-15T01-53-13+08-00-full-term-1,current,
2420,8855,MBTE4033,MBTE4033-,-L01,LAB,Undergraduate,E,2,Methods in Molecular Biotechno,分子生物技術學方法實驗（一）,- Dr. SIOW Lam,28,0,,,Molecular Biotechnology PC,2026-08-15T01-53-13+08-00-full-term-1,current,
2420,9431,MBTE4320,MBTE4320-,-,LEC,Undergraduate,E,3,Genetic Engineering,遺傳工程學,- Professor LAM Hon Ming,50,22,,,Molecular Biotechnology PC,2026-08-15T01-53-13+08-00-full-term-1,current,
2420,7400,MBTE4510,MBTE4510-,-,LEC,Undergraduate,E,3,Plant Biotechnology,植物生物技術學,- Professor KANG Byung Ho - Professor ZHONG Silin,50,21,,,Molecular Biotechnology PC,2026-08-15T01-53-13+08-00-full-term-1,current,
2420,6050,MBTE4902,MBTE4902-,-J01,PRJ,Undergraduate,E,2,Senior Experimental Project II,實驗專題討論（二）,- Professor CHAN Ting Fung Philos - Professor JIANG Liwen - Professor LAM Hon Ming - Professor LUO Haiwei - Professor WANG Guanqun - Professor WONG Wing Tak Jack,50,41,Yes,Yes,Molecular Biotechnology PC,2026-08-15T01-53-13+08-00-full-term-1,current,
2420,7268,MEDF1010,MEDF1010-,-T20,TUT,Undergraduate,E,3,Foundation Course HS I MBChB,,- Dr. YEUNG Hang Mee,15,15,Yes,Yes,Faculty Office of Medicine,2026-08-15T01-53-13+08-00-full-term-1,current,
2420,7269,MEDF1011,MEDF1011-,-T20,TUT,Undergraduate,E,2,Health Sciences I,,- Dr. HWANG Shui Shan Isabel,20,20,Yes,Yes,Faculty Office of Medicine,2026-08-15T01-53-13+08-00-full-term-1,current,
2420,7270,MEDF1041,MEDF1041-,-J01,PRJ,Undergraduate,E,3,Interprofessional Healthcare I,,- Professor WONG Carmen,684,684,Yes,Yes,Faculty Office of Medicine,2026-08-15T01-53-13+08-00-full-term-1,current,
2420,8629,MEDU1000,MEDU1000B,B,LEC,Undergraduate,E,1,Medicine courses,,- Staff,260,0,Yes,Yes,MB ChB Pgm Comm,2026-08-15T01-53-13+08-00-full-term-1,current,
2420,8688,MEDU1000,MEDU1000C,C,LEC,Undergraduate,E,1,Medicine courses,,- Staff,260,0,Yes,Yes,MB ChB Pgm Comm,2026-08-15T01-53-13+08-00-full-term-1,current,
2420,7143,MEDU1110,MEDU1110-,-O12,OTH,Undergraduate,E,2,Systemic Anatomy,,- Dr. WAI Sen Mun,25,25,Yes,Yes,MB ChB Pgm Comm,2026-08-15T01-53-13+08-00-full-term-1,current,
2420,7472,MGNT1010,MGNT1010A,A,LEC,Undergraduate,E,3,Introduction to Business,企業導論,- Dr. IUN Sio Kun Joyce,40,32,,,Dept of Management,2026-08-15T01-53-13+08-00-full-term-1,current,
2420,7401,MGNT1020,MGNT1020A,A,LEC,Undergraduate,E,3,Management,管理學,- Professor LIU Xuan,70,68,,,Dept of Management,2026-08-15T01-53-13+08-00-full-term-1,current,
2420,9337,MGNT1020,MGNT1020B,B,LEC,Undergraduate,E,3,Management,管理學,- Professor WU Shuang,70,70,,,Dept of Management,2026-08-15T01-53-13+08-00-full-term-1,current,
2420,7403,MGNT1020,MGNT1020C,C,LEC,Undergraduate,E,3,Management,管理學,- Professor LIU Xuan,62,61,,,Dept of Management,2026-08-15T01-53-13+08-00-full-term-1,current,
2420,9325,MGNT1020,MGNT1020D,D,LEC,Undergraduate,E,3,Management,管理學,- Professor WU Shuang,70,64,,,Dept of Management,2026-08-15T01-53-13+08-00-full-term-1,current,
2420,9338,MGNT1020,MGNT1020E,E,LEC,Undergraduate,E,3,Management,管理學,- Professor WU Shuang,70,68,,,Dept of Management,2026-08-15T01-53-13+08-00-full-term-1,current,
2420,6018,MGNT1020,MGNT1020F,F,LEC,Undergraduate,E,3,Management,管理學,- Dr. IUN Sio Kun Joyce,70,60,,,Dept of Management,2026-08-15T01-53-13+08-00-full-term-1,current,
2420,7402,MGNT1020,MGNT1020G,G,LEC,Undergraduate,E,3,Management,管理學,- Dr. TSUI Po Yung,70,69,,,Dept of Management,2026-08-15T01-53-13+08-00-full-term-1,current,
2420,5839,MGNT1020,MGNT1020H,H,LEC,Undergraduate,E,3,Management,管理學,- Dr. NG Wing Fung,70,70,,,Dept of Management,2026-08-15T01-53-13+08-00-full-term-1,current,
2420,9231,MGNT1020,MGNT1020I,I,LEC,Undergraduate,E,3,Management,管理學,- Professor LIU Xuan,70,70,,,Dept of Management,2026-08-15T01-53-13+08-00-full-term-1,current,
2420,8462,MGNT1070,MGNT1070-,-,LEC,Undergraduate,E,3,The Founder’s Journey: EM & DT,創業歷程─創業精神與設計思考,- Professor CHOI Wai Shan,40,32,,,Dept of Management,2026-08-15T01-53-13+08-00-full-term-1,current,
2420,8463,MGNT2040,MGNT2040A,A,LEC,Undergraduate,E,3,Managing Human Capital,管理人力資本,- Dr. TSUI Po Yung,50,16,,,Dept of Management,2026-08-15T01-53-13+08-00-full-term-1,current,
2420,6397,MGNT2511,MGNT2511A,A,LEC,Undergraduate,E,1,Global Experiential Learning I,全球體驗式學習（一）,- Dr. HO Kin Yan,70,57,,,Dept of Management,2026-08-15T01-53-13+08-00-full-term-1,current,
2420,6398,MGNT2511,MGNT2511B,B,LEC,Undergraduate,E,1,Global Experiential Learning I,全球體驗式學習（一）,- Dr. HO Kin Yan,70,42,,,Dept of Management,2026-08-15T01-53-13+08-00-full-term-1,current,
2420,6395,MGNT2511,MGNT2511C,C,LEC,Undergraduate,E,1,Global Experiential Learning I,全球體驗式學習（一）,- Dr. HO Kin Yan,70,70,,,Dept of Management,2026-08-15T01-53-13+08-00-full-term-1,current,
2420,6396,MGNT2511,MGNT2511D,D,LEC,Undergraduate,E,1,Global Experiential Learning I,全球體驗式學習（一）,- Dr. HO Kin Yan,70,70,,,Dept of Management,2026-08-15T01-53-13+08-00-full-term-1,current,
2420,6399,MGNT2511,MGNT2511E,E,LEC,Undergraduate,E,1,Global Experiential Learning I,全球體驗式學習（一）,- Dr. HO Kin Yan,70,69,,,Dept of Management,2026-08-15T01-53-13+08-00-full-term-1,current,
2420,6344,MGNT2511,MGNT2511F,F,LEC,Undergraduate,E,1,Global Experiential Learning I,全球體驗式學習（一）,- Dr. HO Kin Yan,70,70,,,Dept of Management,2026-08-15T01-53-13+08-00-full-term-1,current,
2420,6167,MGNT2512,MGNT2512A,A,LEC,Undergraduate,E,1,Global Experiential LearningII,全球體驗式學習（二）,- Professor WU You Willow,70,2,Yes,,Dept of Management,2026-08-15T01-53-13+08-00-full-term-1,current,
2420,6165,MGNT2512,MGNT2512B,B,LEC,Undergraduate,E,1,Global Experiential LearningII,全球體驗式學習（二）,- Professor WU You Willow,70,0,Yes,,Dept of Management,2026-08-15T01-53-13+08-00-full-term-1,current,
2420,6346,MGNT2512,MGNT2512C,C,LEC,Undergraduate,E,1,Global Experiential LearningII,全球體驗式學習（二）,- Professor WU You Willow,70,3,Yes,,Dept of Management,2026-08-15T01-53-13+08-00-full-term-1,current,
2420,8100,MGNT2512,MGNT2512D,D,LEC,Undergraduate,E,1,Global Experiential LearningII,全球體驗式學習（二）,- Professor WU You Willow,70,1,Yes,,Dept of Management,2026-08-15T01-53-13+08-00-full-term-1,current,
2420,8461,MGNT2611,MGNT2611A,A,LEC,Undergraduate,E,2,Business Sustainability,商業永續發展,- Dr. IP Ching Loi,70,42,,,Dept of Management,2026-08-15T01-53-13+08-00-full-term-1,current,
2420,9361,MGNT2611,MGNT2611B,B,LEC,Undergraduate,E,2,Business Sustainability,商業永續發展,- Dr. IP Ching Loi,70,26,,,Dept of Management,2026-08-15T01-53-13+08-00-full-term-1,current,
2420,9153,MGNT2611,MGNT2611C,C,LEC,Undergraduate,E,2,Business Sustainability,商業永續發展,- Dr. TONG Toni Maria,70,41,,,Dept of Management,2026-08-15T01-53-13+08-00-full-term-1,current,
2420,8475,MGNT3010,MGNT3010A,A,LEC,Undergraduate,E,3,Organizational Behaviour,組織行為學,- Professor LIAO Huiyao,55,48,,,Dept of Management,2026-08-15T01-53-13+08-00-full-term-1,current,
2420,9439,MGNT3010,MGNT3010B,B,LEC,Undergraduate,E,3,Organizational Behaviour,組織行為學,- Dr. HO Kin Yan,55,40,,,Dept of Management,2026-08-15T01-53-13+08-00-full-term-1,current,
2420,4982,MGNT3060,MGNT3060-,-,LEC,Undergraduate,E,3,Human Capital Training & Dev,人力資源培訓,- Ms. LAM Ka Yan,45,34,,,Dept of Management,2026-08-15T01-53-13+08-00-full-term-1,current,
2420,9362,MGNT3090,MGNT3090-,-,LEC,Undergraduate,E,3,Human Capital Analytics,人力資本分析,- Professor WONG Chi Sum,40,18,,,Dept of Management,2026-08-15T01-53-13+08-00-full-term-1,current,
2420,9232,MGNT3580,MGNT3580A,A,LEC,Undergraduate,E,3,Global Enterprise Management,環球企業管理,- Professor LIN Ya,55,42,,,Dept of Management,2026-08-15T01-53-13+08-00-full-term-1,current,
2420,8499,MGNT3580,MGNT3580B,B,LEC,Undergraduate,E,3,Global Enterprise Management,環球企業管理,- Professor LIN Ya,55,46,,,Dept of Management,2026-08-15T01-53-13+08-00-full-term-1,current,
2420,9336,MGNT4010,MGNT4010A,A,LEC,Undergraduate,E,3,Strategic Management,戰略管理,- Professor YANG Weikun,45,9,,,Dept of Management,2026-08-15T01-53-13+08-00-full-term-1,current,
2420,7473,MGNT4010,MGNT4010B,B,LEC,Undergraduate,E,3,Strategic Management,戰略管理,- Professor ZHANG Muhan,45,0,,,Dept of Management,2026-08-15T01-53-13+08-00-full-term-1,current,
2420,8482,MGNT4010,MGNT4010C,C,LEC,Undergraduate,E,3,Strategic Management,戰略管理,- Professor ZHANG Muhan,45,0,,,Dept of Management,2026-08-15T01-53-13+08-00-full-term-1,current,
2420,7404,MGNT4010,MGNT4010D,D,LEC,Undergraduate,E,3,Strategic Management,戰略管理,- Professor YANG Weikun,45,0,,,Dept of Management,2026-08-15T01-53-13+08-00-full-term-1,current,
2420,9339,MGNT4010,MGNT4010E,E,LEC,Undergraduate,E,3,Strategic Management,戰略管理,- Professor YANG Weikun,45,3,,,Dept of Management,2026-08-15T01-53-13+08-00-full-term-1,current,
2420,7422,MGNT4010,MGNT4010F,F,LEC,Undergraduate,E,3,Strategic Management,戰略管理,- Professor ZHANG Muhan,45,0,,,Dept of Management,2026-08-15T01-53-13+08-00-full-term-1,current,
2420,9233,MGNT4070,MGNT4070-,-,LEC,Undergraduate,E,3,Social InnovEntrepreneurship,社會創新與創業,- Professor Elsie Tsui,45,34,,,Dept of Management,2026-08-15T01-53-13+08-00-full-term-1,current,
2420,9379,MGNT4080,MGNT4080-,-,LEC,Undergraduate,E,3,Leadership Development,領導力的開發,- Dr. IUN Sio Kun Joyce,40,2,,,Dept of Management,2026-08-15T01-53-13+08-00-full-term-1,current,
2420,8279,MGNT4090,MGNT4090A,A,LEC,Undergraduate,E,3,Technology & Innovation Mgt,科技和創新管理,- Dr. TONG Toni Maria,30,15,,,Dept of Management,2026-08-15T01-53-13+08-00-full-term-1,current,
2420,9313,MGNT4150,MGNT4150A,A,LEC,Undergraduate,E,3,Global Strategy,全球策略,- Dr. TONG Toni Maria,50,34,,,Dept of Management,2026-08-15T01-53-13+08-00-full-term-1,current,
2420,8484,MGNT4170,MGNT4170-,-,LEC,Undergraduate,E,3,Entrepreneurship Launchpad,創業啟動平台,- Mr. LIU Chun Wai - Professor CHOI Wai Shan,55,45,,,Dept of Management,2026-08-15T01-53-13+08-00-full-term-1,current,
2420,9194,MGNT4510,MGNT4510A,A,LEC,Undergraduate,E,3,China Business,中國商業,- Professor WANG Jian,50,28,,,Dept of Management,2026-08-15T01-53-13+08-00-full-term-1,current,
2420,9813,MGNT4540,MGNT4540-,-,LEC,Undergraduate,E,3,Asian Business,亞洲商業,- Dr. LAI Hon Weng,55,19,,,Dept of Management,2026-08-15T01-53-13+08-00-full-term-1,current,
2420,8560,MGNT4570,MGNT4570-,-,LEC,Undergraduate,E,3,Global Entrepreneurship,環球企業家精神,- Dr. NG Wing Fung,55,40,,,Dept of Management,2026-08-15T01-53-13+08-00-full-term-1,current,
2420,5796,MIEG2051,MIEG2051-,-T01,TUT,Undergraduate,E,3,Fourier Analysis with Eng Appl,傅里葉分析及其工程應用,- Professor Chandrasekhar MADHAVAN NAIR,15,1,,,Dept of Information Engg,2026-08-15T01-53-13+08-00-full-term-1,current,
2420,5552,MKTG2010,MKTG2010A,A,LEC,Undergraduate,E,3,Marketing Management,市場管理,- Miss WONG Wan Sze,70,9,,,Dept of Marketing,2026-08-15T01-53-13+08-00-full-term-1,current,
2420,7419,MKTG2010,MKTG2010B,B,LEC,Undergraduate,E,3,Marketing Management,市場管理,- Miss LIN Ching Man Rosanna June,70,26,,,Dept of Marketing,2026-08-15T01-53-13+08-00-full-term-1,current,
2420,9627,MKTG2010,MKTG2010C,C,LEC,Undergraduate,E,3,Marketing Management,市場管理,- Dr. LEUNG Hang Yee,70,10,,,Dept of Marketing,2026-08-15T01-53-13+08-00-full-term-1,current,
2420,5553,MKTG2010,MKTG2010D,D,LEC,Undergraduate,E,3,Marketing Management,市場管理,- Mr. LUK Ka Chick Edwin,70,35,,,Dept of Marketing,2026-08-15T01-53-13+08-00-full-term-1,current,
2420,5501,MKTG2010,MKTG2010E,E,LEC,Undergraduate,E,3,Marketing Management,市場管理,- Staff,70,31,,,Dept of Marketing,2026-08-15T01-53-13+08-00-full-term-1,current,
2420,7349,MKTG2010,MKTG2010F,F,LEC,Undergraduate,E,3,Marketing Management,市場管理,- Staff,62,18,,,Dept of Marketing,2026-08-15T01-53-13+08-00-full-term-1,current,
2420,9307,MKTG2010,MKTG2010G,G,LEC,Undergraduate,E,3,Marketing Management,市場管理,- Dr. LEUNG Hang Yee,70,11,,,Dept of Marketing,2026-08-15T01-53-13+08-00-full-term-1,current,
2420,4791,MKTG3010,MKTG3010A,A,LEC,Undergraduate,E,3,Marketing Research,市場研究,- Dr. YANG Hongyan,35,23,,,Dept of Marketing,2026-08-15T01-53-13+08-00-full-term-1,current,
2420,9825,MKTG3010,MKTG3010B,B,LEC,Undergraduate,E,3,Marketing Research,市場研究,- Dr. YANG Hongyan,55,46,,,Dept of Marketing,2026-08-15T01-53-13+08-00-full-term-1,current,
2420,9696,MKTG3020,MKTG3020A,A,LEC,Undergraduate,E,3,Consumer Behaviour,消費者行為,- Professor YEUNG Wing Man,55,44,,,Dept of Marketing,2026-08-15T01-53-13+08-00-full-term-1,current,
2420,7420,MKTG3020,MKTG3020B,B,LEC,Undergraduate,E,3,Consumer Behaviour,消費者行為,- Professor YEUNG Wing Man,45,15,,,Dept of Marketing,2026-08-15T01-53-13+08-00-full-term-1,current,
2420,9808,MKTG3030,MKTG3030B,B,LEC,Undergraduate,E,3,Integrated Mkt Communication,整合營銷傳播,- Mr. LUK Ka Chick Edwin,50,36,,,Dept of Marketing,2026-08-15T01-53-13+08-00-full-term-1,current,
2420,9433,MKTG3060,MKTG3060-,-,LEC,Undergraduate,E,3,Big Data Strategy in Marketing,營銷大數據策略,- Professor LIAO Chenxi,55,19,,,Dept of Marketing,2026-08-15T01-53-13+08-00-full-term-1,current,
2420,7481,MKTG4040,MKTG4040A,A,LEC,Undergraduate,E,3,Strategic Marketing,策略市場學,- Professor SHEN Hao,50,16,,,Dept of Marketing,2026-08-15T01-53-13+08-00-full-term-1,current,
2420,7482,MKTG4070,MKTG4070A,A,LEC,Undergraduate,E,3,Marketing in China,中國市場營銷,- Dr. POON Kwok Ho,45,39,,,Dept of Marketing,2026-08-15T01-53-13+08-00-full-term-1,current,
2420,4892,MKTG4080,MKTG4080A,A,LEC,Undergraduate,E,3,Digital Marketing,數碼營銷,- Dr. CISTERNAS VERA Francisco Orlando,45,0,,,Dept of Marketing,2026-08-15T01-53-13+08-00-full-term-1,current,
2420,4792,MKTG4110,MKTG4110-,-,LEC,Undergraduate,E,3,Strategic Brand Management,策略品牌管理,- Staff,55,41,,,Dept of Marketing,2026-08-15T01-53-13+08-00-full-term-1,current,
2420,4793,MKTG4150,MKTG4150-,-,LEC,Undergraduate,E,3,New Product Management,新產品管理,- Mr. LUK Ka Chick Edwin,45,27,,,Dept of Marketing,2026-08-15T01-53-13+08-00-full-term-1,current,
2420,5479,MUSC1000,MUSC1000-,-,LEC,Undergraduate,E,3,The Study of Music,音樂研究,- Professor Adam Joseph KIELMAN,72,37,,,Dept of Music,2026-08-15T01-53-13+08-00-full-term-1,current,
2420,8863,MUSC1001,MUSC1001-,-P01,PRA,Undergraduate,C#E,1,Choral Singing I,合唱訓練一,- Staff,40,40,,,Dept of Music,2026-08-15T01-53-13+08-00-full-term-1,current,
2420,6336,MUSC1011,MUSC1011-,-,LEC,Undergraduate,C&E,1,Applied Music (Minor I),音樂術科(副修一),- Staff,40,40,Yes,Yes,Dept of Music,2026-08-15T01-53-13+08-00-full-term-1,current,
2420,6450,MUSC1012,MUSC1012-,-,LEC,Undergraduate,C&E,2,Applied Music (Major IX),音樂術科(主修九),- Staff,40,40,Yes,Yes,Dept of Music,2026-08-15T01-53-13+08-00-full-term-1,current,
2420,7886,MUSC1013,MUSC1013-,-,LEC,Undergraduate,C&E,1,African Drumming I,非洲擊鼓樂實習一,- Mr LEUNG Wai Wa Raymond,15,15,Yes,Yes,Dept of Music,2026-08-15T01-53-13+08-00-full-term-1,current,
2420,9868,MUSC1014,MUSC1014-,-P01,PRA,Undergraduate,C&E,1,Chamber Music Ensemble I,室內樂一,- Staff,40,40,Yes,Yes,Dept of Music,2026-08-15T01-53-13+08-00-full-term-1,current,
2420,8298,MUSC1017,MUSC1017-,-,LEC,Undergraduate,E,1,Javanese Gamelan Ensemble I,印尼爪哇甘美朗理論與實技一,- Professor Deborah Jane WAUGH,15,15,Yes,Yes,Dept of Music,2026-08-15T01-53-13+08-00-full-term-1,current,
2420,9077,MUSC1031,MUSC1031-,-P01,PRA,Undergraduate,C#E,1,Orchestral Training I,管弦樂合奏一,- Miss IP Wing Wun,30,29,,,Dept of Music,2026-08-15T01-53-13+08-00-full-term-1,current,
2420,9070,MUSC1041,MUSC1041-,-P01,PRA,Undergraduate,C#E,1,Wind Orchestra I,管樂團一,- Mr. LEUNG Chun Yin Marco,30,30,,,Dept of Music,2026-08-15T01-53-13+08-00-full-term-1,current,
2420,6447,MUSC1051,MUSC1051-,-,LEC,Undergraduate,C&E,1,Applied Music (Major I),音樂術科（主修一）,- Staff,40,40,Yes,Yes,Dept of Music,2026-08-15T01-53-13+08-00-full-term-1,current,
2420,8695,MUSC1212,MUSC1212-,-,LEC,Undergraduate,C&E,2,Fundamentals of Tonal Music I,基本調性音樂一,- Dr. POON Kiu Tung,40,39,,,Dept of Music,2026-08-15T01-53-13+08-00-full-term-1,current,
2420,9078,MUSC2001,MUSC2001-,-P01,PRA,Undergraduate,C#E,1,Choral Singing III,合唱訓練三,- Staff,40,38,,,Dept of Music,2026-08-15T01-53-13+08-00-full-term-1,current,
2420,7848,MUSC2011,MUSC2011-,-,LEC,Undergraduate,C&E,1,Applied Music (Minor III),音樂術科(副修三),- Staff,40,40,Yes,Yes,Dept of Music,2026-08-15T01-53-13+08-00-full-term-1,current,
2420,6469,MUSC2012,MUSC2012-,-,LEC,Undergraduate,C&E,2,Applied Music (Major XI),音樂術科(主修十一),- Staff,40,40,Yes,Yes,Dept of Music,2026-08-15T01-53-13+08-00-full-term-1,current,
2420,6448,MUSC2013,MUSC2013-,-,LEC,Undergraduate,C&E,1,African Drumming III,非洲擊鼓樂實習三,- Mr LEUNG Wai Wa Raymond,15,15,Yes,Yes,Dept of Music,2026-08-15T01-53-13+08-00-full-term-1,current,
2420,9869,MUSC2014,MUSC2014-,-P01,PRA,Undergraduate,C&E,1,Chamber Music Ensemble III,室內樂三,- Staff,40,40,Yes,Yes,Dept of Music,2026-08-15T01-53-13+08-00-full-term-1,current,
2420,8299,MUSC2017,MUSC2017-,-,LEC,Undergraduate,E,1,Javanese Gamelan Ensemble III,印尼爪哇甘美朗理論與實技三,- Professor Deborah Jane WAUGH,15,15,Yes,Yes,Dept of Music,2026-08-15T01-53-13+08-00-full-term-1,current,
2420,9079,MUSC2031,MUSC2031-,-P01,PRA,Undergraduate,C#E,1,Orchestral Training III,管弦樂合奏三,- Miss IP Wing Wun,30,30,,,Dept of Music,2026-08-15T01-53-13+08-00-full-term-1,current,
2420,8652,MUSC2041,MUSC2041-,-P01,PRA,Undergraduate,C#E,1,Wind Orchestra III,管樂團三,- Mr. LEUNG Chun Yin Marco,30,28,,,Dept of Music,2026-08-15T01-53-13+08-00-full-term-1,current,
2420,8044,MUSC2051,MUSC2051-,-,LEC,Undergraduate,C&E,1,Applied Music (Major III),音樂術科（主修三）,- Staff,40,40,Yes,Yes,Dept of Music,2026-08-15T01-53-13+08-00-full-term-1,current,
2420,8924,MUSC2252,MUSC2252-,-,LEC,Undergraduate,C&E,2,MaterialsStructures of Music,音樂素材與結構,- Dr. WONG Chun Wai,40,38,,,Dept of Music,2026-08-15T01-53-13+08-00-full-term-1,current,
2420,8894,MUSC2562,MUSC2562-,-,LEC,Undergraduate,C,2,Foundations of Chinese Music,中國音樂基礎,- Professor CHIU Wai Yee Lulu,40,39,,,Dept of Music,2026-08-15T01-53-13+08-00-full-term-1,current,
2420,8925,MUSC2872,MUSC2872-,-,LEC,Undergraduate,C&E,2,History of Western Music I,西洋音樂史一,- Professor WONG Hei Yin,40,39,,,Dept of Music,2026-08-15T01-53-13+08-00-full-term-1,current,
2420,8073,MUSC2913,MUSC2913-,-,LEC,Undergraduate,C&E,3,Selected Study I,專題研讀一,- Staff,5,5,Yes,Yes,Dept of Music,2026-08-15T01-53-13+08-00-full-term-1,current,
2420,9080,MUSC3001,MUSC3001-,-P01,PRA,Undergraduate,C#E,1,Choral Singing V,合唱訓練五,- Staff,30,30,,,Dept of Music,2026-08-15T01-53-13+08-00-full-term-1,current,
2420,7846,MUSC3011,MUSC3011-,-,LEC,Undergraduate,C&E,1,Applied Music (Minor V),音樂術科(副修五),- Staff,40,40,Yes,Yes,Dept of Music,2026-08-15T01-53-13+08-00-full-term-1,current,
2420,7847,MUSC3012,MUSC3012-,-,LEC,Undergraduate,C&E,2,Applied Music (Major XIII),音樂術科(主修十三),- Staff,40,30,Yes,Yes,Dept of Music,2026-08-15T01-53-13+08-00-full-term-1,current,
2420,6118,MUSC3013,MUSC3013-,-,LEC,Undergraduate,C&E,1,African Drumming V,非洲擊鼓樂實習五,- Mr LEUNG Wai Wa Raymond,15,15,Yes,Yes,Dept of Music,2026-08-15T01-53-13+08-00-full-term-1,current,
2420,9870,MUSC3014,MUSC3014-,-P01,PRA,Undergraduate,C&E,1,Chamber Music Ensemble V,室內樂五,- Staff,40,40,Yes,Yes,Dept of Music,2026-08-15T01-53-13+08-00-full-term-1,current,
2420,8300,MUSC3017,MUSC3017-,-,LEC,Undergraduate,E,1,Javanese Gamelan Ensemble V,印尼爪哇甘美朗理論與實技五,- Professor Deborah Jane WAUGH,15,15,Yes,Yes,Dept of Music,2026-08-15T01-53-13+08-00-full-term-1,current,
2420,8860,MUSC3031,MUSC3031-,-P01,PRA,Undergraduate,C#E,1,Orchestral Training V,管弦樂合奏五,- Miss IP Wing Wun,30,30,,,Dept of Music,2026-08-15T01-53-13+08-00-full-term-1,current,
2420,9081,MUSC3041,MUSC3041-,-P01,PRA,Undergraduate,C#E,1,Wind Orchestra V,管樂團五,- Mr. LEUNG Chun Yin Marco,30,29,,,Dept of Music,2026-08-15T01-53-13+08-00-full-term-1,current,
2420,6168,MUSC3051,MUSC3051-,-,LEC,Undergraduate,C&E,1,Applied Music (Major V),音樂術科(主修五),- Staff,40,40,Yes,Yes,Dept of Music,2026-08-15T01-53-13+08-00-full-term-1,current,
2420,8712,MUSC3213,MUSC3213-,-,LEC,Undergraduate,C&E,2,His of Western Music:Sp Top I,西洋音樂史專題一,- Professor CHOW Man Ying,15,0,,,Dept of Music,2026-08-15T01-53-13+08-00-full-term-1,current,
2420,8976,MUSC3223,MUSC3223-,-,LEC,Undergraduate,C&E,2,His of Western Music:Sp Top II,西洋音樂史專題二,- Professor LIAO Yvonne,15,0,,,Dept of Music,2026-08-15T01-53-13+08-00-full-term-1,current,
2420,7267,MUSC3323,MUSC3323-,-,LEC,Undergraduate,C&E,2,Counterpoint (Tonal & Modern),對位法（調性及現代）,- Professor LEE Wan Ki Wendy,15,0,,,Dept of Music,2026-08-15T01-53-13+08-00-full-term-1,current,
2420,6545,MUSC3343,MUSC3343-,-,LEC,Undergraduate,C&E,3,Composition I,作曲一,- Dr. WONG Chun Wai,10,10,Yes,Yes,Dept of Music,2026-08-15T01-53-13+08-00-full-term-1,current,
2420,6236,MUSC3363,MUSC3363-,-,LEC,Undergraduate,C&E,3,Composition III,作曲三,- Professor LEE Wan Ki Wendy,10,3,,,Dept of Music,2026-08-15T01-53-13+08-00-full-term-1,current,
2420,8858,MUSC3530,MUSC3530-,-,LEC,Undergraduate,C&E,2,Music Performer’s Issues,演奏者面對的問題,- Dr. POON Kiu Tung,20,5,,,Dept of Music,2026-08-15T01-53-13+08-00-full-term-1,current,
2420,10109,MUSC3923,MUSC3923A,A,LEC,Undergraduate,C&E,3,Selected Study II,專題研讀二,- Professor CHOW Man Ying,1,1,Yes,Yes,Dept of Music,2026-08-15T01-53-13+08-00-full-term-1,current,
2420,10110,MUSC3923,MUSC3923B,B,LEC,Undergraduate,C&E,3,Selected Study II,專題研讀二,- Professor LEE Wan Ki Wendy,1,1,Yes,Yes,Dept of Music,2026-08-15T01-53-13+08-00-full-term-1,current,
2420,8074,MUSC3933,MUSC3933-,-,LEC,Undergraduate,C&E,3,Selected Study III,專題研讀三,- Staff,5,5,Yes,Yes,Dept of Music,2026-08-15T01-53-13+08-00-full-term-1,current,
2420,6177,MUSC4000,MUSC4000-,-,LEC,Undergraduate,C&E,3,Senior Recital Preparation,畢業音樂會預備,- Staff,20,8,Yes,Yes,Dept of Music,2026-08-15T01-53-13+08-00-full-term-1,current,
2420,9082,MUSC4001,MUSC4001-,-P01,PRA,Undergraduate,C#E,1,Choral Singing VII,合唱訓練七,- Staff,30,25,,,Dept of Music,2026-08-15T01-53-13+08-00-full-term-1,current,
2420,6163,MUSC4011,MUSC4011-,-,LEC,Undergraduate,C&E,1,Applied Music (Minor VII),音樂術科(副修七),- Staff,30,30,Yes,Yes,Dept of Music,2026-08-15T01-53-13+08-00-full-term-1,current,
2420,6376,MUSC4013,MUSC4013-,-,LEC,Undergraduate,C&E,1,African Drumming VII,非洲擊鼓樂實習七,- Mr LEUNG Wai Wa Raymond,15,15,Yes,Yes,Dept of Music,2026-08-15T01-53-13+08-00-full-term-1,current,
2420,9871,MUSC4014,MUSC4014-,-P01,PRA,Undergraduate,C&E,1,Chamber Music Ensemble VII,室內樂七,- Staff,40,40,Yes,Yes,Dept of Music,2026-08-15T01-53-13+08-00-full-term-1,current,
2420,8301,MUSC4017,MUSC4017-,-,LEC,Undergraduate,E,1,Javanese Gamelan Ensemble VII,印尼爪哇甘美朗理論與實技七,- Professor Deborah Jane WAUGH,15,15,Yes,Yes,Dept of Music,2026-08-15T01-53-13+08-00-full-term-1,current,
2420,9083,MUSC4031,MUSC4031-,-P01,PRA,Undergraduate,C#E,1,Orchestral Training VII,管弦樂合奏七,- Miss IP Wing Wun,30,28,,,Dept of Music,2026-08-15T01-53-13+08-00-full-term-1,current,
2420,9084,MUSC4041,MUSC4041-,-P01,PRA,Undergraduate,C#E,1,Wind Orchestra VII,管樂團七,- Mr. LEUNG Chun Yin Marco,30,23,,,Dept of Music,2026-08-15T01-53-13+08-00-full-term-1,current,
2420,6169,MUSC4051,MUSC4051-,-,LEC,Undergraduate,C&E,1,Applied Music (Major VII),音樂術科(主修七),- Staff,40,40,Yes,Yes,Dept of Music,2026-08-15T01-53-13+08-00-full-term-1,current,
2420,6178,MUSC4513,MUSC4513A,A,LEC,Undergraduate,C&E,3,Senior Pedagogy Project I,畢業教學專題研究一,- Miss IP Wing Wun,1,1,Yes,Yes,Dept of Music,2026-08-15T01-53-13+08-00-full-term-1,current,
2420,6337,MUSC4513,MUSC4513B,B,LEC,Undergraduate,C&E,3,Senior Pedagogy Project I,畢業教學專題研究一,- Professor CHOW Man Ying,1,1,Yes,Yes,Dept of Music,2026-08-15T01-53-13+08-00-full-term-1,current,
2420,6338,MUSC4513,MUSC4513C,C,LEC,Undergraduate,C&E,3,Senior Pedagogy Project I,畢業教學專題研究一,- Dr. POON Kiu Tung,2,2,Yes,Yes,Dept of Music,2026-08-15T01-53-13+08-00-full-term-1,current,
2420,6339,MUSC4513,MUSC4513D,D,LEC,Undergraduate,C&E,3,Senior Pedagogy Project I,畢業教學專題研究一,- Professor LI Ka Chi,1,1,Yes,Yes,Dept of Music,2026-08-15T01-53-13+08-00-full-term-1,current,
2420,6340,MUSC4513,MUSC4513E,E,LEC,Undergraduate,C&E,3,Senior Pedagogy Project I,畢業教學專題研究一,- Professor LEE Wan Ki Wendy,1,1,Yes,Yes,Dept of Music,2026-08-15T01-53-13+08-00-full-term-1,current,
2420,8077,MUSC4513,MUSC4513F,F,LEC,Undergraduate,C&E,3,Senior Pedagogy Project I,畢業教學專題研究一,- Professor LIAO Yvonne,1,1,Yes,Yes,Dept of Music,2026-08-15T01-53-13+08-00-full-term-1,current,
2420,8608,MUSC4523,MUSC4523-,-,LEC,Undergraduate,C&E,3,Senior Pedagogy Project II,畢業教學專題研究二,- Professor LI Ka Chi,1,1,Yes,Yes,Dept of Music,2026-08-15T01-53-13+08-00-full-term-1,current,
2420,8045,MUSC4813,MUSC4813A,A,LEC,Undergraduate,C&E,3,Senior Thesis I,畢業論文一,- Professor LIAO Yvonne,3,3,Yes,Yes,Dept of Music,2026-08-15T01-53-13+08-00-full-term-1,current,
2420,8024,MUSC4813,MUSC4813B,B,LEC,Undergraduate,C&E,3,Senior Thesis I,畢業論文一,- Staff,1,1,Yes,Yes,Dept of Music,2026-08-15T01-53-13+08-00-full-term-1,current,
2420,10111,MUSC4813,MUSC4813C,C,LEC,Undergraduate,E,3,Senior Thesis I,畢業論文一,- Professor Adam Joseph KIELMAN,1,1,Yes,Yes,Dept of Music,2026-08-15T01-53-13+08-00-full-term-1,current,
2420,10112,MUSC4813,MUSC4813D,D,LEC,Undergraduate,C&E,3,Senior Thesis I,畢業論文一,- Staff,1,1,Yes,Yes,Dept of Music,2026-08-15T01-53-13+08-00-full-term-1,current,
2420,6049,MUSC4943,MUSC4943-,-,LEC,Undergraduate,C&E,3,Selected Study IV,專題研讀四,- Staff,5,5,Yes,Yes,Dept of Music,2026-08-15T01-53-13+08-00-full-term-1,current,
2420,8535,NSCI3000,NSCI3000-,-,LEC,Undergraduate,E,2,Sci and Applic of Biomimicry,仿生學的原理與應用,- Dr. CHOY Siu Wah - Dr. WONG Tsz Yan,50,37,,,Natural Sci Prog Comm,2026-08-15T01-53-13+08-00-full-term-1,current,
2420,7984,NSCI4051,NSCI4051-,-J01,PRJ,Undergraduate,E,3,Workshop on Data Sci,數據科學工作坊,- Dr. CHAN Chun Man,10,6,Yes,Yes,Natural Sci Prog Comm,2026-08-15T01-53-13+08-00-full-term-1,current,
2420,6361,NSCI4906,NSCI4906-,-J01,PRJ,Undergraduate,E,3,Internship,專修實習,- Dr. CHAN Ka Long Donald - Dr. CHOY Siu Wah,20,6,Yes,Yes,Natural Sci Prog Comm,2026-08-15T01-53-13+08-00-full-term-1,current,
2420,7314,PHAR1000,PHAR1000-,-F01,FLD,Undergraduate,E,2,Introduction to Pharmacy,藥劑學導論,- Dr. LEE Chui Ping - Dr. TAI Bik Wai - Dr. ZHOU Keary Rui - Professor CHEUNG Yin Ting - Professor LAM Tai Ning,65,65,Yes,Yes,Sch of Pharmacy,2026-08-15T01-53-13+08-00-full-term-1,current,
2420,5819,PHAR1423,PHAR1423-,-T01,TUT,Undergraduate,E,2,Biochemistry and Molecular Bio,生物化學及分子生物學,- Dr. LAU Sin Nga - Dr. YEUNG Hang Mee - Professor FOK Kin Lam Ellis,70,13,Yes,Yes,Sch of Pharmacy,2026-08-15T01-53-13+08-00-full-term-1,current,
2420,5818,PHAR1433,PHAR1433-,-T01,TUT,Undergraduate,E,2,Anatomy and Physiology I,解剖學及生理學（一）,- Dr. HWANG Shui Shan Isabel - Dr. Robert George JESKY - Dr. TANG Mei Kuen - Dr. ZHOU Yuhuan - Professor LAM Fu Yuen,70,14,Yes,Yes,Sch of Pharmacy,2026-08-15T01-53-13+08-00-full-term-1,current,
2420,7464,PHAR2110,PHAR2110-,-T01,TUT,Undergraduate,E,3,Medicinal Chemistry,藥物化學及藥物設計,- Professor TO Kin Wah,60,4,Yes,Yes,Sch of Pharmacy,2026-08-15T01-53-13+08-00-full-term-1,current,
2420,5844,PHAR2131,PHAR2131-,-P01,PRA,Undergraduate,E,2,Pharmaceutical Analysis,藥物分析,- Professor KAM Ngar Woon - Professor NG Wai Lung - Professor TO Kin Wah,70,14,Yes,Yes,Sch of Pharmacy,2026-08-15T01-53-13+08-00-full-term-1,current,
2420,7391,PHAR2211,PHAR2211-,-T01,TUT,Undergraduate,E,2,Dosage Form Science I,方劑學（一）,- Dr. Lipika Alok CHATTERJEE,70,14,Yes,Yes,Sch of Pharmacy,2026-08-15T01-53-13+08-00-full-term-1,current,
2420,9047,PHAR2213,PHAR2213-,-T01,TUT,Undergraduate,E,3,Pharm Product Dev Mfg,藥物劑型開發及生產,- Dr. Lipika Alok CHATTERJEE - Professor CHENG Heung Kwan - Professor LEUNG Shui Yee,60,4,Yes,Yes,Sch of Pharmacy,2026-08-15T01-53-13+08-00-full-term-1,current,
2420,5838,PHAR2313,PHAR2313-,-T01,TUT,Undergraduate,E,3,Prin of Pharm Disp,配藥原理,- Dr. Lipika Alok CHATTERJEE - Dr. SHI Yufei - Dr. TAI Bik Wai - Dr. ZHOU Keary Rui - Ms. NG Yuen Tung - Professor LAM Tai Ning - Professor LEUNG Shui Yee,70,14,Yes,Yes,Sch of Pharmacy,2026-08-15T01-53-13+08-00-full-term-1,current,
2420,8708,PHAR2320,PHAR2320-,-T01,TUT,Undergraduate,E,2,Pharmacy Law,藥事法規,- Mr. LO Shek Ting Kenneth - Mr. WONG Ngai Keung - Professor LAM Tai Ning,60,4,Yes,Yes,Sch of Pharmacy,2026-08-15T01-53-13+08-00-full-term-1,current,
2420,9200,PHAR3330,PHAR3330-,-W01,WKS,Undergraduate,E,3,Community Pharmacy Practice,社區藥房執業,- Dr. SHI Yufei - Dr. TAI Bik Wai - Dr. YUEN Siu Hong Johnny - Ms. NG Yuen Tung,60,4,Yes,Yes,Sch of Pharmacy,2026-08-15T01-53-13+08-00-full-term-1,current,
2420,7340,PHAR3413,PHAR3413-,-T01,TUT,Undergraduate,E,3,Pharmacology & Therapeutics II,藥理學及治療學（二）,- Dr. Julia MACEDO ROSA - Dr. LEE Chui Ping - Dr. SEE Christopher Yew Hong - Dr. TAI Bik Wai - Dr. YUEN Siu Hong Johnny - Dr. ZHOU Keary Rui - Professor LAM Tai Ning - Professor YOU Hoi Sze Joyce,60,3,Yes,Yes,Sch of Pharmacy,2026-08-15T01-53-13+08-00-full-term-1,current,
2420,9199,PHAR3415,PHAR3415-,-T01,TUT,Undergraduate,E,3,Pharmacology & Therapeutics IV,藥理學及治療學（四）,- Dr. SHI Yufei - Dr. Shivani Salil SHINDE - Dr. TAI Bik Wai - Dr. YUEN Siu Hong Johnny - Dr. ZHOU Keary Rui - Professor YOU Hoi Sze Joyce,60,5,Yes,Yes,Sch of Pharmacy,2026-08-15T01-53-13+08-00-full-term-1,current,
2420,7315,PHAR3510,PHAR3510-,-T01,TUT,Undergraduate,C&E,3,Complementary & Alt Medicine,替補醫學,- Dr. ZHOU Keary Rui - Ms. NG Yuen Tung - Professor CHEUNG Yin Ting - Professor ZUO Zhong,60,5,Yes,Yes,Sch of Pharmacy,2026-08-15T01-53-13+08-00-full-term-1,current,
2420,8779,PHAR4911,PHAR4911-,-J01,PRJ,Undergraduate,E,0,Research Project I,專題研究（一）,- Professor CHEUNG Yin Ting - Professor LAM Tai Ning - Professor NG Wai Lung - Professor TO Kin Wah,18,17,Yes,Yes,Sch of Pharmacy,2026-08-15T01-53-13+08-00-full-term-1,current,
2420,8884,PHED1010,PHED1010-,-,LEC,Undergraduate,C#E,1,Special P.E. I,體育特別班（一）,- Dr. HON Suet,20,20,Yes,Yes,Physical Education Unit,2026-08-15T00-47-47+08-00,historical_fallback,
2420,8947,PHED1015,PHED1015A,A,LEC,Undergraduate,C#E,1,Swimming,游泳,- Mr. LAM Ho Fung,24,24,,,Physical Education Unit,2026-08-15T00-47-47+08-00,historical_fallback,
2420,8782,PHED1015,PHED1015B,B,LEC,Undergraduate,C#E,1,Swimming,游泳,- Dr. HO Sze Tak Robin,24,24,,,Physical Education Unit,2026-08-15T00-47-47+08-00,historical_fallback,
2420,8783,PHED1015,PHED1015C,C,LEC,Undergraduate,C#E,1,Swimming,游泳,- Mr. TAM Chi Kin,24,24,,,Physical Education Unit,2026-08-15T00-47-47+08-00,historical_fallback,
2420,8784,PHED1015,PHED1015D,D,LEC,Undergraduate,C#E,1,Swimming,游泳,- Mr. TAM Chi Kin,24,24,,,Physical Education Unit,2026-08-15T00-47-47+08-00,historical_fallback,
2420,9177,PHED1015,PHED1015E,E,LEC,Undergraduate,C#E,1,Swimming,游泳,- Mr. HUI Ka Kit,24,23,,,Physical Education Unit,2026-08-15T00-47-47+08-00,historical_fallback,
2420,9179,PHED1016,PHED1016A,A,LEC,Undergraduate,C#E,1,Swimming,游泳,- Dr. HON Suet,24,24,,,Physical Education Unit,2026-08-15T00-47-47+08-00,historical_fallback,
2420,8785,PHED1016,PHED1016B,B,LEC,Undergraduate,E,1,Swimming,游泳,- Ms. CHEUNG Ka Yee Crystal,24,24,,,Physical Education Unit,2026-08-15T00-47-47+08-00,historical_fallback,
2420,9180,PHED1016,PHED1016C,C,LEC,Undergraduate,E,1,Swimming,游泳,- Mr. WU Tat Cheung Clement,24,24,,,Physical Education Unit,2026-08-15T00-47-47+08-00,historical_fallback,
2420,9178,PHED1016,PHED1016D,D,LEC,Undergraduate,C#E,1,Swimming,游泳,- Mr. WU Tat Cheung Clement,24,24,,,Physical Education Unit,2026-08-15T00-47-47+08-00,historical_fallback,
2420,8822,PHED1017,PHED1017A,A,LEC,Undergraduate,C#E,1,Physical Conditioning,體能鍛鍊,- Dr. LIU Xuan,28,28,,,Physical Education Unit,2026-08-15T00-47-47+08-00,historical_fallback,
2420,9181,PHED1017,PHED1017B,B,LEC,Undergraduate,C#E,1,Physical Conditioning,體能鍛鍊,- Dr. LIU Xuan,28,28,,,Physical Education Unit,2026-08-15T00-47-47+08-00,historical_fallback,
2420,9176,PHED1017,PHED1017C,C,LEC,Undergraduate,C#E,1,Physical Conditioning,體能鍛鍊,- Mr. CHEUNG Yuk Kit,28,28,,,Physical Education Unit,2026-08-15T00-47-47+08-00,historical_fallback,
2420,8775,PHED1017,PHED1017D,D,LEC,Undergraduate,C#E,1,Physical Conditioning,體能鍛鍊,- Mr. CHEUNG Yuk Kit,28,28,,,Physical Education Unit,2026-08-15T00-47-47+08-00,historical_fallback,
2420,9188,PHED1018,PHED1018A,A,LEC,Undergraduate,C#E,1,Physical Conditioning,體能鍛鍊,- Mr. CHEUNG Tsz Fai,28,28,,,Physical Education Unit,2026-08-15T00-47-47+08-00,historical_fallback,
2420,8837,PHED1018,PHED1018B,B,LEC,Undergraduate,C#E,1,Physical Conditioning,體能鍛鍊,- Mr. CHEUNG Tsz Fai,28,28,,,Physical Education Unit,2026-08-15T00-47-47+08-00,historical_fallback,
2420,9187,PHED1018,PHED1018C,C,LEC,Undergraduate,C#E,1,Physical Conditioning,體能鍛鍊,- Mr. HO Wai Keung,28,28,,,Physical Education Unit,2026-08-15T00-47-47+08-00,historical_fallback,
2420,8823,PHED1018,PHED1018D,D,LEC,Undergraduate,E,1,Physical Conditioning,體能鍛鍊,- Dr. HO Sze Tak Robin,28,28,,,Physical Education Unit,2026-08-15T00-47-47+08-00,historical_fallback,
2420,8807,PHED1018,PHED1018E,E,LEC,Undergraduate,C#E,1,Physical Conditioning,體能鍛鍊,- Dr. HO Sze Tak Robin,28,28,,,Physical Education Unit,2026-08-15T00-47-47+08-00,historical_fallback,
2420,9189,PHED1018,PHED1018G,G,LEC,Undergraduate,C#E,1,Physical Conditioning,體能鍛鍊,- Mr. CHAU Wai Po,28,28,,,Physical Education Unit,2026-08-15T00-47-47+08-00,historical_fallback,
2420,9193,PHED1018,PHED1018H,H,LEC,Undergraduate,C#E,1,Physical Conditioning,體能鍛鍊,- Mr. CHAU Wai Po,28,27,,,Physical Education Unit,2026-08-15T00-47-47+08-00,historical_fallback,
2420,8796,PHED1021,PHED1021A,A,LEC,Undergraduate,C#E,1,Basketball,籃球,- Mr. CHEUNG Wai Kit,28,28,,,Physical Education Unit,2026-08-15T00-47-47+08-00,historical_fallback,
2420,9008,PHED1021,PHED1021B,B,LEC,Undergraduate,C#E,1,Basketball,籃球,- Mr. CHEUNG Wai Kit,28,28,,,Physical Education Unit,2026-08-15T00-47-47+08-00,historical_fallback,
2420,8798,PHED1021,PHED1021C,C,LEC,Undergraduate,C#E,1,Basketball,籃球,- Mr. WONG On Tung,28,28,,,Physical Education Unit,2026-08-15T00-47-47+08-00,historical_fallback,
2420,8797,PHED1021,PHED1021D,D,LEC,Undergraduate,C#E,1,Basketball,籃球,- Mr. WONG On Tung,28,28,,,Physical Education Unit,2026-08-15T00-47-47+08-00,historical_fallback,
2420,9007,PHED1021,PHED1021E,E,LEC,Undergraduate,E,1,Basketball,籃球,- Dr. HO Sze Tak Robin,28,28,,,Physical Education Unit,2026-08-15T00-47-47+08-00,historical_fallback,
2420,8938,PHED1021,PHED1021F,F,LEC,Undergraduate,C#E,1,Basketball,籃球,- Mr. AU YEUNG Ka Hym Calvin,28,28,,,Physical Education Unit,2026-08-15T00-47-47+08-00,historical_fallback,
2420,8795,PHED1021,PHED1021G,G,LEC,Undergraduate,C#E,1,Basketball,籃球,- Mr. HUI Ka Kit,28,28,,,Physical Education Unit,2026-08-15T00-47-47+08-00,historical_fallback,
2420,8787,PHED1021,PHED1021H,H,LEC,Undergraduate,C#E,1,Basketball,籃球,- Mr. HUI Ka Kit,28,28,,,Physical Education Unit,2026-08-15T00-47-47+08-00,historical_fallback,
2420,10116,PHED1021,PHED1021J,J,LEC,Undergraduate,C#E,1,Basketball,籃球,- Mr. CHEUNG Tsz Fai,28,28,,,Physical Education Unit,2026-08-15T00-47-47+08-00,historical_fallback,
2420,8939,PHED1022,PHED1022A,A,LEC,Undergraduate,C#E,1,Basketball,籃球,- Ms. CHEUNG Ka Yee Crystal,28,28,,,Physical Education Unit,2026-08-15T00-47-47+08-00,historical_fallback,
2420,8806,PHED1022,PHED1022B,B,LEC,Undergraduate,C#E,1,Basketball,籃球,- Ms. CHEUNG Ka Yee Crystal,28,28,,,Physical Education Unit,2026-08-15T00-47-47+08-00,historical_fallback,
2420,8904,PHED1022,PHED1022C,C,LEC,Undergraduate,C#E,1,Basketball,籃球,- Ms. CHEUNG Ka Yee Crystal,28,28,,,Physical Education Unit,2026-08-15T00-47-47+08-00,historical_fallback,
2420,8819,PHED1022,PHED1022D,D,LEC,Undergraduate,E,1,Basketball,籃球,- Mr. CHENG Yuk Chuen,28,28,,,Physical Education Unit,2026-08-15T00-47-47+08-00,historical_fallback,
2420,8839,PHED1022,PHED1022E,E,LEC,Undergraduate,E,1,Basketball,籃球,- Mr. AU YEUNG Ka Hym Calvin,28,28,,,Physical Education Unit,2026-08-15T00-47-47+08-00,historical_fallback,
2420,8981,PHED1022,PHED1022F,F,LEC,Undergraduate,C#E,1,Basketball,籃球,- Mr. LAI Ka Wing,28,28,,,Physical Education Unit,2026-08-15T00-47-47+08-00,historical_fallback,
2420,8810,PHED1023,PHED1023A,A,LEC,Undergraduate,C#E,1,Volleyball,排球,- Mr. WONG On Tung,26,26,,,Physical Education Unit,2026-08-15T00-47-47+08-00,historical_fallback,
2420,8651,PHED1023,PHED1023B,B,LEC,Undergraduate,C#E,1,Volleyball,排球,- Mr. LIU Chi Fung,26,25,,,Physical Education Unit,2026-08-15T00-47-47+08-00,historical_fallback,
2420,8799,PHED1024,PHED1024A,A,LEC,Undergraduate,C#E,1,Volleyball,排球,- Mr. CHEUNG Wai Kit,26,26,,,Physical Education Unit,2026-08-15T00-47-47+08-00,historical_fallback,
2420,8800,PHED1024,PHED1024B,B,LEC,Undergraduate,C#E,1,Volleyball,排球,- Mr. WONG On Tung,26,26,,,Physical Education Unit,2026-08-15T00-47-47+08-00,historical_fallback,
2420,8836,PHED1024,PHED1024C,C,LEC,Undergraduate,C#E,1,Volleyball,排球,- Dr. SUN Li,26,26,,,Physical Education Unit,2026-08-15T00-47-47+08-00,historical_fallback,
2420,8655,PHED1024,PHED1024D,D,LEC,Undergraduate,C#E,1,Volleyball,排球,- Dr. SUN Li,26,26,,,Physical Education Unit,2026-08-15T00-47-47+08-00,historical_fallback,
2420,8721,PHED1024,PHED1024E,E,LEC,Undergraduate,C#E,1,Volleyball,排球,- Miss MAK Wai Sze Angel,26,26,,,Physical Education Unit,2026-08-15T00-47-47+08-00,historical_fallback,
2420,8720,PHED1024,PHED1024F,F,LEC,Undergraduate,C#E,1,Volleyball,排球,- Miss MAK Wai Sze Angel,26,26,,,Physical Education Unit,2026-08-15T00-47-47+08-00,historical_fallback,
2420,10117,PHED1024,PHED1024G,G,LEC,Undergraduate,C#E,1,Volleyball,排球,- Mr. LIU Chi Fung,26,26,,,Physical Education Unit,2026-08-15T00-47-47+08-00,historical_fallback,
2420,8820,PHED1025,PHED1025A,A,LEC,Undergraduate,C#E,1,Softball,壘球,- Mr. CHEUNG Yuk Kit,26,26,,,Physical Education Unit,2026-08-15T00-47-47+08-00,historical_fallback,
2420,8824,PHED1025,PHED1025B,B,LEC,Undergraduate,C#E,1,Softball,壘球,- Mr. CHEUNG Yuk Kit,26,26,,,Physical Education Unit,2026-08-15T00-47-47+08-00,historical_fallback,
2420,9190,PHED1025,PHED1025C,C,LEC,Undergraduate,C#E,1,Softball,壘球,- Mr. CHAN Chi Ming,26,26,,,Physical Education Unit,2026-08-15T00-47-47+08-00,historical_fallback,
2420,9019,PHED1025,PHED1025D,D,LEC,Undergraduate,C#E,1,Softball,壘球,- Mr. CHAN Chi Ming,26,26,,,Physical Education Unit,2026-08-15T00-47-47+08-00,historical_fallback,
2420,8821,PHED1026,PHED1026A,A,LEC,Undergraduate,C#E,1,Softball,壘球,- Mr. CHENG Yuk Chuen,26,26,,,Physical Education Unit,2026-08-15T00-47-47+08-00,historical_fallback,
2420,8809,PHED1026,PHED1026B,B,LEC,Undergraduate,C#E,1,Softball,壘球,- Mr. CHENG Yuk Chuen,26,26,,,Physical Education Unit,2026-08-15T00-47-47+08-00,historical_fallback,
2420,9020,PHED1026,PHED1026D,D,LEC,Undergraduate,E,1,Softball,壘球,- Mr. AU YEUNG Ka Hym Calvin,26,26,,,Physical Education Unit,2026-08-15T00-47-47+08-00,historical_fallback,
2420,9004,PHED1026,PHED1026E,E,LEC,Undergraduate,C#E,1,Softball,壘球,- Mr. AU YEUNG Ka Hym Calvin,26,26,,,Physical Education Unit,2026-08-15T00-47-47+08-00,historical_fallback,
2420,10113,PHED1026,PHED1026M,M,LEC,Undergraduate,C#E,1,Softball,壘球,- Mr. WU Tat Cheung Clement,26,26,,,Physical Education Unit,2026-08-15T00-47-47+08-00,historical_fallback,
2420,9022,PHED1027,PHED1027A,A,LEC,Undergraduate,C#E,1,Handball,手球,- Mr. CHEUNG Tsz Fai,26,26,,,Physical Education Unit,2026-08-15T00-47-47+08-00,historical_fallback,
2420,9021,PHED1027,PHED1027B,B,LEC,Undergraduate,C#E,1,Handball,手球,- Mr. CHAU Wai Po,26,26,,,Physical Education Unit,2026-08-15T00-47-47+08-00,historical_fallback,
2420,9024,PHED1027,PHED1027C,C,LEC,Undergraduate,C#E,1,Handball,手球,- Mr. CHAU Wai Po,26,26,,,Physical Education Unit,2026-08-15T00-47-47+08-00,historical_fallback,
2420,9023,PHED1027,PHED1027D,D,LEC,Undergraduate,C#E,1,Handball,手球,- Mr. FONG William Wing Lun,26,26,,,Physical Education Unit,2026-08-15T00-47-47+08-00,historical_fallback,
2420,9191,PHED1027,PHED1027E,E,LEC,Undergraduate,C#E,1,Handball,手球,- Mr. FONG William Wing Lun,26,25,,,Physical Education Unit,2026-08-15T00-47-47+08-00,historical_fallback,
2420,9192,PHED1027,PHED1027F,F,LEC,Undergraduate,E,1,Handball,手球,- Mr. LAI Ka Wing,26,26,,,Physical Education Unit,2026-08-15T00-47-47+08-00,historical_fallback,
2420,8711,PHED1027,PHED1027G,G,LEC,Undergraduate,C#E,1,Handball,手球,- Mr. LAI Ka Wing,26,26,,,Physical Education Unit,2026-08-15T00-47-47+08-00,historical_fallback,
2420,9025,PHED1027,PHED1027H,H,LEC,Undergraduate,C#E,1,Handball,手球,- Mr. HUI Ka Kit,26,25,,,Physical Education Unit,2026-08-15T00-47-47+08-00,historical_fallback,
2420,8932,PHED1028,PHED1028A,A,LEC,Undergraduate,E,1,Handball,手球,- Mr. CHAU Wai Po,26,26,,,Physical Education Unit,2026-08-15T00-47-47+08-00,historical_fallback,
2420,8933,PHED1028,PHED1028B,B,LEC,Undergraduate,C#E,1,Handball,手球,- Mr. CHAU Wai Po,26,26,,,Physical Education Unit,2026-08-15T00-47-47+08-00,historical_fallback,
2420,8825,PHED1028,PHED1028C,C,LEC,Undergraduate,E,1,Handball,手球,- Mr. FONG William Wing Lun,26,26,,,Physical Education Unit,2026-08-15T00-47-47+08-00,historical_fallback,
2420,8940,PHED1028,PHED1028D,D,LEC,Undergraduate,C#E,1,Handball,手球,- Mr. FONG William Wing Lun,26,26,,,Physical Education Unit,2026-08-15T00-47-47+08-00,historical_fallback,
2420,8941,PHED1028,PHED1028E,E,LEC,Undergraduate,C#E,1,Handball,手球,- Mr. LAI Ka Wing,26,26,,,Physical Education Unit,2026-08-15T00-47-47+08-00,historical_fallback,
2420,8869,PHED1028,PHED1028F,F,LEC,Undergraduate,C#E,1,Handball,手球,- Mr. LAI Ka Wing,26,25,,,Physical Education Unit,2026-08-15T00-47-47+08-00,historical_fallback,
2420,8948,PHED1029,PHED1029A,A,LEC,Undergraduate,C#E,1,Soccer,足球,- Dr. LIU Xuan,26,26,,,Physical Education Unit,2026-08-15T00-47-47+08-00,historical_fallback,
2420,9184,PHED1029,PHED1029B,B,LEC,Undergraduate,C#E,1,Soccer,足球,- Dr. LIU Xuan,26,26,,,Physical Education Unit,2026-08-15T00-47-47+08-00,historical_fallback,
2420,8934,PHED1029,PHED1029C,C,LEC,Undergraduate,C#E,1,Soccer,足球,- Dr. LIU Xuan,26,26,,,Physical Education Unit,2026-08-15T00-47-47+08-00,historical_fallback,
2420,9175,PHED1029,PHED1029D,D,LEC,Undergraduate,E,1,Soccer,足球,- Mr. LIU Chi Fung,26,26,,,Physical Education Unit,2026-08-15T00-47-47+08-00,historical_fallback,
2420,9185,PHED1029,PHED1029F,F,LEC,Undergraduate,C#E,1,Soccer,足球,- Dr. HO Sze Tak Robin,26,26,,,Physical Education Unit,2026-08-15T00-47-47+08-00,historical_fallback,
2420,9028,PHED1029,PHED1029G,G,LEC,Undergraduate,C#E,1,Soccer,足球,- Dr. HO Sze Tak Robin,26,25,,,Physical Education Unit,2026-08-15T00-47-47+08-00,historical_fallback,
2420,9026,PHED1029,PHED1029H,H,LEC,Undergraduate,C#E,1,Soccer,足球,- Mr. LAI Ka Wing,26,26,,,Physical Education Unit,2026-08-15T00-47-47+08-00,historical_fallback,
2420,9032,PHED1029,PHED1029J,J,LEC,Undergraduate,C#E,1,Soccer,足球,- Mr. LAI Ka Wing,26,26,,,Physical Education Unit,2026-08-15T00-47-47+08-00,historical_fallback,
2420,10114,PHED1029,PHED1029M,M,LEC,Undergraduate,C#E,1,Soccer,足球,- Mr. LIU Chi Fung,26,26,,,Physical Education Unit,2026-08-15T00-47-47+08-00,historical_fallback,
2420,8949,PHED1031,PHED1031A,A,LEC,Undergraduate,E,1,Tennis,網球,- Mr. LAM Kin Wing,22,22,,,Physical Education Unit,2026-08-15T00-47-47+08-00,historical_fallback,
2420,8951,PHED1031,PHED1031B,B,LEC,Undergraduate,C#E,1,Tennis,網球,- Mr. LAM Kin Wing,22,22,,,Physical Education Unit,2026-08-15T00-47-47+08-00,historical_fallback,
2420,8950,PHED1031,PHED1031C,C,LEC,Undergraduate,C#E,1,Tennis,網球,- Mr. CHEUNG Wai Kit,22,22,,,Physical Education Unit,2026-08-15T00-47-47+08-00,historical_fallback,
2420,8952,PHED1031,PHED1031D,D,LEC,Undergraduate,E,1,Tennis,網球,- Mr. WONG On Tung,22,22,,,Physical Education Unit,2026-08-15T00-47-47+08-00,historical_fallback,
2420,8790,PHED1031,PHED1031E,E,LEC,Undergraduate,C#E,1,Tennis,網球,- Mr. HO Wai Keung,22,22,,,Physical Education Unit,2026-08-15T00-47-47+08-00,historical_fallback,
2420,8791,PHED1031,PHED1031F,F,LEC,Undergraduate,C#E,1,Tennis,網球,- Mr. HO Wai Keung,22,22,,,Physical Education Unit,2026-08-15T00-47-47+08-00,historical_fallback,
2420,8903,PHED1031,PHED1031G,G,LEC,Undergraduate,C#E,1,Tennis,網球,- Dr. NG Siu Kuen,22,21,,,Physical Education Unit,2026-08-15T00-47-47+08-00,historical_fallback,
2420,8953,PHED1032,PHED1032A,A,LEC,Undergraduate,C#E,1,Tennis,網球,- Mr. LAM Kin Wing,22,22,,,Physical Education Unit,2026-08-15T00-47-47+08-00,historical_fallback,
2420,8803,PHED1032,PHED1032B,B,LEC,Undergraduate,C#E,1,Tennis,網球,- Mr. CHEUNG Wai Kit,22,22,,,Physical Education Unit,2026-08-15T00-47-47+08-00,historical_fallback,
2420,8954,PHED1032,PHED1032C,C,LEC,Undergraduate,C#E,1,Tennis,網球,- Dr. NG Siu Kuen,22,22,,,Physical Education Unit,2026-08-15T00-47-47+08-00,historical_fallback,
2420,8955,PHED1032,PHED1032D,D,LEC,Undergraduate,C#E,1,Tennis,網球,- Dr. NG Siu Kuen,22,21,,,Physical Education Unit,2026-08-15T00-47-47+08-00,historical_fallback,
2420,8792,PHED1032,PHED1032E,E,LEC,Undergraduate,C#E,1,Tennis,網球,- Miss MAK Wai Sze Angel,22,21,,,Physical Education Unit,2026-08-15T00-47-47+08-00,historical_fallback,
2420,8718,PHED1032,PHED1032F,F,LEC,Undergraduate,C#E,1,Tennis,網球,- Miss MAK Wai Sze Angel,22,22,,,Physical Education Unit,2026-08-15T00-47-47+08-00,historical_fallback,
2420,8956,PHED1033,PHED1033A,A,LEC,Undergraduate,C#E,1,Squash,壁球,- Mr. LAM Kin Wing,20,20,,,Physical Education Unit,2026-08-15T00-47-47+08-00,historical_fallback,
2420,8865,PHED1033,PHED1033B,B,LEC,Undergraduate,C#E,1,Squash,壁球,- Mr. LAM Kin Wing,20,20,,,Physical Education Unit,2026-08-15T00-47-47+08-00,historical_fallback,
2420,8957,PHED1033,PHED1033C,C,LEC,Undergraduate,C#E,1,Squash,壁球,- Dr. NG Siu Kuen,20,20,,,Physical Education Unit,2026-08-15T00-47-47+08-00,historical_fallback,
2420,8958,PHED1033,PHED1033D,D,LEC,Undergraduate,C#E,1,Squash,壁球,- Dr. NG Siu Kuen,20,20,,,Physical Education Unit,2026-08-15T00-47-47+08-00,historical_fallback,
2420,8804,PHED1033,PHED1033E,E,LEC,Undergraduate,C#E,1,Squash,壁球,- Mr. CHAN Chi Ming,20,20,,,Physical Education Unit,2026-08-15T00-47-47+08-00,historical_fallback,
2420,8959,PHED1034,PHED1034A,A,LEC,Undergraduate,C#E,1,Squash,壁球,- Dr. LEUNG Fung Lin Elean,20,20,,,Physical Education Unit,2026-08-15T00-47-47+08-00,historical_fallback,
2420,9015,PHED1034,PHED1034B,B,LEC,Undergraduate,C#E,1,Squash,壁球,- Dr. LEUNG Fung Lin Elean,20,20,,,Physical Education Unit,2026-08-15T00-47-47+08-00,historical_fallback,
2420,9009,PHED1034,PHED1034C,C,LEC,Undergraduate,C#E,1,Squash,壁球,- Dr. LEUNG Fung Lin Elean,20,20,,,Physical Education Unit,2026-08-15T00-47-47+08-00,historical_fallback,
2420,8960,PHED1034,PHED1034D,D,LEC,Undergraduate,C#E,1,Squash,壁球,- Mr. LAM Kin Wing,20,20,,,Physical Education Unit,2026-08-15T00-47-47+08-00,historical_fallback,
2420,8961,PHED1034,PHED1034E,E,LEC,Undergraduate,E,1,Squash,壁球,- Miss HUANG Minyi,20,20,,,Physical Education Unit,2026-08-15T00-47-47+08-00,historical_fallback,
2420,8801,PHED1034,PHED1034F,F,LEC,Undergraduate,C#E,1,Squash,壁球,- Miss HUANG Minyi,20,20,,,Physical Education Unit,2026-08-15T00-47-47+08-00,historical_fallback,
2420,8793,PHED1034,PHED1034G,G,LEC,Undergraduate,C#E,1,Squash,壁球,- Miss HUANG Minyi,20,20,,,Physical Education Unit,2026-08-15T00-47-47+08-00,historical_fallback,
2420,9012,PHED1034,PHED1034H,H,LEC,Undergraduate,E,1,Squash,壁球,- Dr. NG Siu Kuen,20,20,,,Physical Education Unit,2026-08-15T00-47-47+08-00,historical_fallback,
2420,8719,PHED1034,PHED1034J,J,LEC,Undergraduate,C#E,1,Squash,壁球,- Dr. NG Siu Kuen,20,19,,,Physical Education Unit,2026-08-15T00-47-47+08-00,historical_fallback,
2420,8878,PHED1034,PHED1034K,K,LEC,Undergraduate,C#E,1,Squash,壁球,- Miss MAK Wai Sze Angel,20,20,,,Physical Education Unit,2026-08-15T00-47-47+08-00,historical_fallback,
2420,9006,PHED1038,PHED1038A,A,LEC,Undergraduate,C#E,1,Soccer,足球,- Mr. LIU Chi Fung,26,26,,,Physical Education Unit,2026-08-15T00-47-47+08-00,historical_fallback,
2420,9183,PHED1040,PHED1040A,A,LEC,Undergraduate,E,1,Woodball,木球,- Miss HUANG Minyi,24,24,,,Physical Education Unit,2026-08-15T00-47-47+08-00,historical_fallback,
2420,9182,PHED1040,PHED1040B,B,LEC,Undergraduate,C#E,1,Woodball,木球,- Miss HUANG Minyi,24,24,,,Physical Education Unit,2026-08-15T00-47-47+08-00,historical_fallback,
2420,9005,PHED1040,PHED1040C,C,LEC,Undergraduate,C#E,1,Woodball,木球,- Miss HUANG Minyi,24,24,,,Physical Education Unit,2026-08-15T00-47-47+08-00,historical_fallback,
2420,9027,PHED1040,PHED1040D,D,LEC,Undergraduate,C#E,1,Woodball,木球,- Mr. WU Tat Cheung Clement,24,24,,,Physical Education Unit,2026-08-15T00-47-47+08-00,historical_fallback,
2420,8859,PHED1040,PHED1040E,E,LEC,Undergraduate,C#E,1,Woodball,木球,- Mr. WU Tat Cheung Clement,24,24,,,Physical Education Unit,2026-08-15T00-47-47+08-00,historical_fallback,
2420,8965,PHED1041,PHED1041A,A,LEC,Undergraduate,C#E,1,Badminton,羽毛球,- Mr. CHENG Yuk Chuen,26,25,,,Physical Education Unit,2026-08-15T00-47-47+08-00,historical_fallback,
2420,8966,PHED1041,PHED1041B,B,LEC,Undergraduate,C#E,1,Badminton,羽毛球,- Mr. HUI Ka Kit,26,25,,,Physical Education Unit,2026-08-15T00-47-47+08-00,historical_fallback,
2420,10118,PHED1041,PHED1041C,C,LEC,Undergraduate,E,1,Badminton,羽毛球,- Mr. TAM Chi Kin,26,26,,,Physical Education Unit,2026-08-15T00-47-47+08-00,historical_fallback,
2420,8967,PHED1042,PHED1042A,A,LEC,Undergraduate,C#E,1,Badminton,羽毛球,- Mr. HUI Ka Kit,26,25,,,Physical Education Unit,2026-08-15T00-47-47+08-00,historical_fallback,
2420,8864,PHED1042,PHED1042B,B,LEC,Undergraduate,C#E,1,Badminton,羽毛球,- Dr. HON Suet,26,26,,,Physical Education Unit,2026-08-15T00-47-47+08-00,historical_fallback,
2420,8968,PHED1042,PHED1042C,C,LEC,Undergraduate,C#E,1,Badminton,羽毛球,- Mr. CHENG Yuk Chuen,26,26,,,Physical Education Unit,2026-08-15T00-47-47+08-00,historical_fallback,
2420,8969,PHED1042,PHED1042E,E,LEC,Undergraduate,E,1,Badminton,羽毛球,- Mr. HUI Ka Kit,26,26,,,Physical Education Unit,2026-08-15T00-47-47+08-00,historical_fallback,
2420,10115,PHED1042,PHED1042M,M,LEC,Undergraduate,C#E,1,Badminton,羽毛球,- Mr. TAM Chi Kin,26,26,,,Physical Education Unit,2026-08-15T00-47-47+08-00,historical_fallback,
2420,8970,PHED1043,PHED1043A,A,LEC,Undergraduate,C#E,1,Table Tennis,乒乓球,- Mr. LAM Ho Fung,26,24,,,Physical Education Unit,2026-08-15T00-47-47+08-00,historical_fallback,
2420,8971,PHED1043,PHED1043B,B,LEC,Undergraduate,C#E,1,Table Tennis,乒乓球,- Mr. LAM Ho Fung,26,25,,,Physical Education Unit,2026-08-15T00-47-47+08-00,historical_fallback,
2420,8974,PHED1043,PHED1043C,C,LEC,Undergraduate,C#E,1,Table Tennis,乒乓球,- Mr. LAM Kin Wing,26,26,,,Physical Education Unit,2026-08-15T00-47-47+08-00,historical_fallback,
2420,8972,PHED1043,PHED1043D,D,LEC,Undergraduate,E,1,Table Tennis,乒乓球,- Mr. CHEUNG Wai Kit,26,26,,,Physical Education Unit,2026-08-15T00-47-47+08-00,historical_fallback,
2420,8973,PHED1043,PHED1043E,E,LEC,Undergraduate,C#E,1,Table Tennis,乒乓球,- Mr. CHEUNG Wai Kit,26,26,,,Physical Education Unit,2026-08-15T00-47-47+08-00,historical_fallback,
2420,9014,PHED1043,PHED1043F,F,LEC,Undergraduate,E,1,Table Tennis,乒乓球,- Dr. LIU Xuan,26,26,,,Physical Education Unit,2026-08-15T00-47-47+08-00,historical_fallback,
2420,8794,PHED1043,PHED1043G,G,LEC,Undergraduate,E,1,Table Tennis,乒乓球,- Mr. CHEUNG Yuk Kit,26,26,,,Physical Education Unit,2026-08-15T00-47-47+08-00,historical_fallback,
2420,8838,PHED1043,PHED1043H,H,LEC,Undergraduate,C#E,1,Table Tennis,乒乓球,- Mr. CHEUNG Yuk Kit,26,25,,,Physical Education Unit,2026-08-15T00-47-47+08-00,historical_fallback,
2420,9013,PHED1043,PHED1043K,K,LEC,Undergraduate,E,1,Table Tennis,乒乓球,- Miss MAK Wai Sze Angel,26,26,,,Physical Education Unit,2026-08-15T00-47-47+08-00,historical_fallback,
2420,8709,PHED1043,PHED1043L,L,LEC,Undergraduate,C#E,1,Table Tennis,乒乓球,- Mr. YUEN Pak Yan,26,26,,,Physical Education Unit,2026-08-15T00-47-47+08-00,historical_fallback,
2420,8975,PHED1044,PHED1044A,A,LEC,Undergraduate,C#E,1,Table Tennis,乒乓球,- Dr. LIU Xuan,26,26,,,Physical Education Unit,2026-08-15T00-47-47+08-00,historical_fallback,
2420,8985,PHED1044,PHED1044B,B,LEC,Undergraduate,E,1,Table Tennis,乒乓球,- Ms. CHEUNG Ka Yee Crystal,26,26,,,Physical Education Unit,2026-08-15T00-47-47+08-00,historical_fallback,
2420,8986,PHED1044,PHED1044C,C,LEC,Undergraduate,C#E,1,Table Tennis,乒乓球,- Ms. CHEUNG Ka Yee Crystal,26,26,,,Physical Education Unit,2026-08-15T00-47-47+08-00,historical_fallback,
2420,8987,PHED1044,PHED1044D,D,LEC,Undergraduate,C#E,1,Table Tennis,乒乓球,- Ms. CHEUNG Ka Yee Crystal,26,26,,,Physical Education Unit,2026-08-15T00-47-47+08-00,historical_fallback,
2420,8988,PHED1044,PHED1044E,E,LEC,Undergraduate,C#E,1,Table Tennis,乒乓球,- Mr. LIU Chi Fung,26,26,,,Physical Education Unit,2026-08-15T00-47-47+08-00,historical_fallback,
2420,8989,PHED1044,PHED1044F,F,LEC,Undergraduate,C#E,1,Table Tennis,乒乓球,- Mr. LIU Chi Fung,26,26,,,Physical Education Unit,2026-08-15T00-47-47+08-00,historical_fallback,
2420,8990,PHED1044,PHED1044G,G,LEC,Undergraduate,C#E,1,Table Tennis,乒乓球,- Mr. WU Tat Cheung Clement,26,24,,,Physical Education Unit,2026-08-15T00-47-47+08-00,historical_fallback,
2420,8811,PHED1044,PHED1044H,H,LEC,Undergraduate,C#E,1,Table Tennis,乒乓球,- Mr. CHEUNG Yuk Kit,26,26,,,Physical Education Unit,2026-08-15T00-47-47+08-00,historical_fallback,
2420,8789,PHED1044,PHED1044J,J,LEC,Undergraduate,C#E,1,Table Tennis,乒乓球,- Miss MAK Wai Sze Angel,26,26,,,Physical Education Unit,2026-08-15T00-47-47+08-00,historical_fallback,
2420,10119,PHED1044,PHED1044K,K,LEC,Undergraduate,C#E,1,Table Tennis,乒乓球,- Mr. WU Tat Cheung Clement,26,26,,,Physical Education Unit,2026-08-15T00-47-47+08-00,historical_fallback,
2420,8880,PHED1066,PHED1066XA,XA,LEC,Undergraduate,C#E,1,Yoga,瑜伽,- Dr. HON Suet,20,8,,,Physical Education Unit,2026-08-15T00-47-47+08-00,historical_fallback,
2420,8759,PHED1122,PHED1122A,A,LEC,Undergraduate,E,1,Taekwondo,跆拳道,- Mr. HO Wai Keung,24,24,,,Physical Education Unit,2026-08-15T00-47-47+08-00,historical_fallback,
2420,8765,PHED1122,PHED1122B,B,LEC,Undergraduate,C#E,1,Taekwondo,跆拳道,- Mr. HO Wai Keung,24,22,,,Physical Education Unit,2026-08-15T00-47-47+08-00,historical_fallback,
2420,8650,PHED1122,PHED1122C,C,LEC,Undergraduate,C#E,1,Taekwondo,跆拳道,- Mr. HO Wai Keung,24,23,,,Physical Education Unit,2026-08-15T00-47-47+08-00,historical_fallback,
2420,8766,PHED1130,PHED1130A,A,LEC,Undergraduate,C#E,1,Modern Dance,現代舞,- Miss MAN Wai Kei,22,22,,,Physical Education Unit,2026-08-15T00-47-47+08-00,historical_fallback,
2420,8868,PHED1130,PHED1130B,B,LEC,Undergraduate,C#E,1,Modern Dance,現代舞,- Miss MAN Wai Kei,22,22,,,Physical Education Unit,2026-08-15T00-47-47+08-00,historical_fallback,
2420,8741,PHED1130,PHED1130C,C,LEC,Undergraduate,C#E,1,Modern Dance,現代舞,- Miss MAN Wai Kei,22,22,,,Physical Education Unit,2026-08-15T00-47-47+08-00,historical_fallback,
2420,8889,PHED1150,PHED1150A,A,LEC,Undergraduate,E,1,Yoga,瑜伽,- Dr. HON Suet,20,16,,,Physical Education Unit,2026-08-15T00-47-47+08-00,historical_fallback,
2420,10120,PHED1150,PHED1150B,B,LEC,Undergraduate,E,1,Yoga,瑜伽,- Dr. HON Suet,20,19,,,Physical Education Unit,2026-08-15T00-47-47+08-00,historical_fallback,
2420,8710,PHED1210,PHED1210B,B,LEC,Undergraduate,C#E,1,Tai Chi,太極拳,- Dr. LAU Kwok On,24,20,,,Physical Education Unit,2026-08-15T00-47-47+08-00,historical_fallback,
2420,8872,PHED1210,PHED1210C,C,LEC,Undergraduate,C#E,1,Tai Chi,太極拳,- Dr. LAU Kwok On,24,21,,,Physical Education Unit,2026-08-15T00-47-47+08-00,historical_fallback,
2420,10122,PHED1210,PHED1210M,M,LEC,Undergraduate,C#E,1,Tai Chi,太極拳,- Mr. LAM Ho Fung,24,21,,,Physical Education Unit,2026-08-15T00-47-47+08-00,historical_fallback,
2420,9173,PHED1220,PHED1220A,A,LEC,Undergraduate,C#E,1,Physical Conditioning,體能鍛鍊,- Mr. LAM Ho Fung,28,28,,,Physical Education Unit,2026-08-15T00-47-47+08-00,historical_fallback,
2420,9031,PHED1220,PHED1220B,B,LEC,Undergraduate,C#E,1,Physical Conditioning,體能鍛鍊,- Mr. LAM Ho Fung,28,28,,,Physical Education Unit,2026-08-15T00-47-47+08-00,historical_fallback,
2420,9030,PHED1220,PHED1220C,C,LEC,Undergraduate,E,1,Physical Conditioning,體能鍛鍊,- Mr. LAM Ho Fung,28,28,,,Physical Education Unit,2026-08-15T00-47-47+08-00,historical_fallback,
2420,9029,PHED1220,PHED1220D,D,LEC,Undergraduate,C#E,1,Physical Conditioning,體能鍛鍊,- Mr. WONG On Tung,28,28,,,Physical Education Unit,2026-08-15T00-47-47+08-00,historical_fallback,
2420,9042,PHED1220,PHED1220E,E,LEC,Undergraduate,C#E,1,Physical Conditioning,體能鍛鍊,- Mr. FONG William Wing Lun,28,28,,,Physical Education Unit,2026-08-15T00-47-47+08-00,historical_fallback,
2420,9040,PHED1220,PHED1220F,F,LEC,Undergraduate,C#E,1,Physical Conditioning,體能鍛鍊,- Mr. FONG William Wing Lun,28,28,,,Physical Education Unit,2026-08-15T00-47-47+08-00,historical_fallback,
2420,8877,PHED1220,PHED1220G,G,LEC,Undergraduate,C#E,1,Physical Conditioning,體能鍛鍊,- Mr. TAM Chi Kin,28,28,,,Physical Education Unit,2026-08-15T00-47-47+08-00,historical_fallback,
2420,9037,PHED1220,PHED1220H,H,LEC,Undergraduate,C#E,1,Physical Conditioning,體能鍛鍊,- Mr. TAM Chi Kin,28,28,,,Physical Education Unit,2026-08-15T00-47-47+08-00,historical_fallback,
2420,8874,PHED1220,PHED1220J,J,LEC,Undergraduate,E,1,Physical Conditioning,體能鍛鍊,- Mr. AU YEUNG Ka Hym Calvin,28,28,,,Physical Education Unit,2026-08-15T00-47-47+08-00,historical_fallback,
2420,9036,PHED1220,PHED1220K,K,LEC,Undergraduate,E,1,Physical Conditioning,體能鍛鍊,- Mr. AU YEUNG Ka Hym Calvin,28,28,,,Physical Education Unit,2026-08-15T00-47-47+08-00,historical_fallback,
2420,10121,PHED1220,PHED1220L,L,LEC,Undergraduate,C#E,1,Physical Conditioning,體能鍛鍊,- Mr. TAM Chi Kin,28,28,,,Physical Education Unit,2026-08-15T00-47-47+08-00,historical_fallback,
2420,10123,PHED1220,PHED1220M,M,LEC,Undergraduate,C#E,1,Physical Conditioning,體能鍛鍊,- Dr. HO Sze Tak Robin,28,28,,,Physical Education Unit,2026-08-15T00-47-47+08-00,historical_fallback,
2420,8740,PHED1260,PHED1260XA,XA,LEC,Undergraduate,C#E,1,Judo,柔道,- Mr. FONG William Wing Lun,20,10,,,Physical Education Unit,2026-08-15T00-47-47+08-00,historical_fallback,
2420,9033,PHED1310,PHED1310A,A,LEC,Undergraduate,C#E,1,Track and Field,田徑,- Mr. CHAU Wai Po,24,24,,,Physical Education Unit,2026-08-15T00-47-47+08-00,historical_fallback,
2420,8729,PHED1330,PHED1330A,A,LEC,Undergraduate,E,1,Hip-hop Dance,嘻哈舞,- Dr. SUN Li,24,24,,,Physical Education Unit,2026-08-15T00-47-47+08-00,historical_fallback,
2420,8739,PHED1330,PHED1330B,B,LEC,Undergraduate,C#E,1,Hip-hop Dance,嘻哈舞,- Dr. SUN Li,24,24,,,Physical Education Unit,2026-08-15T00-47-47+08-00,historical_fallback,
2420,9186,PHED1340,PHED1340A,A,LEC,Undergraduate,E,1,Golf,高爾夫球,- Miss HUANG Minyi,16,16,,,Physical Education Unit,2026-08-15T00-47-47+08-00,historical_fallback,
2420,9041,PHED1340,PHED1340B,B,LEC,Undergraduate,C#E,1,Golf,高爾夫球,- Mr. AU YEUNG Ka Hym Calvin,16,16,,,Physical Education Unit,2026-08-15T00-47-47+08-00,historical_fallback,
2420,5131,PHED1350,PHED1350A,A,LEC,Undergraduate,C#E,1,Martial Arts Bing Dao,武術兵道,- Dr. SUN Li,20,20,,,Physical Education Unit,2026-08-15T00-47-47+08-00,historical_fallback,
2420,5130,PHED1350,PHED1350B,B,LEC,Undergraduate,C#E,1,Martial Arts Bing Dao,武術兵道,- Dr. SUN Li,20,20,,,Physical Education Unit,2026-08-15T00-47-47+08-00,historical_fallback,
2420,8876,PHED1370,PHED1370A,A,LEC,Undergraduate,C#E,1,Archery,射箭,- Dr. SUN Li,24,23,,,Physical Education Unit,2026-08-15T00-47-47+08-00,historical_fallback,
2420,9039,PHED1370,PHED1370B,B,LEC,Undergraduate,C#E,1,Archery,射箭,- Dr. CHAN Jor Shing,24,24,,,Physical Education Unit,2026-08-15T00-47-47+08-00,historical_fallback,
2420,8875,PHED2021,PHED2021XA,XA,LEC,Undergraduate,C#E,1,Intermediate Basketball,中級籃球,- Mr. CHEUNG Tsz Fai,12,0,,,Physical Education Unit,2026-08-15T00-47-47+08-00,historical_fallback,
2420,8873,PHED2021,PHED2021XB,XB,LEC,Undergraduate,C#E,1,Intermediate Basketball,中級籃球,- Mr. CHEUNG Tsz Fai,12,10,,,Physical Education Unit,2026-08-15T00-47-47+08-00,historical_fallback,
2420,9034,PHED2121,PHED2121A,A,LEC,Undergraduate,C#E,1,Intermediate Basketball,中級籃球,- Mr. CHEUNG Tsz Fai,12,12,,,Physical Education Unit,2026-08-15T00-47-47+08-00,historical_fallback,
2420,9038,PHED2121,PHED2121B,B,LEC,Undergraduate,C#E,1,Intermediate Basketball,中級籃球,- Mr. CHEUNG Tsz Fai,12,12,,,Physical Education Unit,2026-08-15T00-47-47+08-00,historical_fallback,
2420,7598,PHIL1110,PHIL1110-,-T01,TUT,Undergraduate,C&E,3,Introduction to Philosophy,哲學概論,- Professor LAU Chong Fuk,60,42,,Yes,Dept of Philosophy,2026-08-15T01-53-13+08-00-full-term-1,current,
2420,7425,PHIL1310,PHIL1310-,-T01,TUT,Undergraduate,C&E,3,Logic,邏輯,- Dr. KOU Kei Chun,60,50,,Yes,Dept of Philosophy,2026-08-15T01-53-13+08-00-full-term-1,current,
2420,8561,PHIL2020,PHIL2020-,-T01,TUT,Undergraduate,P,3,History of Chin Philosophy I,中國哲學史（一）,- Professor ZHENG Zemian,60,34,,Yes,Dept of Philosophy,2026-08-15T01-53-13+08-00-full-term-1,current,
2420,8373,PHIL2040,PHIL2040-,-T01,TUT,Undergraduate,C&E,3,History of West Philosophy I,西方哲學史（一）,- Professor LEUNG Ka Wing,60,32,,Yes,Dept of Philosophy,2026-08-15T01-53-13+08-00-full-term-1,current,
2420,4956,PHIL2302,PHIL2302-,-T01,TUT,Undergraduate,C&E,3,Guid Stud in West Phi Classics,西方哲學原典導讀,- Dr. WONG Yiu Hong,40,30,,,Dept of Philosophy,2026-08-15T01-53-13+08-00-full-term-1,current,
2420,9749,PHIL3000,PHIL3000-,-T01,TUT,Undergraduate,E,3,Ethics,倫理學,- Professor Nicholas K RIMELL,50,39,,,Dept of Philosophy,2026-08-15T01-53-13+08-00-full-term-1,current,
2420,5214,PHIL3211,PHIL3211-,-T01,TUT,Undergraduate,P&E,3,Indian Buddhist Philosophy,印度佛家哲學,- Professor YAO Zhihua,40,28,,,Dept of Philosophy,2026-08-15T01-53-13+08-00-full-term-1,current,
2420,5193,PHIL3383,PHIL3383-,-T01,TUT,Undergraduate,C&E,3,Philosophy of Death,死亡哲學,- Dr. KWOK Pak Nin,40,28,,,Dept of Philosophy,2026-08-15T01-53-13+08-00-full-term-1,current,
2420,7601,PHIL3541,PHIL3541-,-T01,TUT,Undergraduate,E,3,Topics in Ancient Chinese Phil,古代中國哲學專題,- Professor David CHAI,40,37,,,Dept of Philosophy,2026-08-15T01-53-13+08-00-full-term-1,current,
2420,4962,PHIL3652,PHIL3652-,-T01,TUT,Undergraduate,E,3,Topics in Contempo West Phil,當代西方哲學專題,- Professor Claudia BARACCHI,35,26,,,Dept of Philosophy,2026-08-15T01-53-13+08-00-full-term-1,current,
2420,9878,PHIL3683,PHIL3683-,-T01,TUT,Undergraduate,P&E,3,Topics in Applied Philosophy,應用哲學專題,- Staff,40,34,,,Dept of Philosophy,2026-08-15T01-53-13+08-00-full-term-1,current,
2420,7603,PHIL3820,PHIL3820-,-T01,TUT,Undergraduate,P&E,3,Epistemology,知識論,- Professor ZHANG Jiji,50,35,,,Dept of Philosophy,2026-08-15T01-53-13+08-00-full-term-1,current,
2420,7604,PHIL3833,PHIL3833-,-T01,TUT,Undergraduate,P&E,3,Topics in Ethics,倫理學專題,- Professor YE Ru,40,33,,,Dept of Philosophy,2026-08-15T01-53-13+08-00-full-term-1,current,
2420,7613,PHIL4153,PHIL4153-,-T01,TUT,Undergraduate,E,3,Philosophy of Culture,文化哲學,- Professor Gregory Scott MOSS,40,36,,,Dept of Philosophy,2026-08-15T01-53-13+08-00-full-term-1,current,
2420,4960,PHIL4262,PHIL4262-,-T01,TUT,Undergraduate,E,3,Existentialism,存在主義,- Professor Hayden Sean Alexander KEE,35,29,,,Dept of Philosophy,2026-08-15T01-53-13+08-00-full-term-1,current,
2420,9441,PHIL4371,PHIL4371-,-T01,TUT,Undergraduate,C&E,3,Seminar on Chinese Philosophy,中國哲學研討,- Dr. CHONG Yun Chak,40,33,,,Dept of Philosophy,2026-08-15T01-53-13+08-00-full-term-1,current,
2420,9911,PHIL4443,PHIL4443-,-T01,TUT,Undergraduate,P&E,3,Seminar on Philosophical Issue,哲學問題研討,- Staff,40,38,,,Dept of Philosophy,2026-08-15T01-53-13+08-00-full-term-1,current,
2420,7453,PHIL4800,PHIL4800A,A,LEC,Undergraduate,E,3,Thesis,論文,- Professor Hayden Sean Alexander KEE,15,8,Yes,Yes,Dept of Philosophy,2026-08-15T01-53-13+08-00-full-term-1,current,
2420,7454,PHIL4800,PHIL4800B,B,LEC,Undergraduate,P&E,3,Thesis,論文,- Professor ZHENG Zemian,15,8,Yes,Yes,Dept of Philosophy,2026-08-15T01-53-13+08-00-full-term-1,current,
2420,7455,PHIL4800,PHIL4800C,C,LEC,Undergraduate,P&E,3,Thesis,論文,- Professor YE Ru,15,9,Yes,Yes,Dept of Philosophy,2026-08-15T01-53-13+08-00-full-term-1,current,
2420,6996,PHPC1001,PHPC1001-,-,LEC,Undergraduate,E,2,Foundations in Public Health,公共衞生學基礎,- Professor CHUNG Roger Yat Nork,183,144,,,JC Sch of Pub Health Prim Care,2026-08-15T01-53-13+08-00-full-term-1,current,
2420,8532,PHPC1010,PHPC1010-,-,LEC,Undergraduate,E,3,Anat & Physio: Body Functions,人體解剖學與生理學︰人體基本功能,- Dr. MAN Lai Kwan,45,43,,,JC Sch of Pub Health Prim Care,2026-08-15T01-53-13+08-00-full-term-1,current,
2420,8630,PHPC1019,PHPC1019-,-,LEC,Undergraduate,C&E,1,Induction Programme I,先導計劃（一）,- Dr. YUNG Ka Chun,40,40,,,JC Sch of Pub Health Prim Care,2026-08-15T01-53-13+08-00-full-term-1,current,
2420,7008,PHPC1022,PHPC1022-,-,LEC,Undergraduate,C&E,2,"Lifestyle, Behav and Health",生活模式及行為與健康,- Professor YEUNG Chun Yiu,60,60,,,JC Sch of Pub Health Prim Care,2026-08-15T01-53-13+08-00-full-term-1,current,
2420,7057,PHPC2005,PHPC2005-,-,LEC,Undergraduate,E,2,Introduction to Biostatistics,生物統計學基礎,- Professor YIP Hon Kei,66,64,,,JC Sch of Pub Health Prim Care,2026-08-15T01-53-13+08-00-full-term-1,current,
2420,7489,PHPC2007,PHPC2007-,-,LEC,Undergraduate,E,3,Nutrition for Health and Ex,營養學於健康促進及運動之應用,- Dr. YUNG Ka Chun,60,5,,,JC Sch of Pub Health Prim Care,2026-08-15T01-53-13+08-00-full-term-1,current,
2420,5669,PHPC2009,PHPC2009-,-,LEC,Undergraduate,E,3,Environment and Work,環境衞生及職業衞生,- Professor CHUNG Ming Kei,50,45,,,JC Sch of Pub Health Prim Care,2026-08-15T01-53-13+08-00-full-term-1,current,
2420,7039,PHPC2010,PHPC2010-,-,LEC,Undergraduate,C&E,3,Health Care System & Policy,醫療系統及政策,- Professor WANG Kailu - Professor WONG Lai Yi,40,39,,,JC Sch of Pub Health Prim Care,2026-08-15T01-53-13+08-00-full-term-1,current,
2420,7149,PHPC2015,PHPC2015-,-,LEC,Undergraduate,C&E,3,Biostatistics,生物統計學,- Professor KWOK Kin On,50,50,,,JC Sch of Pub Health Prim Care,2026-08-15T01-53-13+08-00-full-term-1,current,
2420,5624,PHPC2016,PHPC2016-,-,LEC,Undergraduate,E,3,Theories of Health Behaviours,健康行為理論基礎,- Professor WANG Zixin,107,53,,,JC Sch of Pub Health Prim Care,2026-08-15T01-53-13+08-00-full-term-1,current,
2420,8269,PHPC2017,PHPC2017-,-,LEC,Undergraduate,E,3,Epidemiology,流行病學,- Professor YANG Zuyao,128,120,,,JC Sch of Pub Health Prim Care,2026-08-15T01-53-13+08-00-full-term-1,current,
2420,7272,PHPC3027,PHPC3027-,-,LEC,Undergraduate,E,3,Qualitative Research,定性研究,- Professor DONG Dong,40,38,,,JC Sch of Pub Health Prim Care,2026-08-15T01-53-13+08-00-full-term-1,current,
2420,5117,PHPC4000,PHPC4000A,A,LEC,Undergraduate,E,0,Professionalism and Ethics,專業操守與倫理,- Dr. YUNG Ka Chun - Professor WONG Lai Yi,40,0,Yes,Yes,JC Sch of Pub Health Prim Care,2026-08-15T01-53-13+08-00-full-term-1,current,
2420,5118,PHPC4000,PHPC4000B,B,LEC,Undergraduate,E,0,Professionalism and Ethics,專業操守與倫理,- Dr. MUI Wai Ho - Professor MO Phoenix Kit Han,33,6,Yes,Yes,JC Sch of Pub Health Prim Care,2026-08-15T01-53-13+08-00-full-term-1,current,
2420,5119,PHPC4000,PHPC4000C,C,LEC,Undergraduate,E,0,Professionalism and Ethics,專業操守與倫理,- Dr. WANG Jingxuan - Professor YU Ho Yan,33,0,Yes,Yes,JC Sch of Pub Health Prim Care,2026-08-15T01-53-13+08-00-full-term-1,current,
2420,5806,PHPC4033,PHPC4033-,-,LEC,Undergraduate,E,3,Medical Sociology,醫學社會學,- Dr. WANG Jingxuan,45,23,,,JC Sch of Pub Health Prim Care,2026-08-15T01-53-13+08-00-full-term-1,current,
2420,8702,PHPC4913,PHPC4913-,-,LEC,Undergraduate,E,4,Primary PH Research III,公共衞生基礎研究（三）,- Professor CHONG Ka Chun - Professor WONG Lai Yi,20,0,Yes,Yes,JC Sch of Pub Health Prim Care,2026-08-15T01-53-13+08-00-full-term-1,current,
2420,8701,PHPC4922,PHPC4922-,-,LEC,Undergraduate,E,3,PH Data Synthesis Research II,公共衞生數據整合研究（二）,- Professor CHONG Ka Chun - Professor WONG Lai Yi,20,10,Yes,Yes,JC Sch of Pub Health Prim Care,2026-08-15T01-53-13+08-00-full-term-1,current,
2420,6394,PHPC4930,PHPC4930-,-,LEC,Undergraduate,E,2,Public Health Practicum,公共衞生實習,- Dr. YUNG Ka Chun,40,5,Yes,Yes,JC Sch of Pub Health Prim Care,2026-08-15T01-53-13+08-00-full-term-1,current,
2420,9832,PHYS1002,PHYS1002A,AT01,TUT,Undergraduate,E,3,General Physics,普通物理,- Dr. CHENG Hok Chuen,96,87,,,Dept of Physics,2026-08-15T01-53-13+08-00-full-term-1,current,
2420,9382,PHYS1002,PHYS1002B,BT01,TUT,Undergraduate,E,3,General Physics,普通物理,- Professor HUI Pak Ming,96,93,,,Dept of Physics,2026-08-15T01-53-13+08-00-full-term-1,current,
2420,7421,PHYS1003,PHYS1003A,AT03,TUT,Undergraduate,E,3,General Physics for Engineers,工科普通物理,- Professor WANG Qisi,40,40,Yes,Yes,Dept of Physics,2026-08-15T01-53-13+08-00-full-term-1,current,
2420,7408,PHYS1003,PHYS1003B,BT03,TUT,Undergraduate,E,3,General Physics for Engineers,工科普通物理,- Professor XUE Haoran,40,40,Yes,Yes,Dept of Physics,2026-08-15T01-53-13+08-00-full-term-1,current,
2420,7042,PHYS1110,PHYS1110A,AT03,TUT,Undergraduate,E,3,Engineering Phy: Mech & Thermo,工程物理：力學及熱力學,- Dr. YIP Long Sang Kenny,32,32,Yes,Yes,Dept of Physics,2026-08-15T01-53-13+08-00-full-term-1,current,
2420,7043,PHYS1110,PHYS1110B,BT03,TUT,Undergraduate,E,3,Engineering Phy: Mech & Thermo,工程物理：力學及熱力學,- Professor HU Chen,32,32,Yes,Yes,Dept of Physics,2026-08-15T01-53-13+08-00-full-term-1,current,
2420,5031,PHYS1110,PHYS1110C,CT03,TUT,Undergraduate,E,3,Engineering Phy: Mech & Thermo,工程物理：力學及熱力學,- Professor Luis Roberto FLORES CASTILLO,32,32,Yes,Yes,Dept of Physics,2026-08-15T01-53-13+08-00-full-term-1,current,
2420,7044,PHYS1110,PHYS1110D,DT03,TUT,Undergraduate,E,3,Engineering Phy: Mech & Thermo,工程物理：力學及熱力學,- Professor LI Yufan,32,32,Yes,Yes,Dept of Physics,2026-08-15T01-53-13+08-00-full-term-1,current,
2420,7050,PHYS1110,PHYS1110E,ET03,TUT,Undergraduate,E,3,Engineering Phy: Mech & Thermo,工程物理：力學及熱力學,- Professor CHAN Tsang Keung,32,32,Yes,Yes,Dept of Physics,2026-08-15T01-53-13+08-00-full-term-1,current,
2420,8658,PHYS1110,PHYS1110F,F,LEC,Undergraduate,E,3,Engineering Phy: Mech & Thermo,工程物理：力學及熱力學,- Dr. YIP Long Sang Kenny,120,120,Yes,Yes,Dept of Physics,2026-08-15T01-53-13+08-00-full-term-1,current,
2420,9833,PHYS1111,PHYS1111A,AT01,TUT,Undergraduate,E,3,"Intro to Mech, Fluids & Waves",力學、流體與波動導論（大學物理一）,- Dr. TONG Shiu Sing Dominic,120,114,,,Dept of Physics,2026-08-15T01-53-13+08-00-full-term-1,current,
2420,9161,PHYS1113,PHYS1113-,-T01,TUT,Undergraduate,E,3,"Mechanics, Fluids and Waves",力學、流體與波動（大學物理一）,- Dr. LEUNG Po Kin,45,45,Yes,Yes,Dept of Physics,2026-08-15T01-53-13+08-00-full-term-1,current,
2420,9682,PHYS2041,PHYS2041-,-T01,TUT,Undergraduate,E,3,University Physics III,大學物理（三）： 熱學與電磁學導論,- Professor ONG Hock Chun Daniel,100,96,,,Dept of Physics,2026-08-15T01-53-13+08-00-full-term-1,current,
2420,6002,PHYS2051,PHYS2051-,-T01,TUT,Undergraduate,E,3,Quan Methods for Basic Phy,基礎物理中的定量方法,- Dr. LAI Yu Hang,90,88,,,Dept of Physics,2026-08-15T01-53-13+08-00-full-term-1,current,
2420,9163,PHYS2061,PHYS2061-,-L02,LAB,Undergraduate,E,3,Basic Computational Physics,基礎計算物理學,- Professor WANG Yi,35,34,,,Dept of Physics,2026-08-15T01-53-13+08-00-full-term-1,current,
2420,6004,PHYS2510,PHYS2510A,AD01,DIS,Undergraduate,E,1,Student Centred Learning I,學生為本學習（一）,- Professor NG Chun Yu,20,13,Yes,Yes,Dept of Physics,2026-08-15T01-53-13+08-00-full-term-1,current,
2420,6005,PHYS2510,PHYS2510B,BD01,DIS,Undergraduate,E,1,Student Centred Learning I,學生為本學習（一）,- Professor Otto Akseli HANNUKSELA,20,12,Yes,Yes,Dept of Physics,2026-08-15T01-53-13+08-00-full-term-1,current,
2420,6006,PHYS2510,PHYS2510C,CD01,DIS,Undergraduate,E,1,Student Centred Learning I,學生為本學習（一）,- Professor XUE Haoran,20,12,Yes,Yes,Dept of Physics,2026-08-15T01-53-13+08-00-full-term-1,current,
2420,6007,PHYS2510,PHYS2510D,DD01,DIS,Undergraduate,E,1,Student Centred Learning I,學生為本學習（一）,- Professor Luis Roberto FLORES CASTILLO,20,12,Yes,Yes,Dept of Physics,2026-08-15T01-53-13+08-00-full-term-1,current,
2420,6008,PHYS2510,PHYS2510E,ED01,DIS,Undergraduate,E,1,Student Centred Learning I,學生為本學習（一）,- Professor WU Yilin,20,12,Yes,Yes,Dept of Physics,2026-08-15T01-53-13+08-00-full-term-1,current,
2420,6009,PHYS2510,PHYS2510F,FD01,DIS,Undergraduate,E,1,Student Centred Learning I,學生為本學習（一）,- Professor ZHAO Jiarui,20,12,Yes,Yes,Dept of Physics,2026-08-15T01-53-13+08-00-full-term-1,current,
2420,6010,PHYS2510,PHYS2510G,GD01,DIS,Undergraduate,E,1,Student Centred Learning I,學生為本學習（一）,- Professor LI Yufan,20,12,Yes,Yes,Dept of Physics,2026-08-15T01-53-13+08-00-full-term-1,current,
2420,6011,PHYS2510,PHYS2510H,HD01,DIS,Undergraduate,E,1,Student Centred Learning I,學生為本學習（一）,- Professor YAN Renbin,20,12,Yes,Yes,Dept of Physics,2026-08-15T01-53-13+08-00-full-term-1,current,
2420,9319,PHYS2520,PHYS2520J,JD01,DIS,Undergraduate,E,1,Student Centred Learning II,學生為本學習（二）,- Professor LAN Tian,20,20,Yes,Yes,Dept of Physics,2026-08-15T01-53-13+08-00-full-term-1,current,
2420,9315,PHYS2520,PHYS2520K,KD01,DIS,Undergraduate,E,1,Student Centred Learning II,學生為本學習（二）,- Professor WANG Yi,20,20,Yes,Yes,Dept of Physics,2026-08-15T01-53-13+08-00-full-term-1,current,
2420,9320,PHYS2520,PHYS2520L,LD01,DIS,Undergraduate,E,1,Student Centred Learning II,學生為本學習（二）,- Professor LI Hua Bai,20,20,Yes,Yes,Dept of Physics,2026-08-15T01-53-13+08-00-full-term-1,current,
2420,9582,PHYS2520,PHYS2520M,MD01,DIS,Undergraduate,E,1,Student Centred Learning II,學生為本學習（二）,- Professor YAN Yangqian,20,20,Yes,Yes,Dept of Physics,2026-08-15T01-53-13+08-00-full-term-1,current,
2420,8906,PHYS2711,PHYS2711A,AL01,LAB,Undergraduate,E,2,Physics Laboratory II,物理實驗（二）,- Professor GOH Swee Kuan - Professor ONG Hock Chun Daniel,28,28,,,Dept of Physics,2026-08-15T01-53-13+08-00-full-term-1,current,
2420,8907,PHYS2711,PHYS2711B,BL01,LAB,Undergraduate,E,2,Physics Laboratory II,物理實驗（二）,- Professor GOH Swee Kuan - Professor ONG Hock Chun Daniel,28,28,,,Dept of Physics,2026-08-15T01-53-13+08-00-full-term-1,current,
2420,8908,PHYS2711,PHYS2711C,CL01,LAB,Undergraduate,E,2,Physics Laboratory II,物理實驗（二）,- Professor GOH Swee Kuan - Professor ONG Hock Chun Daniel,28,28,,,Dept of Physics,2026-08-15T01-53-13+08-00-full-term-1,current,
2420,9561,PHYS3021,PHYS3021-,-T01,TUT,Undergraduate,E,3,Quantum Mechanics I,量子力學（一）,- Professor LIU Renbao,90,76,,,Dept of Physics,2026-08-15T01-53-13+08-00-full-term-1,current,
2420,9544,PHYS3041,PHYS3041-,-T01,TUT,Undergraduate,E,3,Electromagnetic Theory I,電磁學理論（一）,- Dr. TONG Shiu Sing Dominic,90,78,,,Dept of Physics,2026-08-15T01-53-13+08-00-full-term-1,current,
2420,5300,PHYS3430,PHYS3430-,-L01,LAB,Undergraduate,E,2,Radio Observational Astronomy,射電觀測天文學,- Professor LI Hua Bai,30,23,,,Dept of Physics,2026-08-15T01-53-13+08-00-full-term-1,current,
2420,6154,PHYS3610,PHYS3610A,AJ01,PRJ,Undergraduate,E,2,Short Project II,專題研習 (二),- Staff,10,10,Yes,Yes,Dept of Physics,2026-08-15T01-53-13+08-00-full-term-1,current,
2420,6153,PHYS3630,PHYS3630-,-J01,PRJ,Undergraduate,E,1,Other Phys Learning Exp I,其他物理學習體驗（一）,- Dr. CHENG Hok Chuen - Dr. LEUNG Po Kin - Dr. YIP Long Sang Kenny - Professor CHU Ming Chung,30,30,,,Dept of Physics,2026-08-15T01-53-13+08-00-full-term-1,current,
2420,6519,PHYS3710,PHYS3710-,-J01,PRJ,Undergraduate,E,1,Short Experimental Project I,專題實驗（一）,- Professor GOH Swee Kuan - Professor WANG Dajun - Professor WANG Qisi - Professor WU Yilin - Professor XU Lei,40,33,,,Dept of Physics,2026-08-15T01-53-13+08-00-full-term-1,current,
2420,6487,PHYS3810,PHYS3810A,AJ01,PRJ,Undergraduate,E,1,Short Theoretical Project I,理論專題（一）,- Staff,10,10,Yes,Yes,Dept of Physics,2026-08-15T01-53-13+08-00-full-term-1,current,
2420,8586,PHYS4031,PHYS4031-,-T01,TUT,Undergraduate,E,3,Statistical Mechanics,統計力學,- Professor LU Xinhui,50,26,,,Dept of Physics,2026-08-15T01-53-13+08-00-full-term-1,current,
2420,7628,PHYS4041,PHYS4041-,-T01,TUT,Undergraduate,E,3,Electromagnetic Theory II,電磁學理論（二）,- Dr. CHENG Hok Chuen,30,15,,,Dept of Physics,2026-08-15T01-53-13+08-00-full-term-1,current,
2420,7406,PHYS4050,PHYS4050-,-T01,TUT,Undergraduate,E,3,Solid State Physics,固體物理,- Professor HUI Pak Ming,50,26,,,Dept of Physics,2026-08-15T01-53-13+08-00-full-term-1,current,
2420,4891,PHYS4051,PHYS4051-,-T01,TUT,Undergraduate,E,3,Methods in Theoretical Phys II,理論物理的分析方法（二）,- Dr. YIP Long Sang Kenny,30,23,,,Dept of Physics,2026-08-15T01-53-13+08-00-full-term-1,current,
2420,7699,PHYS4061,PHYS4061-,-T01,TUT,Undergraduate,E,3,Compu Phys and Mach Learning,計算物理與機器學習,- Professor ZHU Junyi,20,4,,,Dept of Physics,2026-08-15T01-53-13+08-00-full-term-1,current,
2420,7701,PHYS4430,PHYS4430-,-T01,TUT,Undergraduate,E,3,Astrophysics,天文物理,- Professor Otto Akseli HANNUKSELA,40,19,,,Dept of Physics,2026-08-15T01-53-13+08-00-full-term-1,current,
2420,7837,PHYS4610,PHYS4610A,AJ01,PRJ,Undergraduate,E,3,Senior Project I,畢業專題研究（一）,- Professor CHAN Tsang Keung,10,6,Yes,Yes,Dept of Physics,2026-08-15T01-53-13+08-00-full-term-1,current,
2420,6223,PHYS4610,PHYS4610AA,AAJ1,PRJ,Undergraduate,E,3,Senior Project I,畢業專題研究（一）,- Dr. CHENG Hok Chuen,10,9,Yes,Yes,Dept of Physics,2026-08-15T01-53-13+08-00-full-term-1,current,
2420,6228,PHYS4610,PHYS4610AB,ABJ1,PRJ,Undergraduate,E,3,Senior Project I,畢業專題研究（一）,- Dr. DUNG On Yu,10,8,Yes,Yes,Dept of Physics,2026-08-15T01-53-13+08-00-full-term-1,current,
2420,7900,PHYS4610,PHYS4610AC,ACJ1,PRJ,Undergraduate,E,3,Senior Project I,畢業專題研究（一）,- Professor HUI Pak Ming,10,10,Yes,Yes,Dept of Physics,2026-08-15T01-53-13+08-00-full-term-1,current,
2420,6225,PHYS4610,PHYS4610AD,ADJ1,PRJ,Undergraduate,E,3,Senior Project I,畢業專題研究（一）,- Dr. LAI Yu Hang,10,9,Yes,Yes,Dept of Physics,2026-08-15T01-53-13+08-00-full-term-1,current,
2420,7841,PHYS4610,PHYS4610AE,AEJ1,PRJ,Undergraduate,E,3,Senior Project I,畢業專題研究（一）,- Dr. LEUNG Po Kin,10,6,Yes,Yes,Dept of Physics,2026-08-15T01-53-13+08-00-full-term-1,current,
2420,6437,PHYS4610,PHYS4610AF,AFJ1,PRJ,Undergraduate,E,3,Senior Project I,畢業專題研究（一）,- Dr. LIN Lap Ming,10,8,Yes,Yes,Dept of Physics,2026-08-15T01-53-13+08-00-full-term-1,current,
2420,6226,PHYS4610,PHYS4610AG,AGJ1,PRJ,Undergraduate,E,3,Senior Project I,畢業專題研究（一）,- Dr. TONG Shiu Sing Dominic,10,7,Yes,Yes,Dept of Physics,2026-08-15T01-53-13+08-00-full-term-1,current,
2420,6308,PHYS4610,PHYS4610AH,AHJ1,PRJ,Undergraduate,E,3,Senior Project I,畢業專題研究（一）,- Dr. YIP Long Sang Kenny,10,9,Yes,Yes,Dept of Physics,2026-08-15T01-53-13+08-00-full-term-1,current,
2420,6229,PHYS4610,PHYS4610AI,AIJ1,PRJ,Undergraduate,E,3,Senior Project I,畢業專題研究（一）,- Professor CHEN Yuguang,10,9,Yes,Yes,Dept of Physics,2026-08-15T01-53-13+08-00-full-term-1,current,
2420,7901,PHYS4610,PHYS4610AJ,AJJ1,PRJ,Undergraduate,E,3,Senior Project I,畢業專題研究（一）,- Professor GAO Yao,10,10,Yes,Yes,Dept of Physics,2026-08-15T01-53-13+08-00-full-term-1,current,
2420,7704,PHYS4610,PHYS4610AK,AKJ1,PRJ,Undergraduate,E,3,Senior Project I,畢業專題研究（一）,- Professor SUN Rongyang,10,8,Yes,Yes,Dept of Physics,2026-08-15T01-53-13+08-00-full-term-1,current,
2420,7835,PHYS4610,PHYS4610AL,ALJ1,PRJ,Undergraduate,E,3,Senior Project I,畢業專題研究（一）,- Professor ZHANG Hengkai,10,10,Yes,Yes,Dept of Physics,2026-08-15T01-53-13+08-00-full-term-1,current,
2420,8029,PHYS4610,PHYS4610AM,AMJ1,PRJ,Undergraduate,E,3,Senior Project I,畢業專題研究（一）,- Professor ZHAO Jiarui,10,10,Yes,Yes,Dept of Physics,2026-08-15T01-53-13+08-00-full-term-1,current,
2420,8622,PHYS4610,PHYS4610AN,ANJ1,PRJ,Undergraduate,E,3,Senior Project I,畢業專題研究（一）,- Professor LI Ping Wah,10,9,Yes,Yes,Dept of Physics,2026-08-15T01-53-13+08-00-full-term-1,current,
2420,6527,PHYS4610,PHYS4610B,BJ01,PRJ,Undergraduate,E,3,Senior Project I,畢業專題研究（一）,- Professor CHING Shuk Chi Emily,10,8,Yes,Yes,Dept of Physics,2026-08-15T01-53-13+08-00-full-term-1,current,
2420,6431,PHYS4610,PHYS4610C,CJ01,PRJ,Undergraduate,E,3,Senior Project I,畢業專題研究（一）,- Professor CHU Ming Chung,10,6,Yes,Yes,Dept of Physics,2026-08-15T01-53-13+08-00-full-term-1,current,
2420,6435,PHYS4610,PHYS4610D,DJ01,PRJ,Undergraduate,E,3,Senior Project I,畢業專題研究（一）,- Professor Luis Roberto FLORES CASTILLO,10,8,Yes,Yes,Dept of Physics,2026-08-15T01-53-13+08-00-full-term-1,current,
2420,6432,PHYS4610,PHYS4610E,EJ01,PRJ,Undergraduate,E,3,Senior Project I,畢業專題研究（一）,- Professor GOH Swee Kuan,10,8,Yes,Yes,Dept of Physics,2026-08-15T01-53-13+08-00-full-term-1,current,
2420,7902,PHYS4610,PHYS4610F,FJ01,PRJ,Undergraduate,E,3,Senior Project I,畢業專題研究（一）,- Professor GU Zhengcheng,10,8,Yes,Yes,Dept of Physics,2026-08-15T01-53-13+08-00-full-term-1,current,
2420,7903,PHYS4610,PHYS4610G,GJ01,PRJ,Undergraduate,E,3,Senior Project I,畢業專題研究（一）,- Professor Otto Akseli HANNUKSELA,10,9,Yes,Yes,Dept of Physics,2026-08-15T01-53-13+08-00-full-term-1,current,
2420,6214,PHYS4610,PHYS4610H,HJ01,PRJ,Undergraduate,E,3,Senior Project I,畢業專題研究（一）,- Professor HU Chen,10,9,Yes,Yes,Dept of Physics,2026-08-15T01-53-13+08-00-full-term-1,current,
2420,7838,PHYS4610,PHYS4610I,IJ01,PRJ,Undergraduate,E,3,Senior Project I,畢業專題研究（一）,- Professor LAN Tian,10,9,Yes,Yes,Dept of Physics,2026-08-15T01-53-13+08-00-full-term-1,current,
2420,6227,PHYS4610,PHYS4610J,JJ01,PRJ,Undergraduate,E,3,Senior Project I,畢業專題研究（一）,- Professor LI Hua Bai,10,9,Yes,Yes,Dept of Physics,2026-08-15T01-53-13+08-00-full-term-1,current,
2420,6187,PHYS4610,PHYS4610K,KJ01,PRJ,Undergraduate,E,3,Senior Project I,畢業專題研究（一）,- Professor LI Quan,10,9,Yes,Yes,Dept of Physics,2026-08-15T01-53-13+08-00-full-term-1,current,
2420,7839,PHYS4610,PHYS4610L,LJ01,PRJ,Undergraduate,E,3,Senior Project I,畢業專題研究（一）,- Professor LI Yufan,10,8,Yes,Yes,Dept of Physics,2026-08-15T01-53-13+08-00-full-term-1,current,
2420,7840,PHYS4610,PHYS4610M,MJ01,PRJ,Undergraduate,E,3,Senior Project I,畢業專題研究（一）,- Professor LIU Renbao,10,8,Yes,Yes,Dept of Physics,2026-08-15T01-53-13+08-00-full-term-1,current,
2420,8030,PHYS4610,PHYS4610N,NJ01,PRJ,Undergraduate,E,3,Senior Project I,畢業專題研究（一）,- Professor LU Xinhui,10,9,Yes,Yes,Dept of Physics,2026-08-15T01-53-13+08-00-full-term-1,current,
2420,6433,PHYS4610,PHYS4610O,OJ01,PRJ,Undergraduate,E,3,Senior Project I,畢業專題研究（一）,- Professor NG Chun Yu,10,9,Yes,Yes,Dept of Physics,2026-08-15T01-53-13+08-00-full-term-1,current,
2420,6438,PHYS4610,PHYS4610P,PJ01,PRJ,Undergraduate,E,3,Senior Project I,畢業專題研究（一）,- Professor ONG Hock Chun Daniel,10,9,Yes,Yes,Dept of Physics,2026-08-15T01-53-13+08-00-full-term-1,current,
2420,6440,PHYS4610,PHYS4610Q,QJ01,PRJ,Undergraduate,E,3,Senior Project I,畢業專題研究（一）,- Professor WANG Dajun,10,8,Yes,Yes,Dept of Physics,2026-08-15T01-53-13+08-00-full-term-1,current,
2420,6441,PHYS4610,PHYS4610R,RJ01,PRJ,Undergraduate,E,3,Senior Project I,畢業專題研究（一）,- Professor WANG Jianfang,10,9,Yes,Yes,Dept of Physics,2026-08-15T01-53-13+08-00-full-term-1,current,
2420,6439,PHYS4610,PHYS4610S,SJ01,PRJ,Undergraduate,E,3,Senior Project I,畢業專題研究（一）,- Professor WANG Qisi,10,8,Yes,Yes,Dept of Physics,2026-08-15T01-53-13+08-00-full-term-1,current,
2420,7898,PHYS4610,PHYS4610T,TJ01,PRJ,Undergraduate,E,3,Senior Project I,畢業專題研究（一）,- Professor WANG Yi,10,10,Yes,Yes,Dept of Physics,2026-08-15T01-53-13+08-00-full-term-1,current,
2420,7899,PHYS4610,PHYS4610U,UJ01,PRJ,Undergraduate,E,3,Senior Project I,畢業專題研究（一）,- Professor WU Yilin,10,8,Yes,Yes,Dept of Physics,2026-08-15T01-53-13+08-00-full-term-1,current,
2420,6208,PHYS4610,PHYS4610V,VJ01,PRJ,Undergraduate,E,3,Senior Project I,畢業專題研究（一）,- Professor XU Lei,10,9,Yes,Yes,Dept of Physics,2026-08-15T01-53-13+08-00-full-term-1,current,
2420,6434,PHYS4610,PHYS4610W,WJ01,PRJ,Undergraduate,E,3,Senior Project I,畢業專題研究（一）,- Professor XUE Haoran,10,9,Yes,Yes,Dept of Physics,2026-08-15T01-53-13+08-00-full-term-1,current,
2420,6436,PHYS4610,PHYS4610X,XJ01,PRJ,Undergraduate,E,3,Senior Project I,畢業專題研究（一）,- Professor YAN Renbin,10,8,Yes,Yes,Dept of Physics,2026-08-15T01-53-13+08-00-full-term-1,current,
2420,6442,PHYS4610,PHYS4610Y,YJ01,PRJ,Undergraduate,E,3,Senior Project I,畢業專題研究（一）,- Professor YAN Yangqian,10,9,Yes,Yes,Dept of Physics,2026-08-15T01-53-13+08-00-full-term-1,current,
2420,6224,PHYS4610,PHYS4610Z,ZJ01,PRJ,Undergraduate,E,3,Senior Project I,畢業專題研究（一）,- Professor ZHU Junyi,10,9,Yes,Yes,Dept of Physics,2026-08-15T01-53-13+08-00-full-term-1,current,
2420,7913,PHYS4620,PHYS4620A,AJ01,PRJ,Undergraduate,E,3,Senior Project II,畢業專題研究（二）,- Professor CHU Ming Chung,10,9,Yes,Yes,Dept of Physics,2026-08-15T01-53-13+08-00-full-term-1,current,
2420,6186,PHYS4620,PHYS4620B,BJ01,PRJ,Undergraduate,E,3,Senior Project II,畢業專題研究（二）,- Professor LI Ping Wah,10,9,Yes,Yes,Dept of Physics,2026-08-15T01-53-13+08-00-full-term-1,current,
2420,6155,PHYS4620,PHYS4620C,CJ01,PRJ,Undergraduate,E,3,Senior Project II,畢業專題研究（二）,- Professor WANG Yi,10,9,Yes,Yes,Dept of Physics,2026-08-15T01-53-13+08-00-full-term-1,current,
2420,7904,PHYS4630,PHYS4630A,AJ01,PRJ,Undergraduate,E,2,Other Phys Learning Experience,其他物理學習體驗,- Staff,10,10,Yes,Yes,Dept of Physics,2026-08-15T01-53-13+08-00-full-term-1,current,
2420,7832,PHYS4710,PHYS4710A,AJ01,PRJ,Undergraduate,E,1,Short Experimental Project II,專題實驗（二）,- Staff,10,10,Yes,Yes,Dept of Physics,2026-08-15T01-53-13+08-00-full-term-1,current,
2420,7994,PHYS4711,PHYS4711A,AL01,LAB,Undergraduate,E,1,Short Experimental Project III,專題實驗（三）,- Staff,10,10,Yes,Yes,Dept of Physics,2026-08-15T01-53-13+08-00-full-term-1,current,
2420,7833,PHYS4712,PHYS4712A,AJ01,PRJ,Undergraduate,E,1,Short Experimental Project IV,專題實驗（四）,- Staff,10,10,Yes,Yes,Dept of Physics,2026-08-15T01-53-13+08-00-full-term-1,current,
2420,9316,PHYS4801,PHYS4801A,AS01,SEM,Undergraduate,E,1,Seminar I,學術報告（一）,- Professor CHING Shuk Chi Emily,20,6,Yes,Yes,Dept of Physics,2026-08-15T01-53-13+08-00-full-term-1,current,
2420,9317,PHYS4801,PHYS4801B,BS01,SEM,Undergraduate,E,1,Seminar I,學術報告（一）,- Professor CHU Ming Chung,20,6,Yes,Yes,Dept of Physics,2026-08-15T01-53-13+08-00-full-term-1,current,
2420,9318,PHYS4801,PHYS4801C,CS01,SEM,Undergraduate,E,1,Seminar I,學術報告（一）,- Professor CHAN Tsang Keung,20,7,Yes,Yes,Dept of Physics,2026-08-15T01-53-13+08-00-full-term-1,current,
2420,9124,PHYS4801,PHYS4801D,DS01,SEM,Undergraduate,E,1,Seminar I,學術報告（一）,- Dr. LEUNG Po Kin,20,6,Yes,Yes,Dept of Physics,2026-08-15T01-53-13+08-00-full-term-1,current,
2420,8628,PHYS4802,PHYS4802A,AS01,SEM,Undergraduate,E,1,Seminar II,學術報告（二）,- Staff,10,10,Yes,Yes,Dept of Physics,2026-08-15T01-53-13+08-00-full-term-1,current,
2420,7995,PHYS4811,PHYS4811A,AJ01,PRJ,Undergraduate,E,1,Short Theoretical Project II,理論專題（二）,- Staff,10,10,Yes,Yes,Dept of Physics,2026-08-15T01-53-13+08-00-full-term-1,current,
2420,7996,PHYS4812,PHYS4812A,AJ01,PRJ,Undergraduate,E,1,Short Theoretical Project III,理論專題（三）,- Staff,10,10,Yes,Yes,Dept of Physics,2026-08-15T01-53-13+08-00-full-term-1,current,
2420,5885,PSYC1000,PSYC1000A,A,LEC,Undergraduate,E,3,General Psychology,心理學概論,- Dr. NGAN Siu Hin,400,383,,,Dept of Psychology,2026-08-15T01-53-13+08-00-full-term-1,current,
2420,7626,PSYC1000,PSYC1000B,BL02,LAB,Undergraduate,E,3,General Psychology,心理學概論,- Dr. FOK Hung Kit,45,45,,,Dept of Psychology,2026-08-15T01-53-13+08-00-full-term-1,current,
2420,6285,PSYC1020,PSYC1020A,AX01,WBL,Undergraduate,E,1,Positive Psy in Everyday,正向心理學的生活應用,- Dr. GONG An Tong,40,0,,,Dept of Psychology,2026-08-15T01-53-13+08-00-full-term-1,current,
2420,5699,PSYC1091,PSYC1091-,-,LEC,Undergraduate,E,1,Your Journey into Psychology,走進心理學,- Dr. FOK Hung Kit,120,80,,,Dept of Psychology,2026-08-15T01-53-13+08-00-full-term-1,current,
2420,5667,PSYC2020,PSYC2020-,-L01,LAB,Undergraduate,E,3,Experimental Design,實驗設計,- Professor ZHAO Jingjing,150,57,,,Dept of Psychology,2026-08-15T01-53-13+08-00-full-term-1,current,
2420,5226,PSYC2070,PSYC2070-,-T01,TUT,Undergraduate,E,3,Qualitative Research Methods,定質研究法,- Staff,50,30,,,Dept of Psychology,2026-08-15T01-53-13+08-00-full-term-1,current,
2420,7640,PSYC2240,PSYC2240-,-L01,LAB,Undergraduate,E,3,Sensation and Perception,感覺與知覺,- Professor HUANG Liqiang,150,56,,,Dept of Psychology,2026-08-15T01-53-13+08-00-full-term-1,current,
2420,7642,PSYC2350,PSYC2350-,-L01,LAB,Undergraduate,E,3,Memory and Cognition,記憶與認知,- Professor Urs MAURER,150,39,,,Dept of Psychology,2026-08-15T01-53-13+08-00-full-term-1,current,
2420,7677,PSYC2620,PSYC2620-,-L01,LAB,Undergraduate,E,3,Social Psychology,社會心理學,- Professor AU Wing Tung,150,44,,,Dept of Psychology,2026-08-15T01-53-13+08-00-full-term-1,current,
2420,5180,PSYC3002,PSYC3002-,-O01,OTH,Undergraduate,E,3,Spec Topics in Edu & Hum Dev,教育及發展心理學研讀專題,- Professor HUO Shuting,50,17,,,Dept of Psychology,2026-08-15T01-53-13+08-00-full-term-1,current,
2420,8216,PSYC3460,PSYC3460-,-T01,TUT,Undergraduate,E,3,Machine Learning in Psychology,心理學中的機器學習,- Professor NING Xiaoran,50,38,,,Dept of Psychology,2026-08-15T01-53-13+08-00-full-term-1,current,
2420,5240,PSYC3550,PSYC3550-,-T01,TUT,Undergraduate,E,3,Educational Psychology,教育心理學,- Dr. XU Xingya,120,84,,,Dept of Psychology,2026-08-15T01-53-13+08-00-full-term-1,current,
2420,7679,PSYC3740,PSYC3740-,-T02,TUT,Undergraduate,E,3,Evidence-based Practice,實證為本的心理健康服務,- Professor HO Yan Yee Fiona,60,49,,,Dept of Psychology,2026-08-15T01-53-13+08-00-full-term-1,current,
2420,5243,PSYC3750,PSYC3750-,-L01,LAB,Undergraduate,E,3,Counseling in Applied Settings,輔導理論及其於臨床、職場及組織的應用,- Dr. GONG An Tong,120,70,,,Dept of Psychology,2026-08-15T01-53-13+08-00-full-term-1,current,
2420,7681,PSYC3760,PSYC3760-,-T01,TUT,Undergraduate,C&E,3,Engagement and Assessment,常見心理健康問題的心理評估,- Dr. HO Yan Yung,20,0,Yes,Yes,Dept of Psychology,2026-08-15T01-53-13+08-00-full-term-1,current,
2420,7683,PSYC4900,PSYC4900-,-T01,TUT,Undergraduate,C&E,3,Psychology in Action I,心理學實踐（一）,- Dr. FOK Hung Kit,50,33,,,Dept of Psychology,2026-08-15T01-53-13+08-00-full-term-1,current,
2420,5884,PSYC4902,PSYC4902-,-P01,PRA,Undergraduate,C&E,6,Practicum in Edu & Human Dev,教育及發展心理學實習,- Professor WANG Qian,18,2,Yes,Yes,Dept of Psychology,2026-08-15T01-53-13+08-00-full-term-1,current,
2420,5817,PSYC4904,PSYC4904-,-P01,PRA,Undergraduate,C&E,6,Practicum in Psy & Health,臨牀及健康心理學實習,- Dr. FOK Hung Kit,25,3,Yes,Yes,Dept of Psychology,2026-08-15T01-53-13+08-00-full-term-1,current,
2420,6401,PSYC4906,PSYC4906-,-P01,PRA,Undergraduate,C&E,6,Guided Self-help Practicum,引導式自助方法實習,- Professor SO Ho Wai,9,8,Yes,Yes,Dept of Psychology,2026-08-15T01-53-13+08-00-full-term-1,current,
2420,7812,PSYC4910,PSYC4910-,-I01,IND,Undergraduate,C&E,3,Senior Thesis Research I,論文研究（一）,- Dr. CHAN Hoi Kei Gloria - Dr. FOK Hung Kit - Dr. GONG An Tong - Dr. GONG Xianmin - Dr. XU Xingya - Professor AU Wing Tung - Professor CHAN Sui Yin Agnes - Professor CHIU Chui De - Professor FUNG Hoi Lam Helene - Professor HO Yan Yee Fiona - P,80,80,Yes,Yes,Dept of Psychology,2026-08-15T01-53-13+08-00-full-term-1,current,
2420,7811,PSYC4920,PSYC4920-,-I01,IND,Undergraduate,C&E,3,Senior Thesis Research II,論文研究（二）,- Dr. CHAN Hoi Kei Gloria - Dr. FOK Hung Kit - Dr. GONG An Tong - Dr. GONG Xianmin - Dr. XU Xingya - Professor AU Wing Tung - Professor CHAN Sui Yin Agnes - Professor CHIU Chui De - Professor FUNG Hoi Lam Helene - Professor HO Yan Yee Fiona - P,80,80,Yes,Yes,Dept of Psychology,2026-08-15T01-53-13+08-00-full-term-1,current,
2420,9727,RMSC1101,RMSC1101-,-T01,TUT,Undergraduate,E,1,Ele Concepts in Risk Mgt,風險管理基礎概念,- Dr. John Alexander WRIGHT,50,45,Yes,Yes,Risk Management Science PC,2026-08-15T01-53-13+08-00-full-term-1,current,
2420,5822,RMSC2001,RMSC2001A,AT01,TUT,Undergraduate,E,3,Intro to Risk Management,風險管理導論,- Professor SIT Tony,100,92,,,Risk Management Science PC,2026-08-15T01-53-13+08-00-full-term-1,current,
2420,5386,RMSC4001,RMSC4001A,AT01,TUT,Undergraduate,E,3,Simulation Methods: Rms & Fin,財務與風險管理之模擬方法,- Professor WONG Hoi Ying,60,21,,,Risk Management Science PC,2026-08-15T01-53-13+08-00-full-term-1,current,
2420,7426,RMSC4002,RMSC4002-,-T01,TUT,Undergraduate,E,3,FDA with ML,財務數據分析暨機械學習的應用,- Professor YAM Sheung Chi Phillip,50,8,,,Risk Management Science PC,2026-08-15T01-53-13+08-00-full-term-1,current,
2420,7427,RMSC4003,RMSC4003-,-T01,TUT,Undergraduate,E,3,Sta Modelling in Fin Markets,金融巿場的統計建模,- Professor YAU Chun Yip,120,55,,,Risk Management Science PC,2026-08-15T01-53-13+08-00-full-term-1,current,
2420,6520,RMSC4202,RMSC4202-,-P01,PRA,Undergraduate,E,3,Practicum,行業實習,- Professor WONG Hoi Ying,20,20,Yes,Yes,Risk Management Science PC,2026-08-15T01-53-13+08-00-full-term-1,current,
2420,6384,RMSC4212,RMSC4212-,-P01,PRA,Undergraduate,E,3,Practicum in Risk Analytics,風險分析行業實習,- Professor WONG Hoi Ying,10,10,Yes,Yes,Risk Management Science PC,2026-08-15T01-53-13+08-00-full-term-1,current,
2420,5893,RUSS1000,RUSS1000A,AC01,CLW,Undergraduate,R&E,3,Russian I,俄語（一）,- Ms. Irina USTYUGOVA,28,24,,,Dept of Linguistics & Mod Lang,2026-08-15T01-53-13+08-00-full-term-1,current,
2420,4915,RUSS2000,RUSS2000A,AC01,CLW,Undergraduate,R&E,3,Russian II,俄語（二）,- Ms. Irina USTYUGOVA,28,28,,,Dept of Linguistics & Mod Lang,2026-08-15T01-53-13+08-00-full-term-1,current,
2420,5446,SBMS1101,SBMS1101-,-J01,PRJ,Undergraduate,E,2,Biomedical Sciences and Societ,生物醫學與社會,- Professor CHENG Sze Lok,50,50,Yes,Yes,Sch of Biomedical Sciences,2026-08-15T01-53-13+08-00-full-term-1,current,
2420,9129,SBMS1103,SBMS1103-,-T03,TUT,Undergraduate,E,3,Biochemistry of Human Body,人體生物化學,- Professor CHEUNG Hoi Hung,50,50,Yes,Yes,Sch of Biomedical Sciences,2026-08-15T01-53-13+08-00-full-term-1,current,
2420,9668,SBMS1431,SBMS1431-,-L01,LAB,Undergraduate,E,2,Human Anatomy and Physiology 1,人類解剖與生理學（一）,- Dr. Robert George JESKY - Dr. WONG Pui Man Molly,85,85,Yes,Yes,Sch of Biomedical Sciences,2026-08-15T01-53-13+08-00-full-term-1,current,
2420,9402,SBMS2101,SBMS2101-,-W01,WKS,Undergraduate,E,2,Biostatistics and Epidemiology,生物統計學和流行病學,- Professor SO Hon Cheong,45,23,Yes,Yes,Sch of Biomedical Sciences,2026-08-15T01-53-13+08-00-full-term-1,current,
2420,8447,SBMS2102,SBMS2102-,-L01,LAB,Undergraduate,E,3,Introduction to Molecular Biol,分子生物學導論,- Dr. CHEUNG Wing Shing David,45,16,Yes,Yes,Sch of Biomedical Sciences,2026-08-15T01-53-13+08-00-full-term-1,current,
2420,9403,SBMS2107,SBMS2107-,-T02,TUT,Undergraduate,E,3,Human Functions and Diseases 1,人體功能與疾病(一),- Dr. HWANG Shui Shan Isabel - Professor CHAN Hon Fai,45,30,Yes,Yes,Sch of Biomedical Sciences,2026-08-15T01-53-13+08-00-full-term-1,current,
2420,9579,SBMS2201,SBMS2201-,-L01,LAB,Undergraduate,E,2,Natural Product Pharmacognosy,天然產物生藥學與新藥研發,- Professor TIAN Xiaoyu,25,7,Yes,Yes,Sch of Biomedical Sciences,2026-08-15T01-53-13+08-00-full-term-1,current,
2420,5487,SBMS3101,SBMS3101-,-J01,PRJ,Undergraduate,E,2,Immunology,免疫學,- Professor ZHOU Jingying,47,11,Yes,Yes,Sch of Biomedical Sciences,2026-08-15T01-53-13+08-00-full-term-1,current,
2420,5498,SBMS3201,SBMS3201-,-W01,WKS,Undergraduate,E,2,Experimental Design and Execut,實驗設計與執行、期刊分析及報告結果,- Professor Anna Maria BLOCKI,25,4,Yes,Yes,Sch of Biomedical Sciences,2026-08-15T01-53-13+08-00-full-term-1,current,
2420,8761,SBMS3207,SBMS3207-,-O01,OTH,Undergraduate,E,2,Introduction to GMP for ATMPs,先進治療藥物良好生產規範導論,- Dr. LAU Sin Nga,25,3,Yes,Yes,Sch of Biomedical Sciences,2026-08-15T01-53-13+08-00-full-term-1,current,
2420,5485,SBMS3208,SBMS3208-,-O01,OTH,Undergraduate,E,3,Forensic Science,鑑證科學,- Dr. LAU Sin Nga - Professor JIANG Yangzi,25,0,Yes,Yes,Sch of Biomedical Sciences,2026-08-15T01-53-13+08-00-full-term-1,current,
2420,5499,SBMS3212,SBMS3212-,-T01,TUT,Undergraduate,E,3,"Bioinformatics, Genomics and P",生物信息學、基因組學與蛋白質組學,- Professor POON Ngar Yun Ellen,40,16,Yes,Yes,Sch of Biomedical Sciences,2026-08-15T01-53-13+08-00-full-term-1,current,
2420,9580,SBMS3214,SBMS3214-,-O01,OTH,Undergraduate,E,3,Medical Genetics,醫學遺傳學,- Professor GU Shen,25,2,Yes,Yes,Sch of Biomedical Sciences,2026-08-15T01-53-13+08-00-full-term-1,current,
2420,5500,SBMS3215,SBMS3215-,-J01,PRJ,Undergraduate,E,2,The Landscape of the Biomedica,生物醫學產業現狀,- Dr. Julia MACEDO ROSA - Professor WANG Dan,40,23,Yes,Yes,Sch of Biomedical Sciences,2026-08-15T01-53-13+08-00-full-term-1,current,
2420,9581,SBMS3216,SBMS3216-,-,LEC,Undergraduate,E,2,Health Services Management,醫務衞生服務管理,- Dr. KEE Francis,40,20,Yes,Yes,Sch of Biomedical Sciences,2026-08-15T01-53-13+08-00-full-term-1,current,
2420,7989,SBMS4201,SBMS4201-,-M01,TMC,Undergraduate,E,3,Capstone Research Project I,總結性科研項目(一),- Professor IP Pak Kan - Professor ZHAO Hui,30,15,Yes,Yes,Sch of Biomedical Sciences,2026-08-15T01-53-13+08-00-full-term-1,current,
2420,7990,SBMS4203,SBMS4203-,-P01,PRA,Undergraduate,E,1,Biomedical Internship I,生物醫學實習(一),- Dr. YEUNG Hang Mee,30,17,Yes,Yes,Sch of Biomedical Sciences,2026-08-15T01-53-13+08-00-full-term-1,current,
2420,7909,SBMS4205,SBMS4205-,-P01,PRA,Undergraduate,E,1,Biomedical Internship III,生物醫學實習 (三),- Dr. YEUNG Hang Mee,30,30,Yes,Yes,Sch of Biomedical Sciences,2026-08-15T01-53-13+08-00-full-term-1,current,
2420,7150,SEEM2440,SEEM2440-,-T01,TUT,Undergraduate,E,3,Engineering Economics,工程經濟學,- Professor AHN Dohyun,90,37,Yes,Yes,Dept of Sys Engg & Engg Mgt,2026-08-15T01-53-13+08-00-full-term-1,current,
2420,7151,SEEM2520,SEEM2520-,-T01,TUT,Undergraduate,E,3,Fundamentals in Financial Tech,金融工程和金融科技基礎,- Professor CHEN Nan,100,44,Yes,Yes,Dept of Sys Engg & Engg Mgt,2026-08-15T01-53-13+08-00-full-term-1,current,
2420,5249,SEEM3410,SEEM3410-,-T01,TUT,Undergraduate,E,3,System Modeling and Simulation,系統建模與模擬,- Professor LIU Weiliang,90,27,Yes,Yes,Dept of Sys Engg & Engg Mgt,2026-08-15T01-53-13+08-00-full-term-1,current,
2420,7158,SEEM3430,SEEM3430-,-T01,TUT,Undergraduate,E,3,Info Syst Analysis & Design,資訊系統分析及設計,- Dr. WAN Sai Chuen,40,33,,,Dept of Sys Engg & Engg Mgt,2026-08-15T01-53-13+08-00-full-term-1,current,
2420,5331,SEEM3440,SEEM3440-,-T01,TUT,Undergraduate,E,3,Operations Research II,運籌學（二）,- Dr. NG Chi Kong,70,3,Yes,Yes,Dept of Sys Engg & Engg Mgt,2026-08-15T01-53-13+08-00-full-term-1,current,
2420,7156,SEEM3590,SEEM3590-,-T01,TUT,Undergraduate,E,3,Investment Science,投資科學,- Professor YANG Chen,100,38,Yes,Yes,Dept of Sys Engg & Engg Mgt,2026-08-15T01-53-13+08-00-full-term-1,current,
2420,7157,SEEM3630,SEEM3630-,-T01,TUT,Undergraduate,E,3,Service Management,服務營運的管理,- Dr. HO Sin Cheung,45,41,,,Dept of Sys Engg & Engg Mgt,2026-08-15T01-53-13+08-00-full-term-1,current,
2420,8777,SEEM3680,SEEM3680-,-T01,TUT,Undergraduate,E,3,Techno Consulting in Practice,實用科技諮詢及分析,- Professor MENG Mei Ling Helen,52,28,,,Dept of Sys Engg & Engg Mgt,2026-08-15T01-53-13+08-00-full-term-1,current,
2420,7001,SEEM4630,SEEM4630-,-T01,TUT,Undergraduate,E,3,E-Commerce Data Mining,電子商務數據採集和分析,- Professor LAM Wai,55,30,,,Dept of Sys Engg & Engg Mgt,2026-08-15T01-53-13+08-00-full-term-1,current,
2420,7159,SEEM4750,SEEM4750-,-T01,TUT,Undergraduate,E,3,Advances in LSCM,高級物流與供應鏈管理,- Dr. HO Sin Cheung,42,32,,,Dept of Sys Engg & Engg Mgt,2026-08-15T01-53-13+08-00-full-term-1,current,
2420,5184,SEEM4760,SEEM4760-,-T01,TUT,Undergraduate,E,3,Stoc Models for Decision Anal,決策分析中的隨機模型,- Professor HE Xuedong,35,6,,,Dept of Sys Engg & Engg Mgt,2026-08-15T01-53-13+08-00-full-term-1,current,
2420,6561,SEEM4998,SEEM4998A,AJ01,PRJ,Undergraduate,E,3,Final Year Project I,畢業專題研究（一）,- Professor CHAN Chun Kwong,3,0,Yes,Yes,Dept of Sys Engg & Engg Mgt,2026-08-15T01-53-13+08-00-full-term-1,current,
2420,6577,SEEM4998,SEEM4998B,BJ01,PRJ,Undergraduate,E,3,Final Year Project I,畢業專題研究（一）,- Professor CHAN Chun Kwong,3,0,Yes,Yes,Dept of Sys Engg & Engg Mgt,2026-08-15T01-53-13+08-00-full-term-1,current,
2420,6578,SEEM4998,SEEM4998C,CJ01,PRJ,Undergraduate,E,3,Final Year Project I,畢業專題研究（一）,- Professor SO Man Cho,3,0,Yes,Yes,Dept of Sys Engg & Engg Mgt,2026-08-15T01-53-13+08-00-full-term-1,current,
2420,6579,SEEM4998,SEEM4998D,DJ01,PRJ,Undergraduate,E,3,Final Year Project I,畢業專題研究（一）,- Professor LIU Weiliang,3,0,Yes,Yes,Dept of Sys Engg & Engg Mgt,2026-08-15T01-53-13+08-00-full-term-1,current,
2420,6234,SEEM4998,SEEM4998E,EJ01,PRJ,Undergraduate,E,3,Final Year Project I,畢業專題研究（一）,- Professor JIA Yanwei,3,1,Yes,Yes,Dept of Sys Engg & Engg Mgt,2026-08-15T01-53-13+08-00-full-term-1,current,
2420,8112,SEEM4998,SEEM4998F,FJ01,PRJ,Undergraduate,E,3,Final Year Project I,畢業專題研究（一）,- Professor WU Xixin,3,1,Yes,Yes,Dept of Sys Engg & Engg Mgt,2026-08-15T01-53-13+08-00-full-term-1,current,
2420,6581,SEEM4998,SEEM4998G,GJ01,PRJ,Undergraduate,E,3,Final Year Project I,畢業專題研究（一）,- Professor JIA Yanwei,3,0,Yes,Yes,Dept of Sys Engg & Engg Mgt,2026-08-15T01-53-13+08-00-full-term-1,current,
2420,6582,SEEM4998,SEEM4998H,HJ01,PRJ,Undergraduate,E,3,Final Year Project I,畢業專題研究（一）,- Professor WU Xixin,3,2,Yes,Yes,Dept of Sys Engg & Engg Mgt,2026-08-15T01-53-13+08-00-full-term-1,current,
2420,6583,SEEM4998,SEEM4998I,IJ01,PRJ,Undergraduate,E,3,Final Year Project I,畢業專題研究（一）,- Professor NGUYEN Viet Anh,3,2,Yes,Yes,Dept of Sys Engg & Engg Mgt,2026-08-15T01-53-13+08-00-full-term-1,current,
2420,6584,SEEM4998,SEEM4998J,JJ01,PRJ,Undergraduate,E,3,Final Year Project I,畢業專題研究（一）,- Professor LAM Wai,3,1,Yes,Yes,Dept of Sys Engg & Engg Mgt,2026-08-15T01-53-13+08-00-full-term-1,current,
2420,6585,SEEM4998,SEEM4998K,KJ01,PRJ,Undergraduate,E,3,Final Year Project I,畢業專題研究（一）,- Professor NGUYEN Viet Anh,3,0,Yes,Yes,Dept of Sys Engg & Engg Mgt,2026-08-15T01-53-13+08-00-full-term-1,current,
2420,6314,SEEM4998,SEEM4998L,LJ01,PRJ,Undergraduate,E,3,Final Year Project I,畢業專題研究（一）,- Professor SO Man Cho,3,1,Yes,Yes,Dept of Sys Engg & Engg Mgt,2026-08-15T01-53-13+08-00-full-term-1,current,
2420,8017,SEEM4998,SEEM4998M,MJ01,PRJ,Undergraduate,E,3,Final Year Project I,畢業專題研究（一）,- Professor CHAN Chun Kwong,3,0,Yes,Yes,Dept of Sys Engg & Engg Mgt,2026-08-15T01-53-13+08-00-full-term-1,current,
2420,6315,SEEM4998,SEEM4998N,NJ01,PRJ,Undergraduate,E,3,Final Year Project I,畢業專題研究（一）,- Professor CHAN Chun Kwong,3,0,Yes,Yes,Dept of Sys Engg & Engg Mgt,2026-08-15T01-53-13+08-00-full-term-1,current,
2420,8113,SEEM4998,SEEM4998O,OJ01,PRJ,Undergraduate,E,3,Final Year Project I,畢業專題研究（一）,- Professor NGUYEN Viet Anh,3,1,Yes,Yes,Dept of Sys Engg & Engg Mgt,2026-08-15T01-53-13+08-00-full-term-1,current,
2420,8114,SEEM4998,SEEM4998P,PJ01,PRJ,Undergraduate,E,3,Final Year Project I,畢業專題研究（一）,- Professor WONG Kam Fai William,3,1,Yes,Yes,Dept of Sys Engg & Engg Mgt,2026-08-15T01-53-13+08-00-full-term-1,current,
2420,8115,SEEM4998,SEEM4998Q,QJ01,PRJ,Undergraduate,E,3,Final Year Project I,畢業專題研究（一）,- Dr. NG Chi Kong,3,1,Yes,Yes,Dept of Sys Engg & Engg Mgt,2026-08-15T01-53-13+08-00-full-term-1,current,
2420,8116,SEEM4998,SEEM4998R,RJ01,PRJ,Undergraduate,E,3,Final Year Project I,畢業專題研究（一）,- Professor MENG Mei Ling Helen,3,2,Yes,Yes,Dept of Sys Engg & Engg Mgt,2026-08-15T01-53-13+08-00-full-term-1,current,
2420,8178,SEEM4998,SEEM4998S,SJ01,PRJ,Undergraduate,E,3,Final Year Project I,畢業專題研究（一）,- Professor CHEN Nan,3,0,Yes,Yes,Dept of Sys Engg & Engg Mgt,2026-08-15T01-53-13+08-00-full-term-1,current,
2420,8179,SEEM4998,SEEM4998T,TJ01,PRJ,Undergraduate,E,3,Final Year Project I,畢業專題研究（一）,- Professor MENG Mei Ling Helen,3,1,Yes,Yes,Dept of Sys Engg & Engg Mgt,2026-08-15T01-53-13+08-00-full-term-1,current,
2420,5057,SEEM4998,SEEM4998U,UJ01,PRJ,Undergraduate,E,3,Final Year Project I,畢業專題研究（一）,- Professor LI Lingfei,3,0,Yes,Yes,Dept of Sys Engg & Engg Mgt,2026-08-15T01-53-13+08-00-full-term-1,current,
2420,5060,SEEM4999,SEEM4999BA,BAJ1,PRJ,Undergraduate,E,3,Final Year Project II,畢業專題研究（二）,- Dr. HO Sin Cheung,3,2,Yes,Yes,Dept of Sys Engg & Engg Mgt,2026-08-15T01-53-13+08-00-full-term-1,current,
2420,8531,SOCI1001,SOCI1001A,AT01,TUT,Undergraduate,E,3,Introduction to Sociology,社會學導論,- Dr. LAU Siu Lun,120,118,,Yes,Dept of Sociology,2026-08-15T01-53-13+08-00-full-term-1,current,
2420,8314,SOCI1002,SOCI1002A,AS01,SEM,Undergraduate,E,3,Approaching Sociology,社會學入門,- Professor CHOI Yuk Ping,40,37,Yes,Yes,Dept of Sociology,2026-08-15T01-53-13+08-00-full-term-1,current,
2420,8312,SOCI1002,SOCI1002B,BS01,SEM,Undergraduate,E,3,Approaching Sociology,社會學入門,- Professor HE Qian,40,36,Yes,Yes,Dept of Sociology,2026-08-15T01-53-13+08-00-full-term-1,current,
2420,5935,SOCI1002,SOCI1002C,CS01,SEM,Undergraduate,E,3,Approaching Sociology,社會學入門,- Professor ZHONG Hua,40,36,Yes,Yes,Dept of Sociology,2026-08-15T01-53-13+08-00-full-term-1,current,
2420,5260,SOCI2003,SOCI2003-,-T01,TUT,Undergraduate,E,3,Social Research Methods,社會研究法,- Dr. LI Hang,80,78,,,Dept of Sociology,2026-08-15T01-53-13+08-00-full-term-1,current,
2420,5237,SOCI2106,SOCI2106-,-T01,TUT,Undergraduate,E,3,Eco Ref'm & Soc Impacts in Chi,中國的經濟改革與社會影響,- Professor ZHU Ling,60,42,,,Dept of Sociology,2026-08-15T01-53-13+08-00-full-term-1,current,
2420,5044,SOCI2208,SOCI2208-,-T01,TUT,Undergraduate,E,3,Urban Sociology,都市社會學,- Dr. LI Hang,80,57,,,Dept of Sociology,2026-08-15T01-53-13+08-00-full-term-1,current,
2420,8235,SOCI3002,SOCI3002-,-T01,TUT,Undergraduate,E,3,Social Stratification,社會分層,- Professor HE Qian,80,52,,,Dept of Sociology,2026-08-15T01-53-13+08-00-full-term-1,current,
2420,5246,SOCI3102,SOCI3102-,-T01,TUT,Undergraduate,E,3,Soc Networks & Soc Capital,社會網絡與社會資本,- Professor LEE Jaemin,60,35,,,Dept of Sociology,2026-08-15T01-53-13+08-00-full-term-1,current,
2420,7012,SOCI3208,SOCI3208-,-T01,TUT,Undergraduate,E,3,Gender and Society,性別與社會,- Professor CHOI Yuk Ping,60,36,,,Dept of Sociology,2026-08-15T01-53-13+08-00-full-term-1,current,
2420,5234,SOCI3223,SOCI3223-,-T01,TUT,Undergraduate,E,3,Contemporary Soci Theory,當代社會學理論,- Professor CHAN Hoi Man,80,57,,,Dept of Sociology,2026-08-15T01-53-13+08-00-full-term-1,current,
2420,7668,SOCI3238,SOCI3238-,-T01,TUT,Undergraduate,E,3,Digital Sociology,數位社會學,- Professor LEE Jaemin,60,55,,,Dept of Sociology,2026-08-15T01-53-13+08-00-full-term-1,current,
2420,5152,SOCI3240,SOCI3240-,-T01,TUT,Undergraduate,E,3,Sociology of Science,科學社會學,- Professor HAN Siqi,60,34,,,Dept of Sociology,2026-08-15T01-53-13+08-00-full-term-1,current,
2420,7450,SOCI3241,SOCI3241-,-,LEC,Undergraduate,E,3,Intro. to Global Sociology,全球社會學導論,- Professor SUN Jin,60,55,,,Dept of Sociology,2026-08-15T01-53-13+08-00-full-term-1,current,
2420,5263,SOCI3242,SOCI3242-,-T01,TUT,Undergraduate,E,3,Crime and Social Control,全球化下的罪案及社會控制,- Professor NG Ka Sing David,80,61,,,Dept of Sociology,2026-08-15T01-53-13+08-00-full-term-1,current,
2420,9093,SOCI4010,SOCI4010A,AO01,OTH,Undergraduate,E,3,Graduation Thesis I,畢業論文（一）,- Professor HAN Siqi,25,0,Yes,Yes,Dept of Sociology,2026-08-15T01-53-13+08-00-full-term-1,current,
2420,8221,SOCI4010,SOCI4010B,BO01,OTH,Undergraduate,E,3,Graduation Thesis I,畢業論文（一）,- Professor SHEN Wensong,25,4,Yes,Yes,Dept of Sociology,2026-08-15T01-53-13+08-00-full-term-1,current,
2420,9094,SOCI4010,SOCI4010C,CO01,OTH,Undergraduate,E,3,Graduation Thesis I,畢業論文（一）,- Professor TONG Yuying,25,3,Yes,Yes,Dept of Sociology,2026-08-15T01-53-13+08-00-full-term-1,current,
2420,9564,SOCI4211,SOCI4211-,-O01,OTH,Undergraduate,E,3,Sociology Internship,社會學實習,- Dr. LEE King Wa,20,4,,,Dept of Sociology,2026-08-15T01-53-13+08-00-full-term-1,current,
2420,7998,SOCI4410,SOCI4410A,AJ01,PRJ,Undergraduate,C,3,Directed Studies I,輔導研習（一）,- Staff,10,10,Yes,Yes,Dept of Sociology,2026-08-15T01-53-13+08-00-full-term-1,current,
2420,7997,SOCI4420,SOCI4420A,AJ01,PRJ,Undergraduate,C,3,Directed Studies II,輔導研習（二）,- Staff,10,10,Yes,Yes,Dept of Sociology,2026-08-15T01-53-13+08-00-full-term-1,current,
2420,4773,SOSC1001,SOSC1001-,-T01,TUT,Undergraduate,E,3,"Design Thinking, Social Innov.",社會創新中的「設計思維」,- Miss KO Kar Yeung Rina,30,20,,,Fac Office of Social Science,2026-08-15T01-53-13+08-00-full-term-1,current,
2420,8223,SOSC1003,SOSC1003A,AT01,TUT,Undergraduate,C,3,Introduction to Art Tech DI,自動化與互動設計,- Dr. LEE Ching,30,26,,,Fac Office of Social Science,2026-08-15T01-53-13+08-00-full-term-1,current,
2420,6500,SOSC4001,SOSC4001-,-J01,PRJ,Undergraduate,E,3,ASK Project I,同創專題習作（一）,- Dr. ZHAO Yukun,30,30,Yes,Yes,Fac Office of Social Science,2026-08-15T01-53-13+08-00-full-term-1,current,
2420,8082,SOSC4002,SOSC4002-,-J01,PRJ,Undergraduate,E,3,ASK Project II,同創專題習作（二）,- Dr. ZHAO Yukun,30,29,Yes,Yes,Fac Office of Social Science,2026-08-15T01-53-13+08-00-full-term-1,current,
2420,6072,SOSC4010,SOSC4010-,-P01,PRA,Undergraduate,E,3,ASK Internship I,同創實習（一）,- Dr. ZHAO Yukun,30,25,Yes,Yes,Fac Office of Social Science,2026-08-15T01-53-13+08-00-full-term-1,current,
2420,5991,SOWK1001,SOWK1001A,AT03,TUT,Undergraduate,E,3,Intro to Soc Wk & Soc Wel,社會工作及社會福利導論,- Dr. Raees Begum BAIG,18,18,Yes,Yes,Dept of Social Work,2026-08-15T01-53-13+08-00-full-term-1,current,
2420,8272,SOWK1001,SOWK1001B,B,LEC,Undergraduate,E,3,Intro to Soc Wk & Soc Wel,社會工作及社會福利導論,- Dr. Raees Begum BAIG,68,62,,,Dept of Social Work,2026-08-15T01-53-13+08-00-full-term-1,current,
2420,9715,SOWK1113,SOWK1113A,A,LEC,Undergraduate,C,3,Self-deve. in Changing Society,社會轉變中的自我發展,- Ms. LIN Yuen Ying,70,61,,,Dept of Social Work,2026-08-15T01-53-13+08-00-full-term-1,current,
2420,7250,SOWK1113,SOWK1113B,B,LEC,Undergraduate,C,3,Self-deve. in Changing Society,社會轉變中的自我發展,- Dr. HO Wai Ming,70,63,,,Dept of Social Work,2026-08-15T01-53-13+08-00-full-term-1,current,
2420,9526,SOWK1150,SOWK1150A,A,LEC,Undergraduate,C,3,Choices in Life:Self Develop’t,生命的選擇：個人成長之旅,- Dr. HO Wai Ming,10,0,,,Dept of Social Work,2026-08-15T01-53-13+08-00-full-term-1,current,
2420,7251,SOWK1160,SOWK1160A,A,LEC,Undergraduate,C,3,"Movies, Life and Social Work",電影、人生與社工,- Mr. CHAN Kar Choi,15,6,,,Dept of Social Work,2026-08-15T01-53-13+08-00-full-term-1,current,
2420,7034,SOWK1160,SOWK1160B,B,LEC,Undergraduate,C,3,"Movies, Life and Social Work",電影、人生與社工,- Staff,15,11,,,Dept of Social Work,2026-08-15T01-53-13+08-00-full-term-1,current,
2420,7428,SOWK1160,SOWK1160C,C,LEC,Undergraduate,C,3,"Movies, Life and Social Work",電影、人生與社工,- Ms HUNG Fai,15,9,,,Dept of Social Work,2026-08-15T01-53-13+08-00-full-term-1,current,
2420,6963,SOWK2001,SOWK2001A,AJ01,PRJ,Undergraduate,C&E,2,Student-Orientated Teaching I,學生為本教學課程（一）,- Dr. SO Yuk Yan,22,20,Yes,Yes,Dept of Social Work,2026-08-15T01-53-13+08-00-full-term-1,current,
2420,6621,SOWK2001,SOWK2001B,BJ01,PRJ,Undergraduate,C&E,2,Student-Orientated Teaching I,學生為本教學課程（一）,- Professor LEUNG Kiu Yi,22,20,Yes,Yes,Dept of Social Work,2026-08-15T01-53-13+08-00-full-term-1,current,
2420,5678,SOWK2001,SOWK2001C,CJ01,PRJ,Undergraduate,C&E,2,Student-Orientated Teaching I,學生為本教學課程（一）,- Dr. WONG Chun Miao,22,20,Yes,Yes,Dept of Social Work,2026-08-15T01-53-13+08-00-full-term-1,current,
2420,6622,SOWK2001,SOWK2001D,DJ01,PRJ,Undergraduate,C&E,2,Student-Orientated Teaching I,學生為本教學課程（一）,- Mr. DIN Wai Bun,22,20,Yes,Yes,Dept of Social Work,2026-08-15T01-53-13+08-00-full-term-1,current,
2420,6620,SOWK2001,SOWK2001E,EJ01,PRJ,Undergraduate,C&E,2,Student-Orientated Teaching I,學生為本教學課程（一）,- Dr. LEUNG Kit Ting,22,20,Yes,Yes,Dept of Social Work,2026-08-15T01-53-13+08-00-full-term-1,current,
2420,6962,SOWK2020,SOWK2020-,-T05,TUT,Undergraduate,C&E,3,Phil & Prin of Soc Wk,社會工作哲學及原則,- Dr. SO Yuk Yan,14,4,,Yes,Dept of Social Work,2026-08-15T01-53-13+08-00-full-term-1,current,
2420,10124,SOWK2100,SOWK2100A,AX01,WBL,Undergraduate,C&E,1,Service-learning Online Course,服務學習網上自學科目,- Staff,50,38,,,Dept of Social Work,2026-08-15T01-53-13+08-00-full-term-1,current,
2420,5992,SOWK2210,SOWK2210-,-T04,TUT,Undergraduate,C&E,3,Social Casework,社會個案工作,- Mr. DIN Wai Bun,16,3,Yes,Yes,Dept of Social Work,2026-08-15T01-53-13+08-00-full-term-1,current,
2420,7429,SOWK2220,SOWK2220-,-T04,TUT,Undergraduate,C&E,3,Social Group Work,社會小組工作,- Dr. LAW Yee Man,16,2,Yes,Yes,Dept of Social Work,2026-08-15T01-53-13+08-00-full-term-1,current,
2420,9826,SOWK3240,SOWK3240-,-T04,TUT,Undergraduate,C&E,3,Clinical Soc Wk Theor & Pract,臨床社會工作理論與實踐,- Professor LEUNG Yuk Ki,15,15,,Yes,Dept of Social Work,2026-08-15T01-53-13+08-00-full-term-1,current,
2420,9432,SOWK3250,SOWK3250-,-T02,TUT,Undergraduate,C&E,3,Macro Soc Work Theor & Prac,宏觀社會工作理論與實踐,- Dr. AU YEUNG Kwok Wai Eric,12,12,,Yes,Dept of Social Work,2026-08-15T01-53-13+08-00-full-term-1,current,
2420,7430,SOWK3340,SOWK3340-,-T04,TUT,Undergraduate,E,3,Social Policy and Planning,社會政策及規劃,- Dr. AU YEUNG Kwok Wai Eric,17,0,,Yes,Dept of Social Work,2026-08-15T01-53-13+08-00-full-term-1,current,
2420,6114,SOWK3410,SOWK3410-,-F01,FLD,Undergraduate,C&E,4,Field Instruction I,實習指導（一）,- Dr. AU YEUNG Kwok Wai Eric - Mr. DIN Wai Bun,60,2,Yes,Yes,Dept of Social Work,2026-08-15T01-53-13+08-00-full-term-1,current,
2420,8023,SOWK3420,SOWK3420-,-F01,FLD,Undergraduate,C&E,4,Field Instruction II,實習指導（二）,- Dr. AU YEUNG Kwok Wai Eric - Mr. DIN Wai Bun,5,3,Yes,Yes,Dept of Social Work,2026-08-15T01-53-13+08-00-full-term-1,current,
2420,8674,SOWK4350,SOWK4350-,-,LEC,Undergraduate,E,3,Law and Social Work,法律與社工,- Miss CHOW Ching Yee,60,3,Yes,Yes,Dept of Social Work,2026-08-15T01-53-13+08-00-full-term-1,current,
2420,7876,SOWK4410,SOWK4410-,-F01,FLD,Undergraduate,C&E,4,Field Instruction III,實習指導（三）,- Dr. AU YEUNG Kwok Wai Eric - Mr. DIN Wai Bun,60,11,Yes,Yes,Dept of Social Work,2026-08-15T01-53-13+08-00-full-term-1,current,
2420,6113,SOWK4420,SOWK4420-,-F01,FLD,Undergraduate,C&E,4,Field Instruction IV,實習指導（四）,- Dr. AU YEUNG Kwok Wai Eric - Mr. DIN Wai Bun,10,8,Yes,Yes,Dept of Social Work,2026-08-15T01-53-13+08-00-full-term-1,current,
2420,9112,SOWK4510,SOWK4510-,-S01,SEM,Undergraduate,C&E,3,Sem I Family-centered Soc Work,專題研討（一）： 家庭為本社會工作,- Dr. LAW Yee Man,30,0,Yes,Yes,Dept of Social Work,2026-08-15T01-53-13+08-00-full-term-1,current,
2420,9512,SOWK4520,SOWK4520-,-S01,SEM,Undergraduate,C&E,3,Seminar II: SW with Young Ppl,專題研討（二）：青少年社會工作,- Mr CHAN Hiu Fai,30,5,Yes,Yes,Dept of Social Work,2026-08-15T01-53-13+08-00-full-term-1,current,
2420,6940,SOWK4570,SOWK4570-,-S01,SEM,Undergraduate,C&E,3,Sem VII Art-based SW Practice,專題研討（七）：藝術為本社會工作實務,- Dr. CHANG Man Yan Fiona,24,0,Yes,Yes,Dept of Social Work,2026-08-15T01-53-13+08-00-full-term-1,current,
2420,6941,SOWK4592,SOWK4592A,AS01,SEM,Undergraduate,C&E,3,Seminar XI: Special Seminar,專題研討（十一）：特選專題研討,- Mr. HO Chun Yu,30,21,Yes,Yes,Dept of Social Work,2026-08-15T01-53-13+08-00-full-term-1,current,
2420,4923,SPAN1000,SPAN1000A,AC01,CLW,Undergraduate,S&E,3,Spanish I,西班牙語（一）,- Mr. Mario MONTERRUBIO GANAN,28,21,,,Dept of Linguistics & Mod Lang,2026-08-15T01-53-13+08-00-full-term-1,current,
2420,7431,SPAN1000,SPAN1000C,CC01,CLW,Undergraduate,S&E,3,Spanish I,西班牙語（一）,- Dr. Leticia VICENTE RASOAMALALA,28,20,,,Dept of Linguistics & Mod Lang,2026-08-15T01-53-13+08-00-full-term-1,current,
2420,5287,SPAN1000,SPAN1000D,DC01,CLW,Undergraduate,S&E,3,Spanish I,西班牙語（一）,- Miss Maria Del Carmen JORDAN FERNANDEZ,28,22,,,Dept of Linguistics & Mod Lang,2026-08-15T01-53-13+08-00-full-term-1,current,
2420,7434,SPAN1000,SPAN1000E,EC01,CLW,Undergraduate,S&E,3,Spanish I,西班牙語（一）,- Dr. Leticia VICENTE RASOAMALALA,28,19,,,Dept of Linguistics & Mod Lang,2026-08-15T01-53-13+08-00-full-term-1,current,
2420,4916,SPAN1000,SPAN1000F,FC01,CLW,Undergraduate,S&E,3,Spanish I,西班牙語（一）,- Ms. Angela NIETO JIMENEZ,28,23,,,Dept of Linguistics & Mod Lang,2026-08-15T01-53-13+08-00-full-term-1,current,
2420,7432,SPAN1000,SPAN1000G,GC01,CLW,Undergraduate,S&E,3,Spanish I,西班牙語（一）,- Dr. Leticia VICENTE RASOAMALALA,28,21,,,Dept of Linguistics & Mod Lang,2026-08-15T01-53-13+08-00-full-term-1,current,
2420,7433,SPAN1000,SPAN1000H,HC01,CLW,Undergraduate,S&E,3,Spanish I,西班牙語（一）,- Dr. Leticia VICENTE RASOAMALALA,28,21,,,Dept of Linguistics & Mod Lang,2026-08-15T01-53-13+08-00-full-term-1,current,
2420,5549,SPAN1000,SPAN1000I,IC01,CLW,Undergraduate,S&E,3,Spanish I,西班牙語（一）,- Mr. Mario MONTERRUBIO GANAN,28,26,,,Dept of Linguistics & Mod Lang,2026-08-15T01-53-13+08-00-full-term-1,current,
2420,4918,SPAN1000,SPAN1000J,JC01,CLW,Undergraduate,S&E,3,Spanish I,西班牙語（一）,- Miss Maria Del Carmen JORDAN FERNANDEZ,28,28,,,Dept of Linguistics & Mod Lang,2026-08-15T01-53-13+08-00-full-term-1,current,
2420,5863,SPAN1000,SPAN1000K,KC01,CLW,Undergraduate,S&E,3,Spanish I,西班牙語（一）,- Dr. Antonio Ramon GARCIA SUSPERREGUI,28,23,,,Dept of Linguistics & Mod Lang,2026-08-15T01-53-13+08-00-full-term-1,current,
2420,9708,SPAN1000,SPAN1000L,LC01,CLW,Undergraduate,S&E,3,Spanish I,西班牙語（一）,- Dr. Antonio Ramon GARCIA SUSPERREGUI,28,20,,,Dept of Linguistics & Mod Lang,2026-08-15T01-53-13+08-00-full-term-1,current,
2420,5006,SPAN1000,SPAN1000M,MC01,CLW,Undergraduate,S&E,3,Spanish I,西班牙語（一）,- Ms. Angela NIETO JIMENEZ,28,18,,,Dept of Linguistics & Mod Lang,2026-08-15T01-53-13+08-00-full-term-1,current,
2420,6075,SPAN1001,SPAN1001-,-,LEC,Undergraduate,S&E,1,First Step in Spanish,西班牙語入門,- Staff,150,150,Yes,Yes,Dept of Linguistics & Mod Lang,2026-08-15T01-53-13+08-00-full-term-1,current,
2420,9223,SPAN1101,SPAN1101-,-C01,CLW,Undergraduate,S&E,3,Spa Civilization & Its Lang I,西班牙文明及其語言（一）,- Dr. Leticia VICENTE RASOAMALALA,28,10,,,Dept of Linguistics & Mod Lang,2026-08-15T01-53-13+08-00-full-term-1,current,
2420,4931,SPAN2000,SPAN2000A,AC01,CLW,Undergraduate,S&E,3,Spanish II,西班牙語（二）,- Miss Veronica J. CONSTANTINO CASTILLO,28,25,,,Dept of Linguistics & Mod Lang,2026-08-15T01-53-13+08-00-full-term-1,current,
2420,4943,SPAN2000,SPAN2000B,BC01,CLW,Undergraduate,S&E,3,Spanish II,西班牙語（二）,- Miss Veronica J. CONSTANTINO CASTILLO,28,25,,,Dept of Linguistics & Mod Lang,2026-08-15T01-53-13+08-00-full-term-1,current,
2420,4927,SPAN2001,SPAN2001A,AC01,CLW,Undergraduate,S&E,3,Spanish III,西班牙語（三）,- Dr. Antonio Ramon GARCIA SUSPERREGUI,28,18,,,Dept of Linguistics & Mod Lang,2026-08-15T01-53-13+08-00-full-term-1,current,
2420,4929,SPAN2001,SPAN2001B,BC01,CLW,Undergraduate,S&E,3,Spanish III,西班牙語（三）,- Dr. Antonio Ramon GARCIA SUSPERREGUI,28,19,,,Dept of Linguistics & Mod Lang,2026-08-15T01-53-13+08-00-full-term-1,current,
2420,4945,SPAN3001,SPAN3001A,AC01,CLW,Undergraduate,S&E,3,Spanish V,西班牙語（五）,- Mr. Mario MONTERRUBIO GANAN,28,22,,,Dept of Linguistics & Mod Lang,2026-08-15T01-53-13+08-00-full-term-1,current,
2420,4925,SPAN3001,SPAN3001B,BC01,CLW,Undergraduate,S&E,3,Spanish V,西班牙語（五）,- Mr. Mario MONTERRUBIO GANAN,28,24,,,Dept of Linguistics & Mod Lang,2026-08-15T01-53-13+08-00-full-term-1,current,
2420,5770,SPED1000,SPED1000-,-,LEC,Undergraduate,E,3,Introd to Human Movement Sci,人體運動科學導論,- Professor TSE Choi Yeung Andy,35,33,,Yes,Dept of Sports Sc & Phy Edu,2026-08-15T01-53-13+08-00-full-term-1,current,
2420,8704,SPED2010,SPED2010A,AP01,PRA,Undergraduate,C&E,1,Team Sports,隊際運動,- Dr. MUI Suet Ying Rosetta - Ms. LI Sau Ying,23,0,,,Dept of Sports Sc & Phy Edu,2026-08-15T01-53-13+08-00-full-term-1,current,
2420,8705,SPED2010,SPED2010B,BP01,PRA,Undergraduate,C&E,1,Team Sports,隊際運動,- Dr. MUI Suet Ying Rosetta - Ms. LI Sau Ying,22,6,,,Dept of Sports Sc & Phy Edu,2026-08-15T01-53-13+08-00-full-term-1,current,
2420,8772,SPED2011,SPED2011-,-P01,PRA,Undergraduate,E,1,Teaching Basketball: T & P,籃球教學：理論與實踐,- Dr. MUI Suet Ying Rosetta,29,1,,Yes,Dept of Sports Sc & Phy Edu,2026-08-15T01-53-13+08-00-full-term-1,current,
2420,7076,SPED2031,SPED2031-,-P01,PRA,Undergraduate,E,1,Teaching Soccer: T & P,足球教學：理論與實踐,- Dr. John Timothy O'REILLY,26,3,,Yes,Dept of Sports Sc & Phy Edu,2026-08-15T01-53-13+08-00-full-term-1,current,
2420,8841,SPED2051,SPED2051A,AP01,PRA,Undergraduate,E,1,Teaching Badminton: T & P,羽毛球教學：理論與實踐,- Dr. MUI Suet Ying Rosetta,13,13,,,Dept of Sports Sc & Phy Edu,2026-08-15T01-53-13+08-00-full-term-1,current,
2420,8827,SPED2051,SPED2051B,BP01,PRA,Undergraduate,E,1,Teaching Badminton: T & P,羽毛球教學：理論與實踐,- Dr. MUI Suet Ying Rosetta,13,12,,,Dept of Sports Sc & Phy Edu,2026-08-15T01-53-13+08-00-full-term-1,current,
2420,8826,SPED2110,SPED2110A,AP01,PRA,Undergraduate,C&E,1,Individual Sports,個人項目運動,- Miss MA Man Sum - Ms. LI Sau Ying,23,23,,,Dept of Sports Sc & Phy Edu,2026-08-15T01-53-13+08-00-full-term-1,current,
2420,8692,SPED2110,SPED2110B,BP01,PRA,Undergraduate,C&E,1,Individual Sports,個人項目運動,- Miss MA Man Sum - Ms. LI Sau Ying,22,22,,,Dept of Sports Sc & Phy Edu,2026-08-15T01-53-13+08-00-full-term-1,current,
2420,7910,SPED2111,SPED2111A,AP01,PRA,Undergraduate,E,1,Teaching Swimming I: T & P,游泳教學 I：理論與實踐,- Ms. TAM Sze Man Simone,16,14,,,Dept of Sports Sc & Phy Edu,2026-08-15T01-53-13+08-00-full-term-1,current,
2420,7911,SPED2111,SPED2111B,BP01,PRA,Undergraduate,E,1,Teaching Swimming I: T & P,游泳教學 I：理論與實踐,- Ms. TAM Sze Man Simone,16,14,,,Dept of Sports Sc & Phy Edu,2026-08-15T01-53-13+08-00-full-term-1,current,
2420,8459,SPED2131,SPED2131-,-P01,PRA,Undergraduate,E,1,Tea Track & Field I: T & P,田徑教學 I：理論與實踐,- Ms. TAM Sze Man Simone,30,0,,Yes,Dept of Sports Sc & Phy Edu,2026-08-15T01-53-13+08-00-full-term-1,current,
2420,8897,SPED2141,SPED2141A,AP01,PRA,Undergraduate,E,1,Fundamental Mov & Dance,基礎動作與舞蹈,- Dr. CHEUNG Sin Ting Juanita - Ms. TAM Sze Man Simone,31,29,,Yes,Dept of Sports Sc & Phy Edu,2026-08-15T01-53-13+08-00-full-term-1,current,
2420,8857,SPED2141,SPED2141B,BP01,PRA,Undergraduate,C&E,1,Fundamental Mov & Dance,基礎動作與舞蹈,- Dr. CHEUNG Sin Ting Juanita - Ms. TAM Sze Man Simone,23,23,,,Dept of Sports Sc & Phy Edu,2026-08-15T01-53-13+08-00-full-term-1,current,
2420,8706,SPED2141,SPED2141C,CP01,PRA,Undergraduate,C&E,1,Fundamental Mov & Dance,基礎動作與舞蹈,- Dr. CHEUNG Sin Ting Juanita - Ms. TAM Sze Man Simone,22,22,,,Dept of Sports Sc & Phy Edu,2026-08-15T01-53-13+08-00-full-term-1,current,
2420,8773,SPED2211,SPED2211A,AP01,PRA,Undergraduate,E,1,Teaching Gymnastics: T & P,體操教學：理論與實踐,- Mr. NG Kiu Chung,13,12,,,Dept of Sports Sc & Phy Edu,2026-08-15T01-53-13+08-00-full-term-1,current,
2420,8774,SPED2211,SPED2211B,BP01,PRA,Undergraduate,E,1,Teaching Gymnastics: T & P,體操教學：理論與實踐,- Mr. NG Kiu Chung,13,13,,,Dept of Sports Sc & Phy Edu,2026-08-15T01-53-13+08-00-full-term-1,current,
2420,5711,SPED2520,SPED2520-,-,LEC,Undergraduate,E,3,Func'l Human Anatomy & Sp Inj,功能性人體解剖學及運動創傷,- Mr LO King Yuen,118,113,,Yes,Dept of Sports Sc & Phy Edu,2026-08-15T01-53-13+08-00-full-term-1,current,
2420,7146,SPED2600,SPED2600A,AL01,LAB,Undergraduate,E,3,"Bas Sta, Test & Meas for P.E.",基本體育統計、測檢與量度學,- Professor Jozo GRGIC,52,23,Yes,Yes,Dept of Sports Sc & Phy Edu,2026-08-15T01-53-13+08-00-full-term-1,current,
2420,7148,SPED2600,SPED2600B,BL01,LAB,Undergraduate,E,3,"Bas Sta, Test & Meas for P.E.",基本體育統計、測檢與量度學,- Professor Jozo GRGIC,52,50,Yes,Yes,Dept of Sports Sc & Phy Edu,2026-08-15T01-53-13+08-00-full-term-1,current,
2420,8439,SPED2700,SPED2700-,-,LEC,Undergraduate,E,3,Principles of Strength T & C,肌力與體能訓練原理,- Dr. LEE Wai Yuk Justin - Professor Jozo GRGIC - Professor POON Tsz Chun,11,2,,Yes,Dept of Sports Sc & Phy Edu,2026-08-15T01-53-13+08-00-full-term-1,current,
2420,8456,SPED2720,SPED2720-,-,LEC,Undergraduate,E,3,Foundation of Phy Ed & Sports,體育與運動基礎,- Miss MA Man Sum,110,107,,Yes,Dept of Sports Sc & Phy Edu,2026-08-15T01-53-13+08-00-full-term-1,current,
2420,7083,SPED3220,SPED3220A,AP01,PRA,Undergraduate,E,1,Alternative Sports,另類運動,- Ms. LI Sau Ying,15,0,,,Dept of Sports Sc & Phy Edu,2026-08-15T01-53-13+08-00-full-term-1,current,
2420,7084,SPED3220,SPED3220B,BP01,PRA,Undergraduate,E,1,Alternative Sports,另類運動,- Ms. LI Sau Ying,14,0,,,Dept of Sports Sc & Phy Edu,2026-08-15T01-53-13+08-00-full-term-1,current,
2420,8767,SPED3250,SPED3250-,-P01,PRA,Undergraduate,C&E,1,Tea Dances:TP,舞蹈教學：理論與實踐,- Ms. YIP Lai Yee,26,1,,Yes,Dept of Sports Sc & Phy Edu,2026-08-15T01-53-13+08-00-full-term-1,current,
2420,8465,SPED3410,SPED3410-,-,LEC,Undergraduate,C&E,3,Curriculum Planning for P.E.,體育課程設計,- Ms. LI Sau Ying,40,10,,Yes,Dept of Sports Sc & Phy Edu,2026-08-15T01-53-13+08-00-full-term-1,current,
2420,7085,SPED3440,SPED3440-,-L01,LAB,Undergraduate,C&E,3,Pedagogy of Secondary PE,中學體育教學法,- Dr. CHEUNG Sin Ting Juanita,27,3,,Yes,Dept of Sports Sc & Phy Edu,2026-08-15T01-53-13+08-00-full-term-1,current,
2420,7088,SPED3450,SPED3450-,-P01,PRA,Undergraduate,E,3,Pedagogy of Primary Pe,小學體育教學法,- Dr. CHEUNG Sin Ting Juanita,30,0,,Yes,Dept of Sports Sc & Phy Edu,2026-08-15T01-53-13+08-00-full-term-1,current,
2420,8486,SPED3700,SPED3700-,-,LEC,Undergraduate,E,3,Sports and Health Technology,運動及健康相關科技,- Professor YU Pak Hung,45,15,,,Dept of Sports Sc & Phy Edu,2026-08-15T01-53-13+08-00-full-term-1,current,
2420,8716,SPED3731,SPED3731-,-,LEC,Undergraduate,E,3,Select Topics in Sp Sociology,運動社會學專題研習,- Professor SUM Kim Wai Raymond,45,9,,,Dept of Sports Sc & Phy Edu,2026-08-15T01-53-13+08-00-full-term-1,current,
2420,7090,SPED3820,SPED3820-,-L01,LAB,Undergraduate,E,3,Introd to Exer & Sports Psy,體育運動心理學導論,- Professor SIT Hui Ping,75,1,,Yes,Dept of Sports Sc & Phy Edu,2026-08-15T01-53-13+08-00-full-term-1,current,
2420,6051,SPED4400,SPED4400-,-P01,PRA,Undergraduate,C&E,4,Teaching Practice in Secondary,中學教學實習,- Dr. CHEUNG Sin Ting Juanita - Dr. John Timothy O'REILLY - Dr. MUI Suet Ying Rosetta - Miss MA Man Sum - Ms. LI Sau Ying - Ms. TAM Sze Man Simone,1,0,Yes,Yes,Dept of Sports Sc & Phy Edu,2026-08-15T01-53-13+08-00-full-term-1,current,
2420,7093,SPED4570,SPED4570-,-F01,FLD,Undergraduate,E,3,Edu & Promo of Exer & Health,運動與健康教育及推廣,- Professor WONG Heung Sang Stephen,79,8,,Yes,Dept of Sports Sc & Phy Edu,2026-08-15T01-53-13+08-00-full-term-1,current,
2420,5043,SPED4640,SPED4640-,-,LEC,Undergraduate,E,3,Human Kinematics & Kinetics,運動學及動力學,- Dr. ZHENG Xiaoping,45,32,,,Dept of Sports Sc & Phy Edu,2026-08-15T01-53-13+08-00-full-term-1,current,
2420,6196,STAR2000,STAR2000-,-O01,OTH,Undergraduate,C&E,1,UG Research in Science I,科研培訓（一）,- Staff,30,16,Yes,,Fac Office of Science,2026-08-15T01-53-13+08-00-full-term-1,current,
2420,7883,STAR2050,STAR2050-,-S01,SEM,Undergraduate,C&E,1,Seminar I,學術報告（一）,- Staff,30,19,Yes,,Fac Office of Science,2026-08-15T01-53-13+08-00-full-term-1,current,
2420,6037,STAR3000,STAR3000-,-O01,OTH,Undergraduate,C&E,2,UG Research in Science II,科研培訓（二）,- Staff,30,25,Yes,,Fac Office of Science,2026-08-15T01-53-13+08-00-full-term-1,current,
2420,7884,STAR3050,STAR3050-,-S01,SEM,Undergraduate,C&E,1,Seminar II,學術報告（二）,- Staff,30,27,Yes,,Fac Office of Science,2026-08-15T01-53-13+08-00-full-term-1,current,
2420,6371,STAR4000,STAR4000-,-O01,OTH,Undergraduate,C&E,3,UG Research in Science III,科研培訓（三）,- Staff,30,29,Yes,,Fac Office of Science,2026-08-15T01-53-13+08-00-full-term-1,current,
2420,6392,STAR4050,STAR4050-,-O01,OTH,Undergraduate,C&E,1,Seminar III,學術報告（三）,- Staff,30,27,Yes,,Fac Office of Science,2026-08-15T01-53-13+08-00-full-term-1,current,
2420,9714,STAT1011,STAT1011A,AT01,TUT,Undergraduate,E,3,Introduction to Statistics,統計導論,- Dr. HO Kwok Wah,150,142,,,Dept of Stat and Data Sci,2026-08-15T01-53-13+08-00-full-term-1,current,
2420,9334,STAT1011,STAT1011B,BT01,TUT,Undergraduate,E,3,Introduction to Statistics,統計導論,- Dr. LEUNG Sze Him Isaac,150,147,,,Dept of Stat and Data Sci,2026-08-15T01-53-13+08-00-full-term-1,current,
2420,9415,STAT1011,STAT1011C,CT01,TUT,Undergraduate,E,3,Introduction to Statistics,統計導論,- Dr. CHAN Chun Man,150,143,,,Dept of Stat and Data Sci,2026-08-15T01-53-13+08-00-full-term-1,current,
2420,5289,STAT1012,STAT1012A,AT01,TUT,Undergraduate,E,3,Statistics for Life Sciences,生命科學統計,- Dr. OUYANG Ming,100,97,,,Dept of Stat and Data Sci,2026-08-15T01-53-13+08-00-full-term-1,current,
2420,5288,STAT2001,STAT2001A,AT01,TUT,Undergraduate,E,3,Basic Con in Stat & Prob I,統計及概率基本概念（一）,- Professor LIN Yingxin,160,154,,,Dept of Stat and Data Sci,2026-08-15T01-53-13+08-00-full-term-1,current,
2420,5310,STAT2001,STAT2001B,BT01,TUT,Undergraduate,E,3,Basic Con in Stat & Prob I,統計及概率基本概念（一）,- Professor ZHANG Jiacheng,160,155,,,Dept of Stat and Data Sci,2026-08-15T01-53-13+08-00-full-term-1,current,
2420,7437,STAT2005,STAT2005A,AT01,TUT,Undergraduate,E,3,Programming Lang for Stat,統計電腦語言,- Dr. WONG Tat Wing,150,141,,,Dept of Stat and Data Sci,2026-08-15T01-53-13+08-00-full-term-1,current,
2420,9329,STAT2006,STAT2006A,AT01,TUT,Undergraduate,E,3,Basic Con in Stat & Prob II,統計及概率基本概念（二）,- Dr. LIU Kin Yat,150,138,,,Dept of Stat and Data Sci,2026-08-15T01-53-13+08-00-full-term-1,current,
2420,8453,STAT3003,STAT3003-,-T01,TUT,Undergraduate,E,3,Survey Methods,調查方法,- Professor FAN Xiaodan,120,95,,,Dept of Stat and Data Sci,2026-08-15T01-53-13+08-00-full-term-1,current,
2420,7440,STAT3005,STAT3005-,-T01,TUT,Undergraduate,E,3,Nonparametric statistics,非參數統計,- Professor CHAN Kin Wai,100,67,,,Dept of Stat and Data Sci,2026-08-15T01-53-13+08-00-full-term-1,current,
2420,5823,STAT3007,STAT3007A,AT01,TUT,Undergraduate,E,3,Intro to Stochastic Processes,隨機過程入門,- Dr. CHEUNG King Chau,150,120,,,Dept of Stat and Data Sci,2026-08-15T01-53-13+08-00-full-term-1,current,
2420,5196,STAT3008,STAT3008A,AT01,TUT,Undergraduate,E,3,Applied Regression Analysis,應用迴歸分析,- Staff,120,110,,,Dept of Stat and Data Sci,2026-08-15T01-53-13+08-00-full-term-1,current,
2420,5217,STAT3008,STAT3008B,BT01,TUT,Undergraduate,E,3,Applied Regression Analysis,應用迴歸分析,- Professor WANG Junhui,120,105,,,Dept of Stat and Data Sci,2026-08-15T01-53-13+08-00-full-term-1,current,
2420,9532,STAT3009,STAT3009-,-T01,TUT,Undergraduate,E,3,Recommender Systems,推薦系統,- Professor DAI Ben,60,37,,,Dept of Stat and Data Sci,2026-08-15T01-53-13+08-00-full-term-1,current,
2420,5197,STAT3210,STAT3210A,AT01,TUT,Undergraduate,E,3,Stat Tech in Life Sciences,生命科學之統計方法,- Dr. LEUNG Sze Him Isaac,110,77,,,Dept of Stat and Data Sci,2026-08-15T01-53-13+08-00-full-term-1,current,
2420,9088,STAT4001,STAT4001-,-T01,TUT,Undergraduate,E,3,Data Mining & Stat Learning,數據挖掘及統計學習,- Professor LIN Zhixiang,110,43,,,Dept of Stat and Data Sci,2026-08-15T01-53-13+08-00-full-term-1,current,
2420,9355,STAT4003,STAT4003-,-T01,TUT,Undergraduate,E,3,Statistical Inference,統計推論,- Professor LIN Yuanyuan,110,46,,,Dept of Stat and Data Sci,2026-08-15T01-53-13+08-00-full-term-1,current,
2420,7441,STAT4005,STAT4005A,AT01,TUT,Undergraduate,E,3,Time Series,時間序列,- Dr. LEUNG Sze Him Isaac,130,57,,,Dept of Stat and Data Sci,2026-08-15T01-53-13+08-00-full-term-1,current,
2420,6019,STAT4006,STAT4006-,-T01,TUT,Undergraduate,E,3,Categorical Data Analysis,範疇性數據分析,- Dr. John Alexander WRIGHT,110,32,,,Dept of Stat and Data Sci,2026-08-15T01-53-13+08-00-full-term-1,current,
2420,8571,STAT4011,STAT4011-,-T04,TUT,Undergraduate,E,3,Statistics Projects,統計習作,- Dr. CHEUNG King Chau - Dr. HO Kwok Wah,32,7,,,Dept of Stat and Data Sci,2026-08-15T01-53-13+08-00-full-term-1,current,
2420,6372,STAT4013,STAT4013-,-P01,PRA,Undergraduate,E,3,Practicum,行業實習,- Professor WANG Junhui,20,13,Yes,Yes,Dept of Stat and Data Sci,2026-08-15T01-53-13+08-00-full-term-1,current,
2420,7442,THAI1000,THAI1000A,AC01,CLW,Undergraduate,T&E,3,Thai I,泰語（一）,- Ms. Titima RUNGUPHAN,28,20,,,Dept of Linguistics & Mod Lang,2026-08-15T01-53-13+08-00-full-term-1,current,
2420,5820,THAI1000,THAI1000B,BC01,CLW,Undergraduate,T&E,3,Thai I,泰語（一）,- Ms. Titima RUNGUPHAN,28,23,,,Dept of Linguistics & Mod Lang,2026-08-15T01-53-13+08-00-full-term-1,current,
2420,10104,THEO1000,THEO1000-,-,LEC,Undergraduate,C&E,3,Approaches to Christian Stud,基督教研究導論,- Professor IP Hon Ho,50,31,,,Dept of Cultural & Rel Studies,2026-08-15T01-53-13+08-00-full-term-1,current,
2420,6716,THEO1211,THEO1211-,-T02,TUT,Undergraduate,C&E,3,Intro to the Hebrew Bible,希伯來聖經導論,- Professor WONG Sonia Kwok,10,7,,,Dept of Cultural & Rel Studies,2026-08-15T01-53-13+08-00-full-term-1,current,
2420,5137,THEO2213,THEO2213-,-,LEC,Undergraduate,C&E,3,Wisdom and the Psalms,智慧文學與詩篇,- Dr. LAU Yiu Sang,20,14,,,Dept of Cultural & Rel Studies,2026-08-15T01-53-13+08-00-full-term-1,current,
2420,8587,THEO2221,THEO2221-,-,LEC,Undergraduate,E,3,Early & Medieval Church,早期與中世紀教會,- Professor Tobias BRANDNER,20,16,,,Dept of Cultural & Rel Studies,2026-08-15T01-53-13+08-00-full-term-1,current,
2420,6717,THEO2235,THEO2235-,-,LEC,Undergraduate,C&E,3,Systematic Theology I,系統神學（一）,- Professor YAM Cheuk Yin Colten,25,24,,,Dept of Cultural & Rel Studies,2026-08-15T01-53-13+08-00-full-term-1,current,
2420,8402,THEO3215,THEO3215-,-T01,TUT,Undergraduate,C&E,3,New Testament Greek I,新約希臘文（一）,- Dr. XIE Ganlin,20,14,,,Dept of Cultural & Rel Studies,2026-08-15T01-53-13+08-00-full-term-1,current,
2420,8626,THEO3217,THEO3217-,-T01,TUT,Undergraduate,C&E,3,Biblical Hebrew I,聖經希伯來文（一）,- Dr. LI Kwan Hung Leo,20,16,,,Dept of Cultural & Rel Studies,2026-08-15T01-53-13+08-00-full-term-1,current,
2420,9884,THEO3236,THEO3236-,-,LEC,Undergraduate,E,3,Theol Studies: Sp Topic II,神學：專題研究（二）,- Professor Naomi Elaine THURSTON,20,19,,,Dept of Cultural & Rel Studies,2026-08-15T01-53-13+08-00-full-term-1,current,
2420,9063,THEO3241,THEO3241-,-,LEC,Undergraduate,C&E,3,Homiletics,講道學,- Dr. LI Kwan Hung Leo - Professor KWAN Shui Man,20,18,,,Dept of Cultural & Rel Studies,2026-08-15T01-53-13+08-00-full-term-1,current,
2420,10141,THEO3254,THEO3254-,-,LEC,Undergraduate,C&E,3,Christian Ethics,基督教倫理學,- Professor CHU Ann Gillian,10,7,,,Dept of Cultural & Rel Studies,2026-08-15T01-53-13+08-00-full-term-1,current,
2420,8186,THEO4241,THEO4241-,-P01,PRA,Undergraduate,C&E,2,Field Education I,實習（一）,- Rev. YIU Chi Ho,50,48,,,Dept of Cultural & Rel Studies,2026-08-15T01-53-13+08-00-full-term-1,current,
2420,6492,THEO4242,THEO4242-,-P01,PRA,Undergraduate,C&E,2,Field Education II,實習（二）,- Rev. YIU Chi Ho,50,48,,,Dept of Cultural & Rel Studies,2026-08-15T01-53-13+08-00-full-term-1,current,
2420,7191,TRAN1000,TRAN1000A,AT01,TUT,Undergraduate,C&E,3,Lost and Found: Tran,取與捨—翻譯的實踐與創新,- Mr. LEONG Chon,50,35,,,Dept of Translation,2026-08-15T01-53-13+08-00-full-term-1,current,
2420,7717,TRAN1010,TRAN1010A,AT01,TUT,Undergraduate,P&E,3,Principles of Translation,翻譯概論,- Dr. LI Jiawei,45,42,,,Dept of Translation,2026-08-15T01-53-13+08-00-full-term-1,current,
2420,7720,TRAN1010,TRAN1010B,BT01,TUT,Undergraduate,P&E,3,Principles of Translation,翻譯概論,- Dr. LI Jiawei,45,45,,,Dept of Translation,2026-08-15T01-53-13+08-00-full-term-1,current,
2420,8991,TRAN1030,TRAN1030A,AT01,TUT,Undergraduate,P&E,3,Intro to Interpreting,傳譯入門,- Dr. LI Li,30,27,,,Dept of Translation,2026-08-15T01-53-13+08-00-full-term-1,current,
2420,4896,TRAN2110,TRAN2110-,-T01,TUT,Undergraduate,C&E,3,Culture and Translation,文化與翻譯,- Professor ZHOU Mengyuan,40,27,,,Dept of Translation,2026-08-15T01-53-13+08-00-full-term-1,current,
2420,8930,TRAN2140,TRAN2140-,-T01,TUT,Undergraduate,P&E,3,Simultaneous Interpreting: P-E,同聲傳譯：普通話－英語,- Professor WEI Ling Chia,30,10,,,Dept of Translation,2026-08-15T01-53-13+08-00-full-term-1,current,
2420,8647,TRAN2610,TRAN2610A,AT01,TUT,Undergraduate,P&E,3,Intro to Computer-aided Tran,電腦輔助翻譯導論,- Dr. WU Yinran,30,30,,,Dept of Translation,2026-08-15T01-53-13+08-00-full-term-1,current,
2420,7443,TRAN2840,TRAN2840-,-T01,TUT,Undergraduate,P&E,3,Intro to Legal Translation,法律翻譯初階,- Dr. WANG Yan,40,33,,,Dept of Translation,2026-08-15T01-53-13+08-00-full-term-1,current,
2420,5209,TRAN3080,TRAN3080-,-T01,TUT,Undergraduate,P&E,3,Research Methods in Trans Stud,譯學研究方法,- Professor James George ST ANDRE,40,21,,,Dept of Translation,2026-08-15T01-53-13+08-00-full-term-1,current,
2420,7722,TRAN3270,TRAN3270-,-T01,TUT,Undergraduate,P&E,3,Literary Tran Strategies: E-C,文學翻譯策略：英譯中,- Dr. JI Lingjie,40,20,,,Dept of Translation,2026-08-15T01-53-13+08-00-full-term-1,current,
2420,4893,TRAN3620,TRAN3620-,-T01,TUT,Undergraduate,P&E,3,Tran Tech in the Age of AI AI,時代的翻譯科技,- Dr. CHENG Chung,30,0,,,Dept of Translation,2026-08-15T01-53-13+08-00-full-term-1,current,
2420,7724,TRAN3810,TRAN3810-,-T01,TUT,Undergraduate,C&E,3,Govt & Public Affairs Tran,政府及公共事務翻譯,- Dr WONG Kim Fan,40,25,,,Dept of Translation,2026-08-15T01-53-13+08-00-full-term-1,current,
2420,9226,TRAN3830,TRAN3830-,-T01,TUT,Undergraduate,P&E,3,Mass Media Translation,傳播媒介翻譯,- Dr. LI Li,40,30,,,Dept of Translation,2026-08-15T01-53-13+08-00-full-term-1,current,
2420,7726,TRAN3850,TRAN3850-,-T01,TUT,Undergraduate,C&E,3,Science & Technology Tran,科技翻譯,- Dr. LEE Kwok Kan Gloria,40,21,,,Dept of Translation,2026-08-15T01-53-13+08-00-full-term-1,current,
2420,7767,TRAN3870,TRAN3870-,-T01,TUT,Undergraduate,P&E,3,Tran of Texts in Social Sci,社會科學文本的翻譯,- Dr. LI Li,40,17,,,Dept of Translation,2026-08-15T01-53-13+08-00-full-term-1,current,
2420,8187,TRAN4510,TRAN4510A,AT01,TUT,Undergraduate,P&E,3,Translation Project: Eng-Chi,英漢長篇翻譯,- Dr. CHENG Chung,6,1,Yes,Yes,Dept of Translation,2026-08-15T01-53-13+08-00-full-term-1,current,
2420,6568,TRAN4510,TRAN4510B,BT01,TUT,Undergraduate,P&E,3,Translation Project: Eng-Chi,英漢長篇翻譯,- Dr. LI Li,6,0,Yes,Yes,Dept of Translation,2026-08-15T01-53-13+08-00-full-term-1,current,
2420,6570,TRAN4510,TRAN4510C,CT01,TUT,Undergraduate,P&E,3,Translation Project: Eng-Chi,英漢長篇翻譯,- Dr. WU Yinran,6,5,Yes,Yes,Dept of Translation,2026-08-15T01-53-13+08-00-full-term-1,current,
2420,6588,TRAN4510,TRAN4510D,DT01,TUT,Undergraduate,P&E,3,Translation Project: Eng-Chi,英漢長篇翻譯,- Mr. LEONG Chon,6,0,Yes,Yes,Dept of Translation,2026-08-15T01-53-13+08-00-full-term-1,current,
2420,6590,TRAN4510,TRAN4510E,ET01,TUT,Undergraduate,P&E,3,Translation Project: Eng-Chi,英漢長篇翻譯,- Miss CHAU Kam Hung Carrie,6,5,Yes,Yes,Dept of Translation,2026-08-15T01-53-13+08-00-full-term-1,current,
2420,8188,TRAN4520,TRAN4520A,AT01,TUT,Undergraduate,P&E,3,Translation Project: Chi-Eng,漢英長篇翻譯,- Dr. WANG Yan,6,0,Yes,Yes,Dept of Translation,2026-08-15T01-53-13+08-00-full-term-1,current,
2420,6592,TRAN4520,TRAN4520B,BT01,TUT,Undergraduate,P&E,3,Translation Project: Chi-Eng,漢英長篇翻譯,- Dr. LI Jiawei,6,1,Yes,Yes,Dept of Translation,2026-08-15T01-53-13+08-00-full-term-1,current,
2420,6594,TRAN4520,TRAN4520C,CT01,TUT,Undergraduate,C&E,3,Translation Project: Chi-Eng,漢英長篇翻譯,- Dr. WU Yinran,6,4,Yes,Yes,Dept of Translation,2026-08-15T01-53-13+08-00-full-term-1,current,
2420,6596,TRAN4520,TRAN4520D,DT01,TUT,Undergraduate,C&E,3,Translation Project: Chi-Eng,漢英長篇翻譯,- Miss CHAU Kam Hung Carrie,6,6,Yes,Yes,Dept of Translation,2026-08-15T01-53-13+08-00-full-term-1,current,
2420,6555,UGCP1001,UGCP1001-,-X01,WBL,Undergraduate,P&E,1,Understanding China,認識中國,- Staff,2400,2180,,,Office of University GE,2026-08-15T01-53-13+08-00-full-term-1,current,
2420,6486,UGCP1002,UGCP1002-,-X01,WBL,Undergraduate,C&E&P,1,HK-Wider Constitutional Order,國家憲制秩序與香港,- Staff,2400,2108,,,Office of University GE,2026-08-15T01-53-13+08-00-full-term-1,current,
2420,5101,UGEA1065,UGEA1065-,-,LEC,Undergraduate,P&C,2,Kunqu and Chinese Culture,崑曲與中國戲曲文化,- Staff,50,42,,,Dept of Chin Lang & Literature,2026-08-15T01-53-13+08-00-full-term-1,current,
2420,8236,UGEA1212,UGEA1212-,-,LEC,Undergraduate,C,2,Understand China thr Cul Land,文化景觀 探識中國,- Professor XU Jiang,90,83,,,Dept of Geo & Resource Mgt,2026-08-15T01-53-13+08-00-full-term-1,current,
2420,7398,UGEA1333,UGEA1333-,-,LEC,Undergraduate,C,2,Multiculturalism and China,多元文化與中國,- Dr. TANG Wai Man,90,70,,,Dept of Anthropology,2026-08-15T01-53-13+08-00-full-term-1,current,
2420,5120,UGEA1555,UGEA1555A,AT01,TUT,Undergraduate,C,3,Understanding Modern China,認識現代中國,- Dr. CHOI Sze Hang,40,38,,,Office of University GE,2026-08-15T01-53-13+08-00-full-term-1,current,
2420,5123,UGEA1555,UGEA1555B,BT01,TUT,Undergraduate,E,3,Understanding Modern China,認識現代中國,- Dr. SONG Ruifeng,34,23,,,Office of University GE,2026-08-15T01-53-13+08-00-full-term-1,current,
2420,5124,UGEA1555,UGEA1555C,CT01,TUT,Undergraduate,P,3,Understanding Modern China,認識現代中國,- Dr. HUANG Yu,40,38,,,Office of University GE,2026-08-15T01-53-13+08-00-full-term-1,current,
2420,5126,UGEA1555,UGEA1555D,DT01,TUT,Undergraduate,C,3,Understanding Modern China,認識現代中國,- Staff,40,40,,,Office of University GE,2026-08-15T01-53-13+08-00-full-term-1,current,
2420,7445,UGEA2100,UGEA2100A,A,LEC,Undergraduate,P,2,Outline of Chinese Culture,中國文化要義,- Dr WANG Xiaohong,80,48,,,Dept of Philosophy,2026-08-15T01-53-13+08-00-full-term-1,current,
2420,7446,UGEA2100,UGEA2100B,B,LEC,Undergraduate,C,2,Outline of Chinese Culture,中國文化要義,- Dr. CHONG Yun Chak,80,66,,,Dept of Philosophy,2026-08-15T01-53-13+08-00-full-term-1,current,
2420,4964,UGEA2100,UGEA2100C,C,LEC,Undergraduate,C,2,Outline of Chinese Culture,中國文化要義,- Dr. LAM Hong Ki,80,73,,,Dept of Philosophy,2026-08-15T01-53-13+08-00-full-term-1,current,
2420,7447,UGEA2100,UGEA2100D,D,LEC,Undergraduate,C,2,Outline of Chinese Culture,中國文化要義,- Dr. LAU Po Hei,80,4,,,Dept of Philosophy,2026-08-15T01-53-13+08-00-full-term-1,current,
2420,7448,UGEA2100,UGEA2100E,E,LEC,Undergraduate,C,2,Outline of Chinese Culture,中國文化要義,- Dr. HON Hiu Wah,80,47,,,Dept of Philosophy,2026-08-15T01-53-13+08-00-full-term-1,current,
2420,7449,UGEA2100,UGEA2100F,F,LEC,Undergraduate,C,2,Outline of Chinese Culture,中國文化要義,- Dr. CHAN Leong,80,76,,,Dept of Philosophy,2026-08-15T01-53-13+08-00-full-term-1,current,
2420,4966,UGEA2100,UGEA2100G,G,LEC,Undergraduate,C,2,Outline of Chinese Culture,中國文化要義,- Dr. WONG Chung Kit,80,74,,,Dept of Philosophy,2026-08-15T01-53-13+08-00-full-term-1,current,
2420,9095,UGEA2100,UGEA2100H,H,LEC,Undergraduate,C,2,Outline of Chinese Culture,中國文化要義,- Dr. HON Hiu Wah,80,67,,,Dept of Philosophy,2026-08-15T01-53-13+08-00-full-term-1,current,
2420,7768,UGEA2100,UGEA2100I,I,LEC,Undergraduate,C,2,Outline of Chinese Culture,中國文化要義,- Dr. WONG Yiu Hong,80,68,,,Dept of Philosophy,2026-08-15T01-53-13+08-00-full-term-1,current,
2420,9458,UGEA2100,UGEA2100J,J,LEC,Undergraduate,C,2,Outline of Chinese Culture,中國文化要義,- Dr. LO Kit Hung,80,52,,,Dept of Philosophy,2026-08-15T01-53-13+08-00-full-term-1,current,
2420,4967,UGEA2110,UGEA2110A,A,LEC,Undergraduate,C,3,An Intro to Chinese Culture,中國文化導論,- Dr. WONG Chung Kit,80,77,,,Dept of Philosophy,2026-08-15T01-53-13+08-00-full-term-1,current,
2420,9527,UGEA2110,UGEA2110B,B,LEC,Undergraduate,C,3,An Intro to Chinese Culture,中國文化導論,- Dr. LAU Po Hei,80,67,,,Dept of Philosophy,2026-08-15T01-53-13+08-00-full-term-1,current,
2420,9130,UGEA2140,UGEA2140-,-,LEC,Undergraduate,C,2,Chi Culture & Modernization,中國文化與現代化,- Dr. CHONG Yun Chak,80,65,,,Dept of Philosophy,2026-08-15T01-53-13+08-00-full-term-1,current,
2420,5328,UGEA2145,UGEA2145-,-,LEC,Undergraduate,C&E,2,Chinese Music and Culture,中國音樂與文化,- Professor CHOW Man Ying,80,61,,,Dept of Music,2026-08-15T01-53-13+08-00-full-term-1,current,
2420,7457,UGEA2150,UGEA2150A,A,LEC,Undergraduate,C,2,Chi Culture & Its Philosophies,中國文化及其哲學,- Dr. WONG Yiu Hong,80,72,,,Dept of Philosophy,2026-08-15T01-53-13+08-00-full-term-1,current,
2420,9842,UGEA2150,UGEA2150B,B,LEC,Undergraduate,C,2,Chi Culture & Its Philosophies,中國文化及其哲學,- Dr. CHIU King Pong,80,56,,,Dept of Philosophy,2026-08-15T01-53-13+08-00-full-term-1,current,
2420,7359,UGEA2150,UGEA2150C,C,LEC,Undergraduate,C,2,Chi Culture & Its Philosophies,中國文化及其哲學,- Dr. CHAN Leong,80,73,,,Dept of Philosophy,2026-08-15T01-53-13+08-00-full-term-1,current,
2420,5449,UGEA2160,UGEA2160A,A,LEC,Undergraduate,C,3,Mainstream Chinese Phi Thought,中國哲學主流思想,- Dr. CHONG Yun Chak,60,51,,,Dept of Philosophy,2026-08-15T01-53-13+08-00-full-term-1,current,
2420,5680,UGEA2160,UGEA2160B,B,LEC,Undergraduate,P,3,Mainstream Chinese Phi Thought,中國哲學主流思想,- Dr WANG Xiaohong,60,51,,,Dept of Philosophy,2026-08-15T01-53-13+08-00-full-term-1,current,
2420,9674,UGEA2163,UGEA2163-,-,LEC,Undergraduate,C,2,Debates on Chi Trad Thoughts,百家爭鳴：中國傳統思想大辯論,- Dr. HON Hiu Wah,60,47,,,Dept of Philosophy,2026-08-15T01-53-13+08-00-full-term-1,current,
2420,8597,UGEA2190,UGEA2190A,A,LEC,Undergraduate,C,3,Chinese Society,中國社會,- Dr. HO Ching Wai,120,119,,,Dept of Sociology,2026-08-15T01-53-13+08-00-full-term-1,current,
2420,5156,UGEA2190,UGEA2190B,B,LEC,Undergraduate,P,3,Chinese Society,中國社會,- Professor SUN Jin,120,110,,,Dept of Sociology,2026-08-15T01-53-13+08-00-full-term-1,current,
2420,9380,UGEA2230,UGEA2230C,C,LEC,Undergraduate,C,2,Intro to Transform in Chi Hist,中國歷史變革概論,- Dr. SIU Kam Wah,100,77,,,Dept of History,2026-08-15T01-53-13+08-00-full-term-1,current,
2420,9473,UGEA2234,UGEA2234-,-,LEC,Undergraduate,C,2,Imperial and Religious Power,皇權與神權：中國社會與文化的變,- Dr. FOK Yeung Yeung,100,85,,,Dept of History,2026-08-15T01-53-13+08-00-full-term-1,current,
2420,4908,UGEA2236,UGEA2236-,-,LEC,Undergraduate,C,2,Intro to Classical Hist Books,歷史經典導讀,- Dr. SIU Kam Wah,100,89,,,Dept of History,2026-08-15T01-53-13+08-00-full-term-1,current,
2420,5472,UGEA2290,UGEA2290A,A,LEC,Undergraduate,C,2,Chinese Culture and Literature,中國文化與文學,- Mr CHOR Koon Fai,50,48,,,Dept of Chin Lang & Literature,2026-08-15T01-53-13+08-00-full-term-1,current,
2420,7562,UGEA2332,UGEA2332-,-T01,TUT,Undergraduate,E,3,Culture and Modernity in China,中國的文化及現代性,- Staff,20,17,,,Dept of Anthropology,2026-08-15T01-53-13+08-00-full-term-1,current,
2420,7565,UGEA2334,UGEA2334A,AT01,TUT,Undergraduate,E,3,China Today,今日中國,- Professor HO Hang Kei,48,34,,,Dept of Anthropology,2026-08-15T01-53-13+08-00-full-term-1,current,
2420,7567,UGEA2334,UGEA2334B,BT01,TUT,Undergraduate,P,3,China Today,今日中國,- Professor SUN Rui,50,41,,,Dept of Anthropology,2026-08-15T01-53-13+08-00-full-term-1,current,
2420,7667,UGEA2433,UGEA2433-,-,LEC,Undergraduate,E,3,Science & Technology in China,中國科技發展導論,- Dr. William Joseph MORIARTY,30,24,,,Centre for China Studies,2026-08-15T01-53-13+08-00-full-term-1,current,
2420,5051,UGEB1307,UGEB1307-,-L01,LAB,Undergraduate,E,3,Energy and Green Society,能源與綠色社會,- Professor AI Fei,30,22,,,Dept of Mech & Automation Engg,2026-08-15T01-53-13+08-00-full-term-1,current,
2420,7320,UGEB1407,UGEB1407-,-L01,LAB,Undergraduate,E,3,Demystifying AI,人工智能揭秘,- Dr. HAN Dongkun,30,16,,,Fac Office of Engineering,2026-08-15T01-53-13+08-00-full-term-1,current,
2420,5852,UGEB1870,UGEB1870-,-,LEC,Undergraduate,E,2,Exploring The Earth,探索地球及環境科學,- Dr. LI Kwan Kit Ronald - Dr. TAM Pui Yuk - Dr. ZHANG Li,60,51,,,Dept of Earth & Environ Sci,2026-08-15T01-53-13+08-00-full-term-1,current,
2420,9294,UGEB2008,UGEB2008-,-,LEC,Undergraduate,C&E,3,"Mind, Brain and AI",心靈、人腦與人工智能,- Dr. CHAN Kin Lok,60,49,,,Dept of Philosophy,2026-08-15T01-53-13+08-00-full-term-1,current,
2420,7458,UGEB2132,UGEB2132A,AT01,TUT,Undergraduate,C,3,Earth as Seen From Space,從太空觀地球,- Dr. WONG Kwan Kit,110,110,,,Dept of Geo & Resource Mgt,2026-08-15T01-53-13+08-00-full-term-1,current,
2420,7068,UGEB2222,UGEB2222-,-,LEC,Undergraduate,C&E,2,Natural Hazards,自然災害,- Dr. NG Kit Ying,80,75,,,Dept of Geo & Resource Mgt,2026-08-15T01-53-13+08-00-full-term-1,current,
2420,7343,UGEB2341,UGEB2341-,-,LEC,Undergraduate,E,3,Relativity & Quantum Mechanics,相對論與量子力學：概念介紹,- Professor CHU Ming Chung,57,49,,,Dept of Physics,2026-08-15T01-53-13+08-00-full-term-1,current,
2420,7002,UGEB2360,UGEB2360-,-,LEC,Undergraduate,C&E,2,Wonders & Insights in Biology,生物拾趣與啟示,- Dr. SIOW Lam,60,53,,,School of Life Sciences,2026-08-15T01-53-13+08-00-full-term-1,current,
2420,7739,UGEB2363,UGEB2363-,-,LEC,Undergraduate,C&E,2,Biochemistry and Physical Acti,生物化學與體能活動,- Dr. LO Fai Hang,60,59,,,School of Life Sciences,2026-08-15T01-53-13+08-00-full-term-1,current,
2420,9208,UGEB2364,UGEB2364-,-,LEC,Undergraduate,E,2,Food Safety & Processing Tech,食品安全與製作科技,- Dr. Erika KWEK,60,5,,,School of Life Sciences,2026-08-15T01-53-13+08-00-full-term-1,current,
2420,5668,UGEB2370,UGEB2370A,A,LEC,Undergraduate,C,2,Chemistry: The X-Files,化學X檔案,- Dr. CHEUNG Yu San,40,36,,,Dept of Chemistry,2026-08-15T01-53-13+08-00-full-term-1,current,
2420,5640,UGEB2380,UGEB2380A,A,LEC,Undergraduate,E,2,Chemistry of Life,生命化學,- Dr. HAU Chun Kit,50,49,,,Dept of Chemistry,2026-08-15T01-53-13+08-00-full-term-1,current,
2420,5591,UGEB2380,UGEB2380B,B,LEC,Undergraduate,P&E,2,Chemistry of Life,生命化學,- Dr. HAU Chun Kit,50,44,,,Dept of Chemistry,2026-08-15T01-53-13+08-00-full-term-1,current,
2420,5210,UGEB2411,UGEB2411A,A,LEC,Undergraduate,C,2,Astronomy – A Short Introd,天文學 - 簡介,- Dr. LEUNG Po Kin,100,73,,,Dept of Physics,2026-08-15T01-53-13+08-00-full-term-1,current,
2420,5835,UGEB2411,UGEB2411B,B,LEC,Undergraduate,C,2,Astronomy – A Short Introd,天文學 - 簡介,- Dr. LIN Lap Ming,100,89,,,Dept of Physics,2026-08-15T01-53-13+08-00-full-term-1,current,
2420,5952,UGEB2411,UGEB2411C,C,LEC,Undergraduate,P,2,Astronomy – A Short Introd,天文學 - 簡介,- Professor YAN Renbin,100,80,,,Dept of Physics,2026-08-15T01-53-13+08-00-full-term-1,current,
2420,7046,UGEB2420,UGEB2420A,A,LEC,Undergraduate,C,2,Chemistry in the Kitchen,化學色香味,- Dr. LO Chui Man,50,22,,,Dept of Chemistry,2026-08-15T01-53-13+08-00-full-term-1,current,
2420,9713,UGEB2491,UGEB2491-,-,LEC,Undergraduate,E,3,Per in Risk Mgmt & Modern Soc,風險管理與當今社會之展望,- Dr. CHAN Chun Man,59,47,,,Dept of Stat and Data Sci,2026-08-15T01-53-13+08-00-full-term-1,current,
2420,7568,UGEB2502,UGEB2502-,-T01,TUT,Undergraduate,E,3,Human Evolution,人類的演化,- Staff,20,19,,,Dept of Anthropology,2026-08-15T01-53-13+08-00-full-term-1,current,
2420,9138,UGEB2530,UGEB2530A,A,LEC,Undergraduate,C&E,3,Games and Strategic Thinking,博奕和策略思想,- Dr. WONG Chak Fu,100,71,,,Dept of Mathematics,2026-08-15T01-53-13+08-00-full-term-1,current,
2420,5584,UGEB2640,UGEB2640-,-,LEC,Undergraduate,C,3,Perspectives in Meteorology,氣象學概論,- Professor LEUNG Wing Mo - Professor LI Ping Wah,100,85,,,Dept of Physics,2026-08-15T01-53-13+08-00-full-term-1,current,
2420,7000,UGEB2650,UGEB2650A,A,LEC,Undergraduate,C,2,Materials Sci for a Sus World,可持續世界的材料科學,- Dr. DUNG On Yu,75,68,,,Dept of Physics,2026-08-15T01-53-13+08-00-full-term-1,current,
2420,8660,UGEB2791,UGEB2791-,-D01,DIS,Undergraduate,E,3,Perspectives in Clinical Sci.,臨床醫學科學觀,- Dr. ZHOU Yuhuan,58,54,,,Sch of Biomedical Sciences,2026-08-15T01-53-13+08-00-full-term-1,current,
2420,8250,UGEB2996,UGEB2996-,-X01,WBL,Undergraduate,C&E,1,Get to Know SLI & Role of ST,初探言語障礙與言語治療師角色,- Dr. NG Hoi Yee Iris,30,1,,,"Dept of Otor, Head & Neck Sur",2026-08-15T01-53-13+08-00-full-term-1,current,
2420,9583,UGEB3630,UGEB3630-,-,LEC,Undergraduate,C&E,2,Exploring the Enigmatic Oceans,海洋探秘,- Professor CHUI Pui Yi,60,54,,,School of Life Sciences,2026-08-15T01-53-13+08-00-full-term-1,current,
2420,8237,UGEC1120,UGEC1120-,-,LEC,Undergraduate,C,3,Greater Bay Area,透視粵港澳大灣區,- Professor LEE Wai Ying Joanna - Professor YEUNG Wai Chung Henry,30,25,,,Dept of Geo & Resource Mgt,2026-08-15T01-53-13+08-00-full-term-1,current,
2420,8331,UGEC1209,UGEC1209-,-T01,TUT,Undergraduate,E,3,Intro to Gender Studies,思考性別：性別研究導論,- Professor SUEN Yiu Tung,10,4,,,Gender Studies Pgm Comm,2026-08-15T01-53-13+08-00-full-term-1,current,
2420,5996,UGEC1232,UGEC1232A,A,LEC,Undergraduate,C,3,Jap Culture & Society,日本文化與社會,- Mr IP Kin Ho,35,33,,,Dept of Japanese Studies,2026-08-15T01-53-13+08-00-full-term-1,current,
2420,5997,UGEC1271,UGEC1271A,A,LEC,Undergraduate,C,3,Jas Pop Cul in Cul Global,日本流行文化與文化全球化,- Mr. LAU Ching,100,75,,,Dept of Japanese Studies,2026-08-15T01-53-13+08-00-full-term-1,current,
2420,5998,UGEC1271,UGEC1271B,B,LEC,Undergraduate,C,3,Jas Pop Cul in Cul Global,日本流行文化與文化全球化,- Professor NG Wai Ming,100,80,,,Dept of Japanese Studies,2026-08-15T01-53-13+08-00-full-term-1,current,
2420,9119,UGEC1271,UGEC1271C,C,LEC,Undergraduate,C,3,Jas Pop Cul in Cul Global,日本流行文化與文化全球化,- Professor NG Wai Ming,100,85,,,Dept of Japanese Studies,2026-08-15T01-53-13+08-00-full-term-1,current,
2420,5999,UGEC1281,UGEC1281A,A,LEC,Undergraduate,C,3,Understanding Jas Lang & Cult,日本語言文化面面觀,- Professor HO Chi Ming,40,28,,,Dept of Japanese Studies,2026-08-15T01-53-13+08-00-full-term-1,current,
2420,9657,UGEC1302,UGEC1302A,A,LEC,Undergraduate,E,3,Japanese Cinema,日本電影,- Professor Matthew Stanhope MEWHINNEY,37,36,,,Dept of Japanese Studies,2026-08-15T01-53-13+08-00-full-term-1,current,
2420,7459,UGEC1511,UGEC1511A,A,LEC,Undergraduate,E,3,Perspectives in Economics,經濟學概觀,- Miss LEUNG Yuk Chun,78,72,,,Dept of Economics,2026-08-15T01-53-13+08-00-full-term-1,current,
2420,7460,UGEC1511,UGEC1511B,B,LEC,Undergraduate,E,3,Perspectives in Economics,經濟學概觀,- Miss LEUNG Yuk Chun,80,75,,,Dept of Economics,2026-08-15T01-53-13+08-00-full-term-1,current,
2420,6685,UGEC1512,UGEC1512B,B,LEC,Undergraduate,E,3,Fundamentals of Government,政治學初基,- Dr. LI Ho Fai,10,2,,,Government & Public Admin PC,2026-08-15T01-53-13+08-00-full-term-1,current,
2420,4968,UGEC1560,UGEC1560A,A,LEC,Undergraduate,C&E,3,Basic Banking & Finance,銀行與金融概觀,- Dr. YAN Wai Hin,150,109,,,Dept of Economics,2026-08-15T01-53-13+08-00-full-term-1,current,
2420,5871,UGEC1681,UGEC1681-,-T03,TUT,Undergraduate,E,3,Humans and Culture,人類與文化,- Professor Adam Daniel LIEBMAN,12,12,,,Dept of Anthropology,2026-08-15T01-53-13+08-00-full-term-1,current,
2420,5880,UGEC1835,UGEC1835-,-T03,TUT,Undergraduate,C&E&P,3,Culture of Hong Kong,香港的文化,- Dr. TANG Wai Man,30,30,,,Dept of Anthropology,2026-08-15T01-53-13+08-00-full-term-1,current,
2420,8219,UGEC1885,UGEC1885B,B,LEC,Undergraduate,E,3,Government of Hong Kong,香港政府,- Dr. LI Ho Fai,30,27,,,Government & Public Admin PC,2026-08-15T01-53-13+08-00-full-term-1,current,
2420,6987,UGEC1920,UGEC1920-,-,LEC,Undergraduate,E,2,Foundations in Public Health,公共衞生學基礎,- Professor CHUNG Roger Yat Nork,30,27,,,JC Sch of Pub Health Prim Care,2026-08-15T01-53-13+08-00-full-term-1,current,
2420,9789,UGEC2020,UGEC2020-,-,LEC,Undergraduate,C,2,History of Macau: EW Cultures,澳門史：東西文化的匯聚,- Miss CHEUNG Ching Man,100,78,,,Dept of History,2026-08-15T01-53-13+08-00-full-term-1,current,
2420,6706,UGEC2022,UGEC2022-,-,LEC,Undergraduate,E,3,Law & Heritage in Hong Kong,香港的法律與文化遺產,- Professor Steven Brian GALLAGHER,35,33,,,LLB Pgm Comm,2026-08-15T01-53-13+08-00-full-term-1,current,
2420,4940,UGEC2041,UGEC2041-,-,LEC,Undergraduate,C,2,Hist of Women in Modern China,近代中國婦女史,- Dr. WANG Yiqiao,100,86,,,Dept of History,2026-08-15T01-53-13+08-00-full-term-1,current,
2420,8434,UGEC2117,UGEC2117-,-,LEC,Undergraduate,E,2,Cities of the World,全球城市：城市發展的文化與歷史,- Professor JIN Ting,48,35,,,Dept of Geo & Resource Mgt,2026-08-15T01-53-13+08-00-full-term-1,current,
2420,5245,UGEC2135,UGEC2135-,-,LEC,Undergraduate,C&E,2,Decolonizing Classical Music,古典音樂的去殖民化,- Professor LIAO Yvonne,80,77,,,Dept of Music,2026-08-15T01-53-13+08-00-full-term-1,current,
2420,8239,UGEC2171,UGEC2171-,-T01,TUT,Undergraduate,E,3,Sustainable Development,可持續發展,- Professor Jack Laurie HARRIS - Professor LU Xingcheng,15,15,,,Dept of Geo & Resource Mgt,2026-08-15T01-53-13+08-00-full-term-1,current,
2420,7695,UGEC2188,UGEC2188-,-T08,TUT,Undergraduate,E,3,Hong Kong English,香港英語及其文化,- Professor PUN Kwok Hung,20,20,,,Dept of English,2026-08-15T01-53-13+08-00-full-term-1,current,
2420,7732,UGEC2189,UGEC2189-,-T08,TUT,Undergraduate,E,3,World EnglishesTheir Cultures,世界英語及其文化,- Professor Wilkinson Daniel Ong WONG GONZALES,20,20,,,Dept of English,2026-08-15T01-53-13+08-00-full-term-1,current,
2420,8238,UGEC2192,UGEC2192-,-,LEC,Undergraduate,C,2,Understanding Ecotourism,生態旅遊探索,- Professor CHAN Chung Shing,30,24,,,Dept of Geo & Resource Mgt,2026-08-15T01-53-13+08-00-full-term-1,current,
2420,8249,UGEC2201,UGEC2201-,-,LEC,Undergraduate,C,2,Pursuit of Ideal Living Enviro,理想人居環境的追尋,- Dr. NG Kit Ying,60,58,,,Dept of Geo & Resource Mgt,2026-08-15T01-53-13+08-00-full-term-1,current,
2420,6959,UGEC2241,UGEC2241-,-T01,TUT,Undergraduate,C&E,3,Hong Kong Cinema,香港電影,- Dr. LI Mei Ting,10,0,,,Dept of Cultural & Rel Studies,2026-08-15T01-53-13+08-00-full-term-1,current,
2420,8396,UGEC2273,UGEC2273-,-T01,TUT,Undergraduate,C&E,3,Feminisms: Thoughts & Movement,女權主義：思想與運動,- Dr. PANG Ka Wei,20,19,,,Dept of Cultural & Rel Studies,2026-08-15T01-53-13+08-00-full-term-1,current,
2420,8371,UGEC2353,UGEC2353-,-,LEC,Undergraduate,E,3,World Economic Order,世界經濟秩序,- Dr. Efstratios POURZITAKIS,10,6,,,Global Studies Pgm Comm,2026-08-15T01-53-13+08-00-full-term-1,current,
2420,6988,UGEC2436,UGEC2436-,-,LEC,Undergraduate,P,3,Emotional Landscapes in China,當代中國社會的情感經驗,- Dr. SUN Lin,30,25,,,Centre for China Studies,2026-08-15T01-53-13+08-00-full-term-1,current,
2420,8220,UGEC2610,UGEC2610-,-,LEC,Undergraduate,E,3,International Politics,國際政治,- Professor WONG Seanon Si Lon,15,13,,,Government & Public Admin PC,2026-08-15T01-53-13+08-00-full-term-1,current,
2420,7574,UGEC2656,UGEC2656-,-T02,TUT,Undergraduate,E,3,Working Cultures,工作文化 - 認識廿十一世紀的,- Dr. Tim ROSENKRANZ,8,8,,,Dept of Anthropology,2026-08-15T01-53-13+08-00-full-term-1,current,
2420,7318,UGEC2821,UGEC2821-,-,LEC,Undergraduate,C,3,Cultural Per of Chi Med,中醫藥之文化內涵,- Dr. CHAN Sze Nga - Dr. LIN Wai Ling - Dr. LIONG Ching - Dr. MOK Tik Lun - Dr. TSOI Yan Wang,50,46,,,Sch of Chinese Medicine,2026-08-15T01-53-13+08-00-full-term-1,current,
2420,8613,UGEC2853,UGEC2853-,-,LEC,Undergraduate,C&E,3,Sexuality and Culture,性與文化,- Professor YEUNG Tak Lap,60,55,,,Dept of Philosophy,2026-08-15T01-53-13+08-00-full-term-1,current,
2420,7615,UGEC2858,UGEC2858-,-D01,DIS,Undergraduate,C&E,3,Animals & Soc: A PHI Approach,動物與社會：哲學研究,- Dr. KWOK Pak Nin,60,55,,,Dept of Philosophy,2026-08-15T01-53-13+08-00-full-term-1,current,
2420,8222,UGEC2883,UGEC2883-,-T01,TUT,Undergraduate,E,3,Eco Ref'm & Soc Impacts in Chi,中國的經濟改革與社會影響,- Professor ZHU Ling,20,19,,,Dept of Sociology,2026-08-15T01-53-13+08-00-full-term-1,current,
2420,9675,UGEC2910,UGEC2910-,-,LEC,Undergraduate,C&E,2,"Money, Land and Housing",金錢、土地與房屋,- Dr. LI Jing,45,33,,,Urban Studies Pgm Comm,2026-08-15T01-53-13+08-00-full-term-1,current,
2420,4941,UGEC2941,UGEC2941-,-,LEC,Undergraduate,C,2,Islam in HK,伊斯蘭在香港,- Dr. FOK Yeung Yeung,100,93,,,Dept of History,2026-08-15T01-53-13+08-00-full-term-1,current,
2420,5455,UGEC2945,UGEC2945-,-,LEC,Undergraduate,C,2,History of Hong Kong,香港史,- Miss CHEUNG Ching Man,100,59,,,Dept of History,2026-08-15T01-53-13+08-00-full-term-1,current,
2420,8333,UGEC3215,UGEC3215-,-D01,DIS,Undergraduate,E,3,Media Representations,少數族群在香港的媒體呈現,- Dr. LEE Chi Shing,10,9,,,Gender Studies Pgm Comm,2026-08-15T01-53-13+08-00-full-term-1,current,
2420,8336,UGEC3224,UGEC3224-,-T01,TUT,Undergraduate,E,3,Family and Society,家庭與社會,- Professor TAM Siu Mi Maria,15,14,,,Gender Studies Pgm Comm,2026-08-15T01-53-13+08-00-full-term-1,current,
2420,8212,UGEC3483,UGEC3483-,-T01,TUT,Undergraduate,E,3,Korean Media & Popular Culture,韓國媒體與大眾文化,- Professor LEE Yongwoo,20,14,,,Dept of Cultural & Rel Studies,2026-08-15T01-53-13+08-00-full-term-1,current,
2420,5934,UGEC3893,UGEC3893-,-,LEC,Undergraduate,E,3,Intro. to Global Sociology,全球社會學導論,- Professor SUN Jin,20,19,,,Dept of Sociology,2026-08-15T01-53-13+08-00-full-term-1,current,
2420,8302,UGED1084,UGED1084-,-,LEC,Undergraduate,C&E,2,Understanding Musicals,音樂劇賞析：從百老匯出發,- Professor WONG Hei Yin,80,70,,,Dept of Music,2026-08-15T01-53-13+08-00-full-term-1,current,
2420,7461,UGED1111,UGED1111A,A,LEC,Undergraduate,C&E,2,Logic,邏輯,- Dr. KOU Kei Chun,80,72,,,Dept of Philosophy,2026-08-15T01-53-13+08-00-full-term-1,current,
2420,4977,UGED1111,UGED1111B,B,LEC,Undergraduate,C&E,2,Logic,邏輯,- Dr. CHAN Kin Lok,80,35,,,Dept of Philosophy,2026-08-15T01-53-13+08-00-full-term-1,current,
2420,7470,UGED1111,UGED1111C,C,LEC,Undergraduate,C&E,2,Logic,邏輯,- Dr. CHEUNG Ka Fu,80,79,,,Dept of Philosophy,2026-08-15T01-53-13+08-00-full-term-1,current,
2420,7289,UGED1111,UGED1111D,D,LEC,Undergraduate,C&E,2,Logic,邏輯,- Dr CHIN Chin Shing Arthur,80,75,,,Dept of Philosophy,2026-08-15T01-53-13+08-00-full-term-1,current,
2420,7290,UGED1111,UGED1111E,E,LEC,Undergraduate,C&E,2,Logic,邏輯,- Miss CHAN Hei Man,80,69,,,Dept of Philosophy,2026-08-15T01-53-13+08-00-full-term-1,current,
2420,7769,UGED1111,UGED1111F,F,LEC,Undergraduate,C&E,2,Logic,邏輯,- Dr. KWOK Pak Nin,80,75,,,Dept of Philosophy,2026-08-15T01-53-13+08-00-full-term-1,current,
2420,7368,UGED1111,UGED1111G,G,LEC,Undergraduate,P&E,2,Logic,邏輯,- Dr ZHANG Haipeng,80,75,,,Dept of Philosophy,2026-08-15T01-53-13+08-00-full-term-1,current,
2420,7190,UGED1111,UGED1111H,H,LEC,Undergraduate,E,2,Logic,邏輯,- Professor Nicholas K RIMELL,77,74,,,Dept of Philosophy,2026-08-15T01-53-13+08-00-full-term-1,current,
2420,5212,UGED1111,UGED1111I,I,LEC,Undergraduate,C&E,2,Logic,邏輯,- Miss CHAN Hei Man,80,68,,,Dept of Philosophy,2026-08-15T01-53-13+08-00-full-term-1,current,
2420,5550,UGED1112,UGED1112-,-T01,TUT,Undergraduate,C&E,3,Logic and Argumentation,邏輯與論辯,- Dr. KOU Kei Chun,60,54,,,Dept of Philosophy,2026-08-15T01-53-13+08-00-full-term-1,current,
2420,5878,UGED1146,UGED1146-,-,LEC,Undergraduate,P&E,3,"Chi Lang, Cul & Lang Learning",中國語言及文化與語言學習,- Dr. LEE Siu Lun,40,16,,,Yale-China Chin Lang Acad,2026-08-15T01-53-13+08-00-full-term-1,current,
2420,8573,UGED1252,UGED1252A,AW01,WKS,Undergraduate,E,3,The Successful Self,成功自我,- Dr. ZHAO Yukun,30,20,,,Fac Office of Social Science,2026-08-15T01-53-13+08-00-full-term-1,current,
2420,8556,UGED1252,UGED1252B,BW01,WKS,Undergraduate,P,3,The Successful Self,成功自我,- Dr. ZHAO Yukun,30,11,,,Fac Office of Social Science,2026-08-15T01-53-13+08-00-full-term-1,current,
2420,8377,UGED1400,UGED1400-,-T01,TUT,Undergraduate,E,3,World Religions,世界宗教,- Professor James D FRANKEL,20,14,,,Dept of Cultural & Rel Studies,2026-08-15T01-53-13+08-00-full-term-1,current,
2420,8381,UGED1520,UGED1520-,-T01,TUT,Undergraduate,C&E,3,Study of Christianity,基督宗教研究,- Professor LAI Pan Chiu,20,20,,,Dept of Cultural & Rel Studies,2026-08-15T01-53-13+08-00-full-term-1,current,
2420,7095,UGED1553,UGED1553A,AT01,TUT,Undergraduate,E,2,Live to Flourish,豐盛人生：正向心理學的理論與實,- Dr. GONG An Tong,40,27,,,Dept of Psychology,2026-08-15T01-53-13+08-00-full-term-1,current,
2420,7685,UGED1553,UGED1553B,BT01,TUT,Undergraduate,C,2,Live to Flourish,豐盛人生：正向心理學的理論與實,- Miss LEE Wan Ying Anita,40,33,,,Dept of Psychology,2026-08-15T01-53-13+08-00-full-term-1,current,
2420,7097,UGED1553,UGED1553C,CT01,TUT,Undergraduate,C,2,Live to Flourish,豐盛人生：正向心理學的理論與實,- Miss LEE Wan Ying Anita,40,29,,,Dept of Psychology,2026-08-15T01-53-13+08-00-full-term-1,current,
2420,6283,UGED1554,UGED1554A,AX01,WBL,Undergraduate,E,1,Positive Psy in Everyday,正向心理學的生活應用,- Dr. GONG An Tong,160,9,,,Dept of Psychology,2026-08-15T01-53-13+08-00-full-term-1,current,
2420,5932,UGED1600,UGED1600A,A,LEC,Undergraduate,C,3,Choices in Life:Self Develop’t,生命的選擇：個人成長之旅,- Dr. HO Wai Ming,45,30,,,Dept of Social Work,2026-08-15T01-53-13+08-00-full-term-1,current,
2420,7462,UGED1651,UGED1651A,A,LEC,Undergraduate,C,3,"Movies, Life and Social Work",電影、人生與社工,- Mr. CHAN Kar Choi,40,26,,,Dept of Social Work,2026-08-15T01-53-13+08-00-full-term-1,current,
2420,8244,UGED1651,UGED1651B,B,LEC,Undergraduate,C,3,"Movies, Life and Social Work",電影、人生與社工,- Staff,40,30,,,Dept of Social Work,2026-08-15T01-53-13+08-00-full-term-1,current,
2420,5933,UGED1651,UGED1651C,C,LEC,Undergraduate,C,3,"Movies, Life and Social Work",電影、人生與社工,- Ms HUNG Fai,40,13,,,Dept of Social Work,2026-08-15T01-53-13+08-00-full-term-1,current,
2420,7764,UGED1796,UGED1796-,-,LEC,Undergraduate,E,3,Anatomy of an Entrepreneur,創業家解構,- Professor CHAN Chi Bong Dominic,20,14,,,EPIN Minor Pgm Comm,2026-08-15T01-53-13+08-00-full-term-1,current,
2420,5792,UGED1810,UGED1810-,-,LEC,Undergraduate,C&E,2,Critical Thinking,批判思考,- Dr CHIN Chin Shing Arthur,80,67,,,Dept of Philosophy,2026-08-15T01-53-13+08-00-full-term-1,current,
2420,9346,UGED1815,UGED1815-,-,LEC,Undergraduate,C&E,2,Philosophy as a Way of Life,哲學與生活之道,- Dr. KOU Kei Chun,60,42,,,Dept of Philosophy,2026-08-15T01-53-13+08-00-full-term-1,current,
2420,8076,UGED1997,UGED1997-,-X01,WBL,Undergraduate,E,1,Understanding Hearing Loss,認識聽力損失,- Miss TANG Hoi Man Mandy,150,100,,,Dept of Linguistics & Mod Lang,2026-08-15T01-53-13+08-00-full-term-1,current,
2420,6895,UGED1998,UGED1998-,-X01,WBL,Undergraduate,E,1,Understand ADHD,認識注意力不足/過度活躍症與腦,- Professor LAM Yu Hin,100,33,,,Dept of Educational Psychology,2026-08-15T01-53-13+08-00-full-term-1,current,
2420,8303,UGED2133,UGED2133-,-,LEC,Undergraduate,C&E,3,Music in Film,電影中的音樂,- Dr. WONG Chun Wai,80,68,,,Dept of Music,2026-08-15T01-53-13+08-00-full-term-1,current,
2420,7740,UGED2172,UGED2172-,-T08,TUT,Undergraduate,E,3,Existentialism and Literature,存在主義與文學作品,- Professor Eli Park SORENSEN,20,20,,,Dept of English,2026-08-15T01-53-13+08-00-full-term-1,current,
2420,7514,UGED2194,UGED2194-,-T08,TUT,Undergraduate,E,3,Children's Literature,兒童文學,- Professor Jason Gawain GLECKMAN,20,20,,,Dept of English,2026-08-15T01-53-13+08-00-full-term-1,current,
2420,7525,UGED2197,UGED2197-,-T08,TUT,Undergraduate,E,3,Gods Behaving Badly,神之惡：世界神話與傳說,- Dr. LUI Chung Man,20,20,,,Dept of English,2026-08-15T01-53-13+08-00-full-term-1,current,
2420,4976,UGED2261,UGED2261-,-,LEC,Undergraduate,C&E,2,Philosophy and Human Life,哲學與人生,- Professor MANG Fan Lun,60,49,,,Dept of Philosophy,2026-08-15T01-53-13+08-00-full-term-1,current,
2420,6646,UGED2327,UGED2327-,-T01,TUT,Undergraduate,C&E,3,"""The Book of Changes"" & Wisdom 《",易經》與人生智慧,- Professor LAI Tsz Pang,45,43,,,Dept of Cultural & Rel Studies,2026-08-15T01-53-13+08-00-full-term-1,current,
2420,5112,UGED2338,UGED2338-,-T01,TUT,Undergraduate,P,3,Reading Chinese Painting,閱讀中國繪畫,- Professor HO Ka Yi,20,19,,,Dept of Fine Arts,2026-08-15T01-53-13+08-00-full-term-1,current,
2420,5993,UGED2637,UGED2637A,A,LEC,Undergraduate,C,3,Understanding Movies,認識電影,- Dr CHOW Pui Ha,15,7,,,Sch of Journalism and Comm,2026-08-15T01-53-13+08-00-full-term-1,current,
2420,7577,UGED2666,UGED2666-,-T02,TUT,Undergraduate,E,3,Ethics and Experience,倫理與人類體驗,- Professor KUAN Teresa,10,10,,,Dept of Anthropology,2026-08-15T01-53-13+08-00-full-term-1,current,
2420,8612,UGED2852,UGED2852-,-,LEC,Undergraduate,E,2,Freedom and Destiny,自由與命運,- Professor Gregory Scott MOSS,57,49,,,Dept of Philosophy,2026-08-15T01-53-13+08-00-full-term-1,current,
2420,5728,UGED2891,UGED2891-,-,LEC,Undergraduate,C&E,3,Philosophy of Love,愛情哲學,- Dr. MA Chun Fai,60,49,,,Dept of Philosophy,2026-08-15T01-53-13+08-00-full-term-1,current,
2420,9423,UGED2892,UGED2892-,-,LEC,Undergraduate,C&E,3,Philosophy of Travel,旅行哲學,- Dr WONG Kim Fan,60,38,,,Dept of Philosophy,2026-08-15T01-53-13+08-00-full-term-1,current,
2420,5384,UGED2901,UGED2901-,-,LEC,Undergraduate,C&E,2,Death and Immortality,死亡與不朽,- Professor TAO Kwok Cheung,60,45,,,Dept of Philosophy,2026-08-15T01-53-13+08-00-full-term-1,current,
2420,5776,UGED2921,UGED2921-,-,LEC,Undergraduate,C&E,3,"Philosophy, Film and Life",哲學、電影與人生,- Dr WONG Kim Fan,60,32,,,Dept of Philosophy,2026-08-15T01-53-13+08-00-full-term-1,current,
2420,7758,UGED2923,UGED2923-,-T01,TUT,Undergraduate,C&E,3,Sign Lang & Deaf Communities,探索手語及聾人社群,- Dr. ZHAO Wenjing,50,45,,,Dept of Linguistics & Mod Lang,2026-08-15T01-53-13+08-00-full-term-1,current,
2420,5881,UGED2980,UGED2980-,-T04,TUT,Undergraduate,E,3,Meanings of Life,生活的意義,- Professor Gordon Clark MATHEWS,7,7,,,Dept of Anthropology,2026-08-15T01-53-13+08-00-full-term-1,current,
2420,8399,UGED3322,UGED3322-,-T01,TUT,Undergraduate,E,3,Buddhism and Contemporary Life,佛教與現代生活,- Staff,20,19,,,Dept of Cultural & Rel Studies,2026-08-15T01-53-13+08-00-full-term-1,current,
2420,9326,UGFH1000,UGFH1000A,AT06,TUT,Undergraduate,C,3,In Dialogue with Humanity,與人文對話,- Dr. YU Chi Chung,24,22,,,Office of University GE,2026-08-15T01-53-13+08-00-full-term-1,current,
2420,9308,UGFH1000,UGFH1000B,BT06,TUT,Undergraduate,C,3,In Dialogue with Humanity,與人文對話,- Dr. WONG Tung Tin,25,24,,,Office of University GE,2026-08-15T01-53-13+08-00-full-term-1,current,
2420,7796,UGFH1000,UGFH1000C,CT01,TUT,Undergraduate,C,3,In Dialogue with Humanity,與人文對話,- Dr WONG Kim Fan,25,16,,,Office of University GE,2026-08-15T01-53-13+08-00-full-term-1,current,
2420,7451,UGFH1000,UGFH1000D,DT06,TUT,Undergraduate,C,3,In Dialogue with Humanity,與人文對話,- Dr. CHENG Wai Pang,25,24,,,Office of University GE,2026-08-15T01-53-13+08-00-full-term-1,current,
2420,7388,UGFH1000,UGFH1000E,ET06,TUT,Undergraduate,E,3,In Dialogue with Humanity,與人文對話,- Dr. YEUNG Yang,24,22,,,Office of University GE,2026-08-15T01-53-13+08-00-full-term-1,current,
2420,5726,UGFH1000,UGFH1000F,FT04,TUT,Undergraduate,E,3,In Dialogue with Humanity,與人文對話,- Dr. LIU Yanchen,22,19,,,Office of University GE,2026-08-15T01-53-13+08-00-full-term-1,current,
2420,5681,UGFH1000,UGFH1000G,GT06,TUT,Undergraduate,E,3,In Dialogue with Humanity,與人文對話,- Dr. JIANG Yuanqiu,25,25,,,Office of University GE,2026-08-15T01-53-13+08-00-full-term-1,current,
2420,9827,UGFH1000,UGFH1000H,HT06,TUT,Undergraduate,C,3,In Dialogue with Humanity,與人文對話,- Dr. LI Chun Hong,25,25,,,Office of University GE,2026-08-15T01-53-13+08-00-full-term-1,current,
2420,9667,UGFH1000,UGFH1000J,JT06,TUT,Undergraduate,E,3,In Dialogue with Humanity,與人文對話,- Dr. HUA Liyu,25,25,,,Office of University GE,2026-08-15T01-53-13+08-00-full-term-1,current,
2420,5576,UGFH1000,UGFH1000K,KT06,TUT,Undergraduate,C,3,In Dialogue with Humanity,與人文對話,- Dr. WONG Wing Yu Esther,24,24,,,Office of University GE,2026-08-15T01-53-13+08-00-full-term-1,current,
2420,5695,UGFH1000,UGFH1000L,LT06,TUT,Undergraduate,C,3,In Dialogue with Humanity,與人文對話,- Dr. LUI Wing Sing,25,17,,,Office of University GE,2026-08-15T01-53-13+08-00-full-term-1,current,
2420,6786,UGFH1000,UGFH1000M,MT01,TUT,Undergraduate,C,3,In Dialogue with Humanity,與人文對話,- Dr. HO Wai Ming,23,16,,,Office of University GE,2026-08-15T01-53-13+08-00-full-term-1,current,
2420,7498,UGFH1000,UGFH1000N,NT01,TUT,Undergraduate,C,3,In Dialogue with Humanity,與人文對話,- Dr. HO Wai Ming,23,20,,,Office of University GE,2026-08-15T01-53-13+08-00-full-term-1,current,
2420,5744,UGFH1000,UGFH1000P,PT06,TUT,Undergraduate,P,3,In Dialogue with Humanity,與人文對話,- Dr. GAO Xin,24,19,,,Office of University GE,2026-08-15T01-53-13+08-00-full-term-1,current,
2420,9324,UGFH1000,UGFH1000Q,QT03,TUT,Undergraduate,P,3,In Dialogue with Humanity,與人文對話,- Staff,25,20,,,Office of University GE,2026-08-15T01-53-13+08-00-full-term-1,current,
2420,7500,UGFH1000,UGFH1000R,RT01,TUT,Undergraduate,P,3,In Dialogue with Humanity,與人文對話,- Dr KAO Sophia Yu Min,25,21,,,Office of University GE,2026-08-15T01-53-13+08-00-full-term-1,current,
2420,5696,UGFH1000,UGFH1000S,ST03,TUT,Undergraduate,C,3,In Dialogue with Humanity,與人文對話,- Dr. CHOI Sze Hang,24,24,,,Office of University GE,2026-08-15T01-53-13+08-00-full-term-1,current,
2420,7502,UGFH1000,UGFH1000T,TT01,TUT,Undergraduate,C,3,In Dialogue with Humanity,與人文對話,- Dr. HUANG Yu,25,25,,,Office of University GE,2026-08-15T01-53-13+08-00-full-term-1,current,
2420,5809,UGFH1000,UGFH1000U,UT03,TUT,Undergraduate,C,3,In Dialogue with Humanity,與人文對話,- Dr. SONG Ruifeng,25,23,,,Office of University GE,2026-08-15T01-53-13+08-00-full-term-1,current,
2420,5309,UGFH1000,UGFH1000Z,ZT06,TUT,Undergraduate,E,3,In Dialogue with Humanity,與人文對話,- Dr. MEN Bozhou,24,24,,,Office of University GE,2026-08-15T01-53-13+08-00-full-term-1,current,
2420,5793,UGFN1000,UGFN1000A,AT06,TUT,Undergraduate,C,3,In Dialogue With Nature,與自然對話,- Dr. YIP Lo Ming,24,19,,,Office of University GE,2026-08-15T01-53-13+08-00-full-term-1,current,
2420,9196,UGFN1000,UGFN1000B,BT06,TUT,Undergraduate,E,3,In Dialogue With Nature,與自然對話,- Dr. LAI Chi Wai,25,23,,,Office of University GE,2026-08-15T01-53-13+08-00-full-term-1,current,
2420,5743,UGFN1000,UGFN1000C,CT06,TUT,Undergraduate,C,3,In Dialogue With Nature,與自然對話,- Dr. LO Chun Yeung,24,24,,,Office of University GE,2026-08-15T01-53-13+08-00-full-term-1,current,
2420,7528,UGFN1000,UGFN1000D,DT01,TUT,Undergraduate,C,3,In Dialogue With Nature,與自然對話,- Dr. WONG Wing Hung,24,20,,,Office of University GE,2026-08-15T01-53-13+08-00-full-term-1,current,
2420,7389,UGFN1000,UGFN1000E,ET06,TUT,Undergraduate,E,3,In Dialogue With Nature,與自然對話,- Dr. Klaus John Charles COLANERO,25,25,,,Office of University GE,2026-08-15T01-53-13+08-00-full-term-1,current,
2420,5567,UGFN1000,UGFN1000F,FT06,TUT,Undergraduate,E,3,In Dialogue With Nature,與自然對話,- Dr. PANG Kam Moon,24,21,,,Office of University GE,2026-08-15T01-53-13+08-00-full-term-1,current,
2420,9836,UGFN1000,UGFN1000G,GT01,TUT,Undergraduate,E,3,In Dialogue With Nature,與自然對話,- Dr. WONG Wing Hung,23,16,,,Office of University GE,2026-08-15T01-53-13+08-00-full-term-1,current,
2420,9763,UGFN1000,UGFN1000H,HT06,TUT,Undergraduate,C,3,In Dialogue With Nature,與自然對話,- Dr. YU Hiu Yan,25,25,,,Office of University GE,2026-08-15T01-53-13+08-00-full-term-1,current,
2420,8551,UGFN1000,UGFN1000J,JT02,TUT,Undergraduate,C,3,In Dialogue With Nature,與自然對話,- Dr. WU Jun,23,22,,,Office of University GE,2026-08-15T01-53-13+08-00-full-term-1,current,
2420,5569,UGFN1000,UGFN1000L,LT06,TUT,Undergraduate,C,3,In Dialogue With Nature,與自然對話,- Dr. LI Ming,24,21,,,Office of University GE,2026-08-15T01-53-13+08-00-full-term-1,current,
2420,7532,UGFN1000,UGFN1000M,MT01,TUT,Undergraduate,C,3,In Dialogue With Nature,與自然對話,- Dr. MA Hok Lun,25,24,,,Office of University GE,2026-08-15T01-53-13+08-00-full-term-1,current,
2420,9293,UGFN1000,UGFN1000N,NT06,TUT,Undergraduate,C,3,In Dialogue With Nature,與自然對話,- Dr. NG Ka Leung,24,22,,,Office of University GE,2026-08-15T01-53-13+08-00-full-term-1,current,
2420,5733,UGFN1000,UGFN1000P,PT04,TUT,Undergraduate,P,3,In Dialogue With Nature,與自然對話,- Dr. WU Jun,24,21,,,Office of University GE,2026-08-15T01-53-13+08-00-full-term-1,current,
2420,5710,UGFN1000,UGFN1000Q,QT06,TUT,Undergraduate,P,3,In Dialogue With Nature,與自然對話,- Dr. YANG Jie,23,21,,,Office of University GE,2026-08-15T01-53-13+08-00-full-term-1,current,
2420,9837,UGFN1000,UGFN1000S,ST06,TUT,Undergraduate,E,3,In Dialogue With Nature,與自然對話,- Dr. HOI Wan Heng,24,24,,,Office of University GE,2026-08-15T01-53-13+08-00-full-term-1,current,
2420,9722,UGFN1000,UGFN1000T,TT06,TUT,Undergraduate,E,3,In Dialogue With Nature,與自然對話,- Dr. LAM To Kam,24,22,,,Office of University GE,2026-08-15T01-53-13+08-00-full-term-1,current,
2420,8544,UGFN1000,UGFN1000U,UT02,TUT,Undergraduate,E,3,In Dialogue With Nature,與自然對話,- Mr PONG Sze Ho Cecil,24,24,,,Office of University GE,2026-08-15T01-53-13+08-00-full-term-1,current,
2420,7610,UGFN1000,UGFN1000W,WT01,TUT,Undergraduate,E,3,In Dialogue With Nature,與自然對話,- Dr. WONG Wing Hung,24,24,,,Office of University GE,2026-08-15T01-53-13+08-00-full-term-1,current,
2420,9838,UGFN1000,UGFN1000Z,ZT06,TUT,Undergraduate,C,3,In Dialogue With Nature,與自然對話,- Dr. SZETO Wai Man,25,25,,,Office of University GE,2026-08-15T01-53-13+08-00-full-term-1,current,
2420,5473,URSP1001,URSP1001-,-T02,TUT,Undergraduate,E,3,Introduction to Urban Studies,城巿研究導論,- Dr. WONG Yu Hin Sampson,55,55,,,Urban Studies Pgm Comm,2026-08-15T01-53-13+08-00-full-term-1,current,
2420,6484,URSP2001,URSP2001-,-F01,FLD,Undergraduate,E,2,Field Studies,實地考察,- Dr. LI Jing,35,9,Yes,Yes,Urban Studies Pgm Comm,2026-08-15T01-53-13+08-00-full-term-1,current,
2420,9740,URSP2040,URSP2040-,-T01,TUT,Undergraduate,E,3,Real Estate Construction Econ,房地產和建築經濟學,- Dr. LI Jing,30,29,,,Urban Studies Pgm Comm,2026-08-15T01-53-13+08-00-full-term-1,current,
2420,5353,URSP2060,URSP2060-,-F01,FLD,Undergraduate,E,3,Understand City Thr Field Trip,城市遊方,- Dr. WONG Yu Hin Sampson,40,20,,,Urban Studies Pgm Comm,2026-08-15T01-53-13+08-00-full-term-1,current,
2420,5990,URSP2100,URSP2100-,-T01,TUT,Undergraduate,E,3,Urban Sustainability,城市可持續發展,- Professor MO Kar Him,45,13,,,Urban Studies Pgm Comm,2026-08-15T01-53-13+08-00-full-term-1,current,
2420,6985,URSP2300,URSP2300-,-T01,TUT,Undergraduate,E,3,Urban Design and Place Making,城巿設計及地方營造工作室,- Professor Hendrik TIEBEN,30,5,,,Urban Studies Pgm Comm,2026-08-15T01-53-13+08-00-full-term-1,current,
2420,9160,URSP2400,URSP2400-,-T01,TUT,Undergraduate,E,3,Studies of Cities,城巿比較研究,- Dr. WONG Yu Hin Sampson,50,14,,,Urban Studies Pgm Comm,2026-08-15T01-53-13+08-00-full-term-1,current,
2420,8871,URSP2700,URSP2700-,-T01,TUT,Undergraduate,E,3,Urban Visualisation Studio,城市視覺化工作室,- Professor MO Kar Him,35,35,,,Urban Studies Pgm Comm,2026-08-15T01-53-13+08-00-full-term-1,current,
2420,4787,URSP2800,URSP2800-,-T01,TUT,Undergraduate,E,3,UrbFormSenseofPlaceWell-being,城市面貌，地方感和身心社靈健康,- Professor Hendrik TIEBEN,45,24,,,Urban Studies Pgm Comm,2026-08-15T01-53-13+08-00-full-term-1,current,
2420,4750,URSP3400,URSP3400-,-T01,TUT,Undergraduate,E,3,Essentials of Land Dev Process,土地發展過程綱要,- Dr. LI Jing,45,21,,,Urban Studies Pgm Comm,2026-08-15T01-53-13+08-00-full-term-1,current,
2420,4789,URSP3600,URSP3600-,-J01,PRJ,Undergraduate,E,3,Designing Smart Cities,設計智慧城市,- Professor LAM Tat,35,19,,,Urban Studies Pgm Comm,2026-08-15T01-53-13+08-00-full-term-1,current,
2420,6575,URSP4001,URSP4001-,-J01,PRJ,Undergraduate,E,3,Capstone Thesis I,城市研究畢業論文（一）,- Dr. LI Jing - Dr. WONG Yu Hin Sampson - Professor CHUNG King Lam Calvin - Professor MO Kar Him,20,0,Yes,Yes,Urban Studies Pgm Comm,2026-08-15T01-53-13+08-00-full-term-1,current,
2420,6455,URSP4003,URSP4003-,-J01,PRJ,Undergraduate,E,3,Capstone Project I,城市研究畢業報告（一）,- Professor Hendrik TIEBEN - Professor MO Kar Him,30,27,Yes,Yes,Urban Studies Pgm Comm,2026-08-15T01-53-13+08-00-full-term-1,current,
2420,9525,URSP4100,URSP4100-,-T01,TUT,Undergraduate,E,3,Urban Planning TheoryPractice,城市規劃理論與實踐,- Professor CHUNG King Lam Calvin,45,22,,,Urban Studies Pgm Comm,2026-08-15T01-53-13+08-00-full-term-1,current,
